2026-02-10 21:00:06,251 [INFO] Activator:176 - 


2026-02-10 21:00:06,256 [INFO] Activator:177 - !SESSION log4j initialized
2026-02-10 21:00:12,795 [INFO] LogOutputStream:77 - [STDOUT_REDIRECT] 
2026-02-10 21:00:16,106 [INFO] ApplicationProperties:184 - Using Application install path: C:\ST\STM32CubeIDE_1.19.0\STM32CubeIDE\plugins\com.st.stm32cube.common.mx_6.15.0.202507011659
2026-02-10 21:00:16,125 [INFO] DbMcusXml:78 - Set database path to: C:\ST\STM32CubeIDE_1.19.0\STM32CubeIDE\plugins\com.st.stm32cube.common.mx_6.15.0.202507011659\\db\/mcu/
2026-02-10 21:00:16,125 [INFO] ApiDb:274 - Set plugin database path to: C:\ST\STM32CubeIDE_1.19.0\STM32CubeIDE\plugins\com.st.stm32cube.common.mx_6.15.0.202507011659\\db\/plugins/boardmanager/
2026-02-10 21:00:16,125 [WARN] ApiDb:259 - Overriding images path with different value:  => C:\ST\STM32CubeIDE_1.19.0\STM32CubeIDE\plugins\com.st.stm32cube.common.mx_6.15.0.202507011659\\db\/plugins/mcufinder/images/
2026-02-10 21:00:16,133 [INFO] ApiDb:250 - Set database path to: C:\Users\Song\.stmcufinder\plugins\mcufinder//mcu/
2026-02-10 21:00:16,134 [INFO] DbMcusAds:125 - Set database path to: C:\Users\Song\.stmcufinder\plugins\mcufinder//mcu/
2026-02-10 21:00:16,136 [INFO] CrossReferenceDbSqlite:203 - Set database path to: C:\Users\Song\.stmcufinder\plugins\mcufinder//mcu/cs/
2026-02-10 21:00:16,231 [INFO] RulesReader:64 - Compatibility file has been processed (317 Rules)
2026-02-10 21:00:16,334 [INFO] DbMcusXml:78 - Set database path to: C:\ST\STM32CubeIDE_1.19.0\STM32CubeIDE\plugins\com.st.stm32cube.common.mx_6.15.0.202507011659\\db\/mcu/
2026-02-10 21:00:16,334 [INFO] ApiDb:274 - Set plugin database path to: C:\ST\STM32CubeIDE_1.19.0\STM32CubeIDE\plugins\com.st.stm32cube.common.mx_6.15.0.202507011659\\db\/plugins/boardmanager/
2026-02-10 21:00:16,334 [INFO] ApiDb:261 - Set plugin images path to: C:\ST\STM32CubeIDE_1.19.0\STM32CubeIDE\plugins\com.st.stm32cube.common.mx_6.15.0.202507011659\\db\/plugins/mcufinder/images/
2026-02-10 21:00:16,335 [WARN] DbFile:41 - Overriding database path with different value: C:\Users\Song\.stmcufinder\plugins\mcufinder/ => C:\Users\Song\.stmcufinder\plugins\mcufinder
2026-02-10 21:00:16,335 [INFO] ApiDb:250 - Set database path to: C:\Users\Song\.stmcufinder\plugins\mcufinder//mcu/
2026-02-10 21:00:16,335 [WARN] DbFile:41 - Overriding database path with different value: C:\Users\Song\.stmcufinder\plugins\mcufinder/ => C:\Users\Song\.stmcufinder\plugins\mcufinder
2026-02-10 21:00:16,335 [INFO] DbMcusAds:125 - Set database path to: C:\Users\Song\.stmcufinder\plugins\mcufinder//mcu/
2026-02-10 21:00:16,335 [WARN] DbFile:41 - Overriding database path with different value: C:\Users\Song\.stmcufinder\plugins\mcufinder/ => C:\Users\Song\.stmcufinder\plugins\mcufinder
2026-02-10 21:00:16,335 [WARN] DbFile:41 - Overriding database path with different value: C:\Users\Song\.stmcufinder\plugins\mcufinder/ => C:\Users\Song\.stmcufinder\plugins\mcufinder
2026-02-10 21:00:16,335 [INFO] CrossReferenceDbSqlite:203 - Set database path to: C:\Users\Song\.stmcufinder\plugins\mcufinder//mcu/cs/
2026-02-10 21:00:16,406 [INFO] MainPanel:274 - HeapMemory: 268435456
2026-02-10 21:00:16,504 [INFO] DbMcusXml:78 - Set database path to: C:\ST\STM32CubeIDE_1.19.0\STM32CubeIDE\plugins\com.st.stm32cube.common.mx_6.15.0.202507011659\\db\/mcu/
2026-02-10 21:00:16,504 [INFO] ApiDb:274 - Set plugin database path to: C:\ST\STM32CubeIDE_1.19.0\STM32CubeIDE\plugins\com.st.stm32cube.common.mx_6.15.0.202507011659\\db\/plugins/boardmanager/
2026-02-10 21:00:16,504 [INFO] ApiDb:261 - Set plugin images path to: C:\ST\STM32CubeIDE_1.19.0\STM32CubeIDE\plugins\com.st.stm32cube.common.mx_6.15.0.202507011659\\db\/plugins/mcufinder/images/
2026-02-10 21:00:16,505 [WARN] DbFile:41 - Overriding database path with different value: C:\Users\Song\.stmcufinder\plugins\mcufinder/ => C:\Users\Song\.stmcufinder\plugins\mcufinder
2026-02-10 21:00:16,505 [INFO] ApiDb:250 - Set database path to: C:\Users\Song\.stmcufinder\plugins\mcufinder//mcu/
2026-02-10 21:00:16,505 [WARN] DbFile:41 - Overriding database path with different value: C:\Users\Song\.stmcufinder\plugins\mcufinder/ => C:\Users\Song\.stmcufinder\plugins\mcufinder
2026-02-10 21:00:16,505 [INFO] DbMcusAds:125 - Set database path to: C:\Users\Song\.stmcufinder\plugins\mcufinder//mcu/
2026-02-10 21:00:16,505 [WARN] DbFile:41 - Overriding database path with different value: C:\Users\Song\.stmcufinder\plugins\mcufinder/ => C:\Users\Song\.stmcufinder\plugins\mcufinder
2026-02-10 21:00:16,505 [WARN] DbFile:41 - Overriding database path with different value: C:\Users\Song\.stmcufinder\plugins\mcufinder/ => C:\Users\Song\.stmcufinder\plugins\mcufinder
2026-02-10 21:00:16,505 [INFO] CrossReferenceDbSqlite:203 - Set database path to: C:\Users\Song\.stmcufinder\plugins\mcufinder//mcu/cs/
2026-02-10 21:00:16,521 [INFO] ApplicationProperties:184 - Using Application install path: C:\ST\STM32CubeIDE_1.19.0\STM32CubeIDE\plugins\com.st.stm32cube.common.mx_6.15.0.202507011659
2026-02-10 21:00:16,522 [INFO] PluginManage:196 - Search for loadable plugins [exclusion list=, ]
2026-02-10 21:00:16,523 [INFO] PluginManage:310 - Check plugin analytics
2026-02-10 21:00:16,787 [INFO] AnalyticsPlugin:253 - Accepted Software Licenses: 
2026-02-10 21:00:16,787 [INFO] AnalyticsPlugin:255 - Accepted CMSIS Pack Licenses: 
2026-02-10 21:00:16,787 [INFO] AnalyticsPlugin:257 - Accepted Firmware Licenses: 
2026-02-10 21:00:16,792 [INFO] PluginManage:359 - Loaded plugin analytics (category:tool,tabindex:-1)
2026-02-10 21:00:16,793 [INFO] PluginManage:310 - Check plugin cadmodel
2026-02-10 21:00:16,801 [INFO] CADModel:105 - Init CAD model plugin
2026-02-10 21:00:16,801 [INFO] PluginManage:359 - Loaded plugin cadmodel (category:power,tabindex:5)
2026-02-10 21:00:16,801 [INFO] PluginManage:310 - Check plugin clock
2026-02-10 21:00:16,819 [INFO] PluginManage:359 - Loaded plugin clock (category:base,tabindex:2)
2026-02-10 21:00:16,819 [INFO] PluginManage:310 - Check plugin ddr
2026-02-10 21:00:16,826 [INFO] PluginManage:359 - Loaded plugin ddr (category:tool,tabindex:6)
2026-02-10 21:00:16,826 [INFO] PluginManage:310 - Check plugin filemanager
2026-02-10 21:00:17,028 [INFO] PluginManage:359 - Loaded plugin filemanager (category:base,tabindex:10)
2026-02-10 21:00:17,029 [INFO] PluginManage:310 - Check plugin ipmanager
2026-02-10 21:00:17,037 [INFO] PluginManage:359 - Loaded plugin ipmanager (category:base,tabindex:5)
2026-02-10 21:00:17,037 [INFO] PluginManage:310 - Check plugin lpbam
2026-02-10 21:00:17,047 [INFO] PluginManage:359 - Loaded plugin lpbam (category:base,tabindex:0)
2026-02-10 21:00:17,047 [INFO] PluginManage:310 - Check plugin memorymap
2026-02-10 21:00:17,061 [INFO] PluginManage:359 - Loaded plugin memorymap (category:base,tabindex:4)
2026-02-10 21:00:17,061 [INFO] PluginManage:310 - Check plugin pinoutandconfiguration
2026-02-10 21:00:17,068 [INFO] PluginManage:359 - Loaded plugin pinoutandconfiguration (category:base,tabindex:1)
2026-02-10 21:00:17,069 [INFO] PluginManage:310 - Check plugin pinoutconfig
2026-02-10 21:00:17,131 [WARN] SupportedApi:132 - Cannot load RTOS API schema: s4s-elt-must-match.1: The content of 'definitions' must match (annotation?, (simpleType | complexType)?, (unique | key | keyref)*)). A problem was found starting at: attribute.
2026-02-10 21:00:17,232 [INFO] PluginManage:359 - Loaded plugin pinoutconfig (category:base,tabindex:0)
2026-02-10 21:00:17,232 [INFO] PluginManage:310 - Check plugin power
2026-02-10 21:00:17,241 [INFO] PluginManage:359 - Loaded plugin power (category:power,tabindex:4)
2026-02-10 21:00:17,241 [INFO] PluginManage:310 - Check plugin projectmanager
2026-02-10 21:00:17,252 [INFO] PluginManage:359 - Loaded plugin projectmanager (category:projectmanager,tabindex:4)
2026-02-10 21:00:17,252 [INFO] PluginManage:310 - Check plugin rif
2026-02-10 21:00:17,259 [INFO] PluginManage:359 - Loaded plugin rif (category:base,tabindex:3)
2026-02-10 21:00:17,259 [INFO] PluginManage:310 - Check plugin thirdparty
2026-02-10 21:00:17,382 [WARN] IntegrityCheckThread:84 - waiting for thirdparty lock release [integrity check]
2026-02-10 21:00:17,383 [INFO] IntegrityCheckThread:86 - entering critical section [integrity check]
2026-02-10 21:00:17,383 [INFO] ThirdPartyUpdaterWithRetryManager:70 - Updater plugin not ready yet. [1/15]
2026-02-10 21:00:17,384 [INFO] PluginManage:359 - Loaded plugin thirdparty (category:base,tabindex:-1)
2026-02-10 21:00:17,384 [INFO] PluginManage:310 - Check plugin tools
2026-02-10 21:00:17,386 [INFO] PluginManage:359 - Loaded plugin tools (category:base,tabindex:7)
2026-02-10 21:00:17,386 [INFO] PluginManage:310 - Check plugin tutovideos
2026-02-10 21:00:17,556 [INFO] PluginManage:359 - Loaded plugin tutovideos (category:base,tabindex:-1)
2026-02-10 21:00:17,556 [INFO] PluginManage:310 - Check plugin updater
2026-02-10 21:00:17,580 [INFO] PluginManage:359 - Loaded plugin updater (category:base,tabindex:12)
2026-02-10 21:00:17,580 [INFO] PluginManage:310 - Check plugin userauth
2026-02-10 21:00:17,588 [INFO] UserAuth:118 - Init User Auth plugin
2026-02-10 21:00:17,589 [INFO] PluginManage:359 - Loaded plugin userauth (category:base,tabindex:14)
2026-02-10 21:00:17,590 [INFO] PluginManage:283 - PluginManage : Loaded plugins [18]
2026-02-10 21:00:17,792 [INFO] PinOutPanel:1589 - setPackage(No Configuration,No Configuration)
2026-02-10 21:00:17,861 [INFO] CADModel:165 - CPN selected for project level
2026-02-10 21:00:17,861 [INFO] CADModel:114 - Register for checkConnection events
2026-02-10 21:00:17,875 [INFO] IPUIPlugin:80 - create IPUIPlugin
2026-02-10 21:00:17,875 [INFO] PluginManager:220 - loadIPPluginJar : add adc
2026-02-10 21:00:17,877 [INFO] IPUIPlugin:80 - create IPUIPlugin
2026-02-10 21:00:17,877 [INFO] PluginManager:220 - loadIPPluginJar : add aes
2026-02-10 21:00:17,878 [INFO] IPUIPlugin:80 - create IPUIPlugin
2026-02-10 21:00:17,878 [INFO] PluginManager:220 - loadIPPluginJar : add can
2026-02-10 21:00:17,880 [INFO] IPUIPlugin:80 - create IPUIPlugin
2026-02-10 21:00:17,880 [INFO] PluginManager:220 - loadIPPluginJar : add comp
2026-02-10 21:00:17,883 [INFO] IPUIPlugin:80 - create IPUIPlugin
2026-02-10 21:00:17,883 [INFO] PluginManager:220 - loadIPPluginJar : add cryp
2026-02-10 21:00:17,886 [INFO] IPUIPlugin:80 - create IPUIPlugin
2026-02-10 21:00:17,886 [INFO] PluginManager:220 - loadIPPluginJar : add ddr_ctrl_phy
2026-02-10 21:00:17,887 [INFO] IPUIPlugin:80 - create IPUIPlugin
2026-02-10 21:00:17,887 [INFO] PluginManager:220 - loadIPPluginJar : add dfsdm
2026-02-10 21:00:17,891 [INFO] IPUIPlugin:80 - create IPUIPlugin
2026-02-10 21:00:17,891 [INFO] PluginManager:220 - loadIPPluginJar : add dma
2026-02-10 21:00:17,893 [INFO] IPUIPlugin:80 - create IPUIPlugin
2026-02-10 21:00:17,893 [INFO] PluginManager:220 - loadIPPluginJar : add dma3
2026-02-10 21:00:17,895 [INFO] IPUIPlugin:80 - create IPUIPlugin
2026-02-10 21:00:17,895 [INFO] PluginManager:220 - loadIPPluginJar : add extmemmanager
2026-02-10 21:00:17,896 [INFO] IPUIPlugin:80 - create IPUIPlugin
2026-02-10 21:00:17,896 [INFO] PluginManager:220 - loadIPPluginJar : add fatfs
2026-02-10 21:00:17,899 [INFO] IPUIPlugin:80 - create IPUIPlugin
2026-02-10 21:00:17,899 [INFO] PluginManager:220 - loadIPPluginJar : add fmc
2026-02-10 21:00:17,903 [INFO] IPUIPlugin:80 - create IPUIPlugin
2026-02-10 21:00:17,903 [INFO] PluginManager:220 - loadIPPluginJar : add freertos
2026-02-10 21:00:17,904 [INFO] IPUIPlugin:80 - create IPUIPlugin
2026-02-10 21:00:17,904 [INFO] PluginManager:220 - loadIPPluginJar : add genericplugin
2026-02-10 21:00:17,907 [INFO] IPUIPlugin:80 - create IPUIPlugin
2026-02-10 21:00:17,907 [INFO] PluginManager:220 - loadIPPluginJar : add gfxmmu
2026-02-10 21:00:17,910 [INFO] IPUIPlugin:80 - create IPUIPlugin
2026-02-10 21:00:17,910 [INFO] PluginManager:220 - loadIPPluginJar : add gic
2026-02-10 21:00:17,913 [INFO] IPUIPlugin:80 - create IPUIPlugin
2026-02-10 21:00:17,913 [INFO] PluginManager:220 - loadIPPluginJar : add gpio
2026-02-10 21:00:17,915 [INFO] IPUIPlugin:80 - create IPUIPlugin
2026-02-10 21:00:17,915 [INFO] PluginManager:220 - loadIPPluginJar : add gtzc
2026-02-10 21:00:17,917 [INFO] IPUIPlugin:80 - create IPUIPlugin
2026-02-10 21:00:17,917 [INFO] PluginManager:220 - loadIPPluginJar : add hash
2026-02-10 21:00:17,919 [INFO] IPUIPlugin:80 - create IPUIPlugin
2026-02-10 21:00:17,919 [INFO] PluginManager:220 - loadIPPluginJar : add i2c
2026-02-10 21:00:17,921 [INFO] IPUIPlugin:80 - create IPUIPlugin
2026-02-10 21:00:17,921 [INFO] PluginManager:220 - loadIPPluginJar : add i2s
2026-02-10 21:00:17,924 [INFO] IPUIPlugin:80 - create IPUIPlugin
2026-02-10 21:00:17,924 [INFO] PluginManager:220 - loadIPPluginJar : add i3c
2026-02-10 21:00:17,926 [INFO] IPUIPlugin:80 - create IPUIPlugin
2026-02-10 21:00:17,926 [INFO] PluginManager:220 - loadIPPluginJar : add ipddr
2026-02-10 21:00:17,931 [INFO] IPUIPlugin:80 - create IPUIPlugin
2026-02-10 21:00:17,931 [INFO] PluginManager:220 - loadIPPluginJar : add linkedlist
2026-02-10 21:00:17,934 [INFO] IPUIPlugin:80 - create IPUIPlugin
2026-02-10 21:00:17,934 [INFO] PluginManager:220 - loadIPPluginJar : add lorawan
2026-02-10 21:00:17,935 [INFO] IPUIPlugin:80 - create IPUIPlugin
2026-02-10 21:00:17,935 [INFO] PluginManager:220 - loadIPPluginJar : add ltdc
2026-02-10 21:00:17,938 [INFO] IPUIPlugin:80 - create IPUIPlugin
2026-02-10 21:00:17,938 [INFO] PluginManager:220 - loadIPPluginJar : add mdma
2026-02-10 21:00:17,941 [INFO] IPUIPlugin:80 - create IPUIPlugin
2026-02-10 21:00:17,941 [INFO] PluginManager:220 - loadIPPluginJar : add nvic
2026-02-10 21:00:17,944 [INFO] IPUIPlugin:80 - create IPUIPlugin
2026-02-10 21:00:17,944 [INFO] PluginManager:220 - loadIPPluginJar : add opamp
2026-02-10 21:00:17,947 [INFO] IPUIPlugin:80 - create IPUIPlugin
2026-02-10 21:00:17,947 [INFO] PluginManager:220 - loadIPPluginJar : add openamp
2026-02-10 21:00:17,950 [INFO] IPUIPlugin:80 - create IPUIPlugin
2026-02-10 21:00:17,950 [INFO] PluginManager:220 - loadIPPluginJar : add pdm2pcm
2026-02-10 21:00:17,954 [INFO] IPUIPlugin:80 - create IPUIPlugin
2026-02-10 21:00:17,956 [INFO] PluginManager:220 - loadIPPluginJar : add plateformsettings
2026-02-10 21:00:17,958 [INFO] IPUIPlugin:80 - create IPUIPlugin
2026-02-10 21:00:17,958 [INFO] PluginManager:220 - loadIPPluginJar : add quadspi
2026-02-10 21:00:17,960 [INFO] IPUIPlugin:80 - create IPUIPlugin
2026-02-10 21:00:17,961 [INFO] PluginManager:220 - loadIPPluginJar : add radio
2026-02-10 21:00:17,966 [INFO] IPUIPlugin:80 - create IPUIPlugin
2026-02-10 21:00:17,966 [INFO] PluginManager:220 - loadIPPluginJar : add resmgrutility
2026-02-10 21:00:17,969 [INFO] IPUIPlugin:80 - create IPUIPlugin
2026-02-10 21:00:17,969 [INFO] PluginManager:220 - loadIPPluginJar : add sai
2026-02-10 21:00:17,975 [INFO] IPUIPlugin:80 - create IPUIPlugin
2026-02-10 21:00:17,976 [INFO] PluginManager:220 - loadIPPluginJar : add spi
2026-02-10 21:00:17,983 [INFO] IPUIPlugin:80 - create IPUIPlugin
2026-02-10 21:00:17,984 [INFO] PluginManager:220 - loadIPPluginJar : add stm32_wpan
2026-02-10 21:00:17,985 [INFO] IPUIPlugin:80 - create IPUIPlugin
2026-02-10 21:00:17,985 [INFO] PluginManager:220 - loadIPPluginJar : add tim
2026-02-10 21:00:17,987 [INFO] IPUIPlugin:80 - create IPUIPlugin
2026-02-10 21:00:17,988 [INFO] PluginManager:220 - loadIPPluginJar : add touchsensing
2026-02-10 21:00:17,989 [INFO] IPUIPlugin:80 - create IPUIPlugin
2026-02-10 21:00:17,989 [INFO] PluginManager:220 - loadIPPluginJar : add tracer_emb
2026-02-10 21:00:17,990 [INFO] IPUIPlugin:80 - create IPUIPlugin
2026-02-10 21:00:17,990 [INFO] PluginManager:220 - loadIPPluginJar : add ts
2026-02-10 21:00:17,991 [INFO] IPUIPlugin:80 - create IPUIPlugin
2026-02-10 21:00:17,991 [INFO] PluginManager:220 - loadIPPluginJar : add tsc
2026-02-10 21:00:17,992 [INFO] IPUIPlugin:80 - create IPUIPlugin
2026-02-10 21:00:17,993 [INFO] PluginManager:220 - loadIPPluginJar : add ucpd
2026-02-10 21:00:17,994 [INFO] IPUIPlugin:80 - create IPUIPlugin
2026-02-10 21:00:17,994 [INFO] PluginManager:220 - loadIPPluginJar : add usart
2026-02-10 21:00:17,998 [INFO] IPUIPlugin:80 - create IPUIPlugin
2026-02-10 21:00:17,998 [INFO] PluginManager:220 - loadIPPluginJar : add usbx
2026-02-10 21:00:18,112 [FATAL] Updater:351 - Updater called before beeing initialized
2026-02-10 21:00:18,130 [INFO] RulesReader:64 - Compatibility file has been processed (317 Rules)
2026-02-10 21:00:18,136 [INFO] RulesReader:64 - Compatibility file has been processed (317 Rules)
2026-02-10 21:00:18,150 [INFO] CADModel:165 - CPN selected for project level
2026-02-10 21:00:18,150 [INFO] CADModel:114 - Register for checkConnection events
2026-02-10 21:00:18,151 [FATAL] Updater:351 - Updater called before beeing initialized
2026-02-10 21:00:18,151 [ERROR] CADModel:125 - Updater not yet initialized, retry later 
2026-02-10 21:00:18,358 [FATAL] Updater:351 - Updater called before beeing initialized
2026-02-10 21:00:18,384 [INFO] CADModel:165 - CPN selected for project level
2026-02-10 21:00:18,385 [INFO] CADModel:114 - Register for checkConnection events
2026-02-10 21:00:18,385 [FATAL] Updater:351 - Updater called before beeing initialized
2026-02-10 21:00:18,385 [ERROR] CADModel:125 - Updater not yet initialized, retry later 
2026-02-10 21:00:18,388 [FATAL] Updater:351 - Updater called before beeing initialized
2026-02-10 21:00:18,489 [FATAL] Updater:351 - Updater called before beeing initialized
2026-02-10 21:00:18,491 [INFO] DbMcusAds:53 - JSON generation date=Thu Jan 08 23:57:51 HKT 2026 (1767887871456)
2026-02-10 21:00:18,491 [FATAL] Updater:351 - Updater called before beeing initialized
2026-02-10 21:00:18,519 [WARN] DetailPanel:346 - Failed to get advertising image, set to default
2026-02-10 21:00:18,583 [FATAL] Updater:351 - Updater called before beeing initialized
2026-02-10 21:00:18,584 [FATAL] Updater:351 - Updater called before beeing initialized
2026-02-10 21:00:18,584 [FATAL] Updater:351 - Updater called before beeing initialized
2026-02-10 21:00:18,584 [WARN] DetailPanel:346 - Failed to get advertising image, set to default
2026-02-10 21:00:18,585 [FATAL] Updater:351 - Updater called before beeing initialized
2026-02-10 21:00:18,619 [ERROR] Updater:1198 - MainUpdater not yet initialized. External WinMGr cannot be set.
2026-02-10 21:00:18,621 [INFO] Updater:1134 - Updater Version found : 6.15.0
2026-02-10 21:00:18,632 [INFO] ApplicationProperties:184 - Using Application install path: C:\ST\STM32CubeIDE_1.19.0\STM32CubeIDE\plugins\com.st.stm32cube.common.mx_6.15.0.202507011659
2026-02-10 21:00:20,199 [ERROR] LogOutputStream:75 - [STDERR_REDIRECT] Feb 10, 2026 9:00:20 PM java.util.prefs.WindowsPreferences <init>
2026-02-10 21:00:20,199 [ERROR] LogOutputStream:75 - [STDERR_REDIRECT] WARNING: Could not open/create prefs root node Software\JavaSoft\Prefs at root 0xffffffff80000002. Windows RegCreateKeyEx(...) returned error code 5.
2026-02-10 21:00:20,199 [ERROR] LogOutputStream:75 - [STDERR_REDIRECT] 
2026-02-10 21:00:20,384 [INFO] ThirdPartyUpdaterWithRetryManager:70 - Updater plugin not ready yet. [2/15]
2026-02-10 21:00:20,760 [INFO] MainUpdater:2872 - connection check result : 10
2026-02-10 21:00:20,760 [INFO] MainUpdater:3604 - Updater definition file requires update
2026-02-10 21:00:20,762 [INFO] MainUpdater:289 - Updater Check For Update Now.
2026-02-10 21:00:20,762 [INFO] MicroXplorer:498 - Change Database Version : DB.6.0.150
2026-02-10 21:00:20,767 [INFO] McuFinderGlobals:63 - Set McuFinder mode to 2 (CubeIDE integrated)
2026-02-10 21:00:20,768 [INFO] UserAuth:487 - Internet connection configuration mode: 1
2026-02-10 21:00:20,785 [INFO] JxBrowserEngine:152 - Initiate JxBrowser Engine with user profile folder
2026-02-10 21:00:20,794 [INFO] ServerAccessManage:452 - Complete download http(s) 200
2026-02-10 21:00:20,795 [INFO] ServerAccessManage:509 - Download File updaters.zip
2026-02-10 21:00:20,905 [INFO] FileExtend:248 - Unzip File : updaters.zip
2026-02-10 21:00:20,905 [INFO] FileExtend:263 - Standard Zip Deflate
2026-02-10 21:00:21,164 [INFO] ServerAccessManage:452 - Complete download http(s) 200
2026-02-10 21:00:21,164 [INFO] ServerAccessManage:509 - Download File PacksControlFlags.xml
2026-02-10 21:00:21,256 [INFO] ServerAccessManage:452 - Complete download http(s) 200
2026-02-10 21:00:21,256 [INFO] ServerAccessManage:509 - Download File cubemx.pidx
2026-02-10 21:00:21,339 [INFO] LoadServerUpdatesThread:375 - End of LoadServerUpdate Thread
2026-02-10 21:00:21,491 [INFO] CheckServerUpdateThread:120 - End of CheckServer Thread
2026-02-10 21:00:22,311 [INFO] WebApp:169 - Instantiating new browser for Auth
2026-02-10 21:00:22,964 [INFO] WebApp:463 - Apply proxy settings
2026-02-10 21:00:22,964 [INFO] WebApp:548 - Chromium requires no authentication
2026-02-10 21:00:22,973 [INFO] WebApp:491 - Direct internet connection detected
2026-02-10 21:00:22,992 [INFO] WebApp:900 - Register for checkConnection events
2026-02-10 21:00:22,992 [INFO] WebApp:463 - Apply proxy settings
2026-02-10 21:00:22,992 [INFO] WebApp:548 - Chromium requires no authentication
2026-02-10 21:00:22,992 [INFO] WebApp:491 - Direct internet connection detected
2026-02-10 21:00:23,143 [INFO] WebApp:225 - Starting web application
2026-02-10 21:00:23,143 [INFO] WebApp:593 - Web application path used C:\ST\STM32CubeIDE_1.19.0\STM32CubeIDE\plugins\com.st.stm32cube.common.mx_6.15.0.202507011659\db\plugins\mcufinder\reactClient1\index.html
2026-02-10 21:00:23,207 [INFO] UserAuth:487 - Internet connection configuration mode: 1
2026-02-10 21:00:23,412 [ERROR] LogOutputStream:75 - [STDERR_REDIRECT] [Fatal Error] :1:1: Premature end of file.
2026-02-10 21:00:23,413 [ERROR] LogOutputStream:75 - [STDERR_REDIRECT] 
2026-02-10 21:00:23,536 [WARN] PackLoader:240 - Cannot read IP mode file for STMicroelectronics.FP-SNS-MOTENVWB1.1.4.0
2026-02-10 21:00:23,542 [WARN] PackLoader:240 - Cannot read IP mode file for STMicroelectronics.FP-ATR-ASTRA1.2.0.2
2026-02-10 21:00:23,548 [WARN] PackLoader:240 - Cannot read IP mode file for STMicroelectronics.X-CUBE-SMBUS.2.1.0
2026-02-10 21:00:23,570 [WARN] PackLoader:240 - Cannot read IP mode file for STMicroelectronics.X-CUBE-AZRTOS-F7.1.1.0
2026-02-10 21:00:23,591 [WARN] PackLoader:240 - Cannot read IP mode file for STMicroelectronics.X-CUBE-DISPLAY.3.0.0
2026-02-10 21:00:23,605 [WARN] PackLoader:240 - Cannot read IP mode file for STMicroelectronics.X-CUBE-NFC10.1.0.0
2026-02-10 21:00:23,611 [WARN] PackLoader:240 - Cannot read IP mode file for STMicroelectronics.FP-SNS-SMARTAG2.1.2.0
2026-02-10 21:00:23,615 [WARN] PackLoader:240 - Cannot read IP mode file for STMicroelectronics.FP-SNS-FLIGHT1.5.1.0
2026-02-10 21:00:23,623 [INFO] LogOutputStream:77 - [STDOUT_REDIRECT] 1 : Invalid condition id : UX_CORESTACK_Condition cause : null
2026-02-10 21:00:23,625 [INFO] LogOutputStream:77 - [STDOUT_REDIRECT] 1 : Invalid condition id : UX_CORESTACK_Condition cause : null
2026-02-10 21:00:23,626 [INFO] LogOutputStream:77 - [STDOUT_REDIRECT] 1 : Invalid condition id : UX_CORESTACK_Condition cause : null
2026-02-10 21:00:23,627 [INFO] LogOutputStream:77 - [STDOUT_REDIRECT] 1 : Invalid condition id : UX_CORESTACK_Condition cause : null
2026-02-10 21:00:23,628 [INFO] LogOutputStream:77 - [STDOUT_REDIRECT] 1 : Invalid condition id : UX_CORESTACK_Condition cause : null
2026-02-10 21:00:23,629 [WARN] PackLoader:240 - Cannot read IP mode file for STMicroelectronics.X-CUBE-AZRTOS-WL.2.0.0
2026-02-10 21:00:23,642 [WARN] PackLoader:240 - Cannot read IP mode file for STMicroelectronics.X-CUBE-AZRTOS-H7RS.1.2.0
2026-02-10 21:00:23,650 [WARN] PackLoader:240 - Cannot read IP mode file for STMicroelectronics.X-CUBE-BLE2.3.3.0
2026-02-10 21:00:23,679 [WARN] PackLoader:240 - Cannot read IP mode file for Infineon.AIROC-Wi-Fi-Bluetooth-STM32.1.8.0
2026-02-10 21:00:23,687 [WARN] PackLoader:240 - Cannot read IP mode file for STMicroelectronics.X-CUBE-NFC9.1.0.0
2026-02-10 21:00:23,691 [WARN] PackLoader:240 - Cannot read IP mode file for STMicroelectronics.X-CUBE-BLE1.7.1.0
2026-02-10 21:00:23,695 [WARN] PackLoader:240 - Cannot read IP mode file for STMicroelectronics.X-CUBE-FREERTOS.1.4.0
2026-02-10 21:00:23,699 [WARN] PackLoader:240 - Cannot read IP mode file for Cesanta.I-CUBE-Mongoose.7.20.0
2026-02-10 21:00:23,725 [WARN] PackLoader:240 - Cannot read IP mode file for STMicroelectronics.X-CUBE-MEMS1.12.0.0
2026-02-10 21:00:23,775 [WARN] PackLoader:240 - Cannot read IP mode file for STMicroelectronics.X-CUBE-AZRTOS-G0.1.1.0
2026-02-10 21:00:23,779 [WARN] PackLoader:240 - Cannot read IP mode file for STMicroelectronics.X-CUBE-SAFEA1.1.2.2
2026-02-10 21:00:23,784 [WARN] PackLoader:240 - Cannot read IP mode file for STMicroelectronics.X-CUBE-NFC4.3.0.0
2026-02-10 21:00:23,790 [WARN] PackLoader:240 - Cannot read IP mode file for EmbeddedOffice.I-CUBE-FS-RTOS.1.0.1
2026-02-10 21:00:23,794 [WARN] PackLoader:240 - Cannot read IP mode file for STMicroelectronics.X-CUBE-WB05N.2.0.0
2026-02-10 21:00:23,799 [WARN] PackLoader:240 - Cannot read IP mode file for STMicroelectronics.X-CUBE-TCPP.4.2.0
2026-02-10 21:00:23,802 [WARN] PackLoader:240 - Cannot read IP mode file for RealThread.X-CUBE-RT-Thread_Nano.4.1.1
2026-02-10 21:00:23,805 [WARN] PackLoader:240 - Cannot read IP mode file for STMicroelectronics.FP-ATR-SIGFOX1.3.2.0
2026-02-10 21:00:23,809 [WARN] PackLoader:240 - Cannot read IP mode file for STMicroelectronics.X-CUBE-NFC6.3.2.0
2026-02-10 21:00:23,836 [WARN] PackLoader:240 - Cannot read IP mode file for SEGGER.I-CUBE-embOS.1.3.1
2026-02-10 21:00:23,856 [WARN] PackLoader:240 - Cannot read IP mode file for STMicroelectronics.X-CUBE-ALGOBUILD.1.4.0
2026-02-10 21:00:23,877 [WARN] PackLoader:240 - Cannot read IP mode file for STMicroelectronics.X-CUBE-MEMS1.11.3.0
2026-02-10 21:00:23,938 [WARN] PackLoader:240 - Cannot read IP mode file for STMicroelectronics.X-CUBE-PM33A1.1.0.0
2026-02-10 21:00:23,949 [WARN] PackLoader:240 - Cannot read IP mode file for STMicroelectronics.X-CUBE-AZRTOS-F4.1.1.0
2026-02-10 21:00:23,954 [WARN] PackLoader:240 - Cannot read IP mode file for STMicroelectronics.X-CUBE-ISPU.2.1.0
2026-02-10 21:00:23,963 [WARN] PackLoader:240 - Cannot read IP mode file for STMicroelectronics.X-CUBE-AZRTOS-L5.2.0.0
2026-02-10 21:00:23,968 [WARN] PackLoader:240 - Cannot read IP mode file for STMicroelectronics.X-CUBE-NFC6.3.1.0
2026-02-10 21:00:23,972 [WARN] PackLoader:240 - Cannot read IP mode file for STMicroelectronics.X-CUBE-FREERTOS.1.3.1
2026-02-10 21:00:23,976 [WARN] PackLoader:240 - Cannot read IP mode file for STMicroelectronics.X-CUBE-DPower.1.3.0
2026-02-10 21:00:23,984 [WARN] ConditionMgr:438 - getConditionDescription Invalid condition id : LAN8742 Phy interface Condition cause : null
2026-02-10 21:00:23,984 [WARN] PackLoader:240 - Cannot read IP mode file for STMicroelectronics.X-CUBE-AZRTOS-L4.2.0.0
2026-02-10 21:00:23,985 [WARN] ConditionMgr:1044 - genDependencies : Invalid condition id : LAN8742 Phy interface Condition cause : null
2026-02-10 21:00:23,985 [WARN] ConditionMgr:1044 - genDependencies : Invalid condition id : LAN8742 Phy interface Condition cause : null
2026-02-10 21:00:23,985 [WARN] ConditionMgr:1044 - genDependencies : Invalid condition id : LAN8742 Phy interface Condition cause : null
2026-02-10 21:00:23,989 [WARN] PackLoader:240 - Cannot read IP mode file for STMicroelectronics.X-CUBE-SFXS2LP1.4.0.0
2026-02-10 21:00:23,993 [WARN] PackLoader:240 - Cannot read IP mode file for STMicroelectronics.X-CUBE-ST67W61.1.2.0
2026-02-10 21:00:24,001 [WARN] ConditionMgr:438 - getConditionDescription Invalid condition id : UX DEVICE CLASS RTOS Condition cause : null
2026-02-10 21:00:24,002 [WARN] ConditionMgr:438 - getConditionDescription Invalid condition id : UX DEVICE CLASS RTOS Condition cause : null
2026-02-10 21:00:24,002 [WARN] PackLoader:240 - Cannot read IP mode file for STMicroelectronics.X-CUBE-AZRTOS-WB.2.0.0
2026-02-10 21:00:24,003 [WARN] ConditionMgr:1044 - genDependencies : Invalid condition id : UX DEVICE CLASS RTOS Condition cause : null
2026-02-10 21:00:24,003 [WARN] ConditionMgr:1044 - genDependencies : Invalid condition id : UX DEVICE CLASS RTOS Condition cause : null
2026-02-10 21:00:24,003 [WARN] ConditionMgr:1044 - genDependencies : Invalid condition id : UX DEVICE CLASS RTOS Condition cause : null
2026-02-10 21:00:24,003 [WARN] ConditionMgr:1044 - genDependencies : Invalid condition id : UX DEVICE CLASS RTOS Condition cause : null
2026-02-10 21:00:24,003 [WARN] ConditionMgr:1044 - genDependencies : Invalid condition id : UX DEVICE CLASS RTOS Condition cause : null
2026-02-10 21:00:24,007 [WARN] ConditionMgr:438 - getConditionDescription Invalid condition id : Cortex-A Device cause : null
2026-02-10 21:00:24,012 [WARN] ConditionMgr:1044 - genDependencies : Invalid condition id : Cortex-A Device cause : null
2026-02-10 21:00:24,012 [WARN] ConditionMgr:1044 - genDependencies : Invalid condition id : Cortex-A Device cause : null
2026-02-10 21:00:24,012 [WARN] ConditionMgr:1044 - genDependencies : Invalid condition id : Cortex-A Device cause : null
2026-02-10 21:00:24,017 [WARN] PackLoader:240 - Cannot read IP mode file for STMicroelectronics.X-CUBE-STSE01.2.0.0
2026-02-10 21:00:24,023 [WARN] PackLoader:240 - Cannot read IP mode file for STMicroelectronics.X-CUBE-SUBG2.5.0.0
2026-02-10 21:00:24,035 [WARN] PackLoader:240 - Cannot read IP mode file for STMicroelectronics.X-CUBE-AZRTOS-H7RS.1.1.0
2026-02-10 21:00:24,043 [WARN] PackLoader:240 - Cannot read IP mode file for STMicroelectronics.X-CUBE-AZRTOS-G4.2.0.0
2026-02-10 21:00:24,047 [WARN] PackLoader:240 - Cannot read IP mode file for STMicroelectronics.X-CUBE-NFC7.2.0.0
2026-02-10 21:00:24,050 [WARN] PackLoader:240 - Cannot read IP mode file for STMicroelectronics.X-CUBE-ALS.1.0.2
2026-02-10 21:00:24,053 [WARN] PackLoader:240 - Cannot read IP mode file for STMicroelectronics.X-CUBE-STSE01.1.0.0
2026-02-10 21:00:24,059 [WARN] PackLoader:240 - Cannot read IP mode file for STMicroelectronics.X-CUBE-TOF1.3.4.3
2026-02-10 21:00:24,065 [INFO] ThirdParty:978 - Integrity check success = true
2026-02-10 21:00:24,065 [INFO] IntegrityCheckThread:100 - exiting critical section [integrity check]
2026-02-10 21:00:24,065 [INFO] IntegrityCheckThread:103 - End integrity checks thread
2026-02-10 21:00:24,094 [INFO] McuFinderGlobals:63 - Set McuFinder mode to 2 (CubeIDE integrated)
2026-02-10 21:00:24,116 [INFO] MainUpdater:2872 - connection check result : 10
2026-02-10 21:00:24,118 [INFO] MainUpdater:2872 - connection check result : 10
2026-02-10 21:00:24,205 [INFO] MicroXplorer:468 - Change Database Path : 
2026-02-10 21:00:24,205 [INFO] MicroXplorer:498 - Change Database Version : DB.6.0.150
2026-02-10 21:00:24,215 [WARN] ThirdParty:871 - waiting for thirdparty lock release [close project]
2026-02-10 21:00:24,215 [INFO] ThirdParty:873 - entering critical section [close project]
2026-02-10 21:00:24,218 [INFO] ThirdParty:883 - exiting critical section [close project]
2026-02-10 21:00:24,230 [INFO] PinOutPanel:1589 - setPackage(No Configuration,No Configuration)
2026-02-10 21:00:24,233 [INFO] UtilMem:75 - Begin LoadConfig() Used Memory: 397919320 Bytes (478150656)
2026-02-10 21:00:24,236 [INFO] MicroXplorer:468 - Change Database Path : 
2026-02-10 21:00:24,236 [INFO] MicroXplorer:498 - Change Database Version : DB.6.0.150
2026-02-10 21:00:24,236 [INFO] OpenFileManager:355 - Change cursor
2026-02-10 21:00:24,268 [ERROR] LogOutputStream:75 - [STDERR_REDIRECT] [Fatal Error] :1:1: Premature end of file.
2026-02-10 21:00:24,269 [ERROR] LogOutputStream:75 - [STDERR_REDIRECT] 
2026-02-10 21:00:24,338 [INFO] Mcu:2029 - Initializing MCU STM32F103C(8-B)Tx STM32F103C8Tx STM32F103C8T6
2026-02-10 21:00:25,264 [ERROR] LogOutputStream:75 - [STDERR_REDIRECT] [Fatal Error] :1:1: Premature end of file.
2026-02-10 21:00:25,265 [ERROR] LogOutputStream:75 - [STDERR_REDIRECT] 
2026-02-10 21:00:25,623 [INFO] Context:786 - Trying to add GPIOservice into a context  which must be forbidden
2026-02-10 21:00:25,893 [INFO] ImportTextPane:234 - (OptionalMessage_ERROR) Pin7 (VP_RIF_VS_RIF1) cannot be retrieved for this MCU
2026-02-10 21:00:26,116 [INFO] RtosManager:558 - Registered RTOS mode: class=CMSIS, group=RTOS, mode=CMSIS_V1, owner=FREERTOS
2026-02-10 21:00:26,116 [INFO] RtosManager:558 - Registered RTOS mode: class=CMSIS, group=RTOS2, mode=CMSIS_V2, owner=FREERTOS
2026-02-10 21:00:26,116 [INFO] RtosManager:558 - Registered RTOS mode: class=RTOS, group=Core, mode=CMSIS_V1, owner=FREERTOS
2026-02-10 21:00:26,116 [INFO] RtosManager:558 - Registered RTOS mode: class=RTOS, group=Core, mode=CMSIS_V2, owner=FREERTOS
2026-02-10 21:00:26,116 [WARN] ModelIntegratedComponent:184 - Missing modes for component STMicroelectronics:FreeRTOS:0.0.1:STMicroelectronics:RTOS:FreeRTOS:Core:::10.2.0:
2026-02-10 21:00:26,134 [WARN] ModelIntegratedComponent:63 - No mode defined for component null
2026-02-10 21:00:26,135 [WARN] ModelIntegratedComponent:63 - No mode defined for component null
2026-02-10 21:00:26,135 [WARN] ModelIntegratedComponent:63 - No mode defined for component null
2026-02-10 21:00:26,135 [WARN] ModelIntegratedComponent:63 - No mode defined for component null
2026-02-10 21:00:26,135 [WARN] ModelIntegratedComponent:63 - No mode defined for component null
2026-02-10 21:00:26,135 [WARN] ModelIntegratedComponent:63 - No mode defined for component null
2026-02-10 21:00:26,135 [WARN] ModelIntegratedComponent:63 - No mode defined for component null
2026-02-10 21:00:26,135 [WARN] ModelIntegratedComponent:63 - No mode defined for component null
2026-02-10 21:00:26,135 [WARN] ModelIntegratedComponent:63 - No mode defined for component null
2026-02-10 21:00:26,135 [WARN] ModelIntegratedComponent:63 - No mode defined for component null
2026-02-10 21:00:26,135 [WARN] ModelIntegratedComponent:63 - No mode defined for component null
2026-02-10 21:00:26,135 [WARN] ModelIntegratedComponent:63 - No mode defined for component null
2026-02-10 21:00:26,135 [WARN] ModelIntegratedComponent:63 - No mode defined for component null
2026-02-10 21:00:26,135 [WARN] ModelIntegratedComponent:63 - No mode defined for component null
2026-02-10 21:00:26,135 [WARN] ModelIntegratedComponent:63 - No mode defined for component null
2026-02-10 21:00:26,135 [WARN] ModelIntegratedComponent:63 - No mode defined for component null
2026-02-10 21:00:26,135 [WARN] ModelIntegratedComponent:63 - No mode defined for component null
2026-02-10 21:00:26,135 [WARN] ModelIntegratedComponent:63 - No mode defined for component null
2026-02-10 21:00:26,135 [WARN] ModelIntegratedComponent:63 - No mode defined for component null
2026-02-10 21:00:26,135 [WARN] ModelIntegratedComponent:63 - No mode defined for component null
2026-02-10 21:00:26,135 [WARN] ModelIntegratedComponent:63 - No mode defined for component null
2026-02-10 21:00:26,135 [WARN] ModelIntegratedComponent:63 - No mode defined for component null
2026-02-10 21:00:26,135 [WARN] ModelIntegratedComponent:63 - No mode defined for component null
2026-02-10 21:00:26,135 [WARN] ModelIntegratedComponent:63 - No mode defined for component null
2026-02-10 21:00:26,135 [WARN] ModelIntegratedComponent:63 - No mode defined for component null
2026-02-10 21:00:26,135 [WARN] ModelIntegratedComponent:63 - No mode defined for component null
2026-02-10 21:00:26,135 [WARN] ModelIntegratedComponent:63 - No mode defined for component null
2026-02-10 21:00:26,135 [WARN] ModelIntegratedComponent:63 - No mode defined for component null
2026-02-10 21:00:26,135 [WARN] ModelIntegratedComponent:63 - No mode defined for component null
2026-02-10 21:00:26,135 [WARN] ModelIntegratedComponent:63 - No mode defined for component null
2026-02-10 21:00:26,135 [WARN] ModelIntegratedComponent:63 - No mode defined for component null
2026-02-10 21:00:26,135 [WARN] ModelIntegratedComponent:63 - No mode defined for component null
2026-02-10 21:00:26,135 [WARN] ModelIntegratedComponent:63 - No mode defined for component null
2026-02-10 21:00:26,135 [WARN] ModelIntegratedComponent:63 - No mode defined for component null
2026-02-10 21:00:26,135 [WARN] ModelIntegratedComponent:63 - No mode defined for component null
2026-02-10 21:00:26,135 [WARN] ModelPack:524 - Component already loaded: STMicroelectronics:HAL Drivers:0.0.0:STMicroelectronics:Device:STMicro_Driver:XSPI:HAL::0.0.1:HAL_XSPI
2026-02-10 21:00:26,227 [INFO] ThirdPartyModel:298 - Start build external matchings
2026-02-10 21:00:26,264 [ERROR] LogOutputStream:75 - [STDERR_REDIRECT] [Fatal Error] :1:1: Premature end of file.
2026-02-10 21:00:26,265 [ERROR] LogOutputStream:75 - [STDERR_REDIRECT] 
2026-02-10 21:00:26,484 [INFO] ThirdPartyModel:316 - End build external matchings
2026-02-10 21:00:26,501 [INFO] ImportTextPane:234 - (OptionalMessage_ERROR) IP (DMA) : Parameter (Instance) has Id (TIM3_CH1/TRIG) currently not set
2026-02-10 21:00:26,501 [INFO] ImportTextPane:234 - (OptionalMessage_ERROR) IP (DMA) : Parameter (Direction) has Id (TIM3_CH1/TRIG) currently not set
2026-02-10 21:00:26,501 [INFO] ImportTextPane:234 - (OptionalMessage_ERROR) IP (DMA) : Parameter (PeriphInc) has Id (TIM3_CH1/TRIG) currently not set
2026-02-10 21:00:26,501 [INFO] ImportTextPane:234 - (OptionalMessage_ERROR) IP (DMA) : Parameter (MemInc) has Id (TIM3_CH1/TRIG) currently not set
2026-02-10 21:00:26,501 [INFO] ImportTextPane:234 - (OptionalMessage_ERROR) IP (DMA) : Parameter (PeriphDataAlignment) has Id (TIM3_CH1/TRIG) currently not set
2026-02-10 21:00:26,501 [INFO] ImportTextPane:234 - (OptionalMessage_ERROR) IP (DMA) : Parameter (MemDataAlignment) has Id (TIM3_CH1/TRIG) currently not set
2026-02-10 21:00:26,501 [INFO] ImportTextPane:234 - (OptionalMessage_ERROR) IP (DMA) : Parameter (Mode) has Id (TIM3_CH1/TRIG) currently not set
2026-02-10 21:00:26,501 [INFO] ImportTextPane:234 - (OptionalMessage_ERROR) IP (DMA) : Parameter (Priority) has Id (TIM3_CH1/TRIG) currently not set
2026-02-10 21:00:26,502 [INFO] ImportTextPane:234 - (OptionalMessage_ERROR) IP (RCC) : Parameter (ADCFreqValue) has invalid value (36000000)
2026-02-10 21:00:26,502 [INFO] ImportTextPane:234 - (OptionalMessage_ERROR) IP (RCC) : Invalid parameter (FamilyName)
2026-02-10 21:00:26,502 [INFO] ImportTextPane:234 - (OptionalMessage_ERROR) IP (RCC) : Parameter (MCOFreq_Value) has invalid value (72000000)
2026-02-10 21:00:26,502 [INFO] ImportTextPane:234 - (OptionalMessage_ERROR) IP (RCC) : Parameter (USBFreq_Value) has invalid value (72000000)
2026-02-10 21:00:26,784 [INFO] ApiDb:581 - Connected to CubeFinder SQLite database (C:\Users\Song\.stmcufinder\plugins\mcufinder\mcu\cube-finder-db.db)
2026-02-10 21:00:26,946 [INFO] ApiDb:668 - CubeFinder database Data Model version=2.1
2026-02-10 21:00:26,946 [INFO] ApiDb:669 - CubeFinder database Configuration version=3.0.39
2026-02-10 21:00:26,946 [INFO] ApiDb:670 - CubeFinder database generation date=2025-12-22 (1766407740)
2026-02-10 21:00:26,946 [INFO] ApiDb:671 - CubeFinder database FW Pack versions=[FP-ATR-ASTRA1_V2.0.0, FP-SNS-FLIGHT1_V5.1.0, FP-SNS-MOTENV1_V5.1.0, FP-SNS-MOTENVWB1_V1.4.0, FP-SNS-SMARTAG2_V1.2.0, FP-SNS-STBOX1_V2.1.0, STM32Cube_FW_C0_V1.4.0, STM32Cube_FW_F4_V1.28.3, STM32Cube_FW_F7_V1.17.4, STM32Cube_FW_G0_V1.6.2, STM32Cube_FW_G4_V1.6.1, STM32Cube_FW_H5_V1.5.1, STM32Cube_FW_H7RS_V1.3.0, STM32Cube_FW_H7_V1.12.1, STM32Cube_FW_L0_V1.12.2, STM32Cube_FW_L4_V1.18.1, STM32Cube_FW_L5_V1.6.0, STM32Cube_FW_N6_V1.3.0, STM32Cube_FW_U0_V1.3.0, STM32Cube_FW_U3_V1.2.1, STM32Cube_FW_U5_V1.8.0, STM32Cube_FW_WB0_V1.4.0, STM32Cube_FW_WBA_V1.8.0, STM32Cube_FW_WB_V1.24.0, STM32Cube_FW_WL3_V1.3.0, STM32Cube_FW_WL_V1.4.0, X-CUBE-ALGOBUILD_V1.4.0, X-CUBE-ALS_V1.0.2, X-CUBE-AZRTOS-F4_V1.1.0, X-CUBE-AZRTOS-F7_V1.1.0, X-CUBE-AZRTOS-G0_V1.1.0, X-CUBE-AZRTOS-G4_V2.0.0, X-CUBE-AZRTOS-H7RS_V1.1.0, X-CUBE-AZRTOS-H7_V3.4.0, X-CUBE-AZRTOS-L4_V2.0.0, X-CUBE-AZRTOS-L5_V2.0.0, X-CUBE-AZRTOS-WB_V2.0.0, X-CUBE-AZRTOS-WL_V2.0.0, X-CUBE-BLE1_V7.1.0, X-CUBE-BLE2_V3.3.0, X-CUBE-BLEMGR_V4.1.0, X-CUBE-EEPRMA1_V5.2.0, X-CUBE-FREERTOS_V1.3.1, X-CUBE-GNSS1_V6.0.0, X-CUBE-MEMS1_V12.0.0, X-CUBE-NFC4_V3.0.0, X-CUBE-NFC7_V2.0.0, X-CUBE-SFXS2LP1_V4.0.0, X-CUBE-ST67W61_V1.1.0, X-CUBE-SUBG2_V5.0.0, X-CUBE-TOF1_V3.4.3]
2026-02-10 21:00:27,087 [INFO] DbBoardsSqlite:226 - include board P-NUCLEO-WB55-NUCLEO as a kit item of type 'Nucleo-64'
2026-02-10 21:00:27,087 [INFO] DbBoardsSqlite:226 - include board P-NUCLEO-WB55-USBDONGLE as a kit item of type 'Nucleo USB Dongle'
2026-02-10 21:00:27,089 [INFO] DbBoardsSqlite:226 - include board STEVAL-IDP005V1 as a kit item of type 'Evaluation Board'
2026-02-10 21:00:27,089 [INFO] DbBoardsSqlite:226 - include board STEVAL-IDP005V2 as a kit item of type 'Evaluation Board'
2026-02-10 21:00:27,264 [ERROR] LogOutputStream:75 - [STDERR_REDIRECT] [Fatal Error] :1:1: Premature end of file.
2026-02-10 21:00:27,264 [ERROR] LogOutputStream:75 - [STDERR_REDIRECT] 
2026-02-10 21:00:27,755 [INFO] ApiDb:240 - Found 880 in-development CPN: [B-G473E-ZEST1S, B-WB1M-WPAN1, B-WBA5M-WPAN, B-WL5M-SUBG1, NUCLEO-C031C6, NUCLEO-C051C8, NUCLEO-C071RB, NUCLEO-C092RC, NUCLEO-H503RB, NUCLEO-H533RE, NUCLEO-H563ZI, NUCLEO-H7S3L8, NUCLEO-N657X0-Q, NUCLEO-U031R8, NUCLEO-U083RC, NUCLEO-U385RG-Q, NUCLEO-U545RE-Q, NUCLEO-U5A5ZJ-Q, NUCLEO-WB05KZ, NUCLEO-WB07CC, NUCLEO-WB09KE, NUCLEO-WBA52CG, NUCLEO-WBA55CG, NUCLEO-WL33CC1, NUCLEO-WL33CC2, STEVAL-PROTEUS1, STEVAL-SMARTAG2, STEVAL-STWINBX1, STM320518-EVAL, STM32C0116-DK, STM32C011D6Y3TR, STM32C011D6Y6TR, STM32C011F4P3, STM32C011F4P6, STM32C011F4U3, STM32C011F4U6TR, STM32C011F6P3, STM32C011F6P6, STM32C011F6U3, STM32C011F6U6TR, STM32C011J4M3, STM32C011J4M6, STM32C011J6M3, STM32C011J6M6, STM32C0316-DK, STM32C031C4T3, STM32C031C4T6, STM32C031C4U3, STM32C031C4U6, STM32C031C6T3, STM32C031C6T6, STM32C031C6U3, STM32C031C6U6, STM32C031F4P3, STM32C031F4P6, STM32C031F6P3, STM32C031F6P6, STM32C031G4U3, STM32C031G4U6, STM32C031G6U3, STM32C031G6U6, STM32C031K4T3, STM32C031K4T6, STM32C031K4U3, STM32C031K4U6, STM32C031K6T3, STM32C031K6T6, STM32C031K6U3, STM32C031K6U6, STM32C051C6T6, STM32C051C6U6, STM32C051C8T6, STM32C051C8U6, STM32C051D8Y6TR, STM32C051F6P6, STM32C051F8P6, STM32C051G6U6, STM32C051G8U6, STM32C051K6T6, STM32C051K6U6, STM32C051K8T6, STM32C071C8T6, STM32C071C8T6N, STM32C071C8U6, STM32C071C8U6N, STM32C071CBT6, STM32C071CBT6N, STM32C071CBU6, STM32C071CBU6N, STM32C071F8P6, STM32C071F8P6N, STM32C071FBP6, STM32C071FBP6N, STM32C071FBY6TR, STM32C071G8U6, STM32C071G8U6N, STM32C071GBU6, STM32C071GBU6N, STM32C071K8T6, STM32C071K8T6N, STM32C071K8U6, STM32C071K8U6N, STM32C071KBT6, STM32C071KBT6N, STM32C071KBU6, STM32C071KBU6N, STM32C071R8T6, STM32C071R8T6N, STM32C071RBI6N, STM32C071RBT6, STM32C071RBT6N, STM32C091CBT6, STM32C091CBU6, STM32C091CCT6, STM32C091CCU6, STM32C091ECY6TR, STM32C091FBP6, STM32C091FCP6, STM32C091GBU6, STM32C091GCU6, STM32C091KBT6, STM32C091KBU6, STM32C091KCT6, STM32C091KCU6, STM32C091RBT6, STM32C091RCI6, STM32C091RCT6, STM32C092CBT6, STM32C092CBU6, STM32C092CCT6, STM32C092CCU6, STM32C092ECY6TR, STM32C092FBP6, STM32C092FCP6, STM32C092GBU6, STM32C092GCU6, STM32C092KBT6, STM32C092KBU6, STM32C092KCT6, STM32C092KCU6, STM32C092RBT6, STM32C092RCI6, STM32C092RCT6, STM32G071K8TXN, STM32G071K8UXN, STM32G081GBU6N, STM32G081KBT6N, STM32G081KBUXN, STM32G0B1CCT6N, STM32G0B1KCT6, STM32G0B1NEY6TR, STM32G0B1RCT6N, STM32G0C1CCT6, STM32G0C1CCT6N, STM32G0C1CCU6N, STM32G0C1CET6N, STM32G0C1CEU6N, STM32G0C1KCT6, STM32G0C1NEY6TR, STM32G0C1RCI6N, STM32G0C1RCT6N, STM32G0C1REI6N, STM32G0C1RET6N, STM32G0C1VCI6, STM32G0C1VEI6, STM32G411C6T3, STM32G411C6T6, STM32G411C6U3, STM32G411C6U6, STM32G411C8T3, STM32G411C8T6, STM32G411C8U3, STM32G411C8U6, STM32G411CBT3, STM32G411CBT6, STM32G411CBU3, STM32G411CBU6, STM32G411K6T3, STM32G411K6T6, STM32G411K6U3, STM32G411K6U6, STM32G411K8T3, STM32G411K8T6, STM32G411K8U3, STM32G411K8U6, STM32G411KBT3, STM32G411KBT6, STM32G411KBU3, STM32G411KBU6, STM32G411M6T3, STM32G411M6T6, STM32G411M8T3, STM32G411M8T6, STM32G411MBT3, STM32G411MBT6, STM32G411R6T3, STM32G411R6T6, STM32G411R8T3, STM32G411R8T6, STM32G411RBT3, STM32G411RBT6, STM32G414CBT3, STM32G414CBT6, STM32G414CBU3, STM32G414CBU6, STM32G414CCT3, STM32G414CCT6, STM32G414CCU3, STM32G414CCU6, STM32G414MBT3, STM32G414MBT6, STM32G414MCT3, STM32G414MCT6, STM32G414RBT3, STM32G414RBT6, STM32G414RCT3, STM32G414RCT6, STM32G414VBT3, STM32G414VBT6, STM32G414VCT3, STM32G414VCT6, STM32G431CBT3Z, STM32G431RBT3Z, STM32G471CCT6, STM32G471CCU6, STM32G471CET3, STM32G471CET6, STM32G471CEU3, STM32G471CEU6, STM32G471MCT6, STM32G471MET3, STM32G471MET6, STM32G471MEY6TR, STM32G471QCT6, STM32G471QET3, STM32G471RCT6, STM32G471RET3, STM32G471RET6, STM32G471VCH6, STM32G471VCI6, STM32G471VCT6, STM32G471VEH3, STM32G471VEH6, STM32G471VEI3, STM32G471VEI6, STM32G471VET3, STM32G471VET6, STM32G473QET3Z, STM32G473RET3Z, STM32G474CCT6, STM32G491RET3Z, STM32H503CBT6, STM32H503CBU6, STM32H503EBY6TR, STM32H503KBU6, STM32H503RBT6, STM32H523CCT6, STM32H523CCU6, STM32H523CET6, STM32H523CEU6, STM32H523HEY6TR, STM32H523RCT6, STM32H523RET6, STM32H523VCI6, STM32H523VCT6, STM32H523VEI6, STM32H523VET6, STM32H523ZCJ6, STM32H523ZCT6, STM32H523ZEJ6, STM32H523ZET6, STM32H533CET6, STM32H533CEU6, STM32H533HEY6TR, STM32H533RET6, STM32H533VEI6, STM32H533VET6, STM32H533ZEJ6, STM32H533ZET6, STM32H562AGI6, STM32H562AII6, STM32H562IGK6, STM32H562IGT6, STM32H562IIK6, STM32H562IIT6, STM32H562RGT6, STM32H562RGV6, STM32H562RIT6, STM32H562RIV6, STM32H562VGT6, STM32H562VIT6, STM32H562ZGT6, STM32H562ZIT6, STM32H563AGI6, STM32H563AII3Q, STM32H563AII6, STM32H563IGK6, STM32H563IGT6, STM32H563IIK3Q, STM32H563IIK6, STM32H563IIT3Q, STM32H563IIT6, STM32H563MIY3QTR, STM32H563RGT6, STM32H563RGV6, STM32H563RIT6, STM32H563RIV6, STM32H563VGT6, STM32H563VIT3Q, STM32H563VIT6, STM32H563ZGT6, STM32H563ZIT3Q, STM32H563ZIT6, STM32H573AII3Q, STM32H573AII6, STM32H573I-DK, STM32H573IIK3Q, STM32H573IIK6, STM32H573IIT3Q, STM32H573IIT6, STM32H573MIY3QTR, STM32H573RIT6, STM32H573RIV6, STM32H573VIT3Q, STM32H573VIT6, STM32H573ZIT3Q, STM32H573ZIT6, STM32H7R3A8I6, STM32H7R3I8K6, STM32H7R3I8T6, STM32H7R3L8H6, STM32H7R3L8H6H, STM32H7R3R8V6, STM32H7R3V8H6, STM32H7R3V8T6, STM32H7R3V8Y6TR, STM32H7R3Z8J6, STM32H7R3Z8T6, STM32H7R7A8I6, STM32H7R7I8K6, STM32H7R7I8T6, STM32H7R7L8H6, STM32H7R7L8H6H, STM32H7R7Z8J6, STM32H7S3A8I6, STM32H7S3I8K6, STM32H7S3I8T6, STM32H7S3L8H6, STM32H7S3L8H6H, STM32H7S3R8V6, STM32H7S3V8H6, STM32H7S3V8T6, STM32H7S3V8Y6TR, STM32H7S3Z8J6, STM32H7S3Z8T6, STM32H7S78-DK, STM32H7S7A8I6, STM32H7S7I8K6, STM32H7S7I8T6, STM32H7S7L8H6, STM32H7S7L8H6H, STM32H7S7Z8J6, STM32L4R5QGI6STR, STM32MP131AAE3, STM32MP131AAF3, STM32MP131AAG3, STM32MP131CAE3, STM32MP131CAF3, STM32MP131CAG3, STM32MP131DAE7, STM32MP131DAF7, STM32MP131DAG7, STM32MP131FAE7, STM32MP131FAF7, STM32MP131FAG7, STM32MP133AAE3, STM32MP133AAF3, STM32MP133AAG3, STM32MP133CAE3, STM32MP133CAF3, STM32MP133CAG3, STM32MP133DAE7, STM32MP133DAF7, STM32MP133DAG7, STM32MP133FAE7, STM32MP133FAF7, STM32MP133FAG7, STM32MP135AAE3, STM32MP135AAF3, STM32MP135AAG3, STM32MP135CAE3, STM32MP135CAF3, STM32MP135CAG3, STM32MP135DAE7, STM32MP135DAF7, STM32MP135DAG7, STM32MP135F-DK, STM32MP135FAE7, STM32MP135FAF7, STM32MP135FAF7T, STM32MP135FAF7U, STM32MP135FAG7, STM32MP211AAL3, STM32MP211AAM3, STM32MP211AAN3, STM32MP211AAO3, STM32MP211CAL3, STM32MP211CAM3, STM32MP211CAN3, STM32MP211CAO3, STM32MP211DAL3, STM32MP211DAM3, STM32MP211DAN3, STM32MP211DAO3, STM32MP211FAL3, STM32MP211FAM3, STM32MP211FAN3, STM32MP211FAO3, STM32MP213AAL3, STM32MP213AAM3, STM32MP213AAN3, STM32MP213AAO3, STM32MP213CAL3, STM32MP213CAM3, STM32MP213CAN3, STM32MP213CAO3, STM32MP213DAL3, STM32MP213DAM3, STM32MP213DAN3, STM32MP213DAO3, STM32MP213FAL3, STM32MP213FAM3, STM32MP213FAN3, STM32MP213FAO3, STM32MP215AAL3, STM32MP215AAM3, STM32MP215AAN3, STM32MP215AAO3, STM32MP215CAL3, STM32MP215CAM3, STM32MP215CAN3, STM32MP215CAO3, STM32MP215DAL3, STM32MP215DAM3, STM32MP215DAN3, STM32MP215DAO3, STM32MP215F-DK, STM32MP215FAL3, STM32MP215FAM3, STM32MP215FAN3, STM32MP215FAO3, STM32MP231AAJ3, STM32MP231AAK3, STM32MP231AAL3, STM32MP231CAJ3, STM32MP231CAK3, STM32MP231CAL3, STM32MP231DAJ3, STM32MP231DAK3, STM32MP231DAL3, STM32MP231FAJ3, STM32MP231FAK3, STM32MP231FAL3, STM32MP233AAJ3, STM32MP233AAK3, STM32MP233AAL3, STM32MP233CAJ3, STM32MP233CAK3, STM32MP233CAL3, STM32MP233DAJ3, STM32MP233DAK3, STM32MP233DAL3, STM32MP233FAJ3, STM32MP233FAK3, STM32MP233FAL3, STM32MP235AAJ3, STM32MP235AAK3, STM32MP235AAL3, STM32MP235CAJ3, STM32MP235CAK3, STM32MP235CAL3, STM32MP235DAJ3, STM32MP235DAK3, STM32MP235DAL3, STM32MP235FAJ3, STM32MP235FAK3, STM32MP235FAL3, STM32MP251AAI3, STM32MP251AAK3, STM32MP251AAL3, STM32MP251CAI3, STM32MP251CAK3, STM32MP251CAL3, STM32MP251DAI3, STM32MP251DAK3, STM32MP251DAL3, STM32MP251FAI3, STM32MP251FAK3, STM32MP251FAL3, STM32MP253AAI3, STM32MP253AAK3, STM32MP253AAL3, STM32MP253CAI3, STM32MP253CAK3, STM32MP253CAL3, STM32MP253DAI3, STM32MP253DAK3, STM32MP253DAL3, STM32MP253FAI3, STM32MP253FAK3, STM32MP253FAL3, STM32MP255AAI3, STM32MP255AAK3, STM32MP255AAL3, STM32MP255CAI3, STM32MP255CAK3, STM32MP255CAL3, STM32MP255DAI3, STM32MP255DAK3, STM32MP255DAL3, STM32MP255FAI3, STM32MP255FAK3, STM32MP255FAL3, STM32MP257AAI3, STM32MP257AAK3, STM32MP257AAL3, STM32MP257CAI3, STM32MP257CAK3, STM32MP257CAL3, STM32MP257DAI3, STM32MP257DAK3, STM32MP257DAL3, STM32MP257F-DK, STM32MP257F-EV1, STM32MP257FAI3, STM32MP257FAK3, STM32MP257FAL3, STM32N645A0H3Q, STM32N645B0H3Q, STM32N645I0H3Q, STM32N645L0H3Q, STM32N645X0H3Q, STM32N645Z0H3Q, STM32N647A0H3Q, STM32N647B0H3Q, STM32N647I0H3Q, STM32N647L0H3Q, STM32N647X0H3Q, STM32N647Z0H3Q, STM32N655A0H3Q, STM32N655B0H3Q, STM32N655I0H3Q, STM32N655L0H3Q, STM32N655X0H3Q, STM32N655Z0H3Q, STM32N6570-DK, STM32N657A0H3Q, STM32N657B0H3Q, STM32N657I0H3Q, STM32N657L0H3Q, STM32N657X0H3Q, STM32N657Z0H3Q, STM32U031C6T6, STM32U031C6U6, STM32U031C8T6, STM32U031C8U6, STM32U031F4P6, STM32U031F6P6, STM32U031F8P6, STM32U031G6Y6TR, STM32U031G8Y6TR, STM32U031K4U6, STM32U031K6U6, STM32U031K8U6, STM32U031R6I6, STM32U031R6T6, STM32U031R8I6, STM32U031R8T6, STM32U073C8T6, STM32U073C8U6, STM32U073CBT6, STM32U073CBU6, STM32U073CCT6, STM32U073CCU6, STM32U073H8Y6TR, STM32U073HBY6TR, STM32U073HCY6TR, STM32U073K8U6, STM32U073KBU6, STM32U073KCU6, STM32U073M8I6, STM32U073M8T6, STM32U073MBI6, STM32U073MBT6, STM32U073MCI6, STM32U073MCT6, STM32U073R8I6, STM32U073R8T6, STM32U073RBI6, STM32U073RBT6, STM32U073RCI6, STM32U073RCT6, STM32U083C-DK, STM32U083CCT6, STM32U083CCU6, STM32U083HCY6TR, STM32U083KCU6, STM32U083MCI6, STM32U083MCT6, STM32U083RCI6, STM32U083RCT6, STM32U375CET6, STM32U375CET6Q, STM32U375CEU6, STM32U375CEU6Q, STM32U375CEY6QTR, STM32U375CGT6, STM32U375CGT6Q, STM32U375CGU6, STM32U375CGU6Q, STM32U375CGY6QTR, STM32U375KEU6, STM32U375KGU6, STM32U375REI6, STM32U375REI6Q, STM32U375RET6, STM32U375RET6Q, STM32U375REY6GTR, STM32U375REY6QTR, STM32U375RGI6, STM32U375RGI6Q, STM32U375RGT6, STM32U375RGT6Q, STM32U375RGY6GTR, STM32U375RGY6QTR, STM32U375VEI6, STM32U375VEI6Q, STM32U375VET6, STM32U375VET6Q, STM32U375VGI6, STM32U375VGI6Q, STM32U375VGT6, STM32U375VGT6Q, STM32U385CGT6, STM32U385CGT6Q, STM32U385CGU6, STM32U385CGU6Q, STM32U385CGY6QTR, STM32U385KGU6, STM32U385RGI6, STM32U385RGI6Q, STM32U385RGT6, STM32U385RGT6Q, STM32U385RGY6GTR, STM32U385RGY6QTR, STM32U385VGI6, STM32U385VGI6Q, STM32U385VGT6, STM32U385VGT6Q, STM32U535CBT6, STM32U535CBT6Q, STM32U535CBU6, STM32U535CBU6Q, STM32U535CCT6, STM32U535CCT6Q, STM32U535CCU6, STM32U535CCU6Q, STM32U535CET6, STM32U535CET6Q, STM32U535CEU6, STM32U535CEU6Q, STM32U535JEY6QTR, STM32U535NCY6QTR, STM32U535NEY6QTR, STM32U535RBI6, STM32U535RBI6Q, STM32U535RBT6, STM32U535RBT6Q, STM32U535RCI6, STM32U535RCI6Q, STM32U535RCT6, STM32U535RCT6Q, STM32U535REI6, STM32U535REI6Q, STM32U535RET6, STM32U535RET6Q, STM32U535VCI6, STM32U535VCI6Q, STM32U535VCT6, STM32U535VCT6Q, STM32U535VEI6, STM32U535VEI6Q, STM32U535VET6, STM32U535VET6Q, STM32U545CET6, STM32U545CET6Q, STM32U545CEU6, STM32U545CEU6Q, STM32U545JEY6QTR, STM32U545NEY6QTR, STM32U545REI6, STM32U545REI6Q, STM32U545RET6, STM32U545RET6Q, STM32U545VEI6, STM32U545VEI6Q, STM32U545VET6, STM32U545VET6Q, STM32U595AIH6, STM32U595AIH6Q, STM32U595AJH6, STM32U595AJH6Q, STM32U595QII6, STM32U595QII6Q, STM32U595QJI6, STM32U595QJI6Q, STM32U595RIT6, STM32U595RIT6Q, STM32U595RJT6, STM32U595RJT6Q, STM32U595VIT6, STM32U595VIT6Q, STM32U595VJT6, STM32U595VJT6Q, STM32U595ZIT6, STM32U595ZIT6Q, STM32U595ZIY6QTR, STM32U595ZJT6, STM32U595ZJT6Q, STM32U595ZJY6QTR, STM32U599BJY6QTR, STM32U599NIH6Q, STM32U599NJH6Q, STM32U599VIT6Q, STM32U599VJT6, STM32U599VJT6Q, STM32U599ZIT6Q, STM32U599ZIY6QTR, STM32U599ZJT6Q, STM32U599ZJY6QTR, STM32U5A5AJH6, STM32U5A5AJH6Q, STM32U5A5QII3Q , STM32U5A5QJI6, STM32U5A5QJI6Q, STM32U5A5RJT6, STM32U5A5RJT6Q, STM32U5A5VJT6, STM32U5A5VJT6Q, STM32U5A5ZJT6, STM32U5A5ZJT6Q, STM32U5A5ZJY6QTR, STM32U5A9BJY6QTR, STM32U5A9J-DK, STM32U5A9NJH6Q, STM32U5A9VJT6Q, STM32U5A9ZJT6Q, STM32U5A9ZJY6QTR, STM32U5F7VIT6, STM32U5F7VIT6Q, STM32U5F7VJT6, STM32U5F7VJT6Q, STM32U5F9BJY6QTR, STM32U5F9NJH6Q, STM32U5F9VIT6Q, STM32U5F9VJT6Q, STM32U5F9ZIJ6QTR, STM32U5F9ZIT6Q, STM32U5F9ZJJ6QTR, STM32U5F9ZJT6Q, STM32U5G7VJT6, STM32U5G7VJT6Q, STM32U5G9BJY6QTR, STM32U5G9J-DK1, STM32U5G9J-DK2, STM32U5G9NJH6Q, STM32U5G9VJT6Q, STM32U5G9ZJJ6QTR, STM32U5G9ZJT6Q, STM32WB05KZV6TR, STM32WB05KZV7TR, STM32WB05TZF6TR, STM32WB05TZF7TR, STM32WB06CCF6TR, STM32WB06CCF7TR, STM32WB06CCV6TR, STM32WB06CCV7TR, STM32WB06KCV6TR, STM32WB06KCV7TR, STM32WB07CCF6TR, STM32WB07CCF7TR, STM32WB07CCV6TR, STM32WB07CCV7TR, STM32WB07KCV6TR, STM32WB07KCV7TR, STM32WB09KEV6TR, STM32WB09KEV7TR, STM32WB09TEF6TR, STM32WB09TEF7TR, STM32WB1MMCH6, STM32WBA50KGU6, STM32WBA50KGU6TR, STM32WBA52CEU6, STM32WBA52CEU6TR, STM32WBA52CEU7, STM32WBA52CEU7TR, STM32WBA52CGU6, STM32WBA52CGU6TR, STM32WBA52CGU6U, STM32WBA52CGU7, STM32WBA52CGU7TR, STM32WBA52KEU6, STM32WBA52KEU6TR, STM32WBA52KGU6, STM32WBA52KGU6TR, STM32WBA54CEU6, STM32WBA54CEU6TR, STM32WBA54CEU7, STM32WBA54CEU7TR, STM32WBA54CGU6, STM32WBA54CGU6TR, STM32WBA54CGU7, STM32WBA54CGU7TR, STM32WBA54KEU6, STM32WBA54KEU6TR, STM32WBA54KEU7, STM32WBA54KEU7TR, STM32WBA54KGU6, STM32WBA54KGU6TR, STM32WBA54KGU7, STM32WBA54KGU7TR, STM32WBA55CEU6, STM32WBA55CEU6TR, STM32WBA55CEU7, STM32WBA55CEU7TR, STM32WBA55CGU6, STM32WBA55CGU6TR, STM32WBA55CGU6U, STM32WBA55CGU7, STM32WBA55CGU7TR, STM32WBA55G-DK1, STM32WBA55HEF6, STM32WBA55HEF7, STM32WBA55HGF6, STM32WBA55HGF7, STM32WBA55UEI6, STM32WBA55UEI6TR, STM32WBA55UEI7, STM32WBA55UEI7TR, STM32WBA55UGI6, STM32WBA55UGI6TR, STM32WBA55UGI7, STM32WBA55UGI7TR, STM32WBA5MMGH6TR, STM32WBA62MGF6, STM32WBA62MIF6, STM32WBA65MGF7, STM32WBA65MIF6, STM32WBA65MIF7, STM32WL30K8V6, STM32WL30KBV6, STM32WL31C8V6, STM32WL31CBV6, STM32WL31K8V6, STM32WL31KBV6, STM32WL33C8V6, STM32WL33C8V6X, STM32WL33CBV6, STM32WL33CBV6X, STM32WL33CCV6, STM32WL33CCV6A, STM32WL33CCV6X, STM32WL33K8V7, STM32WL33K8V7X, STM32WL33KBV7 , STM32WL33KBV7X, STM32WL33KCV7, STM32WL33KCV7X, STM32WL5MOCH6, STM32WL5MOCH6TR]
2026-02-10 21:00:27,758 [INFO] ApiDb:668 - CubeFinder database Data Model version=2.1
2026-02-10 21:00:27,758 [INFO] ApiDb:669 - CubeFinder database Configuration version=3.0.39
2026-02-10 21:00:27,758 [INFO] ApiDb:670 - CubeFinder database generation date=2025-12-22 (1766407740)
2026-02-10 21:00:27,758 [INFO] ApiDb:671 - CubeFinder database FW Pack versions=[FP-ATR-ASTRA1_V2.0.0, FP-SNS-FLIGHT1_V5.1.0, FP-SNS-MOTENV1_V5.1.0, FP-SNS-MOTENVWB1_V1.4.0, FP-SNS-SMARTAG2_V1.2.0, FP-SNS-STBOX1_V2.1.0, STM32Cube_FW_C0_V1.4.0, STM32Cube_FW_F4_V1.28.3, STM32Cube_FW_F7_V1.17.4, STM32Cube_FW_G0_V1.6.2, STM32Cube_FW_G4_V1.6.1, STM32Cube_FW_H5_V1.5.1, STM32Cube_FW_H7RS_V1.3.0, STM32Cube_FW_H7_V1.12.1, STM32Cube_FW_L0_V1.12.2, STM32Cube_FW_L4_V1.18.1, STM32Cube_FW_L5_V1.6.0, STM32Cube_FW_N6_V1.3.0, STM32Cube_FW_U0_V1.3.0, STM32Cube_FW_U3_V1.2.1, STM32Cube_FW_U5_V1.8.0, STM32Cube_FW_WB0_V1.4.0, STM32Cube_FW_WBA_V1.8.0, STM32Cube_FW_WB_V1.24.0, STM32Cube_FW_WL3_V1.3.0, STM32Cube_FW_WL_V1.4.0, X-CUBE-ALGOBUILD_V1.4.0, X-CUBE-ALS_V1.0.2, X-CUBE-AZRTOS-F4_V1.1.0, X-CUBE-AZRTOS-F7_V1.1.0, X-CUBE-AZRTOS-G0_V1.1.0, X-CUBE-AZRTOS-G4_V2.0.0, X-CUBE-AZRTOS-H7RS_V1.1.0, X-CUBE-AZRTOS-H7_V3.4.0, X-CUBE-AZRTOS-L4_V2.0.0, X-CUBE-AZRTOS-L5_V2.0.0, X-CUBE-AZRTOS-WB_V2.0.0, X-CUBE-AZRTOS-WL_V2.0.0, X-CUBE-BLE1_V7.1.0, X-CUBE-BLE2_V3.3.0, X-CUBE-BLEMGR_V4.1.0, X-CUBE-EEPRMA1_V5.2.0, X-CUBE-FREERTOS_V1.3.1, X-CUBE-GNSS1_V6.0.0, X-CUBE-MEMS1_V12.0.0, X-CUBE-NFC4_V3.0.0, X-CUBE-NFC7_V2.0.0, X-CUBE-SFXS2LP1_V4.0.0, X-CUBE-ST67W61_V1.1.0, X-CUBE-SUBG2_V5.0.0, X-CUBE-TOF1_V3.4.3]
2026-02-10 21:00:28,263 [ERROR] LogOutputStream:75 - [STDERR_REDIRECT] [Fatal Error] :1:1: Premature end of file.
2026-02-10 21:00:28,263 [ERROR] LogOutputStream:75 - [STDERR_REDIRECT] 
2026-02-10 21:00:29,261 [ERROR] LogOutputStream:75 - [STDERR_REDIRECT] [Fatal Error] :1:1: Premature end of file.
2026-02-10 21:00:29,261 [ERROR] LogOutputStream:75 - [STDERR_REDIRECT] 
2026-02-10 21:00:29,401 [INFO] ApiDb:240 - Found 880 in-development CPN: [B-G473E-ZEST1S, B-WB1M-WPAN1, B-WBA5M-WPAN, B-WL5M-SUBG1, NUCLEO-C031C6, NUCLEO-C051C8, NUCLEO-C071RB, NUCLEO-C092RC, NUCLEO-H503RB, NUCLEO-H533RE, NUCLEO-H563ZI, NUCLEO-H7S3L8, NUCLEO-N657X0-Q, NUCLEO-U031R8, NUCLEO-U083RC, NUCLEO-U385RG-Q, NUCLEO-U545RE-Q, NUCLEO-U5A5ZJ-Q, NUCLEO-WB05KZ, NUCLEO-WB07CC, NUCLEO-WB09KE, NUCLEO-WBA52CG, NUCLEO-WBA55CG, NUCLEO-WL33CC1, NUCLEO-WL33CC2, STEVAL-PROTEUS1, STEVAL-SMARTAG2, STEVAL-STWINBX1, STM320518-EVAL, STM32C0116-DK, STM32C011D6Y3TR, STM32C011D6Y6TR, STM32C011F4P3, STM32C011F4P6, STM32C011F4U3, STM32C011F4U6TR, STM32C011F6P3, STM32C011F6P6, STM32C011F6U3, STM32C011F6U6TR, STM32C011J4M3, STM32C011J4M6, STM32C011J6M3, STM32C011J6M6, STM32C0316-DK, STM32C031C4T3, STM32C031C4T6, STM32C031C4U3, STM32C031C4U6, STM32C031C6T3, STM32C031C6T6, STM32C031C6U3, STM32C031C6U6, STM32C031F4P3, STM32C031F4P6, STM32C031F6P3, STM32C031F6P6, STM32C031G4U3, STM32C031G4U6, STM32C031G6U3, STM32C031G6U6, STM32C031K4T3, STM32C031K4T6, STM32C031K4U3, STM32C031K4U6, STM32C031K6T3, STM32C031K6T6, STM32C031K6U3, STM32C031K6U6, STM32C051C6T6, STM32C051C6U6, STM32C051C8T6, STM32C051C8U6, STM32C051D8Y6TR, STM32C051F6P6, STM32C051F8P6, STM32C051G6U6, STM32C051G8U6, STM32C051K6T6, STM32C051K6U6, STM32C051K8T6, STM32C071C8T6, STM32C071C8T6N, STM32C071C8U6, STM32C071C8U6N, STM32C071CBT6, STM32C071CBT6N, STM32C071CBU6, STM32C071CBU6N, STM32C071F8P6, STM32C071F8P6N, STM32C071FBP6, STM32C071FBP6N, STM32C071FBY6TR, STM32C071G8U6, STM32C071G8U6N, STM32C071GBU6, STM32C071GBU6N, STM32C071K8T6, STM32C071K8T6N, STM32C071K8U6, STM32C071K8U6N, STM32C071KBT6, STM32C071KBT6N, STM32C071KBU6, STM32C071KBU6N, STM32C071R8T6, STM32C071R8T6N, STM32C071RBI6N, STM32C071RBT6, STM32C071RBT6N, STM32C091CBT6, STM32C091CBU6, STM32C091CCT6, STM32C091CCU6, STM32C091ECY6TR, STM32C091FBP6, STM32C091FCP6, STM32C091GBU6, STM32C091GCU6, STM32C091KBT6, STM32C091KBU6, STM32C091KCT6, STM32C091KCU6, STM32C091RBT6, STM32C091RCI6, STM32C091RCT6, STM32C092CBT6, STM32C092CBU6, STM32C092CCT6, STM32C092CCU6, STM32C092ECY6TR, STM32C092FBP6, STM32C092FCP6, STM32C092GBU6, STM32C092GCU6, STM32C092KBT6, STM32C092KBU6, STM32C092KCT6, STM32C092KCU6, STM32C092RBT6, STM32C092RCI6, STM32C092RCT6, STM32G071K8TXN, STM32G071K8UXN, STM32G081GBU6N, STM32G081KBT6N, STM32G081KBUXN, STM32G0B1CCT6N, STM32G0B1KCT6, STM32G0B1NEY6TR, STM32G0B1RCT6N, STM32G0C1CCT6, STM32G0C1CCT6N, STM32G0C1CCU6N, STM32G0C1CET6N, STM32G0C1CEU6N, STM32G0C1KCT6, STM32G0C1NEY6TR, STM32G0C1RCI6N, STM32G0C1RCT6N, STM32G0C1REI6N, STM32G0C1RET6N, STM32G0C1VCI6, STM32G0C1VEI6, STM32G411C6T3, STM32G411C6T6, STM32G411C6U3, STM32G411C6U6, STM32G411C8T3, STM32G411C8T6, STM32G411C8U3, STM32G411C8U6, STM32G411CBT3, STM32G411CBT6, STM32G411CBU3, STM32G411CBU6, STM32G411K6T3, STM32G411K6T6, STM32G411K6U3, STM32G411K6U6, STM32G411K8T3, STM32G411K8T6, STM32G411K8U3, STM32G411K8U6, STM32G411KBT3, STM32G411KBT6, STM32G411KBU3, STM32G411KBU6, STM32G411M6T3, STM32G411M6T6, STM32G411M8T3, STM32G411M8T6, STM32G411MBT3, STM32G411MBT6, STM32G411R6T3, STM32G411R6T6, STM32G411R8T3, STM32G411R8T6, STM32G411RBT3, STM32G411RBT6, STM32G414CBT3, STM32G414CBT6, STM32G414CBU3, STM32G414CBU6, STM32G414CCT3, STM32G414CCT6, STM32G414CCU3, STM32G414CCU6, STM32G414MBT3, STM32G414MBT6, STM32G414MCT3, STM32G414MCT6, STM32G414RBT3, STM32G414RBT6, STM32G414RCT3, STM32G414RCT6, STM32G414VBT3, STM32G414VBT6, STM32G414VCT3, STM32G414VCT6, STM32G431CBT3Z, STM32G431RBT3Z, STM32G471CCT6, STM32G471CCU6, STM32G471CET3, STM32G471CET6, STM32G471CEU3, STM32G471CEU6, STM32G471MCT6, STM32G471MET3, STM32G471MET6, STM32G471MEY6TR, STM32G471QCT6, STM32G471QET3, STM32G471RCT6, STM32G471RET3, STM32G471RET6, STM32G471VCH6, STM32G471VCI6, STM32G471VCT6, STM32G471VEH3, STM32G471VEH6, STM32G471VEI3, STM32G471VEI6, STM32G471VET3, STM32G471VET6, STM32G473QET3Z, STM32G473RET3Z, STM32G474CCT6, STM32G491RET3Z, STM32H503CBT6, STM32H503CBU6, STM32H503EBY6TR, STM32H503KBU6, STM32H503RBT6, STM32H523CCT6, STM32H523CCU6, STM32H523CET6, STM32H523CEU6, STM32H523HEY6TR, STM32H523RCT6, STM32H523RET6, STM32H523VCI6, STM32H523VCT6, STM32H523VEI6, STM32H523VET6, STM32H523ZCJ6, STM32H523ZCT6, STM32H523ZEJ6, STM32H523ZET6, STM32H533CET6, STM32H533CEU6, STM32H533HEY6TR, STM32H533RET6, STM32H533VEI6, STM32H533VET6, STM32H533ZEJ6, STM32H533ZET6, STM32H562AGI6, STM32H562AII6, STM32H562IGK6, STM32H562IGT6, STM32H562IIK6, STM32H562IIT6, STM32H562RGT6, STM32H562RGV6, STM32H562RIT6, STM32H562RIV6, STM32H562VGT6, STM32H562VIT6, STM32H562ZGT6, STM32H562ZIT6, STM32H563AGI6, STM32H563AII3Q, STM32H563AII6, STM32H563IGK6, STM32H563IGT6, STM32H563IIK3Q, STM32H563IIK6, STM32H563IIT3Q, STM32H563IIT6, STM32H563MIY3QTR, STM32H563RGT6, STM32H563RGV6, STM32H563RIT6, STM32H563RIV6, STM32H563VGT6, STM32H563VIT3Q, STM32H563VIT6, STM32H563ZGT6, STM32H563ZIT3Q, STM32H563ZIT6, STM32H573AII3Q, STM32H573AII6, STM32H573I-DK, STM32H573IIK3Q, STM32H573IIK6, STM32H573IIT3Q, STM32H573IIT6, STM32H573MIY3QTR, STM32H573RIT6, STM32H573RIV6, STM32H573VIT3Q, STM32H573VIT6, STM32H573ZIT3Q, STM32H573ZIT6, STM32H7R3A8I6, STM32H7R3I8K6, STM32H7R3I8T6, STM32H7R3L8H6, STM32H7R3L8H6H, STM32H7R3R8V6, STM32H7R3V8H6, STM32H7R3V8T6, STM32H7R3V8Y6TR, STM32H7R3Z8J6, STM32H7R3Z8T6, STM32H7R7A8I6, STM32H7R7I8K6, STM32H7R7I8T6, STM32H7R7L8H6, STM32H7R7L8H6H, STM32H7R7Z8J6, STM32H7S3A8I6, STM32H7S3I8K6, STM32H7S3I8T6, STM32H7S3L8H6, STM32H7S3L8H6H, STM32H7S3R8V6, STM32H7S3V8H6, STM32H7S3V8T6, STM32H7S3V8Y6TR, STM32H7S3Z8J6, STM32H7S3Z8T6, STM32H7S78-DK, STM32H7S7A8I6, STM32H7S7I8K6, STM32H7S7I8T6, STM32H7S7L8H6, STM32H7S7L8H6H, STM32H7S7Z8J6, STM32L4R5QGI6STR, STM32MP131AAE3, STM32MP131AAF3, STM32MP131AAG3, STM32MP131CAE3, STM32MP131CAF3, STM32MP131CAG3, STM32MP131DAE7, STM32MP131DAF7, STM32MP131DAG7, STM32MP131FAE7, STM32MP131FAF7, STM32MP131FAG7, STM32MP133AAE3, STM32MP133AAF3, STM32MP133AAG3, STM32MP133CAE3, STM32MP133CAF3, STM32MP133CAG3, STM32MP133DAE7, STM32MP133DAF7, STM32MP133DAG7, STM32MP133FAE7, STM32MP133FAF7, STM32MP133FAG7, STM32MP135AAE3, STM32MP135AAF3, STM32MP135AAG3, STM32MP135CAE3, STM32MP135CAF3, STM32MP135CAG3, STM32MP135DAE7, STM32MP135DAF7, STM32MP135DAG7, STM32MP135F-DK, STM32MP135FAE7, STM32MP135FAF7, STM32MP135FAF7T, STM32MP135FAF7U, STM32MP135FAG7, STM32MP211AAL3, STM32MP211AAM3, STM32MP211AAN3, STM32MP211AAO3, STM32MP211CAL3, STM32MP211CAM3, STM32MP211CAN3, STM32MP211CAO3, STM32MP211DAL3, STM32MP211DAM3, STM32MP211DAN3, STM32MP211DAO3, STM32MP211FAL3, STM32MP211FAM3, STM32MP211FAN3, STM32MP211FAO3, STM32MP213AAL3, STM32MP213AAM3, STM32MP213AAN3, STM32MP213AAO3, STM32MP213CAL3, STM32MP213CAM3, STM32MP213CAN3, STM32MP213CAO3, STM32MP213DAL3, STM32MP213DAM3, STM32MP213DAN3, STM32MP213DAO3, STM32MP213FAL3, STM32MP213FAM3, STM32MP213FAN3, STM32MP213FAO3, STM32MP215AAL3, STM32MP215AAM3, STM32MP215AAN3, STM32MP215AAO3, STM32MP215CAL3, STM32MP215CAM3, STM32MP215CAN3, STM32MP215CAO3, STM32MP215DAL3, STM32MP215DAM3, STM32MP215DAN3, STM32MP215DAO3, STM32MP215F-DK, STM32MP215FAL3, STM32MP215FAM3, STM32MP215FAN3, STM32MP215FAO3, STM32MP231AAJ3, STM32MP231AAK3, STM32MP231AAL3, STM32MP231CAJ3, STM32MP231CAK3, STM32MP231CAL3, STM32MP231DAJ3, STM32MP231DAK3, STM32MP231DAL3, STM32MP231FAJ3, STM32MP231FAK3, STM32MP231FAL3, STM32MP233AAJ3, STM32MP233AAK3, STM32MP233AAL3, STM32MP233CAJ3, STM32MP233CAK3, STM32MP233CAL3, STM32MP233DAJ3, STM32MP233DAK3, STM32MP233DAL3, STM32MP233FAJ3, STM32MP233FAK3, STM32MP233FAL3, STM32MP235AAJ3, STM32MP235AAK3, STM32MP235AAL3, STM32MP235CAJ3, STM32MP235CAK3, STM32MP235CAL3, STM32MP235DAJ3, STM32MP235DAK3, STM32MP235DAL3, STM32MP235FAJ3, STM32MP235FAK3, STM32MP235FAL3, STM32MP251AAI3, STM32MP251AAK3, STM32MP251AAL3, STM32MP251CAI3, STM32MP251CAK3, STM32MP251CAL3, STM32MP251DAI3, STM32MP251DAK3, STM32MP251DAL3, STM32MP251FAI3, STM32MP251FAK3, STM32MP251FAL3, STM32MP253AAI3, STM32MP253AAK3, STM32MP253AAL3, STM32MP253CAI3, STM32MP253CAK3, STM32MP253CAL3, STM32MP253DAI3, STM32MP253DAK3, STM32MP253DAL3, STM32MP253FAI3, STM32MP253FAK3, STM32MP253FAL3, STM32MP255AAI3, STM32MP255AAK3, STM32MP255AAL3, STM32MP255CAI3, STM32MP255CAK3, STM32MP255CAL3, STM32MP255DAI3, STM32MP255DAK3, STM32MP255DAL3, STM32MP255FAI3, STM32MP255FAK3, STM32MP255FAL3, STM32MP257AAI3, STM32MP257AAK3, STM32MP257AAL3, STM32MP257CAI3, STM32MP257CAK3, STM32MP257CAL3, STM32MP257DAI3, STM32MP257DAK3, STM32MP257DAL3, STM32MP257F-DK, STM32MP257F-EV1, STM32MP257FAI3, STM32MP257FAK3, STM32MP257FAL3, STM32N645A0H3Q, STM32N645B0H3Q, STM32N645I0H3Q, STM32N645L0H3Q, STM32N645X0H3Q, STM32N645Z0H3Q, STM32N647A0H3Q, STM32N647B0H3Q, STM32N647I0H3Q, STM32N647L0H3Q, STM32N647X0H3Q, STM32N647Z0H3Q, STM32N655A0H3Q, STM32N655B0H3Q, STM32N655I0H3Q, STM32N655L0H3Q, STM32N655X0H3Q, STM32N655Z0H3Q, STM32N6570-DK, STM32N657A0H3Q, STM32N657B0H3Q, STM32N657I0H3Q, STM32N657L0H3Q, STM32N657X0H3Q, STM32N657Z0H3Q, STM32U031C6T6, STM32U031C6U6, STM32U031C8T6, STM32U031C8U6, STM32U031F4P6, STM32U031F6P6, STM32U031F8P6, STM32U031G6Y6TR, STM32U031G8Y6TR, STM32U031K4U6, STM32U031K6U6, STM32U031K8U6, STM32U031R6I6, STM32U031R6T6, STM32U031R8I6, STM32U031R8T6, STM32U073C8T6, STM32U073C8U6, STM32U073CBT6, STM32U073CBU6, STM32U073CCT6, STM32U073CCU6, STM32U073H8Y6TR, STM32U073HBY6TR, STM32U073HCY6TR, STM32U073K8U6, STM32U073KBU6, STM32U073KCU6, STM32U073M8I6, STM32U073M8T6, STM32U073MBI6, STM32U073MBT6, STM32U073MCI6, STM32U073MCT6, STM32U073R8I6, STM32U073R8T6, STM32U073RBI6, STM32U073RBT6, STM32U073RCI6, STM32U073RCT6, STM32U083C-DK, STM32U083CCT6, STM32U083CCU6, STM32U083HCY6TR, STM32U083KCU6, STM32U083MCI6, STM32U083MCT6, STM32U083RCI6, STM32U083RCT6, STM32U375CET6, STM32U375CET6Q, STM32U375CEU6, STM32U375CEU6Q, STM32U375CEY6QTR, STM32U375CGT6, STM32U375CGT6Q, STM32U375CGU6, STM32U375CGU6Q, STM32U375CGY6QTR, STM32U375KEU6, STM32U375KGU6, STM32U375REI6, STM32U375REI6Q, STM32U375RET6, STM32U375RET6Q, STM32U375REY6GTR, STM32U375REY6QTR, STM32U375RGI6, STM32U375RGI6Q, STM32U375RGT6, STM32U375RGT6Q, STM32U375RGY6GTR, STM32U375RGY6QTR, STM32U375VEI6, STM32U375VEI6Q, STM32U375VET6, STM32U375VET6Q, STM32U375VGI6, STM32U375VGI6Q, STM32U375VGT6, STM32U375VGT6Q, STM32U385CGT6, STM32U385CGT6Q, STM32U385CGU6, STM32U385CGU6Q, STM32U385CGY6QTR, STM32U385KGU6, STM32U385RGI6, STM32U385RGI6Q, STM32U385RGT6, STM32U385RGT6Q, STM32U385RGY6GTR, STM32U385RGY6QTR, STM32U385VGI6, STM32U385VGI6Q, STM32U385VGT6, STM32U385VGT6Q, STM32U535CBT6, STM32U535CBT6Q, STM32U535CBU6, STM32U535CBU6Q, STM32U535CCT6, STM32U535CCT6Q, STM32U535CCU6, STM32U535CCU6Q, STM32U535CET6, STM32U535CET6Q, STM32U535CEU6, STM32U535CEU6Q, STM32U535JEY6QTR, STM32U535NCY6QTR, STM32U535NEY6QTR, STM32U535RBI6, STM32U535RBI6Q, STM32U535RBT6, STM32U535RBT6Q, STM32U535RCI6, STM32U535RCI6Q, STM32U535RCT6, STM32U535RCT6Q, STM32U535REI6, STM32U535REI6Q, STM32U535RET6, STM32U535RET6Q, STM32U535VCI6, STM32U535VCI6Q, STM32U535VCT6, STM32U535VCT6Q, STM32U535VEI6, STM32U535VEI6Q, STM32U535VET6, STM32U535VET6Q, STM32U545CET6, STM32U545CET6Q, STM32U545CEU6, STM32U545CEU6Q, STM32U545JEY6QTR, STM32U545NEY6QTR, STM32U545REI6, STM32U545REI6Q, STM32U545RET6, STM32U545RET6Q, STM32U545VEI6, STM32U545VEI6Q, STM32U545VET6, STM32U545VET6Q, STM32U595AIH6, STM32U595AIH6Q, STM32U595AJH6, STM32U595AJH6Q, STM32U595QII6, STM32U595QII6Q, STM32U595QJI6, STM32U595QJI6Q, STM32U595RIT6, STM32U595RIT6Q, STM32U595RJT6, STM32U595RJT6Q, STM32U595VIT6, STM32U595VIT6Q, STM32U595VJT6, STM32U595VJT6Q, STM32U595ZIT6, STM32U595ZIT6Q, STM32U595ZIY6QTR, STM32U595ZJT6, STM32U595ZJT6Q, STM32U595ZJY6QTR, STM32U599BJY6QTR, STM32U599NIH6Q, STM32U599NJH6Q, STM32U599VIT6Q, STM32U599VJT6, STM32U599VJT6Q, STM32U599ZIT6Q, STM32U599ZIY6QTR, STM32U599ZJT6Q, STM32U599ZJY6QTR, STM32U5A5AJH6, STM32U5A5AJH6Q, STM32U5A5QII3Q , STM32U5A5QJI6, STM32U5A5QJI6Q, STM32U5A5RJT6, STM32U5A5RJT6Q, STM32U5A5VJT6, STM32U5A5VJT6Q, STM32U5A5ZJT6, STM32U5A5ZJT6Q, STM32U5A5ZJY6QTR, STM32U5A9BJY6QTR, STM32U5A9J-DK, STM32U5A9NJH6Q, STM32U5A9VJT6Q, STM32U5A9ZJT6Q, STM32U5A9ZJY6QTR, STM32U5F7VIT6, STM32U5F7VIT6Q, STM32U5F7VJT6, STM32U5F7VJT6Q, STM32U5F9BJY6QTR, STM32U5F9NJH6Q, STM32U5F9VIT6Q, STM32U5F9VJT6Q, STM32U5F9ZIJ6QTR, STM32U5F9ZIT6Q, STM32U5F9ZJJ6QTR, STM32U5F9ZJT6Q, STM32U5G7VJT6, STM32U5G7VJT6Q, STM32U5G9BJY6QTR, STM32U5G9J-DK1, STM32U5G9J-DK2, STM32U5G9NJH6Q, STM32U5G9VJT6Q, STM32U5G9ZJJ6QTR, STM32U5G9ZJT6Q, STM32WB05KZV6TR, STM32WB05KZV7TR, STM32WB05TZF6TR, STM32WB05TZF7TR, STM32WB06CCF6TR, STM32WB06CCF7TR, STM32WB06CCV6TR, STM32WB06CCV7TR, STM32WB06KCV6TR, STM32WB06KCV7TR, STM32WB07CCF6TR, STM32WB07CCF7TR, STM32WB07CCV6TR, STM32WB07CCV7TR, STM32WB07KCV6TR, STM32WB07KCV7TR, STM32WB09KEV6TR, STM32WB09KEV7TR, STM32WB09TEF6TR, STM32WB09TEF7TR, STM32WB1MMCH6, STM32WBA50KGU6, STM32WBA50KGU6TR, STM32WBA52CEU6, STM32WBA52CEU6TR, STM32WBA52CEU7, STM32WBA52CEU7TR, STM32WBA52CGU6, STM32WBA52CGU6TR, STM32WBA52CGU6U, STM32WBA52CGU7, STM32WBA52CGU7TR, STM32WBA52KEU6, STM32WBA52KEU6TR, STM32WBA52KGU6, STM32WBA52KGU6TR, STM32WBA54CEU6, STM32WBA54CEU6TR, STM32WBA54CEU7, STM32WBA54CEU7TR, STM32WBA54CGU6, STM32WBA54CGU6TR, STM32WBA54CGU7, STM32WBA54CGU7TR, STM32WBA54KEU6, STM32WBA54KEU6TR, STM32WBA54KEU7, STM32WBA54KEU7TR, STM32WBA54KGU6, STM32WBA54KGU6TR, STM32WBA54KGU7, STM32WBA54KGU7TR, STM32WBA55CEU6, STM32WBA55CEU6TR, STM32WBA55CEU7, STM32WBA55CEU7TR, STM32WBA55CGU6, STM32WBA55CGU6TR, STM32WBA55CGU6U, STM32WBA55CGU7, STM32WBA55CGU7TR, STM32WBA55G-DK1, STM32WBA55HEF6, STM32WBA55HEF7, STM32WBA55HGF6, STM32WBA55HGF7, STM32WBA55UEI6, STM32WBA55UEI6TR, STM32WBA55UEI7, STM32WBA55UEI7TR, STM32WBA55UGI6, STM32WBA55UGI6TR, STM32WBA55UGI7, STM32WBA55UGI7TR, STM32WBA5MMGH6TR, STM32WBA62MGF6, STM32WBA62MIF6, STM32WBA65MGF7, STM32WBA65MIF6, STM32WBA65MIF7, STM32WL30K8V6, STM32WL30KBV6, STM32WL31C8V6, STM32WL31CBV6, STM32WL31K8V6, STM32WL31KBV6, STM32WL33C8V6, STM32WL33C8V6X, STM32WL33CBV6, STM32WL33CBV6X, STM32WL33CCV6, STM32WL33CCV6A, STM32WL33CCV6X, STM32WL33K8V7, STM32WL33K8V7X, STM32WL33KBV7 , STM32WL33KBV7X, STM32WL33KCV7, STM32WL33KCV7X, STM32WL5MOCH6, STM32WL5MOCH6TR]
2026-02-10 21:00:29,405 [INFO] DbMcus:218 - Found 4876 MCUs, 4876 are supported
2026-02-10 21:00:29,406 [INFO] ApiDb:423 - Load user favorites file C:\Users\Song/.stm32cubeide/favorites.mcus.txt: 1 item(s)
2026-02-10 21:00:29,406 [INFO] ApiDb:427 - User favorites MCUs=[STM32F103C8T6]
2026-02-10 21:00:29,406 [INFO] DbMcus:224 - Set 1 / 1 favorites MCUs
2026-02-10 21:00:29,771 [INFO] BoardInfo:889 - No configuration file found for board P-NUCLEO-WB55
2026-02-10 21:00:29,772 [INFO] DbBoards:161 - Kit is not supported: P-NUCLEO-WB55
2026-02-10 21:00:29,777 [INFO] BoardInfo:889 - No configuration file found for board STEVAL-BFA001V1B
2026-02-10 21:00:29,777 [INFO] DbBoards:161 - Kit is not supported: STEVAL-BFA001V1B
2026-02-10 21:00:29,778 [INFO] BoardInfo:889 - No configuration file found for board STEVAL-BFA001V2B
2026-02-10 21:00:29,779 [INFO] DbBoards:161 - Kit is not supported: STEVAL-BFA001V2B
2026-02-10 21:00:29,914 [INFO] DbBoards:168 - Found 212 boards, 209 are supported
2026-02-10 21:00:29,914 [INFO] DbBoards:169 - Found 212 boards, 43 of them is supported for  Bsp
2026-02-10 21:00:29,917 [INFO] ApiDb:423 - Load user favorites file C:\Users\Song/.stm32cubeide/favorites.boards.txt: 0 item(s)
2026-02-10 21:00:29,917 [INFO] ApiDb:427 - User favorites Boards=[]
2026-02-10 21:00:29,917 [INFO] DbBoards:198 - Set 0 / 0 favorites Boards
2026-02-10 21:00:29,959 [INFO] UtilMem:75 - End LoadConfig() Used Memory: 336588960 Bytes (478150656)
2026-02-10 21:00:30,085 [WARN] ThirdParty:833 - waiting for thirdparty lock release [change project]
2026-02-10 21:00:30,087 [INFO] ThirdParty:835 - entering critical section [change project]
2026-02-10 21:00:30,087 [INFO] ThirdParty:1030 - CMSIS Pack Vendor :STMicroelectronics X-CUBE-PM33A1 1.0.0
2026-02-10 21:00:30,087 [INFO] ThirdParty:1030 - CMSIS Pack Vendor :STMicroelectronics USBPD 4.1
2026-02-10 21:00:30,087 [INFO] ThirdParty:1030 - CMSIS Pack Vendor :STMicroelectronics X-CUBE-NFC9 1.0.0
2026-02-10 21:00:30,087 [INFO] ThirdParty:1030 - CMSIS Pack Vendor :STMicroelectronics USB_HOST 2.0.0
2026-02-10 21:00:30,087 [INFO] ThirdParty:1030 - CMSIS Pack Vendor :STMicroelectronics FP-SNS-MOTENVWB1 1.4.0
2026-02-10 21:00:30,087 [INFO] ThirdParty:1030 - CMSIS Pack Vendor :STMicroelectronics X-CUBE-AZRTOS-F4 1.1.0
2026-02-10 21:00:30,087 [INFO] ThirdParty:1030 - CMSIS Pack Vendor :STMicroelectronics LIBJPEG 8.0.0
2026-02-10 21:00:30,087 [INFO] ThirdParty:1030 - CMSIS Pack Vendor :STMicroelectronics FP-ATR-ASTRA1 2.0.2
2026-02-10 21:00:30,087 [INFO] ThirdParty:1030 - CMSIS Pack Vendor :STMicroelectronics X-CUBE-BLE1 7.1.0
2026-02-10 21:00:30,087 [INFO] ThirdParty:1030 - CMSIS Pack Vendor :STMicroelectronics X-CUBE-SMBUS 2.1.0
2026-02-10 21:00:30,087 [INFO] ThirdParty:1030 - CMSIS Pack Vendor :STMicroelectronics USB_DEVICE 3.0.0
2026-02-10 21:00:30,087 [INFO] ThirdParty:1030 - CMSIS Pack Vendor :STMicroelectronics X-CUBE-ISPU 2.1.0
2026-02-10 21:00:30,087 [INFO] ThirdParty:1030 - CMSIS Pack Vendor :STMicroelectronics X-CUBE-FREERTOS 1.4.0
2026-02-10 21:00:30,087 [INFO] ThirdParty:1030 - CMSIS Pack Vendor :STMicroelectronics X-CUBE-AZRTOS-WB 2.0.0
2026-02-10 21:00:30,087 [INFO] ThirdParty:1030 - CMSIS Pack Vendor :Cesanta I-CUBE-Mongoose 7.20.0
2026-02-10 21:00:30,087 [INFO] ThirdParty:1030 - CMSIS Pack Vendor :STMicroelectronics X-CUBE-AZRTOS-F7 1.1.0
2026-02-10 21:00:30,087 [INFO] ThirdParty:1030 - CMSIS Pack Vendor :STMicroelectronics X-CUBE-AZRTOS-L5 2.0.0
2026-02-10 21:00:30,087 [INFO] ThirdParty:1030 - CMSIS Pack Vendor :STMicroelectronics USB_DEVICE 2.0.0
2026-02-10 21:00:30,087 [INFO] ThirdParty:1030 - CMSIS Pack Vendor :STMicroelectronics X-CUBE-NFC6 3.1.0
2026-02-10 21:00:30,087 [INFO] ThirdParty:1030 - CMSIS Pack Vendor :quantropi X-CUBE-qispace-sdk-base 2.1.0
2026-02-10 21:00:30,087 [INFO] ThirdParty:1030 - CMSIS Pack Vendor :STMicroelectronics X-CUBE-MEMS1 12.0.0
2026-02-10 21:00:30,087 [INFO] ThirdParty:1030 - CMSIS Pack Vendor :STMicroelectronics X-CUBE-STSE01 2.0.0
2026-02-10 21:00:30,087 [INFO] ThirdParty:1030 - CMSIS Pack Vendor :STMicroelectronics FreeRTOS 0.0.1
2026-02-10 21:00:30,087 [INFO] ThirdParty:1030 - CMSIS Pack Vendor :STMicroelectronics X-CUBE-AZRTOS-G0 1.1.0
2026-02-10 21:00:30,087 [INFO] ThirdParty:1030 - CMSIS Pack Vendor :STMicroelectronics X-CUBE-SAFEA1 1.2.2
2026-02-10 21:00:30,087 [INFO] ThirdParty:1030 - CMSIS Pack Vendor :STMicroelectronics X-CUBE-NFC4 3.0.0
2026-02-10 21:00:30,087 [INFO] ThirdParty:1030 - CMSIS Pack Vendor :STMicroelectronics X-CUBE-SUBG2 5.0.0
2026-02-10 21:00:30,087 [INFO] ThirdParty:1030 - CMSIS Pack Vendor :STMicroelectronics X-CUBE-AZRTOS-H7RS 1.1.0
2026-02-10 21:00:30,087 [INFO] ThirdParty:1030 - CMSIS Pack Vendor :STMicroelectronics STM32_WPAN 1.0.0
2026-02-10 21:00:30,087 [INFO] ThirdParty:1030 - CMSIS Pack Vendor :EmbeddedOffice I-CUBE-FS-RTOS 1.0.1
2026-02-10 21:00:30,087 [INFO] ThirdParty:1030 - CMSIS Pack Vendor :STMicroelectronics lwIP 2.0.3
2026-02-10 21:00:30,087 [INFO] ThirdParty:1030 - CMSIS Pack Vendor :STMicroelectronics USB_HOST 1.0.0
2026-02-10 21:00:30,087 [INFO] ThirdParty:1030 - CMSIS Pack Vendor :STMicroelectronics X-CUBE-AZRTOS-G4 2.0.0
2026-02-10 21:00:30,087 [INFO] ThirdParty:1030 - CMSIS Pack Vendor :STMicroelectronics X-CUBE-WB05N 2.0.0
2026-02-10 21:00:30,087 [INFO] ThirdParty:1030 - CMSIS Pack Vendor :STMicroelectronics PDM2PCM 3.1.0
2026-02-10 21:00:30,087 [INFO] ThirdParty:1030 - CMSIS Pack Vendor :STMicroelectronics PDM2PCM 3.3.0
2026-02-10 21:00:30,087 [INFO] ThirdParty:1030 - CMSIS Pack Vendor :STMicroelectronics X-CUBE-DISPLAY 3.0.0
2026-02-10 21:00:30,087 [INFO] ThirdParty:1030 - CMSIS Pack Vendor :STMicroelectronics X-CUBE-NFC7 2.0.0
2026-02-10 21:00:30,087 [INFO] ThirdParty:1030 - CMSIS Pack Vendor :STMicroelectronics X-CUBE-TCPP 4.2.0
2026-02-10 21:00:30,087 [INFO] ThirdParty:1030 - CMSIS Pack Vendor :RealThread X-CUBE-RT-Thread_Nano 4.1.1
2026-02-10 21:00:30,087 [INFO] ThirdParty:1030 - CMSIS Pack Vendor :STMicroelectronics FP-ATR-SIGFOX1 3.2.0
2026-02-10 21:00:30,087 [INFO] ThirdParty:1030 - CMSIS Pack Vendor :STMicroelectronics X-CUBE-NFC10 1.0.0
2026-02-10 21:00:30,087 [INFO] ThirdParty:1030 - CMSIS Pack Vendor :STMicroelectronics X-CUBE-FREERTOS 1.3.1
2026-02-10 21:00:30,087 [INFO] ThirdParty:1030 - CMSIS Pack Vendor :STMicroelectronics HAL Drivers 0.0.0
2026-02-10 21:00:30,087 [INFO] ThirdParty:1030 - CMSIS Pack Vendor :STMicroelectronics MBEDTLS 2.16.2
2026-02-10 21:00:30,087 [INFO] ThirdParty:1030 - CMSIS Pack Vendor :STMicroelectronics X-CUBE-ALS 1.0.2
2026-02-10 21:00:30,087 [INFO] ThirdParty:1030 - CMSIS Pack Vendor :STMicroelectronics MBEDTLS 2.14.1
2026-02-10 21:00:30,087 [INFO] ThirdParty:1030 - CMSIS Pack Vendor :STMicroelectronics X-CUBE-STSE01 1.0.0
2026-02-10 21:00:30,087 [INFO] ThirdParty:1030 - CMSIS Pack Vendor :STMicroelectronics X-CUBE-NFC6 3.2.0
2026-02-10 21:00:30,087 [INFO] ThirdParty:1030 - CMSIS Pack Vendor :STMicroelectronics ThreadX 1.0.0
2026-02-10 21:00:30,087 [INFO] ThirdParty:1030 - CMSIS Pack Vendor :STMicroelectronics FP-SNS-SMARTAG2 1.2.0
2026-02-10 21:00:30,087 [INFO] ThirdParty:1030 - CMSIS Pack Vendor :STMicroelectronics FP-SNS-FLIGHT1 5.1.0
2026-02-10 21:00:30,087 [INFO] ThirdParty:1030 - CMSIS Pack Vendor :STMicroelectronics X-CUBE-AZRTOS-WL 2.0.0
2026-02-10 21:00:30,087 [INFO] ThirdParty:1030 - CMSIS Pack Vendor :SEGGER I-CUBE-embOS 1.3.1
2026-02-10 21:00:30,087 [INFO] ThirdParty:1030 - CMSIS Pack Vendor :STMicroelectronics X-CUBE-ALGOBUILD 1.4.0
2026-02-10 21:00:30,087 [INFO] ThirdParty:1030 - CMSIS Pack Vendor :STMicroelectronics X-CUBE-DPower 1.3.0
2026-02-10 21:00:30,087 [INFO] ThirdParty:1030 - CMSIS Pack Vendor :STMicroelectronics X-CUBE-MEMS1 11.3.0
2026-02-10 21:00:30,087 [INFO] ThirdParty:1030 - CMSIS Pack Vendor :STMicroelectronics USB_DEVICE 1.0.0
2026-02-10 21:00:30,087 [INFO] ThirdParty:1030 - CMSIS Pack Vendor :STMicroelectronics X-CUBE-AZRTOS-H7RS 1.2.0
2026-02-10 21:00:30,087 [INFO] ThirdParty:1030 - CMSIS Pack Vendor :STMicroelectronics X-CUBE-AZRTOS-L4 2.0.0
2026-02-10 21:00:30,087 [INFO] ThirdParty:1030 - CMSIS Pack Vendor :STMicroelectronics ThreadX 0.0.2
2026-02-10 21:00:30,087 [INFO] ThirdParty:1030 - CMSIS Pack Vendor :STMicroelectronics lwIP 2.1.2
2026-02-10 21:00:30,087 [INFO] ThirdParty:1030 - CMSIS Pack Vendor :STMicroelectronics X-CUBE-SFXS2LP1 4.0.0
2026-02-10 21:00:30,087 [INFO] ThirdParty:1030 - CMSIS Pack Vendor :STMicroelectronics X-CUBE-BLE2 3.3.0
2026-02-10 21:00:30,088 [INFO] ThirdParty:1030 - CMSIS Pack Vendor :Avnet-IOTCONNECT X-CUBE-iotc-st67-sdk 1.0.0
2026-02-10 21:00:30,088 [INFO] ThirdParty:1030 - CMSIS Pack Vendor :STMicroelectronics X-CUBE-TOF1 3.4.3
2026-02-10 21:00:30,088 [INFO] ThirdParty:1030 - CMSIS Pack Vendor :Infineon AIROC-Wi-Fi-Bluetooth-STM32 1.8.0
2026-02-10 21:00:30,088 [INFO] ThirdParty:1030 - CMSIS Pack Vendor :STMicroelectronics PDM2PCM 3.2.0
2026-02-10 21:00:30,088 [INFO] ThirdParty:1030 - CMSIS Pack Vendor :STMicroelectronics X-CUBE-ST67W61 1.2.0
2026-02-10 21:00:30,088 [INFO] ThirdParty:841 - exiting critical section [change project]
2026-02-10 21:00:30,263 [ERROR] LogOutputStream:75 - [STDERR_REDIRECT] [Fatal Error] :1:1: Premature end of file.
2026-02-10 21:00:30,264 [ERROR] LogOutputStream:75 - [STDERR_REDIRECT] 
2026-02-10 21:00:30,303 [INFO] PinOutPanel:1589 - setPackage(No Configuration,No Configuration)
2026-02-10 21:00:30,304 [INFO] PinOutPanel:1589 - setPackage(STM32F103C8Tx,LQFP48)
2026-02-10 21:00:30,834 [INFO] UtilMem:75 - Before build in PCC Used Memory: 257977456 Bytes (478150656)
2026-02-10 21:00:31,265 [ERROR] LogOutputStream:75 - [STDERR_REDIRECT] [Fatal Error] :1:1: Premature end of file.
2026-02-10 21:00:31,266 [ERROR] LogOutputStream:75 - [STDERR_REDIRECT] 
2026-02-10 21:00:32,029 [INFO] UtilMem:75 - After build in PCC Used Memory: 314074224 Bytes (478150656)
2026-02-10 21:00:32,057 [INFO] IPUIPlugin:80 - create IPUIPlugin
2026-02-10 21:00:32,057 [INFO] IPUIPlugin:80 - create IPUIPlugin
2026-02-10 21:00:32,057 [INFO] IPUIPlugin:80 - create IPUIPlugin
2026-02-10 21:00:32,057 [INFO] IPUIPlugin:80 - create IPUIPlugin
2026-02-10 21:00:32,057 [INFO] IPUIPlugin:80 - create IPUIPlugin
2026-02-10 21:00:32,057 [INFO] IPUIPlugin:80 - create IPUIPlugin
2026-02-10 21:00:32,057 [INFO] IPUIPlugin:80 - create IPUIPlugin
2026-02-10 21:00:32,057 [INFO] IPUIPlugin:80 - create IPUIPlugin
2026-02-10 21:00:32,057 [INFO] IPUIPlugin:80 - create IPUIPlugin
2026-02-10 21:00:32,058 [INFO] IPUIPlugin:80 - create IPUIPlugin
2026-02-10 21:00:32,058 [INFO] IPUIPlugin:80 - create IPUIPlugin
2026-02-10 21:00:32,058 [INFO] IPUIPlugin:80 - create IPUIPlugin
2026-02-10 21:00:32,058 [INFO] IPUIPlugin:80 - create IPUIPlugin
2026-02-10 21:00:32,058 [INFO] IPUIPlugin:80 - create IPUIPlugin
2026-02-10 21:00:32,058 [INFO] IPUIPlugin:80 - create IPUIPlugin
2026-02-10 21:00:32,058 [INFO] IPUIPlugin:80 - create IPUIPlugin
2026-02-10 21:00:32,058 [INFO] IPUIPlugin:80 - create IPUIPlugin
2026-02-10 21:00:32,058 [INFO] IPUIPlugin:80 - create IPUIPlugin
2026-02-10 21:00:32,058 [INFO] IPUIPlugin:80 - create IPUIPlugin
2026-02-10 21:00:32,058 [INFO] IPUIPlugin:80 - create IPUIPlugin
2026-02-10 21:00:32,058 [INFO] IPUIPlugin:80 - create IPUIPlugin
2026-02-10 21:00:32,058 [INFO] IPUIPlugin:80 - create IPUIPlugin
2026-02-10 21:00:32,058 [INFO] IPUIPlugin:80 - create IPUIPlugin
2026-02-10 21:00:32,058 [INFO] IPUIPlugin:80 - create IPUIPlugin
2026-02-10 21:00:32,058 [INFO] IPUIPlugin:80 - create IPUIPlugin
2026-02-10 21:00:32,058 [INFO] IPUIPlugin:80 - create IPUIPlugin
2026-02-10 21:00:32,060 [INFO] IPUIPlugin:80 - create IPUIPlugin
2026-02-10 21:00:32,261 [ERROR] LogOutputStream:75 - [STDERR_REDIRECT] [Fatal Error] :1:1: Premature end of file.
2026-02-10 21:00:32,262 [ERROR] LogOutputStream:75 - [STDERR_REDIRECT] 
2026-02-10 21:00:32,316 [INFO] CADModel:165 - CPN selected for project levelSTM32F103C8T6
2026-02-10 21:00:32,316 [INFO] CADModel:114 - Register for checkConnection events
2026-02-10 21:00:32,385 [INFO] OpenFileManager:386 - Restore cursor
2026-02-10 21:00:33,266 [ERROR] LogOutputStream:75 - [STDERR_REDIRECT] [Fatal Error] :1:1: Premature end of file.
2026-02-10 21:00:33,266 [ERROR] LogOutputStream:75 - [STDERR_REDIRECT] 
2026-02-10 21:00:34,261 [ERROR] LogOutputStream:75 - [STDERR_REDIRECT] [Fatal Error] :1:1: Premature end of file.
2026-02-10 21:00:34,261 [ERROR] LogOutputStream:75 - [STDERR_REDIRECT] 
2026-02-10 21:00:35,261 [ERROR] LogOutputStream:75 - [STDERR_REDIRECT] [Fatal Error] :1:1: Premature end of file.
2026-02-10 21:00:35,261 [ERROR] LogOutputStream:75 - [STDERR_REDIRECT] 
2026-02-10 21:00:36,263 [ERROR] LogOutputStream:75 - [STDERR_REDIRECT] [Fatal Error] :1:1: Premature end of file.
2026-02-10 21:00:36,265 [ERROR] LogOutputStream:75 - [STDERR_REDIRECT] 
2026-02-10 21:00:37,258 [ERROR] LogOutputStream:75 - [STDERR_REDIRECT] [Fatal Error] :1:1: Premature end of file.
2026-02-10 21:00:37,259 [ERROR] LogOutputStream:75 - [STDERR_REDIRECT] 
2026-02-10 21:00:38,261 [ERROR] LogOutputStream:75 - [STDERR_REDIRECT] [Fatal Error] :1:1: Premature end of file.
2026-02-10 21:00:38,262 [ERROR] LogOutputStream:75 - [STDERR_REDIRECT] 
2026-02-10 21:00:39,262 [ERROR] LogOutputStream:75 - [STDERR_REDIRECT] [Fatal Error] :1:1: Premature end of file.
2026-02-10 21:00:39,262 [ERROR] LogOutputStream:75 - [STDERR_REDIRECT] 
2026-02-10 21:00:40,261 [ERROR] LogOutputStream:75 - [STDERR_REDIRECT] [Fatal Error] :1:1: Premature end of file.
2026-02-10 21:00:40,262 [ERROR] LogOutputStream:75 - [STDERR_REDIRECT] 
2026-02-10 21:00:41,264 [ERROR] LogOutputStream:75 - [STDERR_REDIRECT] [Fatal Error] :1:1: Premature end of file.
2026-02-10 21:00:41,264 [ERROR] LogOutputStream:75 - [STDERR_REDIRECT] 
2026-02-10 21:00:42,263 [ERROR] LogOutputStream:75 - [STDERR_REDIRECT] [Fatal Error] :1:1: Premature end of file.
2026-02-10 21:00:42,263 [ERROR] LogOutputStream:75 - [STDERR_REDIRECT] 
2026-02-10 21:00:43,264 [ERROR] LogOutputStream:75 - [STDERR_REDIRECT] [Fatal Error] :1:1: Premature end of file.
2026-02-10 21:00:43,264 [ERROR] LogOutputStream:75 - [STDERR_REDIRECT] 
2026-02-10 21:00:44,263 [ERROR] LogOutputStream:75 - [STDERR_REDIRECT] [Fatal Error] :1:1: Premature end of file.
2026-02-10 21:00:44,263 [ERROR] LogOutputStream:75 - [STDERR_REDIRECT] 
2026-02-10 21:00:45,262 [ERROR] LogOutputStream:75 - [STDERR_REDIRECT] [Fatal Error] :1:1: Premature end of file.
2026-02-10 21:00:45,262 [ERROR] LogOutputStream:75 - [STDERR_REDIRECT] 
2026-02-10 21:00:46,262 [ERROR] LogOutputStream:75 - [STDERR_REDIRECT] [Fatal Error] :1:1: Premature end of file.
2026-02-10 21:00:46,262 [ERROR] LogOutputStream:75 - [STDERR_REDIRECT] 
2026-02-10 21:00:47,262 [ERROR] LogOutputStream:75 - [STDERR_REDIRECT] [Fatal Error] :1:1: Premature end of file.
2026-02-10 21:00:47,262 [ERROR] LogOutputStream:75 - [STDERR_REDIRECT] 
2026-02-10 21:00:48,261 [ERROR] LogOutputStream:75 - [STDERR_REDIRECT] [Fatal Error] :1:1: Premature end of file.
2026-02-10 21:00:48,262 [ERROR] LogOutputStream:75 - [STDERR_REDIRECT] 
2026-02-10 21:00:49,259 [ERROR] LogOutputStream:75 - [STDERR_REDIRECT] [Fatal Error] :1:1: Premature end of file.
2026-02-10 21:00:49,259 [ERROR] LogOutputStream:75 - [STDERR_REDIRECT] 
2026-02-10 21:00:50,262 [ERROR] LogOutputStream:75 - [STDERR_REDIRECT] [Fatal Error] :1:1: Premature end of file.
2026-02-10 21:00:50,262 [ERROR] LogOutputStream:75 - [STDERR_REDIRECT] 
2026-02-10 21:00:51,261 [ERROR] LogOutputStream:75 - [STDERR_REDIRECT] [Fatal Error] :1:1: Premature end of file.
2026-02-10 21:00:51,261 [ERROR] LogOutputStream:75 - [STDERR_REDIRECT] 
2026-02-10 21:00:52,258 [ERROR] LogOutputStream:75 - [STDERR_REDIRECT] [Fatal Error] :1:1: Premature end of file.
2026-02-10 21:00:52,258 [ERROR] LogOutputStream:75 - [STDERR_REDIRECT] 
2026-02-10 21:00:53,261 [ERROR] LogOutputStream:75 - [STDERR_REDIRECT] [Fatal Error] :1:1: Premature end of file.
2026-02-10 21:00:53,261 [ERROR] LogOutputStream:75 - [STDERR_REDIRECT] 
2026-02-10 21:00:54,265 [ERROR] LogOutputStream:75 - [STDERR_REDIRECT] [Fatal Error] :1:1: Premature end of file.
2026-02-10 21:00:54,265 [ERROR] LogOutputStream:75 - [STDERR_REDIRECT] 
2026-02-10 21:00:55,263 [ERROR] LogOutputStream:75 - [STDERR_REDIRECT] [Fatal Error] :1:1: Premature end of file.
2026-02-10 21:00:55,263 [ERROR] LogOutputStream:75 - [STDERR_REDIRECT] 
2026-02-10 21:00:56,260 [ERROR] LogOutputStream:75 - [STDERR_REDIRECT] [Fatal Error] :1:1: Premature end of file.
2026-02-10 21:00:56,260 [ERROR] LogOutputStream:75 - [STDERR_REDIRECT] 
2026-02-10 21:00:57,260 [ERROR] LogOutputStream:75 - [STDERR_REDIRECT] [Fatal Error] :1:1: Premature end of file.
2026-02-10 21:00:57,260 [ERROR] LogOutputStream:75 - [STDERR_REDIRECT] 
2026-02-10 21:00:58,260 [ERROR] LogOutputStream:75 - [STDERR_REDIRECT] [Fatal Error] :1:1: Premature end of file.
2026-02-10 21:00:58,260 [ERROR] LogOutputStream:75 - [STDERR_REDIRECT] 
2026-02-10 21:00:59,262 [ERROR] LogOutputStream:75 - [STDERR_REDIRECT] [Fatal Error] :1:1: Premature end of file.
2026-02-10 21:00:59,263 [ERROR] LogOutputStream:75 - [STDERR_REDIRECT] 
2026-02-10 21:01:00,260 [ERROR] LogOutputStream:75 - [STDERR_REDIRECT] [Fatal Error] :1:1: Premature end of file.
2026-02-10 21:01:00,261 [ERROR] LogOutputStream:75 - [STDERR_REDIRECT] 
2026-02-10 21:01:01,260 [ERROR] LogOutputStream:75 - [STDERR_REDIRECT] [Fatal Error] :1:1: Premature end of file.
2026-02-10 21:01:01,260 [ERROR] LogOutputStream:75 - [STDERR_REDIRECT] 
2026-02-10 21:01:02,261 [ERROR] LogOutputStream:75 - [STDERR_REDIRECT] [Fatal Error] :1:1: Premature end of file.
2026-02-10 21:01:02,261 [ERROR] LogOutputStream:75 - [STDERR_REDIRECT] 
2026-02-10 21:01:03,268 [ERROR] LogOutputStream:75 - [STDERR_REDIRECT] [Fatal Error] :1:1: Premature end of file.
2026-02-10 21:01:03,269 [ERROR] LogOutputStream:75 - [STDERR_REDIRECT] 
2026-02-10 21:01:04,264 [ERROR] LogOutputStream:75 - [STDERR_REDIRECT] [Fatal Error] :1:1: Premature end of file.
2026-02-10 21:01:04,264 [ERROR] LogOutputStream:75 - [STDERR_REDIRECT] 
2026-02-10 21:01:05,259 [ERROR] LogOutputStream:75 - [STDERR_REDIRECT] [Fatal Error] :1:1: Premature end of file.
2026-02-10 21:01:05,259 [ERROR] LogOutputStream:75 - [STDERR_REDIRECT] 
2026-02-10 21:01:06,270 [ERROR] LogOutputStream:75 - [STDERR_REDIRECT] [Fatal Error] :1:1: Premature end of file.
2026-02-10 21:01:06,270 [ERROR] LogOutputStream:75 - [STDERR_REDIRECT] 
2026-02-10 21:01:07,261 [ERROR] LogOutputStream:75 - [STDERR_REDIRECT] [Fatal Error] :1:1: Premature end of file.
2026-02-10 21:01:07,262 [ERROR] LogOutputStream:75 - [STDERR_REDIRECT] 
2026-02-10 21:01:08,262 [ERROR] LogOutputStream:75 - [STDERR_REDIRECT] [Fatal Error] :1:1: Premature end of file.
2026-02-10 21:01:08,262 [ERROR] LogOutputStream:75 - [STDERR_REDIRECT] 
2026-02-10 21:01:09,265 [ERROR] LogOutputStream:75 - [STDERR_REDIRECT] [Fatal Error] :1:1: Premature end of file.
2026-02-10 21:01:09,266 [ERROR] LogOutputStream:75 - [STDERR_REDIRECT] 
2026-02-10 21:01:10,262 [ERROR] LogOutputStream:75 - [STDERR_REDIRECT] [Fatal Error] :1:1: Premature end of file.
2026-02-10 21:01:10,262 [ERROR] LogOutputStream:75 - [STDERR_REDIRECT] 
2026-02-10 21:01:11,261 [ERROR] LogOutputStream:75 - [STDERR_REDIRECT] [Fatal Error] :1:1: Premature end of file.
2026-02-10 21:01:11,261 [ERROR] LogOutputStream:75 - [STDERR_REDIRECT] 
2026-02-10 21:01:12,260 [ERROR] LogOutputStream:75 - [STDERR_REDIRECT] [Fatal Error] :1:1: Premature end of file.
2026-02-10 21:01:12,260 [ERROR] LogOutputStream:75 - [STDERR_REDIRECT] 
2026-02-10 21:01:13,262 [ERROR] LogOutputStream:75 - [STDERR_REDIRECT] [Fatal Error] :1:1: Premature end of file.
2026-02-10 21:01:13,262 [ERROR] LogOutputStream:75 - [STDERR_REDIRECT] 
2026-02-10 21:01:14,261 [ERROR] LogOutputStream:75 - [STDERR_REDIRECT] [Fatal Error] :1:1: Premature end of file.
2026-02-10 21:01:14,262 [ERROR] LogOutputStream:75 - [STDERR_REDIRECT] 
2026-02-10 21:01:15,260 [ERROR] LogOutputStream:75 - [STDERR_REDIRECT] [Fatal Error] :1:1: Premature end of file.
2026-02-10 21:01:15,260 [ERROR] LogOutputStream:75 - [STDERR_REDIRECT] 
2026-02-10 21:01:16,261 [ERROR] LogOutputStream:75 - [STDERR_REDIRECT] [Fatal Error] :1:1: Premature end of file.
2026-02-10 21:01:16,261 [ERROR] LogOutputStream:75 - [STDERR_REDIRECT] 
2026-02-10 21:01:17,260 [ERROR] LogOutputStream:75 - [STDERR_REDIRECT] [Fatal Error] :1:1: Premature end of file.
2026-02-10 21:01:17,260 [ERROR] LogOutputStream:75 - [STDERR_REDIRECT] 
2026-02-10 21:01:18,259 [ERROR] LogOutputStream:75 - [STDERR_REDIRECT] [Fatal Error] :1:1: Premature end of file.
2026-02-10 21:01:18,261 [ERROR] LogOutputStream:75 - [STDERR_REDIRECT] 
2026-02-10 21:01:19,260 [ERROR] LogOutputStream:75 - [STDERR_REDIRECT] [Fatal Error] :1:1: Premature end of file.
2026-02-10 21:01:19,261 [ERROR] LogOutputStream:75 - [STDERR_REDIRECT] 
2026-02-10 21:01:20,285 [ERROR] LogOutputStream:75 - [STDERR_REDIRECT] [Fatal Error] :1:1: Premature end of file.
2026-02-10 21:01:20,286 [ERROR] LogOutputStream:75 - [STDERR_REDIRECT] 
2026-02-10 21:01:21,259 [ERROR] LogOutputStream:75 - [STDERR_REDIRECT] [Fatal Error] :1:1: Premature end of file.
2026-02-10 21:01:21,260 [ERROR] LogOutputStream:75 - [STDERR_REDIRECT] 
2026-02-10 21:01:22,261 [ERROR] LogOutputStream:75 - [STDERR_REDIRECT] [Fatal Error] :1:1: Premature end of file.
2026-02-10 21:01:22,261 [ERROR] LogOutputStream:75 - [STDERR_REDIRECT] 
2026-02-10 21:01:23,259 [ERROR] LogOutputStream:75 - [STDERR_REDIRECT] [Fatal Error] :1:1: Premature end of file.
2026-02-10 21:01:23,259 [ERROR] LogOutputStream:75 - [STDERR_REDIRECT] 
2026-02-10 21:01:24,261 [ERROR] LogOutputStream:75 - [STDERR_REDIRECT] [Fatal Error] :1:1: Premature end of file.
2026-02-10 21:01:24,262 [ERROR] LogOutputStream:75 - [STDERR_REDIRECT] 
2026-02-10 21:01:25,261 [ERROR] LogOutputStream:75 - [STDERR_REDIRECT] [Fatal Error] :1:1: Premature end of file.
2026-02-10 21:01:25,261 [ERROR] LogOutputStream:75 - [STDERR_REDIRECT] 
2026-02-10 21:01:26,260 [ERROR] LogOutputStream:75 - [STDERR_REDIRECT] [Fatal Error] :1:1: Premature end of file.
2026-02-10 21:01:26,261 [ERROR] LogOutputStream:75 - [STDERR_REDIRECT] 
2026-02-10 21:01:27,260 [ERROR] LogOutputStream:75 - [STDERR_REDIRECT] [Fatal Error] :1:1: Premature end of file.
2026-02-10 21:01:27,260 [ERROR] LogOutputStream:75 - [STDERR_REDIRECT] 
2026-02-10 21:01:28,260 [ERROR] LogOutputStream:75 - [STDERR_REDIRECT] [Fatal Error] :1:1: Premature end of file.
2026-02-10 21:01:28,261 [ERROR] LogOutputStream:75 - [STDERR_REDIRECT] 
2026-02-10 21:01:29,259 [ERROR] LogOutputStream:75 - [STDERR_REDIRECT] [Fatal Error] :1:1: Premature end of file.
2026-02-10 21:01:29,260 [ERROR] LogOutputStream:75 - [STDERR_REDIRECT] 
2026-02-10 21:01:30,260 [ERROR] LogOutputStream:75 - [STDERR_REDIRECT] [Fatal Error] :1:1: Premature end of file.
2026-02-10 21:01:30,260 [ERROR] LogOutputStream:75 - [STDERR_REDIRECT] 
2026-02-10 21:01:31,263 [ERROR] LogOutputStream:75 - [STDERR_REDIRECT] [Fatal Error] :1:1: Premature end of file.
2026-02-10 21:01:31,263 [ERROR] LogOutputStream:75 - [STDERR_REDIRECT] 
2026-02-10 21:01:32,261 [ERROR] LogOutputStream:75 - [STDERR_REDIRECT] [Fatal Error] :1:1: Premature end of file.
2026-02-10 21:01:32,261 [ERROR] LogOutputStream:75 - [STDERR_REDIRECT] 
2026-02-10 21:01:33,261 [ERROR] LogOutputStream:75 - [STDERR_REDIRECT] [Fatal Error] :1:1: Premature end of file.
2026-02-10 21:01:33,261 [ERROR] LogOutputStream:75 - [STDERR_REDIRECT] 
2026-02-10 21:01:34,261 [ERROR] LogOutputStream:75 - [STDERR_REDIRECT] [Fatal Error] :1:1: Premature end of file.
2026-02-10 21:01:34,262 [ERROR] LogOutputStream:75 - [STDERR_REDIRECT] 
2026-02-10 21:01:35,264 [ERROR] LogOutputStream:75 - [STDERR_REDIRECT] [Fatal Error] :1:1: Premature end of file.
2026-02-10 21:01:35,264 [ERROR] LogOutputStream:75 - [STDERR_REDIRECT] 
2026-02-10 21:01:36,273 [ERROR] LogOutputStream:75 - [STDERR_REDIRECT] [Fatal Error] :1:1: Premature end of file.
2026-02-10 21:01:36,273 [ERROR] LogOutputStream:75 - [STDERR_REDIRECT] 
2026-02-10 21:01:37,261 [ERROR] LogOutputStream:75 - [STDERR_REDIRECT] [Fatal Error] :1:1: Premature end of file.
2026-02-10 21:01:37,262 [ERROR] LogOutputStream:75 - [STDERR_REDIRECT] 
2026-02-10 21:01:38,261 [ERROR] LogOutputStream:75 - [STDERR_REDIRECT] [Fatal Error] :1:1: Premature end of file.
2026-02-10 21:01:38,261 [ERROR] LogOutputStream:75 - [STDERR_REDIRECT] 
2026-02-10 21:01:39,259 [ERROR] LogOutputStream:75 - [STDERR_REDIRECT] [Fatal Error] :1:1: Premature end of file.
2026-02-10 21:01:39,260 [ERROR] LogOutputStream:75 - [STDERR_REDIRECT] 
2026-02-10 21:01:40,260 [ERROR] LogOutputStream:75 - [STDERR_REDIRECT] [Fatal Error] :1:1: Premature end of file.
2026-02-10 21:01:40,260 [ERROR] LogOutputStream:75 - [STDERR_REDIRECT] 
2026-02-10 21:01:41,261 [ERROR] LogOutputStream:75 - [STDERR_REDIRECT] [Fatal Error] :1:1: Premature end of file.
2026-02-10 21:01:41,262 [ERROR] LogOutputStream:75 - [STDERR_REDIRECT] 
2026-02-10 21:01:42,261 [ERROR] LogOutputStream:75 - [STDERR_REDIRECT] [Fatal Error] :1:1: Premature end of file.
2026-02-10 21:01:42,261 [ERROR] LogOutputStream:75 - [STDERR_REDIRECT] 
2026-02-10 21:01:43,261 [ERROR] LogOutputStream:75 - [STDERR_REDIRECT] [Fatal Error] :1:1: Premature end of file.
2026-02-10 21:01:43,261 [ERROR] LogOutputStream:75 - [STDERR_REDIRECT] 
2026-02-10 21:01:44,260 [ERROR] LogOutputStream:75 - [STDERR_REDIRECT] [Fatal Error] :1:1: Premature end of file.
2026-02-10 21:01:44,260 [ERROR] LogOutputStream:75 - [STDERR_REDIRECT] 
2026-02-10 21:01:45,263 [ERROR] LogOutputStream:75 - [STDERR_REDIRECT] [Fatal Error] :1:1: Premature end of file.
2026-02-10 21:01:45,264 [ERROR] LogOutputStream:75 - [STDERR_REDIRECT] 
2026-02-10 21:01:46,267 [ERROR] LogOutputStream:75 - [STDERR_REDIRECT] [Fatal Error] :1:1: Premature end of file.
2026-02-10 21:01:46,267 [ERROR] LogOutputStream:75 - [STDERR_REDIRECT] 
2026-02-10 21:01:47,263 [ERROR] LogOutputStream:75 - [STDERR_REDIRECT] [Fatal Error] :1:1: Premature end of file.
2026-02-10 21:01:47,263 [ERROR] LogOutputStream:75 - [STDERR_REDIRECT] 
2026-02-10 21:01:48,262 [ERROR] LogOutputStream:75 - [STDERR_REDIRECT] [Fatal Error] :1:1: Premature end of file.
2026-02-10 21:01:48,262 [ERROR] LogOutputStream:75 - [STDERR_REDIRECT] 
2026-02-10 21:01:49,260 [ERROR] LogOutputStream:75 - [STDERR_REDIRECT] [Fatal Error] :1:1: Premature end of file.
2026-02-10 21:01:49,260 [ERROR] LogOutputStream:75 - [STDERR_REDIRECT] 
2026-02-10 21:01:50,262 [ERROR] LogOutputStream:75 - [STDERR_REDIRECT] [Fatal Error] :1:1: Premature end of file.
2026-02-10 21:01:50,262 [ERROR] LogOutputStream:75 - [STDERR_REDIRECT] 
2026-02-10 21:01:51,262 [ERROR] LogOutputStream:75 - [STDERR_REDIRECT] [Fatal Error] :1:1: Premature end of file.
2026-02-10 21:01:51,262 [ERROR] LogOutputStream:75 - [STDERR_REDIRECT] 
2026-02-10 21:01:52,260 [ERROR] LogOutputStream:75 - [STDERR_REDIRECT] [Fatal Error] :1:1: Premature end of file.
2026-02-10 21:01:52,260 [ERROR] LogOutputStream:75 - [STDERR_REDIRECT] 
2026-02-10 21:01:53,260 [ERROR] LogOutputStream:75 - [STDERR_REDIRECT] [Fatal Error] :1:1: Premature end of file.
2026-02-10 21:01:53,260 [ERROR] LogOutputStream:75 - [STDERR_REDIRECT] 
2026-02-10 21:01:54,260 [ERROR] LogOutputStream:75 - [STDERR_REDIRECT] [Fatal Error] :1:1: Premature end of file.
2026-02-10 21:01:54,260 [ERROR] LogOutputStream:75 - [STDERR_REDIRECT] 
2026-02-10 21:01:55,261 [ERROR] LogOutputStream:75 - [STDERR_REDIRECT] [Fatal Error] :1:1: Premature end of file.
2026-02-10 21:01:55,261 [ERROR] LogOutputStream:75 - [STDERR_REDIRECT] 
2026-02-10 21:01:56,261 [ERROR] LogOutputStream:75 - [STDERR_REDIRECT] [Fatal Error] :1:1: Premature end of file.
2026-02-10 21:01:56,261 [ERROR] LogOutputStream:75 - [STDERR_REDIRECT] 
2026-02-10 21:01:57,262 [ERROR] LogOutputStream:75 - [STDERR_REDIRECT] [Fatal Error] :1:1: Premature end of file.
2026-02-10 21:01:57,262 [ERROR] LogOutputStream:75 - [STDERR_REDIRECT] 
2026-02-10 21:01:58,261 [ERROR] LogOutputStream:75 - [STDERR_REDIRECT] [Fatal Error] :1:1: Premature end of file.
2026-02-10 21:01:58,261 [ERROR] LogOutputStream:75 - [STDERR_REDIRECT] 
2026-02-10 21:01:59,262 [ERROR] LogOutputStream:75 - [STDERR_REDIRECT] [Fatal Error] :1:1: Premature end of file.
2026-02-10 21:01:59,262 [ERROR] LogOutputStream:75 - [STDERR_REDIRECT] 
2026-02-10 21:02:00,260 [ERROR] LogOutputStream:75 - [STDERR_REDIRECT] [Fatal Error] :1:1: Premature end of file.
2026-02-10 21:02:00,260 [ERROR] LogOutputStream:75 - [STDERR_REDIRECT] 
2026-02-10 21:02:01,261 [ERROR] LogOutputStream:75 - [STDERR_REDIRECT] [Fatal Error] :1:1: Premature end of file.
2026-02-10 21:02:01,261 [ERROR] LogOutputStream:75 - [STDERR_REDIRECT] 
2026-02-10 21:02:02,262 [ERROR] LogOutputStream:75 - [STDERR_REDIRECT] [Fatal Error] :1:1: Premature end of file.
2026-02-10 21:02:02,262 [ERROR] LogOutputStream:75 - [STDERR_REDIRECT] 
2026-02-10 21:02:03,261 [ERROR] LogOutputStream:75 - [STDERR_REDIRECT] [Fatal Error] :1:1: Premature end of file.
2026-02-10 21:02:03,262 [ERROR] LogOutputStream:75 - [STDERR_REDIRECT] 
2026-02-10 21:02:04,260 [ERROR] LogOutputStream:75 - [STDERR_REDIRECT] [Fatal Error] :1:1: Premature end of file.
2026-02-10 21:02:04,260 [ERROR] LogOutputStream:75 - [STDERR_REDIRECT] 
2026-02-10 21:02:05,263 [ERROR] LogOutputStream:75 - [STDERR_REDIRECT] [Fatal Error] :1:1: Premature end of file.
2026-02-10 21:02:05,263 [ERROR] LogOutputStream:75 - [STDERR_REDIRECT] 
2026-02-10 21:02:06,261 [ERROR] LogOutputStream:75 - [STDERR_REDIRECT] [Fatal Error] :1:1: Premature end of file.
2026-02-10 21:02:06,261 [ERROR] LogOutputStream:75 - [STDERR_REDIRECT] 
2026-02-10 21:02:07,260 [ERROR] LogOutputStream:75 - [STDERR_REDIRECT] [Fatal Error] :1:1: Premature end of file.
2026-02-10 21:02:07,261 [ERROR] LogOutputStream:75 - [STDERR_REDIRECT] 
2026-02-10 21:02:08,260 [ERROR] LogOutputStream:75 - [STDERR_REDIRECT] [Fatal Error] :1:1: Premature end of file.
2026-02-10 21:02:08,260 [ERROR] LogOutputStream:75 - [STDERR_REDIRECT] 
2026-02-10 21:02:09,262 [ERROR] LogOutputStream:75 - [STDERR_REDIRECT] [Fatal Error] :1:1: Premature end of file.
2026-02-10 21:02:09,262 [ERROR] LogOutputStream:75 - [STDERR_REDIRECT] 
2026-02-10 21:02:10,262 [ERROR] LogOutputStream:75 - [STDERR_REDIRECT] [Fatal Error] :1:1: Premature end of file.
2026-02-10 21:02:10,262 [ERROR] LogOutputStream:75 - [STDERR_REDIRECT] 
2026-02-10 21:02:11,262 [ERROR] LogOutputStream:75 - [STDERR_REDIRECT] [Fatal Error] :1:1: Premature end of file.
2026-02-10 21:02:11,263 [ERROR] LogOutputStream:75 - [STDERR_REDIRECT] 
2026-02-10 21:02:12,261 [ERROR] LogOutputStream:75 - [STDERR_REDIRECT] [Fatal Error] :1:1: Premature end of file.
2026-02-10 21:02:12,261 [ERROR] LogOutputStream:75 - [STDERR_REDIRECT] 
2026-02-10 21:02:13,261 [ERROR] LogOutputStream:75 - [STDERR_REDIRECT] [Fatal Error] :1:1: Premature end of file.
2026-02-10 21:02:13,261 [ERROR] LogOutputStream:75 - [STDERR_REDIRECT] 
2026-02-10 21:02:14,262 [ERROR] LogOutputStream:75 - [STDERR_REDIRECT] [Fatal Error] :1:1: Premature end of file.
2026-02-10 21:02:14,262 [ERROR] LogOutputStream:75 - [STDERR_REDIRECT] 
2026-02-10 21:02:15,263 [ERROR] LogOutputStream:75 - [STDERR_REDIRECT] [Fatal Error] :1:1: Premature end of file.
2026-02-10 21:02:15,263 [ERROR] LogOutputStream:75 - [STDERR_REDIRECT] 
2026-02-10 21:02:16,261 [ERROR] LogOutputStream:75 - [STDERR_REDIRECT] [Fatal Error] :1:1: Premature end of file.
2026-02-10 21:02:16,261 [ERROR] LogOutputStream:75 - [STDERR_REDIRECT] 
2026-02-10 21:02:17,262 [ERROR] LogOutputStream:75 - [STDERR_REDIRECT] [Fatal Error] :1:1: Premature end of file.
2026-02-10 21:02:17,262 [ERROR] LogOutputStream:75 - [STDERR_REDIRECT] 
2026-02-10 21:02:18,262 [ERROR] LogOutputStream:75 - [STDERR_REDIRECT] [Fatal Error] :1:1: Premature end of file.
2026-02-10 21:02:18,262 [ERROR] LogOutputStream:75 - [STDERR_REDIRECT] 
2026-02-10 21:02:19,259 [ERROR] LogOutputStream:75 - [STDERR_REDIRECT] [Fatal Error] :1:1: Premature end of file.
2026-02-10 21:02:19,259 [ERROR] LogOutputStream:75 - [STDERR_REDIRECT] 
2026-02-10 21:02:20,261 [ERROR] LogOutputStream:75 - [STDERR_REDIRECT] [Fatal Error] :1:1: Premature end of file.
2026-02-10 21:02:20,261 [ERROR] LogOutputStream:75 - [STDERR_REDIRECT] 
2026-02-10 21:02:21,261 [ERROR] LogOutputStream:75 - [STDERR_REDIRECT] [Fatal Error] :1:1: Premature end of file.
2026-02-10 21:02:21,261 [ERROR] LogOutputStream:75 - [STDERR_REDIRECT] 
2026-02-10 21:02:22,260 [ERROR] LogOutputStream:75 - [STDERR_REDIRECT] [Fatal Error] :1:1: Premature end of file.
2026-02-10 21:02:22,260 [ERROR] LogOutputStream:75 - [STDERR_REDIRECT] 
2026-02-10 21:02:23,263 [ERROR] LogOutputStream:75 - [STDERR_REDIRECT] [Fatal Error] :1:1: Premature end of file.
2026-02-10 21:02:23,263 [ERROR] LogOutputStream:75 - [STDERR_REDIRECT] 
2026-02-10 21:02:24,262 [ERROR] LogOutputStream:75 - [STDERR_REDIRECT] [Fatal Error] :1:1: Premature end of file.
2026-02-10 21:02:24,264 [ERROR] LogOutputStream:75 - [STDERR_REDIRECT] 
2026-02-10 21:02:25,263 [ERROR] LogOutputStream:75 - [STDERR_REDIRECT] [Fatal Error] :1:1: Premature end of file.
2026-02-10 21:02:25,263 [ERROR] LogOutputStream:75 - [STDERR_REDIRECT] 
2026-02-10 21:02:26,265 [ERROR] LogOutputStream:75 - [STDERR_REDIRECT] [Fatal Error] :1:1: Premature end of file.
2026-02-10 21:02:26,266 [ERROR] LogOutputStream:75 - [STDERR_REDIRECT] 
2026-02-10 21:02:27,263 [ERROR] LogOutputStream:75 - [STDERR_REDIRECT] [Fatal Error] :1:1: Premature end of file.
2026-02-10 21:02:27,264 [ERROR] LogOutputStream:75 - [STDERR_REDIRECT] 
2026-02-10 21:02:28,261 [ERROR] LogOutputStream:75 - [STDERR_REDIRECT] [Fatal Error] :1:1: Premature end of file.
2026-02-10 21:02:28,261 [ERROR] LogOutputStream:75 - [STDERR_REDIRECT] 
2026-02-10 21:02:29,262 [ERROR] LogOutputStream:75 - [STDERR_REDIRECT] [Fatal Error] :1:1: Premature end of file.
2026-02-10 21:02:29,262 [ERROR] LogOutputStream:75 - [STDERR_REDIRECT] 
2026-02-10 21:02:30,261 [ERROR] LogOutputStream:75 - [STDERR_REDIRECT] [Fatal Error] :1:1: Premature end of file.
2026-02-10 21:02:30,261 [ERROR] LogOutputStream:75 - [STDERR_REDIRECT] 
2026-02-10 21:02:31,262 [ERROR] LogOutputStream:75 - [STDERR_REDIRECT] [Fatal Error] :1:1: Premature end of file.
2026-02-10 21:02:31,263 [ERROR] LogOutputStream:75 - [STDERR_REDIRECT] 
2026-02-10 21:02:32,264 [ERROR] LogOutputStream:75 - [STDERR_REDIRECT] [Fatal Error] :1:1: Premature end of file.
2026-02-10 21:02:32,264 [ERROR] LogOutputStream:75 - [STDERR_REDIRECT] 
2026-02-10 21:02:33,260 [ERROR] LogOutputStream:75 - [STDERR_REDIRECT] [Fatal Error] :1:1: Premature end of file.
2026-02-10 21:02:33,260 [ERROR] LogOutputStream:75 - [STDERR_REDIRECT] 
2026-02-10 21:02:34,259 [ERROR] LogOutputStream:75 - [STDERR_REDIRECT] [Fatal Error] :1:1: Premature end of file.
2026-02-10 21:02:34,259 [ERROR] LogOutputStream:75 - [STDERR_REDIRECT] 
2026-02-10 21:02:35,260 [ERROR] LogOutputStream:75 - [STDERR_REDIRECT] [Fatal Error] :1:1: Premature end of file.
2026-02-10 21:02:35,260 [ERROR] LogOutputStream:75 - [STDERR_REDIRECT] 
2026-02-10 21:02:36,259 [ERROR] LogOutputStream:75 - [STDERR_REDIRECT] [Fatal Error] :1:1: Premature end of file.
2026-02-10 21:02:36,259 [ERROR] LogOutputStream:75 - [STDERR_REDIRECT] 
2026-02-10 21:02:37,260 [ERROR] LogOutputStream:75 - [STDERR_REDIRECT] [Fatal Error] :1:1: Premature end of file.
2026-02-10 21:02:37,260 [ERROR] LogOutputStream:75 - [STDERR_REDIRECT] 
2026-02-10 21:02:38,260 [ERROR] LogOutputStream:75 - [STDERR_REDIRECT] [Fatal Error] :1:1: Premature end of file.
2026-02-10 21:02:38,260 [ERROR] LogOutputStream:75 - [STDERR_REDIRECT] 
2026-02-10 21:02:39,260 [ERROR] LogOutputStream:75 - [STDERR_REDIRECT] [Fatal Error] :1:1: Premature end of file.
2026-02-10 21:02:39,260 [ERROR] LogOutputStream:75 - [STDERR_REDIRECT] 
2026-02-10 21:02:40,260 [ERROR] LogOutputStream:75 - [STDERR_REDIRECT] [Fatal Error] :1:1: Premature end of file.
2026-02-10 21:02:40,260 [ERROR] LogOutputStream:75 - [STDERR_REDIRECT] 
2026-02-10 21:02:41,259 [ERROR] LogOutputStream:75 - [STDERR_REDIRECT] [Fatal Error] :1:1: Premature end of file.
2026-02-10 21:02:41,260 [ERROR] LogOutputStream:75 - [STDERR_REDIRECT] 
2026-02-10 21:02:42,261 [ERROR] LogOutputStream:75 - [STDERR_REDIRECT] [Fatal Error] :1:1: Premature end of file.
2026-02-10 21:02:42,261 [ERROR] LogOutputStream:75 - [STDERR_REDIRECT] 
2026-02-10 21:02:43,260 [ERROR] LogOutputStream:75 - [STDERR_REDIRECT] [Fatal Error] :1:1: Premature end of file.
2026-02-10 21:02:43,260 [ERROR] LogOutputStream:75 - [STDERR_REDIRECT] 
2026-02-10 21:02:44,259 [ERROR] LogOutputStream:75 - [STDERR_REDIRECT] [Fatal Error] :1:1: Premature end of file.
2026-02-10 21:02:44,259 [ERROR] LogOutputStream:75 - [STDERR_REDIRECT] 
2026-02-10 21:02:45,259 [ERROR] LogOutputStream:75 - [STDERR_REDIRECT] [Fatal Error] :1:1: Premature end of file.
2026-02-10 21:02:45,259 [ERROR] LogOutputStream:75 - [STDERR_REDIRECT] 
2026-02-10 21:02:46,262 [ERROR] LogOutputStream:75 - [STDERR_REDIRECT] [Fatal Error] :1:1: Premature end of file.
2026-02-10 21:02:46,262 [ERROR] LogOutputStream:75 - [STDERR_REDIRECT] 
2026-02-10 21:02:47,261 [ERROR] LogOutputStream:75 - [STDERR_REDIRECT] [Fatal Error] :1:1: Premature end of file.
2026-02-10 21:02:47,261 [ERROR] LogOutputStream:75 - [STDERR_REDIRECT] 
2026-02-10 21:02:48,260 [ERROR] LogOutputStream:75 - [STDERR_REDIRECT] [Fatal Error] :1:1: Premature end of file.
2026-02-10 21:02:48,260 [ERROR] LogOutputStream:75 - [STDERR_REDIRECT] 
2026-02-10 21:02:49,262 [ERROR] LogOutputStream:75 - [STDERR_REDIRECT] [Fatal Error] :1:1: Premature end of file.
2026-02-10 21:02:49,262 [ERROR] LogOutputStream:75 - [STDERR_REDIRECT] 
2026-02-10 21:02:50,262 [ERROR] LogOutputStream:75 - [STDERR_REDIRECT] [Fatal Error] :1:1: Premature end of file.
2026-02-10 21:02:50,262 [ERROR] LogOutputStream:75 - [STDERR_REDIRECT] 
2026-02-10 21:02:51,259 [ERROR] LogOutputStream:75 - [STDERR_REDIRECT] [Fatal Error] :1:1: Premature end of file.
2026-02-10 21:02:51,260 [ERROR] LogOutputStream:75 - [STDERR_REDIRECT] 
2026-02-10 21:02:52,261 [ERROR] LogOutputStream:75 - [STDERR_REDIRECT] [Fatal Error] :1:1: Premature end of file.
2026-02-10 21:02:52,261 [ERROR] LogOutputStream:75 - [STDERR_REDIRECT] 
2026-02-10 21:02:53,261 [ERROR] LogOutputStream:75 - [STDERR_REDIRECT] [Fatal Error] :1:1: Premature end of file.
2026-02-10 21:02:53,261 [ERROR] LogOutputStream:75 - [STDERR_REDIRECT] 
2026-02-10 21:02:54,264 [ERROR] LogOutputStream:75 - [STDERR_REDIRECT] [Fatal Error] :1:1: Premature end of file.
2026-02-10 21:02:54,264 [ERROR] LogOutputStream:75 - [STDERR_REDIRECT] 
2026-02-10 21:02:55,263 [ERROR] LogOutputStream:75 - [STDERR_REDIRECT] [Fatal Error] :1:1: Premature end of file.
2026-02-10 21:02:55,263 [ERROR] LogOutputStream:75 - [STDERR_REDIRECT] 
2026-02-10 21:02:56,276 [ERROR] LogOutputStream:75 - [STDERR_REDIRECT] [Fatal Error] :1:1: Premature end of file.
2026-02-10 21:02:56,276 [ERROR] LogOutputStream:75 - [STDERR_REDIRECT] 
2026-02-10 21:02:57,271 [ERROR] LogOutputStream:75 - [STDERR_REDIRECT] [Fatal Error] :1:1: Premature end of file.
2026-02-10 21:02:57,271 [ERROR] LogOutputStream:75 - [STDERR_REDIRECT] 
2026-02-10 21:02:58,262 [ERROR] LogOutputStream:75 - [STDERR_REDIRECT] [Fatal Error] :1:1: Premature end of file.
2026-02-10 21:02:58,262 [ERROR] LogOutputStream:75 - [STDERR_REDIRECT] 
2026-02-10 21:02:59,290 [ERROR] LogOutputStream:75 - [STDERR_REDIRECT] [Fatal Error] :1:1: Premature end of file.
2026-02-10 21:02:59,290 [ERROR] LogOutputStream:75 - [STDERR_REDIRECT] 
2026-02-10 21:03:00,259 [ERROR] LogOutputStream:75 - [STDERR_REDIRECT] [Fatal Error] :1:1: Premature end of file.
2026-02-10 21:03:00,259 [ERROR] LogOutputStream:75 - [STDERR_REDIRECT] 
2026-02-10 21:03:01,263 [ERROR] LogOutputStream:75 - [STDERR_REDIRECT] [Fatal Error] :1:1: Premature end of file.
2026-02-10 21:03:01,272 [ERROR] LogOutputStream:75 - [STDERR_REDIRECT] 
2026-02-10 21:03:02,271 [ERROR] LogOutputStream:75 - [STDERR_REDIRECT] [Fatal Error] :1:1: Premature end of file.
2026-02-10 21:03:02,271 [ERROR] LogOutputStream:75 - [STDERR_REDIRECT] 
2026-02-10 21:03:03,262 [ERROR] LogOutputStream:75 - [STDERR_REDIRECT] [Fatal Error] :1:1: Premature end of file.
2026-02-10 21:03:03,262 [ERROR] LogOutputStream:75 - [STDERR_REDIRECT] 
2026-02-10 21:03:04,264 [ERROR] LogOutputStream:75 - [STDERR_REDIRECT] [Fatal Error] :1:1: Premature end of file.
2026-02-10 21:03:04,264 [ERROR] LogOutputStream:75 - [STDERR_REDIRECT] 
2026-02-10 21:03:05,259 [ERROR] LogOutputStream:75 - [STDERR_REDIRECT] [Fatal Error] :1:1: Premature end of file.
2026-02-10 21:03:05,259 [ERROR] LogOutputStream:75 - [STDERR_REDIRECT] 
2026-02-10 21:03:06,269 [ERROR] LogOutputStream:75 - [STDERR_REDIRECT] [Fatal Error] :1:1: Premature end of file.
2026-02-10 21:03:06,269 [ERROR] LogOutputStream:75 - [STDERR_REDIRECT] 
2026-02-10 21:03:07,272 [ERROR] LogOutputStream:75 - [STDERR_REDIRECT] [Fatal Error] :1:1: Premature end of file.
2026-02-10 21:03:07,272 [ERROR] LogOutputStream:75 - [STDERR_REDIRECT] 
2026-02-10 21:03:08,275 [ERROR] LogOutputStream:75 - [STDERR_REDIRECT] [Fatal Error] :1:1: Premature end of file.
2026-02-10 21:03:08,275 [ERROR] LogOutputStream:75 - [STDERR_REDIRECT] 
2026-02-10 21:03:09,264 [ERROR] LogOutputStream:75 - [STDERR_REDIRECT] [Fatal Error] :1:1: Premature end of file.
2026-02-10 21:03:09,264 [ERROR] LogOutputStream:75 - [STDERR_REDIRECT] 
2026-02-10 21:03:10,266 [ERROR] LogOutputStream:75 - [STDERR_REDIRECT] [Fatal Error] :1:1: Premature end of file.
2026-02-10 21:03:10,266 [ERROR] LogOutputStream:75 - [STDERR_REDIRECT] 
2026-02-10 21:03:11,262 [ERROR] LogOutputStream:75 - [STDERR_REDIRECT] [Fatal Error] :1:1: Premature end of file.
2026-02-10 21:03:11,262 [ERROR] LogOutputStream:75 - [STDERR_REDIRECT] 
2026-02-10 21:03:12,266 [ERROR] LogOutputStream:75 - [STDERR_REDIRECT] [Fatal Error] :1:1: Premature end of file.
2026-02-10 21:03:12,266 [ERROR] LogOutputStream:75 - [STDERR_REDIRECT] 
2026-02-10 21:03:13,277 [ERROR] LogOutputStream:75 - [STDERR_REDIRECT] [Fatal Error] :1:1: Premature end of file.
2026-02-10 21:03:13,277 [ERROR] LogOutputStream:75 - [STDERR_REDIRECT] 
2026-02-10 21:03:14,262 [ERROR] LogOutputStream:75 - [STDERR_REDIRECT] [Fatal Error] :1:1: Premature end of file.
2026-02-10 21:03:14,262 [ERROR] LogOutputStream:75 - [STDERR_REDIRECT] 
2026-02-10 21:03:15,265 [ERROR] LogOutputStream:75 - [STDERR_REDIRECT] [Fatal Error] :1:1: Premature end of file.
2026-02-10 21:03:15,265 [ERROR] LogOutputStream:75 - [STDERR_REDIRECT] 
2026-02-10 21:03:16,268 [ERROR] LogOutputStream:75 - [STDERR_REDIRECT] [Fatal Error] :1:1: Premature end of file.
2026-02-10 21:03:16,268 [ERROR] LogOutputStream:75 - [STDERR_REDIRECT] 
2026-02-10 21:03:17,270 [ERROR] LogOutputStream:75 - [STDERR_REDIRECT] [Fatal Error] :1:1: Premature end of file.
2026-02-10 21:03:17,270 [ERROR] LogOutputStream:75 - [STDERR_REDIRECT] 
2026-02-10 21:03:18,270 [ERROR] LogOutputStream:75 - [STDERR_REDIRECT] [Fatal Error] :1:1: Premature end of file.
2026-02-10 21:03:18,270 [ERROR] LogOutputStream:75 - [STDERR_REDIRECT] 
2026-02-10 21:03:19,266 [ERROR] LogOutputStream:75 - [STDERR_REDIRECT] [Fatal Error] :1:1: Premature end of file.
2026-02-10 21:03:19,266 [ERROR] LogOutputStream:75 - [STDERR_REDIRECT] 
2026-02-10 21:03:20,268 [ERROR] LogOutputStream:75 - [STDERR_REDIRECT] [Fatal Error] :1:1: Premature end of file.
2026-02-10 21:03:20,268 [ERROR] LogOutputStream:75 - [STDERR_REDIRECT] 
2026-02-10 21:03:21,271 [ERROR] LogOutputStream:75 - [STDERR_REDIRECT] [Fatal Error] :1:1: Premature end of file.
2026-02-10 21:03:21,271 [ERROR] LogOutputStream:75 - [STDERR_REDIRECT] 
2026-02-10 21:03:22,267 [ERROR] LogOutputStream:75 - [STDERR_REDIRECT] [Fatal Error] :1:1: Premature end of file.
2026-02-10 21:03:22,267 [ERROR] LogOutputStream:75 - [STDERR_REDIRECT] 
2026-02-10 21:03:23,269 [ERROR] LogOutputStream:75 - [STDERR_REDIRECT] [Fatal Error] :1:1: Premature end of file.
2026-02-10 21:03:23,270 [ERROR] LogOutputStream:75 - [STDERR_REDIRECT] 
2026-02-10 21:03:24,262 [ERROR] LogOutputStream:75 - [STDERR_REDIRECT] [Fatal Error] :1:1: Premature end of file.
2026-02-10 21:03:24,262 [ERROR] LogOutputStream:75 - [STDERR_REDIRECT] 
2026-02-10 21:03:25,264 [ERROR] LogOutputStream:75 - [STDERR_REDIRECT] [Fatal Error] :1:1: Premature end of file.
2026-02-10 21:03:25,264 [ERROR] LogOutputStream:75 - [STDERR_REDIRECT] 
2026-02-10 21:03:26,265 [ERROR] LogOutputStream:75 - [STDERR_REDIRECT] [Fatal Error] :1:1: Premature end of file.
2026-02-10 21:03:26,265 [ERROR] LogOutputStream:75 - [STDERR_REDIRECT] 
2026-02-10 21:03:27,264 [ERROR] LogOutputStream:75 - [STDERR_REDIRECT] [Fatal Error] :1:1: Premature end of file.
2026-02-10 21:03:27,264 [ERROR] LogOutputStream:75 - [STDERR_REDIRECT] 
2026-02-10 21:03:28,276 [ERROR] LogOutputStream:75 - [STDERR_REDIRECT] [Fatal Error] :1:1: Premature end of file.
2026-02-10 21:03:28,276 [ERROR] LogOutputStream:75 - [STDERR_REDIRECT] 
2026-02-10 21:03:29,276 [ERROR] LogOutputStream:75 - [STDERR_REDIRECT] [Fatal Error] :1:1: Premature end of file.
2026-02-10 21:03:29,276 [ERROR] LogOutputStream:75 - [STDERR_REDIRECT] 
2026-02-10 21:03:30,269 [ERROR] LogOutputStream:75 - [STDERR_REDIRECT] [Fatal Error] :1:1: Premature end of file.
2026-02-10 21:03:30,269 [ERROR] LogOutputStream:75 - [STDERR_REDIRECT] 
2026-02-10 21:03:31,262 [ERROR] LogOutputStream:75 - [STDERR_REDIRECT] [Fatal Error] :1:1: Premature end of file.
2026-02-10 21:03:31,262 [ERROR] LogOutputStream:75 - [STDERR_REDIRECT] 
2026-02-10 21:03:32,258 [ERROR] LogOutputStream:75 - [STDERR_REDIRECT] [Fatal Error] :1:1: Premature end of file.
2026-02-10 21:03:32,258 [ERROR] LogOutputStream:75 - [STDERR_REDIRECT] 
2026-02-10 21:03:33,269 [ERROR] LogOutputStream:75 - [STDERR_REDIRECT] [Fatal Error] :1:1: Premature end of file.
2026-02-10 21:03:33,269 [ERROR] LogOutputStream:75 - [STDERR_REDIRECT] 
2026-02-10 21:03:34,264 [ERROR] LogOutputStream:75 - [STDERR_REDIRECT] [Fatal Error] :1:1: Premature end of file.
2026-02-10 21:03:34,264 [ERROR] LogOutputStream:75 - [STDERR_REDIRECT] 
2026-02-10 21:03:35,273 [ERROR] LogOutputStream:75 - [STDERR_REDIRECT] [Fatal Error] :1:1: Premature end of file.
2026-02-10 21:03:35,274 [ERROR] LogOutputStream:75 - [STDERR_REDIRECT] 
2026-02-10 21:03:36,274 [ERROR] LogOutputStream:75 - [STDERR_REDIRECT] [Fatal Error] :1:1: Premature end of file.
2026-02-10 21:03:36,274 [ERROR] LogOutputStream:75 - [STDERR_REDIRECT] 
2026-02-10 21:03:37,263 [ERROR] LogOutputStream:75 - [STDERR_REDIRECT] [Fatal Error] :1:1: Premature end of file.
2026-02-10 21:03:37,263 [ERROR] LogOutputStream:75 - [STDERR_REDIRECT] 
2026-02-10 21:03:38,265 [ERROR] LogOutputStream:75 - [STDERR_REDIRECT] [Fatal Error] :1:1: Premature end of file.
2026-02-10 21:03:38,265 [ERROR] LogOutputStream:75 - [STDERR_REDIRECT] 
2026-02-10 21:03:39,274 [ERROR] LogOutputStream:75 - [STDERR_REDIRECT] [Fatal Error] :1:1: Premature end of file.
2026-02-10 21:03:39,274 [ERROR] LogOutputStream:75 - [STDERR_REDIRECT] 
2026-02-10 21:03:40,261 [ERROR] LogOutputStream:75 - [STDERR_REDIRECT] [Fatal Error] :1:1: Premature end of file.
2026-02-10 21:03:40,261 [ERROR] LogOutputStream:75 - [STDERR_REDIRECT] 
2026-02-10 21:03:41,285 [ERROR] LogOutputStream:75 - [STDERR_REDIRECT] [Fatal Error] :1:1: Premature end of file.
2026-02-10 21:03:41,286 [ERROR] LogOutputStream:75 - [STDERR_REDIRECT] 
2026-02-10 21:03:42,280 [ERROR] LogOutputStream:75 - [STDERR_REDIRECT] [Fatal Error] :1:1: Premature end of file.
2026-02-10 21:03:42,280 [ERROR] LogOutputStream:75 - [STDERR_REDIRECT] 
2026-02-10 21:03:43,271 [ERROR] LogOutputStream:75 - [STDERR_REDIRECT] [Fatal Error] :1:1: Premature end of file.
2026-02-10 21:03:43,271 [ERROR] LogOutputStream:75 - [STDERR_REDIRECT] 
2026-02-10 21:03:44,282 [ERROR] LogOutputStream:75 - [STDERR_REDIRECT] [Fatal Error] :1:1: Premature end of file.
2026-02-10 21:03:44,282 [ERROR] LogOutputStream:75 - [STDERR_REDIRECT] 
2026-02-10 21:03:45,282 [ERROR] LogOutputStream:75 - [STDERR_REDIRECT] [Fatal Error] :1:1: Premature end of file.
2026-02-10 21:03:45,282 [ERROR] LogOutputStream:75 - [STDERR_REDIRECT] 
2026-02-10 21:03:46,261 [ERROR] LogOutputStream:75 - [STDERR_REDIRECT] [Fatal Error] :1:1: Premature end of file.
2026-02-10 21:03:46,261 [ERROR] LogOutputStream:75 - [STDERR_REDIRECT] 
2026-02-10 21:03:47,279 [ERROR] LogOutputStream:75 - [STDERR_REDIRECT] [Fatal Error] :1:1: Premature end of file.
2026-02-10 21:03:47,280 [ERROR] LogOutputStream:75 - [STDERR_REDIRECT] 
2026-02-10 21:03:48,273 [ERROR] LogOutputStream:75 - [STDERR_REDIRECT] [Fatal Error] :1:1: Premature end of file.
2026-02-10 21:03:48,274 [ERROR] LogOutputStream:75 - [STDERR_REDIRECT] 
2026-02-10 21:03:49,271 [ERROR] LogOutputStream:75 - [STDERR_REDIRECT] [Fatal Error] :1:1: Premature end of file.
2026-02-10 21:03:49,271 [ERROR] LogOutputStream:75 - [STDERR_REDIRECT] 
2026-02-10 21:03:50,271 [ERROR] LogOutputStream:75 - [STDERR_REDIRECT] [Fatal Error] :1:1: Premature end of file.
2026-02-10 21:03:50,271 [ERROR] LogOutputStream:75 - [STDERR_REDIRECT] 
2026-02-10 21:03:51,263 [ERROR] LogOutputStream:75 - [STDERR_REDIRECT] [Fatal Error] :1:1: Premature end of file.
2026-02-10 21:03:51,263 [ERROR] LogOutputStream:75 - [STDERR_REDIRECT] 
2026-02-10 21:03:52,263 [ERROR] LogOutputStream:75 - [STDERR_REDIRECT] [Fatal Error] :1:1: Premature end of file.
2026-02-10 21:03:52,263 [ERROR] LogOutputStream:75 - [STDERR_REDIRECT] 
2026-02-10 21:03:53,260 [ERROR] LogOutputStream:75 - [STDERR_REDIRECT] [Fatal Error] :1:1: Premature end of file.
2026-02-10 21:03:53,260 [ERROR] LogOutputStream:75 - [STDERR_REDIRECT] 
2026-02-10 21:03:54,266 [ERROR] LogOutputStream:75 - [STDERR_REDIRECT] [Fatal Error] :1:1: Premature end of file.
2026-02-10 21:03:54,266 [ERROR] LogOutputStream:75 - [STDERR_REDIRECT] 
2026-02-10 21:03:55,265 [ERROR] LogOutputStream:75 - [STDERR_REDIRECT] [Fatal Error] :1:1: Premature end of file.
2026-02-10 21:03:55,266 [ERROR] LogOutputStream:75 - [STDERR_REDIRECT] 
2026-02-10 21:03:56,261 [ERROR] LogOutputStream:75 - [STDERR_REDIRECT] [Fatal Error] :1:1: Premature end of file.
2026-02-10 21:03:56,261 [ERROR] LogOutputStream:75 - [STDERR_REDIRECT] 
2026-02-10 21:03:57,271 [ERROR] LogOutputStream:75 - [STDERR_REDIRECT] [Fatal Error] :1:1: Premature end of file.
2026-02-10 21:03:57,271 [ERROR] LogOutputStream:75 - [STDERR_REDIRECT] 
2026-02-10 21:03:58,269 [ERROR] LogOutputStream:75 - [STDERR_REDIRECT] [Fatal Error] :1:1: Premature end of file.
2026-02-10 21:03:58,269 [ERROR] LogOutputStream:75 - [STDERR_REDIRECT] 
2026-02-10 21:03:59,277 [ERROR] LogOutputStream:75 - [STDERR_REDIRECT] [Fatal Error] :1:1: Premature end of file.
2026-02-10 21:03:59,278 [ERROR] LogOutputStream:75 - [STDERR_REDIRECT] 
2026-02-10 21:04:00,266 [ERROR] LogOutputStream:75 - [STDERR_REDIRECT] [Fatal Error] :1:1: Premature end of file.
2026-02-10 21:04:00,266 [ERROR] LogOutputStream:75 - [STDERR_REDIRECT] 
2026-02-10 21:04:01,274 [ERROR] LogOutputStream:75 - [STDERR_REDIRECT] [Fatal Error] :1:1: Premature end of file.
2026-02-10 21:04:01,274 [ERROR] LogOutputStream:75 - [STDERR_REDIRECT] 
2026-02-10 21:04:02,259 [ERROR] LogOutputStream:75 - [STDERR_REDIRECT] [Fatal Error] :1:1: Premature end of file.
2026-02-10 21:04:02,259 [ERROR] LogOutputStream:75 - [STDERR_REDIRECT] 
2026-02-10 21:04:03,264 [ERROR] LogOutputStream:75 - [STDERR_REDIRECT] [Fatal Error] :1:1: Premature end of file.
2026-02-10 21:04:03,264 [ERROR] LogOutputStream:75 - [STDERR_REDIRECT] 
2026-02-10 21:04:04,258 [ERROR] LogOutputStream:75 - [STDERR_REDIRECT] [Fatal Error] :1:1: Premature end of file.
2026-02-10 21:04:04,258 [ERROR] LogOutputStream:75 - [STDERR_REDIRECT] 
2026-02-10 21:04:05,261 [ERROR] LogOutputStream:75 - [STDERR_REDIRECT] [Fatal Error] :1:1: Premature end of file.
2026-02-10 21:04:05,261 [ERROR] LogOutputStream:75 - [STDERR_REDIRECT] 
2026-02-10 21:04:06,266 [ERROR] LogOutputStream:75 - [STDERR_REDIRECT] [Fatal Error] :1:1: Premature end of file.
2026-02-10 21:04:06,266 [ERROR] LogOutputStream:75 - [STDERR_REDIRECT] 
2026-02-10 21:04:07,259 [ERROR] LogOutputStream:75 - [STDERR_REDIRECT] [Fatal Error] :1:1: Premature end of file.
2026-02-10 21:04:07,259 [ERROR] LogOutputStream:75 - [STDERR_REDIRECT] 
2026-02-10 21:04:08,274 [ERROR] LogOutputStream:75 - [STDERR_REDIRECT] [Fatal Error] :1:1: Premature end of file.
2026-02-10 21:04:08,274 [ERROR] LogOutputStream:75 - [STDERR_REDIRECT] 
2026-02-10 21:04:09,279 [ERROR] LogOutputStream:75 - [STDERR_REDIRECT] [Fatal Error] :1:1: Premature end of file.
2026-02-10 21:04:09,279 [ERROR] LogOutputStream:75 - [STDERR_REDIRECT] 
2026-02-10 21:04:10,273 [ERROR] LogOutputStream:75 - [STDERR_REDIRECT] [Fatal Error] :1:1: Premature end of file.
2026-02-10 21:04:10,273 [ERROR] LogOutputStream:75 - [STDERR_REDIRECT] 
2026-02-10 21:04:11,268 [ERROR] LogOutputStream:75 - [STDERR_REDIRECT] [Fatal Error] :1:1: Premature end of file.
2026-02-10 21:04:11,269 [ERROR] LogOutputStream:75 - [STDERR_REDIRECT] 
2026-02-10 21:04:12,271 [ERROR] LogOutputStream:75 - [STDERR_REDIRECT] [Fatal Error] :1:1: Premature end of file.
2026-02-10 21:04:12,271 [ERROR] LogOutputStream:75 - [STDERR_REDIRECT] 
2026-02-10 21:04:13,279 [ERROR] LogOutputStream:75 - [STDERR_REDIRECT] [Fatal Error] :1:1: Premature end of file.
2026-02-10 21:04:13,279 [ERROR] LogOutputStream:75 - [STDERR_REDIRECT] 
2026-02-10 21:04:14,272 [ERROR] LogOutputStream:75 - [STDERR_REDIRECT] [Fatal Error] :1:1: Premature end of file.
2026-02-10 21:04:14,272 [ERROR] LogOutputStream:75 - [STDERR_REDIRECT] 
2026-02-10 21:04:15,269 [ERROR] LogOutputStream:75 - [STDERR_REDIRECT] [Fatal Error] :1:1: Premature end of file.
2026-02-10 21:04:15,269 [ERROR] LogOutputStream:75 - [STDERR_REDIRECT] 
2026-02-10 21:04:16,271 [ERROR] LogOutputStream:75 - [STDERR_REDIRECT] [Fatal Error] :1:1: Premature end of file.
2026-02-10 21:04:16,271 [ERROR] LogOutputStream:75 - [STDERR_REDIRECT] 
2026-02-10 21:04:17,267 [ERROR] LogOutputStream:75 - [STDERR_REDIRECT] [Fatal Error] :1:1: Premature end of file.
2026-02-10 21:04:17,268 [ERROR] LogOutputStream:75 - [STDERR_REDIRECT] 
2026-02-10 21:04:18,263 [ERROR] LogOutputStream:75 - [STDERR_REDIRECT] [Fatal Error] :1:1: Premature end of file.
2026-02-10 21:04:18,263 [ERROR] LogOutputStream:75 - [STDERR_REDIRECT] 
2026-02-10 21:04:19,267 [ERROR] LogOutputStream:75 - [STDERR_REDIRECT] [Fatal Error] :1:1: Premature end of file.
2026-02-10 21:04:19,267 [ERROR] LogOutputStream:75 - [STDERR_REDIRECT] 
2026-02-10 21:04:20,265 [ERROR] LogOutputStream:75 - [STDERR_REDIRECT] [Fatal Error] :1:1: Premature end of file.
2026-02-10 21:04:20,265 [ERROR] LogOutputStream:75 - [STDERR_REDIRECT] 
2026-02-10 21:04:21,271 [ERROR] LogOutputStream:75 - [STDERR_REDIRECT] [Fatal Error] :1:1: Premature end of file.
2026-02-10 21:04:21,271 [ERROR] LogOutputStream:75 - [STDERR_REDIRECT] 
2026-02-10 21:04:22,272 [ERROR] LogOutputStream:75 - [STDERR_REDIRECT] [Fatal Error] :1:1: Premature end of file.
2026-02-10 21:04:22,272 [ERROR] LogOutputStream:75 - [STDERR_REDIRECT] 
2026-02-10 21:04:23,271 [ERROR] LogOutputStream:75 - [STDERR_REDIRECT] [Fatal Error] :1:1: Premature end of file.
2026-02-10 21:04:23,271 [ERROR] LogOutputStream:75 - [STDERR_REDIRECT] 
2026-02-10 21:04:24,257 [ERROR] LogOutputStream:75 - [STDERR_REDIRECT] [Fatal Error] :1:1: Premature end of file.
2026-02-10 21:04:24,257 [ERROR] LogOutputStream:75 - [STDERR_REDIRECT] 
2026-02-10 21:04:25,283 [ERROR] LogOutputStream:75 - [STDERR_REDIRECT] [Fatal Error] :1:1: Premature end of file.
2026-02-10 21:04:25,283 [ERROR] LogOutputStream:75 - [STDERR_REDIRECT] 
2026-02-10 21:04:26,262 [ERROR] LogOutputStream:75 - [STDERR_REDIRECT] [Fatal Error] :1:1: Premature end of file.
2026-02-10 21:04:26,262 [ERROR] LogOutputStream:75 - [STDERR_REDIRECT] 
2026-02-10 21:04:27,268 [ERROR] LogOutputStream:75 - [STDERR_REDIRECT] [Fatal Error] :1:1: Premature end of file.
2026-02-10 21:04:27,268 [ERROR] LogOutputStream:75 - [STDERR_REDIRECT] 
2026-02-10 21:04:28,262 [ERROR] LogOutputStream:75 - [STDERR_REDIRECT] [Fatal Error] :1:1: Premature end of file.
2026-02-10 21:04:28,262 [ERROR] LogOutputStream:75 - [STDERR_REDIRECT] 
2026-02-10 21:04:29,272 [ERROR] LogOutputStream:75 - [STDERR_REDIRECT] [Fatal Error] :1:1: Premature end of file.
2026-02-10 21:04:29,273 [ERROR] LogOutputStream:75 - [STDERR_REDIRECT] 
2026-02-10 21:04:30,275 [ERROR] LogOutputStream:75 - [STDERR_REDIRECT] [Fatal Error] :1:1: Premature end of file.
2026-02-10 21:04:30,276 [ERROR] LogOutputStream:75 - [STDERR_REDIRECT] 
2026-02-10 21:04:31,272 [ERROR] LogOutputStream:75 - [STDERR_REDIRECT] [Fatal Error] :1:1: Premature end of file.
2026-02-10 21:04:31,272 [ERROR] LogOutputStream:75 - [STDERR_REDIRECT] 
2026-02-10 21:04:32,261 [ERROR] LogOutputStream:75 - [STDERR_REDIRECT] [Fatal Error] :1:1: Premature end of file.
2026-02-10 21:04:32,261 [ERROR] LogOutputStream:75 - [STDERR_REDIRECT] 
2026-02-10 21:04:33,264 [ERROR] LogOutputStream:75 - [STDERR_REDIRECT] [Fatal Error] :1:1: Premature end of file.
2026-02-10 21:04:33,264 [ERROR] LogOutputStream:75 - [STDERR_REDIRECT] 
2026-02-10 21:04:34,273 [ERROR] LogOutputStream:75 - [STDERR_REDIRECT] [Fatal Error] :1:1: Premature end of file.
2026-02-10 21:04:34,274 [ERROR] LogOutputStream:75 - [STDERR_REDIRECT] 
2026-02-10 21:04:35,262 [ERROR] LogOutputStream:75 - [STDERR_REDIRECT] [Fatal Error] :1:1: Premature end of file.
2026-02-10 21:04:35,262 [ERROR] LogOutputStream:75 - [STDERR_REDIRECT] 
2026-02-10 21:04:36,277 [ERROR] LogOutputStream:75 - [STDERR_REDIRECT] [Fatal Error] :1:1: Premature end of file.
2026-02-10 21:04:36,277 [ERROR] LogOutputStream:75 - [STDERR_REDIRECT] 
2026-02-10 21:04:37,264 [ERROR] LogOutputStream:75 - [STDERR_REDIRECT] [Fatal Error] :1:1: Premature end of file.
2026-02-10 21:04:37,264 [ERROR] LogOutputStream:75 - [STDERR_REDIRECT] 
2026-02-10 21:04:38,268 [ERROR] LogOutputStream:75 - [STDERR_REDIRECT] [Fatal Error] :1:1: Premature end of file.
2026-02-10 21:04:38,268 [ERROR] LogOutputStream:75 - [STDERR_REDIRECT] 
2026-02-10 21:04:39,274 [ERROR] LogOutputStream:75 - [STDERR_REDIRECT] [Fatal Error] :1:1: Premature end of file.
2026-02-10 21:04:39,274 [ERROR] LogOutputStream:75 - [STDERR_REDIRECT] 
2026-02-10 21:04:40,275 [ERROR] LogOutputStream:75 - [STDERR_REDIRECT] [Fatal Error] :1:1: Premature end of file.
2026-02-10 21:04:40,275 [ERROR] LogOutputStream:75 - [STDERR_REDIRECT] 
2026-02-10 21:04:41,274 [ERROR] LogOutputStream:75 - [STDERR_REDIRECT] [Fatal Error] :1:1: Premature end of file.
2026-02-10 21:04:41,274 [ERROR] LogOutputStream:75 - [STDERR_REDIRECT] 
2026-02-10 21:04:42,268 [ERROR] LogOutputStream:75 - [STDERR_REDIRECT] [Fatal Error] :1:1: Premature end of file.
2026-02-10 21:04:42,268 [ERROR] LogOutputStream:75 - [STDERR_REDIRECT] 
2026-02-10 21:04:43,267 [ERROR] LogOutputStream:75 - [STDERR_REDIRECT] [Fatal Error] :1:1: Premature end of file.
2026-02-10 21:04:43,267 [ERROR] LogOutputStream:75 - [STDERR_REDIRECT] 
2026-02-10 21:04:44,263 [ERROR] LogOutputStream:75 - [STDERR_REDIRECT] [Fatal Error] :1:1: Premature end of file.
2026-02-10 21:04:44,263 [ERROR] LogOutputStream:75 - [STDERR_REDIRECT] 
2026-02-10 21:04:45,276 [ERROR] LogOutputStream:75 - [STDERR_REDIRECT] [Fatal Error] :1:1: Premature end of file.
2026-02-10 21:04:45,276 [ERROR] LogOutputStream:75 - [STDERR_REDIRECT] 
2026-02-10 21:04:46,264 [ERROR] LogOutputStream:75 - [STDERR_REDIRECT] [Fatal Error] :1:1: Premature end of file.
2026-02-10 21:04:46,264 [ERROR] LogOutputStream:75 - [STDERR_REDIRECT] 
2026-02-10 21:04:47,262 [ERROR] LogOutputStream:75 - [STDERR_REDIRECT] [Fatal Error] :1:1: Premature end of file.
2026-02-10 21:04:47,262 [ERROR] LogOutputStream:75 - [STDERR_REDIRECT] 
2026-02-10 21:04:48,262 [ERROR] LogOutputStream:75 - [STDERR_REDIRECT] [Fatal Error] :1:1: Premature end of file.
2026-02-10 21:04:48,262 [ERROR] LogOutputStream:75 - [STDERR_REDIRECT] 
2026-02-10 21:04:49,269 [ERROR] LogOutputStream:75 - [STDERR_REDIRECT] [Fatal Error] :1:1: Premature end of file.
2026-02-10 21:04:49,269 [ERROR] LogOutputStream:75 - [STDERR_REDIRECT] 
2026-02-10 21:04:50,265 [ERROR] LogOutputStream:75 - [STDERR_REDIRECT] [Fatal Error] :1:1: Premature end of file.
2026-02-10 21:04:50,265 [ERROR] LogOutputStream:75 - [STDERR_REDIRECT] 
2026-02-10 21:04:51,258 [ERROR] LogOutputStream:75 - [STDERR_REDIRECT] [Fatal Error] :1:1: Premature end of file.
2026-02-10 21:04:51,258 [ERROR] LogOutputStream:75 - [STDERR_REDIRECT] 
2026-02-10 21:04:52,261 [ERROR] LogOutputStream:75 - [STDERR_REDIRECT] [Fatal Error] :1:1: Premature end of file.
2026-02-10 21:04:52,261 [ERROR] LogOutputStream:75 - [STDERR_REDIRECT] 
2026-02-10 21:04:53,268 [ERROR] LogOutputStream:75 - [STDERR_REDIRECT] [Fatal Error] :1:1: Premature end of file.
2026-02-10 21:04:53,268 [ERROR] LogOutputStream:75 - [STDERR_REDIRECT] 
2026-02-10 21:04:54,263 [ERROR] LogOutputStream:75 - [STDERR_REDIRECT] [Fatal Error] :1:1: Premature end of file.
2026-02-10 21:04:54,264 [ERROR] LogOutputStream:75 - [STDERR_REDIRECT] 
2026-02-10 21:04:55,261 [ERROR] LogOutputStream:75 - [STDERR_REDIRECT] [Fatal Error] :1:1: Premature end of file.
2026-02-10 21:04:55,261 [ERROR] LogOutputStream:75 - [STDERR_REDIRECT] 
2026-02-10 21:04:56,269 [ERROR] LogOutputStream:75 - [STDERR_REDIRECT] [Fatal Error] :1:1: Premature end of file.
2026-02-10 21:04:56,269 [ERROR] LogOutputStream:75 - [STDERR_REDIRECT] 
2026-02-10 21:04:57,258 [ERROR] LogOutputStream:75 - [STDERR_REDIRECT] [Fatal Error] :1:1: Premature end of file.
2026-02-10 21:04:57,258 [ERROR] LogOutputStream:75 - [STDERR_REDIRECT] 
2026-02-10 21:04:58,276 [ERROR] LogOutputStream:75 - [STDERR_REDIRECT] [Fatal Error] :1:1: Premature end of file.
2026-02-10 21:04:58,276 [ERROR] LogOutputStream:75 - [STDERR_REDIRECT] 
2026-02-10 21:04:59,262 [ERROR] LogOutputStream:75 - [STDERR_REDIRECT] [Fatal Error] :1:1: Premature end of file.
2026-02-10 21:04:59,262 [ERROR] LogOutputStream:75 - [STDERR_REDIRECT] 
2026-02-10 21:05:00,279 [ERROR] LogOutputStream:75 - [STDERR_REDIRECT] [Fatal Error] :1:1: Premature end of file.
2026-02-10 21:05:00,279 [ERROR] LogOutputStream:75 - [STDERR_REDIRECT] 
2026-02-10 21:05:01,261 [ERROR] LogOutputStream:75 - [STDERR_REDIRECT] [Fatal Error] :1:1: Premature end of file.
2026-02-10 21:05:01,261 [ERROR] LogOutputStream:75 - [STDERR_REDIRECT] 
2026-02-10 21:05:02,263 [ERROR] LogOutputStream:75 - [STDERR_REDIRECT] [Fatal Error] :1:1: Premature end of file.
2026-02-10 21:05:02,263 [ERROR] LogOutputStream:75 - [STDERR_REDIRECT] 
2026-02-10 21:05:03,263 [ERROR] LogOutputStream:75 - [STDERR_REDIRECT] [Fatal Error] :1:1: Premature end of file.
2026-02-10 21:05:03,263 [ERROR] LogOutputStream:75 - [STDERR_REDIRECT] 
2026-02-10 21:05:04,282 [ERROR] LogOutputStream:75 - [STDERR_REDIRECT] [Fatal Error] :1:1: Premature end of file.
2026-02-10 21:05:04,282 [ERROR] LogOutputStream:75 - [STDERR_REDIRECT] 
2026-02-10 21:05:05,276 [ERROR] LogOutputStream:75 - [STDERR_REDIRECT] [Fatal Error] :1:1: Premature end of file.
2026-02-10 21:05:05,277 [ERROR] LogOutputStream:75 - [STDERR_REDIRECT] 
2026-02-10 21:05:06,270 [ERROR] LogOutputStream:75 - [STDERR_REDIRECT] [Fatal Error] :1:1: Premature end of file.
2026-02-10 21:05:06,270 [ERROR] LogOutputStream:75 - [STDERR_REDIRECT] 
2026-02-10 21:05:07,276 [ERROR] LogOutputStream:75 - [STDERR_REDIRECT] [Fatal Error] :1:1: Premature end of file.
2026-02-10 21:05:07,276 [ERROR] LogOutputStream:75 - [STDERR_REDIRECT] 
2026-02-10 21:05:08,263 [ERROR] LogOutputStream:75 - [STDERR_REDIRECT] [Fatal Error] :1:1: Premature end of file.
2026-02-10 21:05:08,263 [ERROR] LogOutputStream:75 - [STDERR_REDIRECT] 
2026-02-10 21:05:09,269 [ERROR] LogOutputStream:75 - [STDERR_REDIRECT] [Fatal Error] :1:1: Premature end of file.
2026-02-10 21:05:09,271 [ERROR] LogOutputStream:75 - [STDERR_REDIRECT] 
2026-02-10 21:05:10,264 [ERROR] LogOutputStream:75 - [STDERR_REDIRECT] [Fatal Error] :1:1: Premature end of file.
2026-02-10 21:05:10,264 [ERROR] LogOutputStream:75 - [STDERR_REDIRECT] 
2026-02-10 21:05:11,275 [ERROR] LogOutputStream:75 - [STDERR_REDIRECT] [Fatal Error] :1:1: Premature end of file.
2026-02-10 21:05:11,275 [ERROR] LogOutputStream:75 - [STDERR_REDIRECT] 
2026-02-10 21:05:12,277 [ERROR] LogOutputStream:75 - [STDERR_REDIRECT] [Fatal Error] :1:1: Premature end of file.
2026-02-10 21:05:12,277 [ERROR] LogOutputStream:75 - [STDERR_REDIRECT] 
2026-02-10 21:05:13,267 [ERROR] LogOutputStream:75 - [STDERR_REDIRECT] [Fatal Error] :1:1: Premature end of file.
2026-02-10 21:05:13,268 [ERROR] LogOutputStream:75 - [STDERR_REDIRECT] 
2026-02-10 21:05:14,257 [ERROR] LogOutputStream:75 - [STDERR_REDIRECT] [Fatal Error] :1:1: Premature end of file.
2026-02-10 21:05:14,257 [ERROR] LogOutputStream:75 - [STDERR_REDIRECT] 
2026-02-10 21:05:15,276 [ERROR] LogOutputStream:75 - [STDERR_REDIRECT] [Fatal Error] :1:1: Premature end of file.
2026-02-10 21:05:15,276 [ERROR] LogOutputStream:75 - [STDERR_REDIRECT] 
2026-02-10 21:05:16,273 [ERROR] LogOutputStream:75 - [STDERR_REDIRECT] [Fatal Error] :1:1: Premature end of file.
2026-02-10 21:05:16,273 [ERROR] LogOutputStream:75 - [STDERR_REDIRECT] 
2026-02-10 21:05:17,260 [ERROR] LogOutputStream:75 - [STDERR_REDIRECT] [Fatal Error] :1:1: Premature end of file.
2026-02-10 21:05:17,266 [ERROR] LogOutputStream:75 - [STDERR_REDIRECT] 
2026-02-10 21:05:18,275 [ERROR] LogOutputStream:75 - [STDERR_REDIRECT] [Fatal Error] :1:1: Premature end of file.
2026-02-10 21:05:18,275 [ERROR] LogOutputStream:75 - [STDERR_REDIRECT] 
2026-02-10 21:05:19,275 [ERROR] LogOutputStream:75 - [STDERR_REDIRECT] [Fatal Error] :1:1: Premature end of file.
2026-02-10 21:05:19,275 [ERROR] LogOutputStream:75 - [STDERR_REDIRECT] 
2026-02-10 21:05:20,263 [ERROR] LogOutputStream:75 - [STDERR_REDIRECT] [Fatal Error] :1:1: Premature end of file.
2026-02-10 21:05:20,263 [ERROR] LogOutputStream:75 - [STDERR_REDIRECT] 
2026-02-10 21:05:21,280 [ERROR] LogOutputStream:75 - [STDERR_REDIRECT] [Fatal Error] :1:1: Premature end of file.
2026-02-10 21:05:21,280 [ERROR] LogOutputStream:75 - [STDERR_REDIRECT] 
2026-02-10 21:05:22,258 [ERROR] LogOutputStream:75 - [STDERR_REDIRECT] [Fatal Error] :1:1: Premature end of file.
2026-02-10 21:05:22,258 [ERROR] LogOutputStream:75 - [STDERR_REDIRECT] 
2026-02-10 21:05:23,256 [ERROR] LogOutputStream:75 - [STDERR_REDIRECT] [Fatal Error] :1:1: Premature end of file.
2026-02-10 21:05:23,256 [ERROR] LogOutputStream:75 - [STDERR_REDIRECT] 
2026-02-10 21:05:24,272 [ERROR] LogOutputStream:75 - [STDERR_REDIRECT] [Fatal Error] :1:1: Premature end of file.
2026-02-10 21:05:24,272 [ERROR] LogOutputStream:75 - [STDERR_REDIRECT] 
2026-02-10 21:05:25,264 [ERROR] LogOutputStream:75 - [STDERR_REDIRECT] [Fatal Error] :1:1: Premature end of file.
2026-02-10 21:05:25,264 [ERROR] LogOutputStream:75 - [STDERR_REDIRECT] 
2026-02-10 21:05:26,277 [ERROR] LogOutputStream:75 - [STDERR_REDIRECT] [Fatal Error] :1:1: Premature end of file.
2026-02-10 21:05:26,277 [ERROR] LogOutputStream:75 - [STDERR_REDIRECT] 
2026-02-10 21:05:27,275 [ERROR] LogOutputStream:75 - [STDERR_REDIRECT] [Fatal Error] :1:1: Premature end of file.
2026-02-10 21:05:27,275 [ERROR] LogOutputStream:75 - [STDERR_REDIRECT] 
2026-02-10 21:05:28,267 [ERROR] LogOutputStream:75 - [STDERR_REDIRECT] [Fatal Error] :1:1: Premature end of file.
2026-02-10 21:05:28,267 [ERROR] LogOutputStream:75 - [STDERR_REDIRECT] 
2026-02-10 21:05:29,275 [ERROR] LogOutputStream:75 - [STDERR_REDIRECT] [Fatal Error] :1:1: Premature end of file.
2026-02-10 21:05:29,275 [ERROR] LogOutputStream:75 - [STDERR_REDIRECT] 
2026-02-10 21:05:30,260 [ERROR] LogOutputStream:75 - [STDERR_REDIRECT] [Fatal Error] :1:1: Premature end of file.
2026-02-10 21:05:30,260 [ERROR] LogOutputStream:75 - [STDERR_REDIRECT] 
2026-02-10 21:05:31,267 [ERROR] LogOutputStream:75 - [STDERR_REDIRECT] [Fatal Error] :1:1: Premature end of file.
2026-02-10 21:05:31,267 [ERROR] LogOutputStream:75 - [STDERR_REDIRECT] 
2026-02-10 21:05:32,262 [ERROR] LogOutputStream:75 - [STDERR_REDIRECT] [Fatal Error] :1:1: Premature end of file.
2026-02-10 21:05:32,262 [ERROR] LogOutputStream:75 - [STDERR_REDIRECT] 
2026-02-10 21:05:33,275 [ERROR] LogOutputStream:75 - [STDERR_REDIRECT] [Fatal Error] :1:1: Premature end of file.
2026-02-10 21:05:33,275 [ERROR] LogOutputStream:75 - [STDERR_REDIRECT] 
2026-02-10 21:05:34,273 [ERROR] LogOutputStream:75 - [STDERR_REDIRECT] [Fatal Error] :1:1: Premature end of file.
2026-02-10 21:05:34,274 [ERROR] LogOutputStream:75 - [STDERR_REDIRECT] 
2026-02-10 21:05:35,265 [ERROR] LogOutputStream:75 - [STDERR_REDIRECT] [Fatal Error] :1:1: Premature end of file.
2026-02-10 21:05:35,265 [ERROR] LogOutputStream:75 - [STDERR_REDIRECT] 
2026-02-10 21:05:36,256 [ERROR] LogOutputStream:75 - [STDERR_REDIRECT] [Fatal Error] :1:1: Premature end of file.
2026-02-10 21:05:36,256 [ERROR] LogOutputStream:75 - [STDERR_REDIRECT] 
2026-02-10 21:05:37,274 [ERROR] LogOutputStream:75 - [STDERR_REDIRECT] [Fatal Error] :1:1: Premature end of file.
2026-02-10 21:05:37,274 [ERROR] LogOutputStream:75 - [STDERR_REDIRECT] 
2026-02-10 21:05:38,261 [ERROR] LogOutputStream:75 - [STDERR_REDIRECT] [Fatal Error] :1:1: Premature end of file.
2026-02-10 21:05:38,261 [ERROR] LogOutputStream:75 - [STDERR_REDIRECT] 
2026-02-10 21:05:39,270 [ERROR] LogOutputStream:75 - [STDERR_REDIRECT] [Fatal Error] :1:1: Premature end of file.
2026-02-10 21:05:39,270 [ERROR] LogOutputStream:75 - [STDERR_REDIRECT] 
2026-02-10 21:05:40,275 [ERROR] LogOutputStream:75 - [STDERR_REDIRECT] [Fatal Error] :1:1: Premature end of file.
2026-02-10 21:05:40,275 [ERROR] LogOutputStream:75 - [STDERR_REDIRECT] 
2026-02-10 21:05:41,268 [ERROR] LogOutputStream:75 - [STDERR_REDIRECT] [Fatal Error] :1:1: Premature end of file.
2026-02-10 21:05:41,268 [ERROR] LogOutputStream:75 - [STDERR_REDIRECT] 
2026-02-10 21:05:42,268 [ERROR] LogOutputStream:75 - [STDERR_REDIRECT] [Fatal Error] :1:1: Premature end of file.
2026-02-10 21:05:42,268 [ERROR] LogOutputStream:75 - [STDERR_REDIRECT] 
2026-02-10 21:05:43,265 [ERROR] LogOutputStream:75 - [STDERR_REDIRECT] [Fatal Error] :1:1: Premature end of file.
2026-02-10 21:05:43,265 [ERROR] LogOutputStream:75 - [STDERR_REDIRECT] 
2026-02-10 21:05:44,299 [ERROR] LogOutputStream:75 - [STDERR_REDIRECT] [Fatal Error] :1:1: Premature end of file.
2026-02-10 21:05:44,299 [ERROR] LogOutputStream:75 - [STDERR_REDIRECT] 
2026-02-10 21:05:45,266 [ERROR] LogOutputStream:75 - [STDERR_REDIRECT] [Fatal Error] :1:1: Premature end of file.
2026-02-10 21:05:45,266 [ERROR] LogOutputStream:75 - [STDERR_REDIRECT] 
2026-02-10 21:05:46,270 [ERROR] LogOutputStream:75 - [STDERR_REDIRECT] [Fatal Error] :1:1: Premature end of file.
2026-02-10 21:05:46,270 [ERROR] LogOutputStream:75 - [STDERR_REDIRECT] 
2026-02-10 21:05:47,264 [ERROR] LogOutputStream:75 - [STDERR_REDIRECT] [Fatal Error] :1:1: Premature end of file.
2026-02-10 21:05:47,264 [ERROR] LogOutputStream:75 - [STDERR_REDIRECT] 
2026-02-10 21:05:48,275 [ERROR] LogOutputStream:75 - [STDERR_REDIRECT] [Fatal Error] :1:1: Premature end of file.
2026-02-10 21:05:48,275 [ERROR] LogOutputStream:75 - [STDERR_REDIRECT] 
2026-02-10 21:05:49,262 [ERROR] LogOutputStream:75 - [STDERR_REDIRECT] [Fatal Error] :1:1: Premature end of file.
2026-02-10 21:05:49,262 [ERROR] LogOutputStream:75 - [STDERR_REDIRECT] 
2026-02-10 21:05:50,265 [ERROR] LogOutputStream:75 - [STDERR_REDIRECT] [Fatal Error] :1:1: Premature end of file.
2026-02-10 21:05:50,265 [ERROR] LogOutputStream:75 - [STDERR_REDIRECT] 
2026-02-10 21:05:51,265 [ERROR] LogOutputStream:75 - [STDERR_REDIRECT] [Fatal Error] :1:1: Premature end of file.
2026-02-10 21:05:51,265 [ERROR] LogOutputStream:75 - [STDERR_REDIRECT] 
2026-02-10 21:05:52,267 [ERROR] LogOutputStream:75 - [STDERR_REDIRECT] [Fatal Error] :1:1: Premature end of file.
2026-02-10 21:05:52,267 [ERROR] LogOutputStream:75 - [STDERR_REDIRECT] 
2026-02-10 21:05:53,266 [ERROR] LogOutputStream:75 - [STDERR_REDIRECT] [Fatal Error] :1:1: Premature end of file.
2026-02-10 21:05:53,266 [ERROR] LogOutputStream:75 - [STDERR_REDIRECT] 
2026-02-10 21:05:54,260 [ERROR] LogOutputStream:75 - [STDERR_REDIRECT] [Fatal Error] :1:1: Premature end of file.
2026-02-10 21:05:54,260 [ERROR] LogOutputStream:75 - [STDERR_REDIRECT] 
2026-02-10 21:05:55,266 [ERROR] LogOutputStream:75 - [STDERR_REDIRECT] [Fatal Error] :1:1: Premature end of file.
2026-02-10 21:05:55,266 [ERROR] LogOutputStream:75 - [STDERR_REDIRECT] 
2026-02-10 21:05:56,257 [ERROR] LogOutputStream:75 - [STDERR_REDIRECT] [Fatal Error] :1:1: Premature end of file.
2026-02-10 21:05:56,257 [ERROR] LogOutputStream:75 - [STDERR_REDIRECT] 
2026-02-10 21:05:57,272 [ERROR] LogOutputStream:75 - [STDERR_REDIRECT] [Fatal Error] :1:1: Premature end of file.
2026-02-10 21:05:57,272 [ERROR] LogOutputStream:75 - [STDERR_REDIRECT] 
2026-02-10 21:05:58,264 [ERROR] LogOutputStream:75 - [STDERR_REDIRECT] [Fatal Error] :1:1: Premature end of file.
2026-02-10 21:05:58,269 [ERROR] LogOutputStream:75 - [STDERR_REDIRECT] 
2026-02-10 21:05:59,270 [ERROR] LogOutputStream:75 - [STDERR_REDIRECT] [Fatal Error] :1:1: Premature end of file.
2026-02-10 21:05:59,270 [ERROR] LogOutputStream:75 - [STDERR_REDIRECT] 
2026-02-10 21:06:00,273 [ERROR] LogOutputStream:75 - [STDERR_REDIRECT] [Fatal Error] :1:1: Premature end of file.
2026-02-10 21:06:00,273 [ERROR] LogOutputStream:75 - [STDERR_REDIRECT] 
2026-02-10 21:06:01,270 [ERROR] LogOutputStream:75 - [STDERR_REDIRECT] [Fatal Error] :1:1: Premature end of file.
2026-02-10 21:06:01,270 [ERROR] LogOutputStream:75 - [STDERR_REDIRECT] 
2026-02-10 21:06:02,276 [ERROR] LogOutputStream:75 - [STDERR_REDIRECT] [Fatal Error] :1:1: Premature end of file.
2026-02-10 21:06:02,276 [ERROR] LogOutputStream:75 - [STDERR_REDIRECT] 
2026-02-10 21:06:03,267 [ERROR] LogOutputStream:75 - [STDERR_REDIRECT] [Fatal Error] :1:1: Premature end of file.
2026-02-10 21:06:03,267 [ERROR] LogOutputStream:75 - [STDERR_REDIRECT] 
2026-02-10 21:06:04,267 [ERROR] LogOutputStream:75 - [STDERR_REDIRECT] [Fatal Error] :1:1: Premature end of file.
2026-02-10 21:06:04,267 [ERROR] LogOutputStream:75 - [STDERR_REDIRECT] 
2026-02-10 21:06:05,263 [ERROR] LogOutputStream:75 - [STDERR_REDIRECT] [Fatal Error] :1:1: Premature end of file.
2026-02-10 21:06:05,263 [ERROR] LogOutputStream:75 - [STDERR_REDIRECT] 
2026-02-10 21:06:06,275 [ERROR] LogOutputStream:75 - [STDERR_REDIRECT] [Fatal Error] :1:1: Premature end of file.
2026-02-10 21:06:06,275 [ERROR] LogOutputStream:75 - [STDERR_REDIRECT] 
2026-02-10 21:06:07,261 [ERROR] LogOutputStream:75 - [STDERR_REDIRECT] [Fatal Error] :1:1: Premature end of file.
2026-02-10 21:06:07,261 [ERROR] LogOutputStream:75 - [STDERR_REDIRECT] 
2026-02-10 21:06:08,275 [ERROR] LogOutputStream:75 - [STDERR_REDIRECT] [Fatal Error] :1:1: Premature end of file.
2026-02-10 21:06:08,275 [ERROR] LogOutputStream:75 - [STDERR_REDIRECT] 
2026-02-10 21:06:09,262 [ERROR] LogOutputStream:75 - [STDERR_REDIRECT] [Fatal Error] :1:1: Premature end of file.
2026-02-10 21:06:09,262 [ERROR] LogOutputStream:75 - [STDERR_REDIRECT] 
2026-02-10 21:06:10,273 [ERROR] LogOutputStream:75 - [STDERR_REDIRECT] [Fatal Error] :1:1: Premature end of file.
2026-02-10 21:06:10,273 [ERROR] LogOutputStream:75 - [STDERR_REDIRECT] 
2026-02-10 21:06:11,265 [ERROR] LogOutputStream:75 - [STDERR_REDIRECT] [Fatal Error] :1:1: Premature end of file.
2026-02-10 21:06:11,265 [ERROR] LogOutputStream:75 - [STDERR_REDIRECT] 
2026-02-10 21:06:12,259 [ERROR] LogOutputStream:75 - [STDERR_REDIRECT] [Fatal Error] :1:1: Premature end of file.
2026-02-10 21:06:12,259 [ERROR] LogOutputStream:75 - [STDERR_REDIRECT] 
2026-02-10 21:06:13,269 [ERROR] LogOutputStream:75 - [STDERR_REDIRECT] [Fatal Error] :1:1: Premature end of file.
2026-02-10 21:06:13,270 [ERROR] LogOutputStream:75 - [STDERR_REDIRECT] 
2026-02-10 21:06:14,270 [ERROR] LogOutputStream:75 - [STDERR_REDIRECT] [Fatal Error] :1:1: Premature end of file.
2026-02-10 21:06:14,270 [ERROR] LogOutputStream:75 - [STDERR_REDIRECT] 
2026-02-10 21:06:15,277 [ERROR] LogOutputStream:75 - [STDERR_REDIRECT] [Fatal Error] :1:1: Premature end of file.
2026-02-10 21:06:15,277 [ERROR] LogOutputStream:75 - [STDERR_REDIRECT] 
2026-02-10 21:06:16,259 [ERROR] LogOutputStream:75 - [STDERR_REDIRECT] [Fatal Error] :1:1: Premature end of file.
2026-02-10 21:06:16,259 [ERROR] LogOutputStream:75 - [STDERR_REDIRECT] 
2026-02-10 21:06:17,266 [ERROR] LogOutputStream:75 - [STDERR_REDIRECT] [Fatal Error] :1:1: Premature end of file.
2026-02-10 21:06:17,266 [ERROR] LogOutputStream:75 - [STDERR_REDIRECT] 
2026-02-10 21:06:18,268 [ERROR] LogOutputStream:75 - [STDERR_REDIRECT] [Fatal Error] :1:1: Premature end of file.
2026-02-10 21:06:18,268 [ERROR] LogOutputStream:75 - [STDERR_REDIRECT] 
2026-02-10 21:06:19,272 [ERROR] LogOutputStream:75 - [STDERR_REDIRECT] [Fatal Error] :1:1: Premature end of file.
2026-02-10 21:06:19,272 [ERROR] LogOutputStream:75 - [STDERR_REDIRECT] 
2026-02-10 21:06:20,273 [ERROR] LogOutputStream:75 - [STDERR_REDIRECT] [Fatal Error] :1:1: Premature end of file.
2026-02-10 21:06:20,273 [ERROR] LogOutputStream:75 - [STDERR_REDIRECT] 
2026-02-10 21:06:21,265 [ERROR] LogOutputStream:75 - [STDERR_REDIRECT] [Fatal Error] :1:1: Premature end of file.
2026-02-10 21:06:21,265 [ERROR] LogOutputStream:75 - [STDERR_REDIRECT] 
2026-02-10 21:06:22,263 [ERROR] LogOutputStream:75 - [STDERR_REDIRECT] [Fatal Error] :1:1: Premature end of file.
2026-02-10 21:06:22,263 [ERROR] LogOutputStream:75 - [STDERR_REDIRECT] 
2026-02-10 21:06:23,263 [ERROR] LogOutputStream:75 - [STDERR_REDIRECT] [Fatal Error] :1:1: Premature end of file.
2026-02-10 21:06:23,263 [ERROR] LogOutputStream:75 - [STDERR_REDIRECT] 
2026-02-10 21:06:24,267 [ERROR] LogOutputStream:75 - [STDERR_REDIRECT] [Fatal Error] :1:1: Premature end of file.
2026-02-10 21:06:24,267 [ERROR] LogOutputStream:75 - [STDERR_REDIRECT] 
2026-02-10 21:06:25,273 [ERROR] LogOutputStream:75 - [STDERR_REDIRECT] [Fatal Error] :1:1: Premature end of file.
2026-02-10 21:06:25,274 [ERROR] LogOutputStream:75 - [STDERR_REDIRECT] 
2026-02-10 21:06:26,273 [ERROR] LogOutputStream:75 - [STDERR_REDIRECT] [Fatal Error] :1:1: Premature end of file.
2026-02-10 21:06:26,273 [ERROR] LogOutputStream:75 - [STDERR_REDIRECT] 
2026-02-10 21:06:27,273 [ERROR] LogOutputStream:75 - [STDERR_REDIRECT] [Fatal Error] :1:1: Premature end of file.
2026-02-10 21:06:27,273 [ERROR] LogOutputStream:75 - [STDERR_REDIRECT] 
2026-02-10 21:06:28,269 [ERROR] LogOutputStream:75 - [STDERR_REDIRECT] [Fatal Error] :1:1: Premature end of file.
2026-02-10 21:06:28,269 [ERROR] LogOutputStream:75 - [STDERR_REDIRECT] 
2026-02-10 21:06:29,260 [ERROR] LogOutputStream:75 - [STDERR_REDIRECT] [Fatal Error] :1:1: Premature end of file.
2026-02-10 21:06:29,260 [ERROR] LogOutputStream:75 - [STDERR_REDIRECT] 
2026-02-10 21:06:30,269 [ERROR] LogOutputStream:75 - [STDERR_REDIRECT] [Fatal Error] :1:1: Premature end of file.
2026-02-10 21:06:30,269 [ERROR] LogOutputStream:75 - [STDERR_REDIRECT] 
2026-02-10 21:06:31,279 [ERROR] LogOutputStream:75 - [STDERR_REDIRECT] [Fatal Error] :1:1: Premature end of file.
2026-02-10 21:06:31,279 [ERROR] LogOutputStream:75 - [STDERR_REDIRECT] 
2026-02-10 21:06:32,266 [ERROR] LogOutputStream:75 - [STDERR_REDIRECT] [Fatal Error] :1:1: Premature end of file.
2026-02-10 21:06:32,266 [ERROR] LogOutputStream:75 - [STDERR_REDIRECT] 
2026-02-10 21:06:33,277 [ERROR] LogOutputStream:75 - [STDERR_REDIRECT] [Fatal Error] :1:1: Premature end of file.
2026-02-10 21:06:33,277 [ERROR] LogOutputStream:75 - [STDERR_REDIRECT] 
2026-02-10 21:06:34,261 [ERROR] LogOutputStream:75 - [STDERR_REDIRECT] [Fatal Error] :1:1: Premature end of file.
2026-02-10 21:06:34,261 [ERROR] LogOutputStream:75 - [STDERR_REDIRECT] 
2026-02-10 21:06:35,267 [ERROR] LogOutputStream:75 - [STDERR_REDIRECT] [Fatal Error] :1:1: Premature end of file.
2026-02-10 21:06:35,267 [ERROR] LogOutputStream:75 - [STDERR_REDIRECT] 
2026-02-10 21:06:36,258 [ERROR] LogOutputStream:75 - [STDERR_REDIRECT] [Fatal Error] :1:1: Premature end of file.
2026-02-10 21:06:36,258 [ERROR] LogOutputStream:75 - [STDERR_REDIRECT] 
2026-02-10 21:06:37,259 [ERROR] LogOutputStream:75 - [STDERR_REDIRECT] [Fatal Error] :1:1: Premature end of file.
2026-02-10 21:06:37,259 [ERROR] LogOutputStream:75 - [STDERR_REDIRECT] 
2026-02-10 21:06:38,271 [ERROR] LogOutputStream:75 - [STDERR_REDIRECT] [Fatal Error] :1:1: Premature end of file.
2026-02-10 21:06:38,271 [ERROR] LogOutputStream:75 - [STDERR_REDIRECT] 
2026-02-10 21:06:39,265 [ERROR] LogOutputStream:75 - [STDERR_REDIRECT] [Fatal Error] :1:1: Premature end of file.
2026-02-10 21:06:39,265 [ERROR] LogOutputStream:75 - [STDERR_REDIRECT] 
2026-02-10 21:06:40,261 [ERROR] LogOutputStream:75 - [STDERR_REDIRECT] [Fatal Error] :1:1: Premature end of file.
2026-02-10 21:06:40,261 [ERROR] LogOutputStream:75 - [STDERR_REDIRECT] 
2026-02-10 21:06:41,263 [ERROR] LogOutputStream:75 - [STDERR_REDIRECT] [Fatal Error] :1:1: Premature end of file.
2026-02-10 21:06:41,263 [ERROR] LogOutputStream:75 - [STDERR_REDIRECT] 
2026-02-10 21:06:42,268 [ERROR] LogOutputStream:75 - [STDERR_REDIRECT] [Fatal Error] :1:1: Premature end of file.
2026-02-10 21:06:42,268 [ERROR] LogOutputStream:75 - [STDERR_REDIRECT] 
2026-02-10 21:06:43,271 [ERROR] LogOutputStream:75 - [STDERR_REDIRECT] [Fatal Error] :1:1: Premature end of file.
2026-02-10 21:06:43,271 [ERROR] LogOutputStream:75 - [STDERR_REDIRECT] 
2026-02-10 21:06:44,262 [ERROR] LogOutputStream:75 - [STDERR_REDIRECT] [Fatal Error] :1:1: Premature end of file.
2026-02-10 21:06:44,262 [ERROR] LogOutputStream:75 - [STDERR_REDIRECT] 
2026-02-10 21:06:45,273 [ERROR] LogOutputStream:75 - [STDERR_REDIRECT] [Fatal Error] :1:1: Premature end of file.
2026-02-10 21:06:45,273 [ERROR] LogOutputStream:75 - [STDERR_REDIRECT] 
2026-02-10 21:06:46,261 [ERROR] LogOutputStream:75 - [STDERR_REDIRECT] [Fatal Error] :1:1: Premature end of file.
2026-02-10 21:06:46,261 [ERROR] LogOutputStream:75 - [STDERR_REDIRECT] 
2026-02-10 21:06:47,261 [ERROR] LogOutputStream:75 - [STDERR_REDIRECT] [Fatal Error] :1:1: Premature end of file.
2026-02-10 21:06:47,261 [ERROR] LogOutputStream:75 - [STDERR_REDIRECT] 
2026-02-10 21:06:48,265 [ERROR] LogOutputStream:75 - [STDERR_REDIRECT] [Fatal Error] :1:1: Premature end of file.
2026-02-10 21:06:48,265 [ERROR] LogOutputStream:75 - [STDERR_REDIRECT] 
2026-02-10 21:06:49,258 [ERROR] LogOutputStream:75 - [STDERR_REDIRECT] [Fatal Error] :1:1: Premature end of file.
2026-02-10 21:06:49,258 [ERROR] LogOutputStream:75 - [STDERR_REDIRECT] 
2026-02-10 21:06:50,265 [ERROR] LogOutputStream:75 - [STDERR_REDIRECT] [Fatal Error] :1:1: Premature end of file.
2026-02-10 21:06:50,265 [ERROR] LogOutputStream:75 - [STDERR_REDIRECT] 
2026-02-10 21:06:51,265 [ERROR] LogOutputStream:75 - [STDERR_REDIRECT] [Fatal Error] :1:1: Premature end of file.
2026-02-10 21:06:51,265 [ERROR] LogOutputStream:75 - [STDERR_REDIRECT] 
2026-02-10 21:06:52,267 [ERROR] LogOutputStream:75 - [STDERR_REDIRECT] [Fatal Error] :1:1: Premature end of file.
2026-02-10 21:06:52,267 [ERROR] LogOutputStream:75 - [STDERR_REDIRECT] 
2026-02-10 21:06:53,271 [ERROR] LogOutputStream:75 - [STDERR_REDIRECT] [Fatal Error] :1:1: Premature end of file.
2026-02-10 21:06:53,271 [ERROR] LogOutputStream:75 - [STDERR_REDIRECT] 
2026-02-10 21:06:54,276 [ERROR] LogOutputStream:75 - [STDERR_REDIRECT] [Fatal Error] :1:1: Premature end of file.
2026-02-10 21:06:54,276 [ERROR] LogOutputStream:75 - [STDERR_REDIRECT] 
2026-02-10 21:06:55,260 [ERROR] LogOutputStream:75 - [STDERR_REDIRECT] [Fatal Error] :1:1: Premature end of file.
2026-02-10 21:06:55,260 [ERROR] LogOutputStream:75 - [STDERR_REDIRECT] 
2026-02-10 21:06:56,261 [ERROR] LogOutputStream:75 - [STDERR_REDIRECT] [Fatal Error] :1:1: Premature end of file.
2026-02-10 21:06:56,261 [ERROR] LogOutputStream:75 - [STDERR_REDIRECT] 
2026-02-10 21:06:57,259 [ERROR] LogOutputStream:75 - [STDERR_REDIRECT] [Fatal Error] :1:1: Premature end of file.
2026-02-10 21:06:57,259 [ERROR] LogOutputStream:75 - [STDERR_REDIRECT] 
2026-02-10 21:06:58,271 [ERROR] LogOutputStream:75 - [STDERR_REDIRECT] [Fatal Error] :1:1: Premature end of file.
2026-02-10 21:06:58,272 [ERROR] LogOutputStream:75 - [STDERR_REDIRECT] 
2026-02-10 21:06:59,272 [ERROR] LogOutputStream:75 - [STDERR_REDIRECT] [Fatal Error] :1:1: Premature end of file.
2026-02-10 21:06:59,273 [ERROR] LogOutputStream:75 - [STDERR_REDIRECT] 
2026-02-10 21:07:00,266 [ERROR] LogOutputStream:75 - [STDERR_REDIRECT] [Fatal Error] :1:1: Premature end of file.
2026-02-10 21:07:00,267 [ERROR] LogOutputStream:75 - [STDERR_REDIRECT] 
2026-02-10 21:07:01,265 [ERROR] LogOutputStream:75 - [STDERR_REDIRECT] [Fatal Error] :1:1: Premature end of file.
2026-02-10 21:07:01,265 [ERROR] LogOutputStream:75 - [STDERR_REDIRECT] 
2026-02-10 21:07:02,262 [ERROR] LogOutputStream:75 - [STDERR_REDIRECT] [Fatal Error] :1:1: Premature end of file.
2026-02-10 21:07:02,262 [ERROR] LogOutputStream:75 - [STDERR_REDIRECT] 
2026-02-10 21:07:03,263 [ERROR] LogOutputStream:75 - [STDERR_REDIRECT] [Fatal Error] :1:1: Premature end of file.
2026-02-10 21:07:03,263 [ERROR] LogOutputStream:75 - [STDERR_REDIRECT] 
2026-02-10 21:07:04,269 [ERROR] LogOutputStream:75 - [STDERR_REDIRECT] [Fatal Error] :1:1: Premature end of file.
2026-02-10 21:07:04,269 [ERROR] LogOutputStream:75 - [STDERR_REDIRECT] 
2026-02-10 21:07:05,271 [ERROR] LogOutputStream:75 - [STDERR_REDIRECT] [Fatal Error] :1:1: Premature end of file.
2026-02-10 21:07:05,271 [ERROR] LogOutputStream:75 - [STDERR_REDIRECT] 
2026-02-10 21:07:06,275 [ERROR] LogOutputStream:75 - [STDERR_REDIRECT] [Fatal Error] :1:1: Premature end of file.
2026-02-10 21:07:06,275 [ERROR] LogOutputStream:75 - [STDERR_REDIRECT] 
2026-02-10 21:07:07,267 [ERROR] LogOutputStream:75 - [STDERR_REDIRECT] [Fatal Error] :1:1: Premature end of file.
2026-02-10 21:07:07,267 [ERROR] LogOutputStream:75 - [STDERR_REDIRECT] 
2026-02-10 21:07:08,261 [ERROR] LogOutputStream:75 - [STDERR_REDIRECT] [Fatal Error] :1:1: Premature end of file.
2026-02-10 21:07:08,261 [ERROR] LogOutputStream:75 - [STDERR_REDIRECT] 
2026-02-10 21:07:09,267 [ERROR] LogOutputStream:75 - [STDERR_REDIRECT] [Fatal Error] :1:1: Premature end of file.
2026-02-10 21:07:09,267 [ERROR] LogOutputStream:75 - [STDERR_REDIRECT] 
2026-02-10 21:07:10,269 [ERROR] LogOutputStream:75 - [STDERR_REDIRECT] [Fatal Error] :1:1: Premature end of file.
2026-02-10 21:07:10,269 [ERROR] LogOutputStream:75 - [STDERR_REDIRECT] 
2026-02-10 21:07:11,272 [ERROR] LogOutputStream:75 - [STDERR_REDIRECT] [Fatal Error] :1:1: Premature end of file.
2026-02-10 21:07:11,272 [ERROR] LogOutputStream:75 - [STDERR_REDIRECT] 
2026-02-10 21:07:12,263 [ERROR] LogOutputStream:75 - [STDERR_REDIRECT] [Fatal Error] :1:1: Premature end of file.
2026-02-10 21:07:12,263 [ERROR] LogOutputStream:75 - [STDERR_REDIRECT] 
2026-02-10 21:07:13,275 [ERROR] LogOutputStream:75 - [STDERR_REDIRECT] [Fatal Error] :1:1: Premature end of file.
2026-02-10 21:07:13,275 [ERROR] LogOutputStream:75 - [STDERR_REDIRECT] 
2026-02-10 21:07:14,266 [ERROR] LogOutputStream:75 - [STDERR_REDIRECT] [Fatal Error] :1:1: Premature end of file.
2026-02-10 21:07:14,266 [ERROR] LogOutputStream:75 - [STDERR_REDIRECT] 
2026-02-10 21:07:15,260 [ERROR] LogOutputStream:75 - [STDERR_REDIRECT] [Fatal Error] :1:1: Premature end of file.
2026-02-10 21:07:15,260 [ERROR] LogOutputStream:75 - [STDERR_REDIRECT] 
2026-02-10 21:07:16,279 [ERROR] LogOutputStream:75 - [STDERR_REDIRECT] [Fatal Error] :1:1: Premature end of file.
2026-02-10 21:07:16,279 [ERROR] LogOutputStream:75 - [STDERR_REDIRECT] 
2026-02-10 21:07:17,262 [ERROR] LogOutputStream:75 - [STDERR_REDIRECT] [Fatal Error] :1:1: Premature end of file.
2026-02-10 21:07:17,262 [ERROR] LogOutputStream:75 - [STDERR_REDIRECT] 
2026-02-10 21:07:18,261 [ERROR] LogOutputStream:75 - [STDERR_REDIRECT] [Fatal Error] :1:1: Premature end of file.
2026-02-10 21:07:18,261 [ERROR] LogOutputStream:75 - [STDERR_REDIRECT] 
2026-02-10 21:07:19,275 [ERROR] LogOutputStream:75 - [STDERR_REDIRECT] [Fatal Error] :1:1: Premature end of file.
2026-02-10 21:07:19,275 [ERROR] LogOutputStream:75 - [STDERR_REDIRECT] 
2026-02-10 21:07:20,267 [ERROR] LogOutputStream:75 - [STDERR_REDIRECT] [Fatal Error] :1:1: Premature end of file.
2026-02-10 21:07:20,267 [ERROR] LogOutputStream:75 - [STDERR_REDIRECT] 
2026-02-10 21:07:21,264 [ERROR] LogOutputStream:75 - [STDERR_REDIRECT] [Fatal Error] :1:1: Premature end of file.
2026-02-10 21:07:21,264 [ERROR] LogOutputStream:75 - [STDERR_REDIRECT] 
2026-02-10 21:07:22,263 [ERROR] LogOutputStream:75 - [STDERR_REDIRECT] [Fatal Error] :1:1: Premature end of file.
2026-02-10 21:07:22,263 [ERROR] LogOutputStream:75 - [STDERR_REDIRECT] 
2026-02-10 21:07:23,268 [ERROR] LogOutputStream:75 - [STDERR_REDIRECT] [Fatal Error] :1:1: Premature end of file.
2026-02-10 21:07:23,268 [ERROR] LogOutputStream:75 - [STDERR_REDIRECT] 
2026-02-10 21:07:24,268 [ERROR] LogOutputStream:75 - [STDERR_REDIRECT] [Fatal Error] :1:1: Premature end of file.
2026-02-10 21:07:24,268 [ERROR] LogOutputStream:75 - [STDERR_REDIRECT] 
2026-02-10 21:07:25,266 [ERROR] LogOutputStream:75 - [STDERR_REDIRECT] [Fatal Error] :1:1: Premature end of file.
2026-02-10 21:07:25,266 [ERROR] LogOutputStream:75 - [STDERR_REDIRECT] 
2026-02-10 21:07:26,270 [ERROR] LogOutputStream:75 - [STDERR_REDIRECT] [Fatal Error] :1:1: Premature end of file.
2026-02-10 21:07:26,270 [ERROR] LogOutputStream:75 - [STDERR_REDIRECT] 
2026-02-10 21:07:27,263 [ERROR] LogOutputStream:75 - [STDERR_REDIRECT] [Fatal Error] :1:1: Premature end of file.
2026-02-10 21:07:27,263 [ERROR] LogOutputStream:75 - [STDERR_REDIRECT] 
2026-02-10 21:07:28,262 [ERROR] LogOutputStream:75 - [STDERR_REDIRECT] [Fatal Error] :1:1: Premature end of file.
2026-02-10 21:07:28,262 [ERROR] LogOutputStream:75 - [STDERR_REDIRECT] 
2026-02-10 21:07:29,286 [ERROR] LogOutputStream:75 - [STDERR_REDIRECT] [Fatal Error] :1:1: Premature end of file.
2026-02-10 21:07:29,287 [ERROR] LogOutputStream:75 - [STDERR_REDIRECT] 
2026-02-10 21:07:30,266 [ERROR] LogOutputStream:75 - [STDERR_REDIRECT] [Fatal Error] :1:1: Premature end of file.
2026-02-10 21:07:30,266 [ERROR] LogOutputStream:75 - [STDERR_REDIRECT] 
2026-02-10 21:07:31,274 [ERROR] LogOutputStream:75 - [STDERR_REDIRECT] [Fatal Error] :1:1: Premature end of file.
2026-02-10 21:07:31,275 [ERROR] LogOutputStream:75 - [STDERR_REDIRECT] 
2026-02-10 21:07:32,269 [ERROR] LogOutputStream:75 - [STDERR_REDIRECT] [Fatal Error] :1:1: Premature end of file.
2026-02-10 21:07:32,269 [ERROR] LogOutputStream:75 - [STDERR_REDIRECT] 
2026-02-10 21:07:33,274 [ERROR] LogOutputStream:75 - [STDERR_REDIRECT] [Fatal Error] :1:1: Premature end of file.
2026-02-10 21:07:33,274 [ERROR] LogOutputStream:75 - [STDERR_REDIRECT] 
2026-02-10 21:07:34,270 [ERROR] LogOutputStream:75 - [STDERR_REDIRECT] [Fatal Error] :1:1: Premature end of file.
2026-02-10 21:07:34,270 [ERROR] LogOutputStream:75 - [STDERR_REDIRECT] 
2026-02-10 21:07:35,262 [ERROR] LogOutputStream:75 - [STDERR_REDIRECT] [Fatal Error] :1:1: Premature end of file.
2026-02-10 21:07:35,263 [ERROR] LogOutputStream:75 - [STDERR_REDIRECT] 
2026-02-10 21:07:36,262 [ERROR] LogOutputStream:75 - [STDERR_REDIRECT] [Fatal Error] :1:1: Premature end of file.
2026-02-10 21:07:36,262 [ERROR] LogOutputStream:75 - [STDERR_REDIRECT] 
2026-02-10 21:07:37,266 [ERROR] LogOutputStream:75 - [STDERR_REDIRECT] [Fatal Error] :1:1: Premature end of file.
2026-02-10 21:07:37,267 [ERROR] LogOutputStream:75 - [STDERR_REDIRECT] 
2026-02-10 21:07:38,264 [ERROR] LogOutputStream:75 - [STDERR_REDIRECT] [Fatal Error] :1:1: Premature end of file.
2026-02-10 21:07:38,266 [ERROR] LogOutputStream:75 - [STDERR_REDIRECT] 
2026-02-10 21:07:39,263 [ERROR] LogOutputStream:75 - [STDERR_REDIRECT] [Fatal Error] :1:1: Premature end of file.
2026-02-10 21:07:39,263 [ERROR] LogOutputStream:75 - [STDERR_REDIRECT] 
2026-02-10 21:07:40,275 [ERROR] LogOutputStream:75 - [STDERR_REDIRECT] [Fatal Error] :1:1: Premature end of file.
2026-02-10 21:07:40,276 [ERROR] LogOutputStream:75 - [STDERR_REDIRECT] 
2026-02-10 21:07:41,271 [ERROR] LogOutputStream:75 - [STDERR_REDIRECT] [Fatal Error] :1:1: Premature end of file.
2026-02-10 21:07:41,271 [ERROR] LogOutputStream:75 - [STDERR_REDIRECT] 
2026-02-10 21:07:42,281 [ERROR] LogOutputStream:75 - [STDERR_REDIRECT] [Fatal Error] :1:1: Premature end of file.
2026-02-10 21:07:42,281 [ERROR] LogOutputStream:75 - [STDERR_REDIRECT] 
2026-02-10 21:07:43,270 [ERROR] LogOutputStream:75 - [STDERR_REDIRECT] [Fatal Error] :1:1: Premature end of file.
2026-02-10 21:07:43,270 [ERROR] LogOutputStream:75 - [STDERR_REDIRECT] 
2026-02-10 21:07:44,277 [ERROR] LogOutputStream:75 - [STDERR_REDIRECT] [Fatal Error] :1:1: Premature end of file.
2026-02-10 21:07:44,277 [ERROR] LogOutputStream:75 - [STDERR_REDIRECT] 
2026-02-10 21:07:45,288 [ERROR] LogOutputStream:75 - [STDERR_REDIRECT] [Fatal Error] :1:1: Premature end of file.
2026-02-10 21:07:45,288 [ERROR] LogOutputStream:75 - [STDERR_REDIRECT] 
2026-02-10 21:07:46,282 [ERROR] LogOutputStream:75 - [STDERR_REDIRECT] [Fatal Error] :1:1: Premature end of file.
2026-02-10 21:07:46,282 [ERROR] LogOutputStream:75 - [STDERR_REDIRECT] 
2026-02-10 21:07:47,272 [ERROR] LogOutputStream:75 - [STDERR_REDIRECT] [Fatal Error] :1:1: Premature end of file.
2026-02-10 21:07:47,272 [ERROR] LogOutputStream:75 - [STDERR_REDIRECT] 
2026-02-10 21:07:48,271 [ERROR] LogOutputStream:75 - [STDERR_REDIRECT] [Fatal Error] :1:1: Premature end of file.
2026-02-10 21:07:48,271 [ERROR] LogOutputStream:75 - [STDERR_REDIRECT] 
2026-02-10 21:07:49,267 [ERROR] LogOutputStream:75 - [STDERR_REDIRECT] [Fatal Error] :1:1: Premature end of file.
2026-02-10 21:07:49,267 [ERROR] LogOutputStream:75 - [STDERR_REDIRECT] 
2026-02-10 21:07:50,258 [ERROR] LogOutputStream:75 - [STDERR_REDIRECT] [Fatal Error] :1:1: Premature end of file.
2026-02-10 21:07:50,258 [ERROR] LogOutputStream:75 - [STDERR_REDIRECT] 
2026-02-10 21:07:51,263 [ERROR] LogOutputStream:75 - [STDERR_REDIRECT] [Fatal Error] :1:1: Premature end of file.
2026-02-10 21:07:51,264 [ERROR] LogOutputStream:75 - [STDERR_REDIRECT] 
2026-02-10 21:07:52,264 [ERROR] LogOutputStream:75 - [STDERR_REDIRECT] [Fatal Error] :1:1: Premature end of file.
2026-02-10 21:07:52,264 [ERROR] LogOutputStream:75 - [STDERR_REDIRECT] 
2026-02-10 21:07:53,271 [ERROR] LogOutputStream:75 - [STDERR_REDIRECT] [Fatal Error] :1:1: Premature end of file.
2026-02-10 21:07:53,271 [ERROR] LogOutputStream:75 - [STDERR_REDIRECT] 
2026-02-10 21:07:54,266 [ERROR] LogOutputStream:75 - [STDERR_REDIRECT] [Fatal Error] :1:1: Premature end of file.
2026-02-10 21:07:54,266 [ERROR] LogOutputStream:75 - [STDERR_REDIRECT] 
2026-02-10 21:07:55,264 [ERROR] LogOutputStream:75 - [STDERR_REDIRECT] [Fatal Error] :1:1: Premature end of file.
2026-02-10 21:07:55,264 [ERROR] LogOutputStream:75 - [STDERR_REDIRECT] 
2026-02-10 21:07:56,264 [ERROR] LogOutputStream:75 - [STDERR_REDIRECT] [Fatal Error] :1:1: Premature end of file.
2026-02-10 21:07:56,264 [ERROR] LogOutputStream:75 - [STDERR_REDIRECT] 
2026-02-10 21:07:57,291 [ERROR] LogOutputStream:75 - [STDERR_REDIRECT] [Fatal Error] :1:1: Premature end of file.
2026-02-10 21:07:57,291 [ERROR] LogOutputStream:75 - [STDERR_REDIRECT] 
2026-02-10 21:07:58,268 [ERROR] LogOutputStream:75 - [STDERR_REDIRECT] [Fatal Error] :1:1: Premature end of file.
2026-02-10 21:07:58,268 [ERROR] LogOutputStream:75 - [STDERR_REDIRECT] 
2026-02-10 21:07:59,274 [ERROR] LogOutputStream:75 - [STDERR_REDIRECT] [Fatal Error] :1:1: Premature end of file.
2026-02-10 21:07:59,274 [ERROR] LogOutputStream:75 - [STDERR_REDIRECT] 
2026-02-10 21:08:00,260 [ERROR] LogOutputStream:75 - [STDERR_REDIRECT] [Fatal Error] :1:1: Premature end of file.
2026-02-10 21:08:00,260 [ERROR] LogOutputStream:75 - [STDERR_REDIRECT] 
2026-02-10 21:08:01,259 [ERROR] LogOutputStream:75 - [STDERR_REDIRECT] [Fatal Error] :1:1: Premature end of file.
2026-02-10 21:08:01,259 [ERROR] LogOutputStream:75 - [STDERR_REDIRECT] 
2026-02-10 21:08:02,274 [ERROR] LogOutputStream:75 - [STDERR_REDIRECT] [Fatal Error] :1:1: Premature end of file.
2026-02-10 21:08:02,274 [ERROR] LogOutputStream:75 - [STDERR_REDIRECT] 
2026-02-10 21:08:03,268 [ERROR] LogOutputStream:75 - [STDERR_REDIRECT] [Fatal Error] :1:1: Premature end of file.
2026-02-10 21:08:03,268 [ERROR] LogOutputStream:75 - [STDERR_REDIRECT] 
2026-02-10 21:08:04,269 [ERROR] LogOutputStream:75 - [STDERR_REDIRECT] [Fatal Error] :1:1: Premature end of file.
2026-02-10 21:08:04,269 [ERROR] LogOutputStream:75 - [STDERR_REDIRECT] 
2026-02-10 21:08:05,263 [ERROR] LogOutputStream:75 - [STDERR_REDIRECT] [Fatal Error] :1:1: Premature end of file.
2026-02-10 21:08:05,263 [ERROR] LogOutputStream:75 - [STDERR_REDIRECT] 
2026-02-10 21:08:06,271 [ERROR] LogOutputStream:75 - [STDERR_REDIRECT] [Fatal Error] :1:1: Premature end of file.
2026-02-10 21:08:06,271 [ERROR] LogOutputStream:75 - [STDERR_REDIRECT] 
2026-02-10 21:08:07,269 [ERROR] LogOutputStream:75 - [STDERR_REDIRECT] [Fatal Error] :1:1: Premature end of file.
2026-02-10 21:08:07,269 [ERROR] LogOutputStream:75 - [STDERR_REDIRECT] 
2026-02-10 21:08:08,274 [ERROR] LogOutputStream:75 - [STDERR_REDIRECT] [Fatal Error] :1:1: Premature end of file.
2026-02-10 21:08:08,274 [ERROR] LogOutputStream:75 - [STDERR_REDIRECT] 
2026-02-10 21:08:09,264 [ERROR] LogOutputStream:75 - [STDERR_REDIRECT] [Fatal Error] :1:1: Premature end of file.
2026-02-10 21:08:09,264 [ERROR] LogOutputStream:75 - [STDERR_REDIRECT] 
2026-02-10 21:08:10,267 [ERROR] LogOutputStream:75 - [STDERR_REDIRECT] [Fatal Error] :1:1: Premature end of file.
2026-02-10 21:08:10,267 [ERROR] LogOutputStream:75 - [STDERR_REDIRECT] 
2026-02-10 21:08:11,261 [ERROR] LogOutputStream:75 - [STDERR_REDIRECT] [Fatal Error] :1:1: Premature end of file.
2026-02-10 21:08:11,261 [ERROR] LogOutputStream:75 - [STDERR_REDIRECT] 
2026-02-10 21:08:12,264 [ERROR] LogOutputStream:75 - [STDERR_REDIRECT] [Fatal Error] :1:1: Premature end of file.
2026-02-10 21:08:12,264 [ERROR] LogOutputStream:75 - [STDERR_REDIRECT] 
2026-02-10 21:08:13,265 [ERROR] LogOutputStream:75 - [STDERR_REDIRECT] [Fatal Error] :1:1: Premature end of file.
2026-02-10 21:08:13,265 [ERROR] LogOutputStream:75 - [STDERR_REDIRECT] 
2026-02-10 21:08:14,259 [ERROR] LogOutputStream:75 - [STDERR_REDIRECT] [Fatal Error] :1:1: Premature end of file.
2026-02-10 21:08:14,259 [ERROR] LogOutputStream:75 - [STDERR_REDIRECT] 
2026-02-10 21:08:15,266 [ERROR] LogOutputStream:75 - [STDERR_REDIRECT] [Fatal Error] :1:1: Premature end of file.
2026-02-10 21:08:15,266 [ERROR] LogOutputStream:75 - [STDERR_REDIRECT] 
2026-02-10 21:08:16,270 [ERROR] LogOutputStream:75 - [STDERR_REDIRECT] [Fatal Error] :1:1: Premature end of file.
2026-02-10 21:08:16,270 [ERROR] LogOutputStream:75 - [STDERR_REDIRECT] 
2026-02-10 21:08:17,265 [ERROR] LogOutputStream:75 - [STDERR_REDIRECT] [Fatal Error] :1:1: Premature end of file.
2026-02-10 21:08:17,265 [ERROR] LogOutputStream:75 - [STDERR_REDIRECT] 
2026-02-10 21:08:18,274 [ERROR] LogOutputStream:75 - [STDERR_REDIRECT] [Fatal Error] :1:1: Premature end of file.
2026-02-10 21:08:18,274 [ERROR] LogOutputStream:75 - [STDERR_REDIRECT] 
2026-02-10 21:08:19,256 [ERROR] LogOutputStream:75 - [STDERR_REDIRECT] [Fatal Error] :1:1: Premature end of file.
2026-02-10 21:08:19,256 [ERROR] LogOutputStream:75 - [STDERR_REDIRECT] 
2026-02-10 21:08:20,265 [ERROR] LogOutputStream:75 - [STDERR_REDIRECT] [Fatal Error] :1:1: Premature end of file.
2026-02-10 21:08:20,265 [ERROR] LogOutputStream:75 - [STDERR_REDIRECT] 
2026-02-10 21:08:21,262 [ERROR] LogOutputStream:75 - [STDERR_REDIRECT] [Fatal Error] :1:1: Premature end of file.
2026-02-10 21:08:21,262 [ERROR] LogOutputStream:75 - [STDERR_REDIRECT] 
2026-02-10 21:08:22,257 [ERROR] LogOutputStream:75 - [STDERR_REDIRECT] [Fatal Error] :1:1: Premature end of file.
2026-02-10 21:08:22,257 [ERROR] LogOutputStream:75 - [STDERR_REDIRECT] 
2026-02-10 21:08:23,262 [ERROR] LogOutputStream:75 - [STDERR_REDIRECT] [Fatal Error] :1:1: Premature end of file.
2026-02-10 21:08:23,262 [ERROR] LogOutputStream:75 - [STDERR_REDIRECT] 
2026-02-10 21:08:24,272 [ERROR] LogOutputStream:75 - [STDERR_REDIRECT] [Fatal Error] :1:1: Premature end of file.
2026-02-10 21:08:24,272 [ERROR] LogOutputStream:75 - [STDERR_REDIRECT] 
2026-02-10 21:08:25,278 [ERROR] LogOutputStream:75 - [STDERR_REDIRECT] [Fatal Error] :1:1: Premature end of file.
2026-02-10 21:08:25,278 [ERROR] LogOutputStream:75 - [STDERR_REDIRECT] 
2026-02-10 21:08:26,268 [ERROR] LogOutputStream:75 - [STDERR_REDIRECT] [Fatal Error] :1:1: Premature end of file.
2026-02-10 21:08:26,268 [ERROR] LogOutputStream:75 - [STDERR_REDIRECT] 
2026-02-10 21:08:27,268 [ERROR] LogOutputStream:75 - [STDERR_REDIRECT] [Fatal Error] :1:1: Premature end of file.
2026-02-10 21:08:27,268 [ERROR] LogOutputStream:75 - [STDERR_REDIRECT] 
2026-02-10 21:08:28,258 [ERROR] LogOutputStream:75 - [STDERR_REDIRECT] [Fatal Error] :1:1: Premature end of file.
2026-02-10 21:08:28,269 [ERROR] LogOutputStream:75 - [STDERR_REDIRECT] 
2026-02-10 21:08:29,264 [ERROR] LogOutputStream:75 - [STDERR_REDIRECT] [Fatal Error] :1:1: Premature end of file.
2026-02-10 21:08:29,264 [ERROR] LogOutputStream:75 - [STDERR_REDIRECT] 
2026-02-10 21:08:30,272 [ERROR] LogOutputStream:75 - [STDERR_REDIRECT] [Fatal Error] :1:1: Premature end of file.
2026-02-10 21:08:30,272 [ERROR] LogOutputStream:75 - [STDERR_REDIRECT] 
2026-02-10 21:08:31,260 [ERROR] LogOutputStream:75 - [STDERR_REDIRECT] [Fatal Error] :1:1: Premature end of file.
2026-02-10 21:08:31,260 [ERROR] LogOutputStream:75 - [STDERR_REDIRECT] 
2026-02-10 21:08:32,259 [ERROR] LogOutputStream:75 - [STDERR_REDIRECT] [Fatal Error] :1:1: Premature end of file.
2026-02-10 21:08:32,259 [ERROR] LogOutputStream:75 - [STDERR_REDIRECT] 
2026-02-10 21:08:33,259 [ERROR] LogOutputStream:75 - [STDERR_REDIRECT] [Fatal Error] :1:1: Premature end of file.
2026-02-10 21:08:33,259 [ERROR] LogOutputStream:75 - [STDERR_REDIRECT] 
2026-02-10 21:08:34,262 [ERROR] LogOutputStream:75 - [STDERR_REDIRECT] [Fatal Error] :1:1: Premature end of file.
2026-02-10 21:08:34,262 [ERROR] LogOutputStream:75 - [STDERR_REDIRECT] 
2026-02-10 21:08:35,264 [ERROR] LogOutputStream:75 - [STDERR_REDIRECT] [Fatal Error] :1:1: Premature end of file.
2026-02-10 21:08:35,264 [ERROR] LogOutputStream:75 - [STDERR_REDIRECT] 
2026-02-10 21:08:36,268 [ERROR] LogOutputStream:75 - [STDERR_REDIRECT] [Fatal Error] :1:1: Premature end of file.
2026-02-10 21:08:36,268 [ERROR] LogOutputStream:75 - [STDERR_REDIRECT] 
2026-02-10 21:08:37,266 [ERROR] LogOutputStream:75 - [STDERR_REDIRECT] [Fatal Error] :1:1: Premature end of file.
2026-02-10 21:08:37,266 [ERROR] LogOutputStream:75 - [STDERR_REDIRECT] 
2026-02-10 21:08:38,266 [ERROR] LogOutputStream:75 - [STDERR_REDIRECT] [Fatal Error] :1:1: Premature end of file.
2026-02-10 21:08:38,267 [ERROR] LogOutputStream:75 - [STDERR_REDIRECT] 
2026-02-10 21:08:39,278 [ERROR] LogOutputStream:75 - [STDERR_REDIRECT] [Fatal Error] :1:1: Premature end of file.
2026-02-10 21:08:39,278 [ERROR] LogOutputStream:75 - [STDERR_REDIRECT] 
2026-02-10 21:08:40,260 [ERROR] LogOutputStream:75 - [STDERR_REDIRECT] [Fatal Error] :1:1: Premature end of file.
2026-02-10 21:08:40,260 [ERROR] LogOutputStream:75 - [STDERR_REDIRECT] 
2026-02-10 21:08:41,262 [ERROR] LogOutputStream:75 - [STDERR_REDIRECT] [Fatal Error] :1:1: Premature end of file.
2026-02-10 21:08:41,262 [ERROR] LogOutputStream:75 - [STDERR_REDIRECT] 
2026-02-10 21:08:42,263 [ERROR] LogOutputStream:75 - [STDERR_REDIRECT] [Fatal Error] :1:1: Premature end of file.
2026-02-10 21:08:42,263 [ERROR] LogOutputStream:75 - [STDERR_REDIRECT] 
2026-02-10 21:08:43,276 [ERROR] LogOutputStream:75 - [STDERR_REDIRECT] [Fatal Error] :1:1: Premature end of file.
2026-02-10 21:08:43,276 [ERROR] LogOutputStream:75 - [STDERR_REDIRECT] 
2026-02-10 21:08:44,271 [ERROR] LogOutputStream:75 - [STDERR_REDIRECT] [Fatal Error] :1:1: Premature end of file.
2026-02-10 21:08:44,272 [ERROR] LogOutputStream:75 - [STDERR_REDIRECT] 
2026-02-10 21:08:45,267 [ERROR] LogOutputStream:75 - [STDERR_REDIRECT] [Fatal Error] :1:1: Premature end of file.
2026-02-10 21:08:45,267 [ERROR] LogOutputStream:75 - [STDERR_REDIRECT] 
2026-02-10 21:08:46,261 [ERROR] LogOutputStream:75 - [STDERR_REDIRECT] [Fatal Error] :1:1: Premature end of file.
2026-02-10 21:08:46,261 [ERROR] LogOutputStream:75 - [STDERR_REDIRECT] 
2026-02-10 21:08:47,272 [ERROR] LogOutputStream:75 - [STDERR_REDIRECT] [Fatal Error] :1:1: Premature end of file.
2026-02-10 21:08:47,272 [ERROR] LogOutputStream:75 - [STDERR_REDIRECT] 
2026-02-10 21:08:48,269 [ERROR] LogOutputStream:75 - [STDERR_REDIRECT] [Fatal Error] :1:1: Premature end of file.
2026-02-10 21:08:48,269 [ERROR] LogOutputStream:75 - [STDERR_REDIRECT] 
2026-02-10 21:08:49,260 [ERROR] LogOutputStream:75 - [STDERR_REDIRECT] [Fatal Error] :1:1: Premature end of file.
2026-02-10 21:08:49,260 [ERROR] LogOutputStream:75 - [STDERR_REDIRECT] 
2026-02-10 21:08:50,266 [ERROR] LogOutputStream:75 - [STDERR_REDIRECT] [Fatal Error] :1:1: Premature end of file.
2026-02-10 21:08:50,266 [ERROR] LogOutputStream:75 - [STDERR_REDIRECT] 
2026-02-10 21:08:51,275 [ERROR] LogOutputStream:75 - [STDERR_REDIRECT] [Fatal Error] :1:1: Premature end of file.
2026-02-10 21:08:51,275 [ERROR] LogOutputStream:75 - [STDERR_REDIRECT] 
2026-02-10 21:08:52,264 [ERROR] LogOutputStream:75 - [STDERR_REDIRECT] [Fatal Error] :1:1: Premature end of file.
2026-02-10 21:08:52,264 [ERROR] LogOutputStream:75 - [STDERR_REDIRECT] 
2026-02-10 21:08:53,260 [ERROR] LogOutputStream:75 - [STDERR_REDIRECT] [Fatal Error] :1:1: Premature end of file.
2026-02-10 21:08:53,260 [ERROR] LogOutputStream:75 - [STDERR_REDIRECT] 
2026-02-10 21:08:54,262 [ERROR] LogOutputStream:75 - [STDERR_REDIRECT] [Fatal Error] :1:1: Premature end of file.
2026-02-10 21:08:54,262 [ERROR] LogOutputStream:75 - [STDERR_REDIRECT] 
2026-02-10 21:08:55,260 [ERROR] LogOutputStream:75 - [STDERR_REDIRECT] [Fatal Error] :1:1: Premature end of file.
2026-02-10 21:08:55,260 [ERROR] LogOutputStream:75 - [STDERR_REDIRECT] 
2026-02-10 21:08:56,261 [ERROR] LogOutputStream:75 - [STDERR_REDIRECT] [Fatal Error] :1:1: Premature end of file.
2026-02-10 21:08:56,261 [ERROR] LogOutputStream:75 - [STDERR_REDIRECT] 
2026-02-10 21:08:57,260 [ERROR] LogOutputStream:75 - [STDERR_REDIRECT] [Fatal Error] :1:1: Premature end of file.
2026-02-10 21:08:57,261 [ERROR] LogOutputStream:75 - [STDERR_REDIRECT] 
2026-02-10 21:08:58,262 [ERROR] LogOutputStream:75 - [STDERR_REDIRECT] [Fatal Error] :1:1: Premature end of file.
2026-02-10 21:08:58,262 [ERROR] LogOutputStream:75 - [STDERR_REDIRECT] 
2026-02-10 21:08:59,262 [ERROR] LogOutputStream:75 - [STDERR_REDIRECT] [Fatal Error] :1:1: Premature end of file.
2026-02-10 21:08:59,262 [ERROR] LogOutputStream:75 - [STDERR_REDIRECT] 
2026-02-10 21:09:00,256 [ERROR] LogOutputStream:75 - [STDERR_REDIRECT] [Fatal Error] :1:1: Premature end of file.
2026-02-10 21:09:00,256 [ERROR] LogOutputStream:75 - [STDERR_REDIRECT] 
2026-02-10 21:09:01,265 [ERROR] LogOutputStream:75 - [STDERR_REDIRECT] [Fatal Error] :1:1: Premature end of file.
2026-02-10 21:09:01,265 [ERROR] LogOutputStream:75 - [STDERR_REDIRECT] 
2026-02-10 21:09:02,260 [ERROR] LogOutputStream:75 - [STDERR_REDIRECT] [Fatal Error] :1:1: Premature end of file.
2026-02-10 21:09:02,260 [ERROR] LogOutputStream:75 - [STDERR_REDIRECT] 
2026-02-10 21:09:03,266 [ERROR] LogOutputStream:75 - [STDERR_REDIRECT] [Fatal Error] :1:1: Premature end of file.
2026-02-10 21:09:03,266 [ERROR] LogOutputStream:75 - [STDERR_REDIRECT] 
2026-02-10 21:09:04,270 [ERROR] LogOutputStream:75 - [STDERR_REDIRECT] [Fatal Error] :1:1: Premature end of file.
2026-02-10 21:09:04,270 [ERROR] LogOutputStream:75 - [STDERR_REDIRECT] 
2026-02-10 21:09:05,274 [ERROR] LogOutputStream:75 - [STDERR_REDIRECT] [Fatal Error] :1:1: Premature end of file.
2026-02-10 21:09:05,274 [ERROR] LogOutputStream:75 - [STDERR_REDIRECT] 
2026-02-10 21:09:06,275 [ERROR] LogOutputStream:75 - [STDERR_REDIRECT] [Fatal Error] :1:1: Premature end of file.
2026-02-10 21:09:06,275 [ERROR] LogOutputStream:75 - [STDERR_REDIRECT] 
2026-02-10 21:09:07,260 [ERROR] LogOutputStream:75 - [STDERR_REDIRECT] [Fatal Error] :1:1: Premature end of file.
2026-02-10 21:09:07,260 [ERROR] LogOutputStream:75 - [STDERR_REDIRECT] 
2026-02-10 21:09:08,270 [ERROR] LogOutputStream:75 - [STDERR_REDIRECT] [Fatal Error] :1:1: Premature end of file.
2026-02-10 21:09:08,270 [ERROR] LogOutputStream:75 - [STDERR_REDIRECT] 
2026-02-10 21:09:09,274 [ERROR] LogOutputStream:75 - [STDERR_REDIRECT] [Fatal Error] :1:1: Premature end of file.
2026-02-10 21:09:09,274 [ERROR] LogOutputStream:75 - [STDERR_REDIRECT] 
2026-02-10 21:09:10,269 [ERROR] LogOutputStream:75 - [STDERR_REDIRECT] [Fatal Error] :1:1: Premature end of file.
2026-02-10 21:09:10,269 [ERROR] LogOutputStream:75 - [STDERR_REDIRECT] 
2026-02-10 21:09:11,277 [ERROR] LogOutputStream:75 - [STDERR_REDIRECT] [Fatal Error] :1:1: Premature end of file.
2026-02-10 21:09:11,277 [ERROR] LogOutputStream:75 - [STDERR_REDIRECT] 
2026-02-10 21:09:12,264 [ERROR] LogOutputStream:75 - [STDERR_REDIRECT] [Fatal Error] :1:1: Premature end of file.
2026-02-10 21:09:12,264 [ERROR] LogOutputStream:75 - [STDERR_REDIRECT] 
2026-02-10 21:09:13,258 [ERROR] LogOutputStream:75 - [STDERR_REDIRECT] [Fatal Error] :1:1: Premature end of file.
2026-02-10 21:09:13,258 [ERROR] LogOutputStream:75 - [STDERR_REDIRECT] 
2026-02-10 21:09:14,264 [ERROR] LogOutputStream:75 - [STDERR_REDIRECT] [Fatal Error] :1:1: Premature end of file.
2026-02-10 21:09:14,266 [ERROR] LogOutputStream:75 - [STDERR_REDIRECT] 
2026-02-10 21:09:15,262 [ERROR] LogOutputStream:75 - [STDERR_REDIRECT] [Fatal Error] :1:1: Premature end of file.
2026-02-10 21:09:15,262 [ERROR] LogOutputStream:75 - [STDERR_REDIRECT] 
2026-02-10 21:09:16,263 [ERROR] LogOutputStream:75 - [STDERR_REDIRECT] [Fatal Error] :1:1: Premature end of file.
2026-02-10 21:09:16,264 [ERROR] LogOutputStream:75 - [STDERR_REDIRECT] 
2026-02-10 21:09:17,265 [ERROR] LogOutputStream:75 - [STDERR_REDIRECT] [Fatal Error] :1:1: Premature end of file.
2026-02-10 21:09:17,265 [ERROR] LogOutputStream:75 - [STDERR_REDIRECT] 
2026-02-10 21:09:18,264 [ERROR] LogOutputStream:75 - [STDERR_REDIRECT] [Fatal Error] :1:1: Premature end of file.
2026-02-10 21:09:18,264 [ERROR] LogOutputStream:75 - [STDERR_REDIRECT] 
2026-02-10 21:09:19,264 [ERROR] LogOutputStream:75 - [STDERR_REDIRECT] [Fatal Error] :1:1: Premature end of file.
2026-02-10 21:09:19,264 [ERROR] LogOutputStream:75 - [STDERR_REDIRECT] 
2026-02-10 21:09:20,265 [ERROR] LogOutputStream:75 - [STDERR_REDIRECT] [Fatal Error] :1:1: Premature end of file.
2026-02-10 21:09:20,265 [ERROR] LogOutputStream:75 - [STDERR_REDIRECT] 
2026-02-10 21:09:21,262 [ERROR] LogOutputStream:75 - [STDERR_REDIRECT] [Fatal Error] :1:1: Premature end of file.
2026-02-10 21:09:21,262 [ERROR] LogOutputStream:75 - [STDERR_REDIRECT] 
2026-02-10 21:09:22,267 [ERROR] LogOutputStream:75 - [STDERR_REDIRECT] [Fatal Error] :1:1: Premature end of file.
2026-02-10 21:09:22,267 [ERROR] LogOutputStream:75 - [STDERR_REDIRECT] 
2026-02-10 21:09:23,265 [ERROR] LogOutputStream:75 - [STDERR_REDIRECT] [Fatal Error] :1:1: Premature end of file.
2026-02-10 21:09:23,265 [ERROR] LogOutputStream:75 - [STDERR_REDIRECT] 
2026-02-10 21:09:24,260 [ERROR] LogOutputStream:75 - [STDERR_REDIRECT] [Fatal Error] :1:1: Premature end of file.
2026-02-10 21:09:24,260 [ERROR] LogOutputStream:75 - [STDERR_REDIRECT] 
2026-02-10 21:09:25,261 [ERROR] LogOutputStream:75 - [STDERR_REDIRECT] [Fatal Error] :1:1: Premature end of file.
2026-02-10 21:09:25,261 [ERROR] LogOutputStream:75 - [STDERR_REDIRECT] 
2026-02-10 21:09:26,266 [ERROR] LogOutputStream:75 - [STDERR_REDIRECT] [Fatal Error] :1:1: Premature end of file.
2026-02-10 21:09:26,266 [ERROR] LogOutputStream:75 - [STDERR_REDIRECT] 
2026-02-10 21:09:27,268 [ERROR] LogOutputStream:75 - [STDERR_REDIRECT] [Fatal Error] :1:1: Premature end of file.
2026-02-10 21:09:27,268 [ERROR] LogOutputStream:75 - [STDERR_REDIRECT] 
2026-02-10 21:09:28,265 [ERROR] LogOutputStream:75 - [STDERR_REDIRECT] [Fatal Error] :1:1: Premature end of file.
2026-02-10 21:09:28,265 [ERROR] LogOutputStream:75 - [STDERR_REDIRECT] 
2026-02-10 21:09:29,262 [ERROR] LogOutputStream:75 - [STDERR_REDIRECT] [Fatal Error] :1:1: Premature end of file.
2026-02-10 21:09:29,262 [ERROR] LogOutputStream:75 - [STDERR_REDIRECT] 
2026-02-10 21:09:30,256 [ERROR] LogOutputStream:75 - [STDERR_REDIRECT] [Fatal Error] :1:1: Premature end of file.
2026-02-10 21:09:30,256 [ERROR] LogOutputStream:75 - [STDERR_REDIRECT] 
2026-02-10 21:09:31,269 [ERROR] LogOutputStream:75 - [STDERR_REDIRECT] [Fatal Error] :1:1: Premature end of file.
2026-02-10 21:09:31,269 [ERROR] LogOutputStream:75 - [STDERR_REDIRECT] 
2026-02-10 21:09:32,267 [ERROR] LogOutputStream:75 - [STDERR_REDIRECT] [Fatal Error] :1:1: Premature end of file.
2026-02-10 21:09:32,267 [ERROR] LogOutputStream:75 - [STDERR_REDIRECT] 
2026-02-10 21:09:33,261 [ERROR] LogOutputStream:75 - [STDERR_REDIRECT] [Fatal Error] :1:1: Premature end of file.
2026-02-10 21:09:33,261 [ERROR] LogOutputStream:75 - [STDERR_REDIRECT] 
2026-02-10 21:09:34,268 [ERROR] LogOutputStream:75 - [STDERR_REDIRECT] [Fatal Error] :1:1: Premature end of file.
2026-02-10 21:09:34,268 [ERROR] LogOutputStream:75 - [STDERR_REDIRECT] 
2026-02-10 21:09:35,261 [ERROR] LogOutputStream:75 - [STDERR_REDIRECT] [Fatal Error] :1:1: Premature end of file.
2026-02-10 21:09:35,261 [ERROR] LogOutputStream:75 - [STDERR_REDIRECT] 
2026-02-10 21:09:36,272 [ERROR] LogOutputStream:75 - [STDERR_REDIRECT] [Fatal Error] :1:1: Premature end of file.
2026-02-10 21:09:36,272 [ERROR] LogOutputStream:75 - [STDERR_REDIRECT] 
2026-02-10 21:09:37,272 [ERROR] LogOutputStream:75 - [STDERR_REDIRECT] [Fatal Error] :1:1: Premature end of file.
2026-02-10 21:09:37,272 [ERROR] LogOutputStream:75 - [STDERR_REDIRECT] 
2026-02-10 21:09:38,262 [ERROR] LogOutputStream:75 - [STDERR_REDIRECT] [Fatal Error] :1:1: Premature end of file.
2026-02-10 21:09:38,262 [ERROR] LogOutputStream:75 - [STDERR_REDIRECT] 
2026-02-10 21:09:39,262 [ERROR] LogOutputStream:75 - [STDERR_REDIRECT] [Fatal Error] :1:1: Premature end of file.
2026-02-10 21:09:39,263 [ERROR] LogOutputStream:75 - [STDERR_REDIRECT] 
2026-02-10 21:09:40,266 [ERROR] LogOutputStream:75 - [STDERR_REDIRECT] [Fatal Error] :1:1: Premature end of file.
2026-02-10 21:09:40,266 [ERROR] LogOutputStream:75 - [STDERR_REDIRECT] 
2026-02-10 21:09:41,271 [ERROR] LogOutputStream:75 - [STDERR_REDIRECT] [Fatal Error] :1:1: Premature end of file.
2026-02-10 21:09:41,271 [ERROR] LogOutputStream:75 - [STDERR_REDIRECT] 
2026-02-10 21:09:42,271 [ERROR] LogOutputStream:75 - [STDERR_REDIRECT] [Fatal Error] :1:1: Premature end of file.
2026-02-10 21:09:42,271 [ERROR] LogOutputStream:75 - [STDERR_REDIRECT] 
2026-02-10 21:09:43,275 [ERROR] LogOutputStream:75 - [STDERR_REDIRECT] [Fatal Error] :1:1: Premature end of file.
2026-02-10 21:09:43,276 [ERROR] LogOutputStream:75 - [STDERR_REDIRECT] 
2026-02-10 21:09:44,263 [ERROR] LogOutputStream:75 - [STDERR_REDIRECT] [Fatal Error] :1:1: Premature end of file.
2026-02-10 21:09:44,263 [ERROR] LogOutputStream:75 - [STDERR_REDIRECT] 
2026-02-10 21:09:45,271 [ERROR] LogOutputStream:75 - [STDERR_REDIRECT] [Fatal Error] :1:1: Premature end of file.
2026-02-10 21:09:45,271 [ERROR] LogOutputStream:75 - [STDERR_REDIRECT] 
2026-02-10 21:09:46,265 [ERROR] LogOutputStream:75 - [STDERR_REDIRECT] [Fatal Error] :1:1: Premature end of file.
2026-02-10 21:09:46,265 [ERROR] LogOutputStream:75 - [STDERR_REDIRECT] 
2026-02-10 21:09:47,267 [ERROR] LogOutputStream:75 - [STDERR_REDIRECT] [Fatal Error] :1:1: Premature end of file.
2026-02-10 21:09:47,267 [ERROR] LogOutputStream:75 - [STDERR_REDIRECT] 
2026-02-10 21:09:48,262 [ERROR] LogOutputStream:75 - [STDERR_REDIRECT] [Fatal Error] :1:1: Premature end of file.
2026-02-10 21:09:48,262 [ERROR] LogOutputStream:75 - [STDERR_REDIRECT] 
2026-02-10 21:09:49,267 [ERROR] LogOutputStream:75 - [STDERR_REDIRECT] [Fatal Error] :1:1: Premature end of file.
2026-02-10 21:09:49,267 [ERROR] LogOutputStream:75 - [STDERR_REDIRECT] 
2026-02-10 21:09:50,261 [ERROR] LogOutputStream:75 - [STDERR_REDIRECT] [Fatal Error] :1:1: Premature end of file.
2026-02-10 21:09:50,261 [ERROR] LogOutputStream:75 - [STDERR_REDIRECT] 
2026-02-10 21:09:51,261 [ERROR] LogOutputStream:75 - [STDERR_REDIRECT] [Fatal Error] :1:1: Premature end of file.
2026-02-10 21:09:51,261 [ERROR] LogOutputStream:75 - [STDERR_REDIRECT] 
2026-02-10 21:09:52,261 [ERROR] LogOutputStream:75 - [STDERR_REDIRECT] [Fatal Error] :1:1: Premature end of file.
2026-02-10 21:09:52,261 [ERROR] LogOutputStream:75 - [STDERR_REDIRECT] 
2026-02-10 21:09:53,263 [ERROR] LogOutputStream:75 - [STDERR_REDIRECT] [Fatal Error] :1:1: Premature end of file.
2026-02-10 21:09:53,264 [ERROR] LogOutputStream:75 - [STDERR_REDIRECT] 
2026-02-10 21:09:54,264 [ERROR] LogOutputStream:75 - [STDERR_REDIRECT] [Fatal Error] :1:1: Premature end of file.
2026-02-10 21:09:54,264 [ERROR] LogOutputStream:75 - [STDERR_REDIRECT] 
2026-02-10 21:09:55,261 [ERROR] LogOutputStream:75 - [STDERR_REDIRECT] [Fatal Error] :1:1: Premature end of file.
2026-02-10 21:09:55,261 [ERROR] LogOutputStream:75 - [STDERR_REDIRECT] 
2026-02-10 21:09:56,262 [ERROR] LogOutputStream:75 - [STDERR_REDIRECT] [Fatal Error] :1:1: Premature end of file.
2026-02-10 21:09:56,262 [ERROR] LogOutputStream:75 - [STDERR_REDIRECT] 
2026-02-10 21:09:57,261 [ERROR] LogOutputStream:75 - [STDERR_REDIRECT] [Fatal Error] :1:1: Premature end of file.
2026-02-10 21:09:57,262 [ERROR] LogOutputStream:75 - [STDERR_REDIRECT] 
2026-02-10 21:09:58,261 [ERROR] LogOutputStream:75 - [STDERR_REDIRECT] [Fatal Error] :1:1: Premature end of file.
2026-02-10 21:09:58,261 [ERROR] LogOutputStream:75 - [STDERR_REDIRECT] 
2026-02-10 21:09:59,260 [ERROR] LogOutputStream:75 - [STDERR_REDIRECT] [Fatal Error] :1:1: Premature end of file.
2026-02-10 21:09:59,260 [ERROR] LogOutputStream:75 - [STDERR_REDIRECT] 
2026-02-10 21:10:00,260 [ERROR] LogOutputStream:75 - [STDERR_REDIRECT] [Fatal Error] :1:1: Premature end of file.
2026-02-10 21:10:00,260 [ERROR] LogOutputStream:75 - [STDERR_REDIRECT] 
2026-02-10 21:10:01,259 [ERROR] LogOutputStream:75 - [STDERR_REDIRECT] [Fatal Error] :1:1: Premature end of file.
2026-02-10 21:10:01,260 [ERROR] LogOutputStream:75 - [STDERR_REDIRECT] 
2026-02-10 21:10:02,260 [ERROR] LogOutputStream:75 - [STDERR_REDIRECT] [Fatal Error] :1:1: Premature end of file.
2026-02-10 21:10:02,260 [ERROR] LogOutputStream:75 - [STDERR_REDIRECT] 
2026-02-10 21:10:03,262 [ERROR] LogOutputStream:75 - [STDERR_REDIRECT] [Fatal Error] :1:1: Premature end of file.
2026-02-10 21:10:03,262 [ERROR] LogOutputStream:75 - [STDERR_REDIRECT] 
2026-02-10 21:10:04,262 [ERROR] LogOutputStream:75 - [STDERR_REDIRECT] [Fatal Error] :1:1: Premature end of file.
2026-02-10 21:10:04,262 [ERROR] LogOutputStream:75 - [STDERR_REDIRECT] 
2026-02-10 21:10:05,261 [ERROR] LogOutputStream:75 - [STDERR_REDIRECT] [Fatal Error] :1:1: Premature end of file.
2026-02-10 21:10:05,261 [ERROR] LogOutputStream:75 - [STDERR_REDIRECT] 
2026-02-10 21:10:06,261 [ERROR] LogOutputStream:75 - [STDERR_REDIRECT] [Fatal Error] :1:1: Premature end of file.
2026-02-10 21:10:06,261 [ERROR] LogOutputStream:75 - [STDERR_REDIRECT] 
2026-02-10 21:10:07,259 [ERROR] LogOutputStream:75 - [STDERR_REDIRECT] [Fatal Error] :1:1: Premature end of file.
2026-02-10 21:10:07,259 [ERROR] LogOutputStream:75 - [STDERR_REDIRECT] 
2026-02-10 21:10:08,261 [ERROR] LogOutputStream:75 - [STDERR_REDIRECT] [Fatal Error] :1:1: Premature end of file.
2026-02-10 21:10:08,261 [ERROR] LogOutputStream:75 - [STDERR_REDIRECT] 
2026-02-10 21:10:09,261 [ERROR] LogOutputStream:75 - [STDERR_REDIRECT] [Fatal Error] :1:1: Premature end of file.
2026-02-10 21:10:09,261 [ERROR] LogOutputStream:75 - [STDERR_REDIRECT] 
2026-02-10 21:10:10,261 [ERROR] LogOutputStream:75 - [STDERR_REDIRECT] [Fatal Error] :1:1: Premature end of file.
2026-02-10 21:10:10,261 [ERROR] LogOutputStream:75 - [STDERR_REDIRECT] 
2026-02-10 21:10:11,262 [ERROR] LogOutputStream:75 - [STDERR_REDIRECT] [Fatal Error] :1:1: Premature end of file.
2026-02-10 21:10:11,262 [ERROR] LogOutputStream:75 - [STDERR_REDIRECT] 
2026-02-10 21:10:12,262 [ERROR] LogOutputStream:75 - [STDERR_REDIRECT] [Fatal Error] :1:1: Premature end of file.
2026-02-10 21:10:12,262 [ERROR] LogOutputStream:75 - [STDERR_REDIRECT] 
2026-02-10 21:10:13,260 [ERROR] LogOutputStream:75 - [STDERR_REDIRECT] [Fatal Error] :1:1: Premature end of file.
2026-02-10 21:10:13,260 [ERROR] LogOutputStream:75 - [STDERR_REDIRECT] 
2026-02-10 21:10:14,261 [ERROR] LogOutputStream:75 - [STDERR_REDIRECT] [Fatal Error] :1:1: Premature end of file.
2026-02-10 21:10:14,261 [ERROR] LogOutputStream:75 - [STDERR_REDIRECT] 
2026-02-10 21:10:15,261 [ERROR] LogOutputStream:75 - [STDERR_REDIRECT] [Fatal Error] :1:1: Premature end of file.
2026-02-10 21:10:15,261 [ERROR] LogOutputStream:75 - [STDERR_REDIRECT] 
2026-02-10 21:10:16,260 [ERROR] LogOutputStream:75 - [STDERR_REDIRECT] [Fatal Error] :1:1: Premature end of file.
2026-02-10 21:10:16,260 [ERROR] LogOutputStream:75 - [STDERR_REDIRECT] 
2026-02-10 21:10:17,261 [ERROR] LogOutputStream:75 - [STDERR_REDIRECT] [Fatal Error] :1:1: Premature end of file.
2026-02-10 21:10:17,261 [ERROR] LogOutputStream:75 - [STDERR_REDIRECT] 
2026-02-10 21:10:18,263 [ERROR] LogOutputStream:75 - [STDERR_REDIRECT] [Fatal Error] :1:1: Premature end of file.
2026-02-10 21:10:18,263 [ERROR] LogOutputStream:75 - [STDERR_REDIRECT] 
2026-02-10 21:10:19,260 [ERROR] LogOutputStream:75 - [STDERR_REDIRECT] [Fatal Error] :1:1: Premature end of file.
2026-02-10 21:10:19,260 [ERROR] LogOutputStream:75 - [STDERR_REDIRECT] 
2026-02-10 21:10:20,261 [ERROR] LogOutputStream:75 - [STDERR_REDIRECT] [Fatal Error] :1:1: Premature end of file.
2026-02-10 21:10:20,261 [ERROR] LogOutputStream:75 - [STDERR_REDIRECT] 
2026-02-10 21:10:21,260 [ERROR] LogOutputStream:75 - [STDERR_REDIRECT] [Fatal Error] :1:1: Premature end of file.
2026-02-10 21:10:21,260 [ERROR] LogOutputStream:75 - [STDERR_REDIRECT] 
2026-02-10 21:10:22,261 [ERROR] LogOutputStream:75 - [STDERR_REDIRECT] [Fatal Error] :1:1: Premature end of file.
2026-02-10 21:10:22,261 [ERROR] LogOutputStream:75 - [STDERR_REDIRECT] 
2026-02-10 21:10:23,261 [ERROR] LogOutputStream:75 - [STDERR_REDIRECT] [Fatal Error] :1:1: Premature end of file.
2026-02-10 21:10:23,261 [ERROR] LogOutputStream:75 - [STDERR_REDIRECT] 
2026-02-10 21:10:24,261 [ERROR] LogOutputStream:75 - [STDERR_REDIRECT] [Fatal Error] :1:1: Premature end of file.
2026-02-10 21:10:24,261 [ERROR] LogOutputStream:75 - [STDERR_REDIRECT] 
2026-02-10 21:10:25,263 [ERROR] LogOutputStream:75 - [STDERR_REDIRECT] [Fatal Error] :1:1: Premature end of file.
2026-02-10 21:10:25,263 [ERROR] LogOutputStream:75 - [STDERR_REDIRECT] 
2026-02-10 21:10:26,261 [ERROR] LogOutputStream:75 - [STDERR_REDIRECT] [Fatal Error] :1:1: Premature end of file.
2026-02-10 21:10:26,261 [ERROR] LogOutputStream:75 - [STDERR_REDIRECT] 
2026-02-10 21:10:27,261 [ERROR] LogOutputStream:75 - [STDERR_REDIRECT] [Fatal Error] :1:1: Premature end of file.
2026-02-10 21:10:27,261 [ERROR] LogOutputStream:75 - [STDERR_REDIRECT] 
2026-02-10 21:10:28,260 [ERROR] LogOutputStream:75 - [STDERR_REDIRECT] [Fatal Error] :1:1: Premature end of file.
2026-02-10 21:10:28,260 [ERROR] LogOutputStream:75 - [STDERR_REDIRECT] 
2026-02-10 21:10:29,261 [ERROR] LogOutputStream:75 - [STDERR_REDIRECT] [Fatal Error] :1:1: Premature end of file.
2026-02-10 21:10:29,261 [ERROR] LogOutputStream:75 - [STDERR_REDIRECT] 
2026-02-10 21:10:30,259 [ERROR] LogOutputStream:75 - [STDERR_REDIRECT] [Fatal Error] :1:1: Premature end of file.
2026-02-10 21:10:30,259 [ERROR] LogOutputStream:75 - [STDERR_REDIRECT] 
2026-02-10 21:10:31,260 [ERROR] LogOutputStream:75 - [STDERR_REDIRECT] [Fatal Error] :1:1: Premature end of file.
2026-02-10 21:10:31,260 [ERROR] LogOutputStream:75 - [STDERR_REDIRECT] 
2026-02-10 21:10:32,260 [ERROR] LogOutputStream:75 - [STDERR_REDIRECT] [Fatal Error] :1:1: Premature end of file.
2026-02-10 21:10:32,260 [ERROR] LogOutputStream:75 - [STDERR_REDIRECT] 
2026-02-10 21:10:33,259 [ERROR] LogOutputStream:75 - [STDERR_REDIRECT] [Fatal Error] :1:1: Premature end of file.
2026-02-10 21:10:33,259 [ERROR] LogOutputStream:75 - [STDERR_REDIRECT] 
2026-02-10 21:10:34,260 [ERROR] LogOutputStream:75 - [STDERR_REDIRECT] [Fatal Error] :1:1: Premature end of file.
2026-02-10 21:10:34,260 [ERROR] LogOutputStream:75 - [STDERR_REDIRECT] 
2026-02-10 21:10:35,264 [ERROR] LogOutputStream:75 - [STDERR_REDIRECT] [Fatal Error] :1:1: Premature end of file.
2026-02-10 21:10:35,264 [ERROR] LogOutputStream:75 - [STDERR_REDIRECT] 
2026-02-10 21:10:36,260 [ERROR] LogOutputStream:75 - [STDERR_REDIRECT] [Fatal Error] :1:1: Premature end of file.
2026-02-10 21:10:36,261 [ERROR] LogOutputStream:75 - [STDERR_REDIRECT] 
2026-02-10 21:10:37,261 [ERROR] LogOutputStream:75 - [STDERR_REDIRECT] [Fatal Error] :1:1: Premature end of file.
2026-02-10 21:10:37,261 [ERROR] LogOutputStream:75 - [STDERR_REDIRECT] 
2026-02-10 21:10:38,261 [ERROR] LogOutputStream:75 - [STDERR_REDIRECT] [Fatal Error] :1:1: Premature end of file.
2026-02-10 21:10:38,261 [ERROR] LogOutputStream:75 - [STDERR_REDIRECT] 
2026-02-10 21:10:39,260 [ERROR] LogOutputStream:75 - [STDERR_REDIRECT] [Fatal Error] :1:1: Premature end of file.
2026-02-10 21:10:39,261 [ERROR] LogOutputStream:75 - [STDERR_REDIRECT] 
2026-02-10 21:10:40,261 [ERROR] LogOutputStream:75 - [STDERR_REDIRECT] [Fatal Error] :1:1: Premature end of file.
2026-02-10 21:10:40,261 [ERROR] LogOutputStream:75 - [STDERR_REDIRECT] 
2026-02-10 21:10:41,260 [ERROR] LogOutputStream:75 - [STDERR_REDIRECT] [Fatal Error] :1:1: Premature end of file.
2026-02-10 21:10:41,260 [ERROR] LogOutputStream:75 - [STDERR_REDIRECT] 
2026-02-10 21:10:42,262 [ERROR] LogOutputStream:75 - [STDERR_REDIRECT] [Fatal Error] :1:1: Premature end of file.
2026-02-10 21:10:42,262 [ERROR] LogOutputStream:75 - [STDERR_REDIRECT] 
2026-02-10 21:10:43,261 [ERROR] LogOutputStream:75 - [STDERR_REDIRECT] [Fatal Error] :1:1: Premature end of file.
2026-02-10 21:10:43,261 [ERROR] LogOutputStream:75 - [STDERR_REDIRECT] 
2026-02-10 21:10:44,261 [ERROR] LogOutputStream:75 - [STDERR_REDIRECT] [Fatal Error] :1:1: Premature end of file.
2026-02-10 21:10:44,261 [ERROR] LogOutputStream:75 - [STDERR_REDIRECT] 
2026-02-10 21:10:45,259 [ERROR] LogOutputStream:75 - [STDERR_REDIRECT] [Fatal Error] :1:1: Premature end of file.
2026-02-10 21:10:45,260 [ERROR] LogOutputStream:75 - [STDERR_REDIRECT] 
2026-02-10 21:10:46,260 [ERROR] LogOutputStream:75 - [STDERR_REDIRECT] [Fatal Error] :1:1: Premature end of file.
2026-02-10 21:10:46,260 [ERROR] LogOutputStream:75 - [STDERR_REDIRECT] 
2026-02-10 21:10:47,261 [ERROR] LogOutputStream:75 - [STDERR_REDIRECT] [Fatal Error] :1:1: Premature end of file.
2026-02-10 21:10:47,261 [ERROR] LogOutputStream:75 - [STDERR_REDIRECT] 
2026-02-10 21:10:48,260 [ERROR] LogOutputStream:75 - [STDERR_REDIRECT] [Fatal Error] :1:1: Premature end of file.
2026-02-10 21:10:48,260 [ERROR] LogOutputStream:75 - [STDERR_REDIRECT] 
2026-02-10 21:10:49,261 [ERROR] LogOutputStream:75 - [STDERR_REDIRECT] [Fatal Error] :1:1: Premature end of file.
2026-02-10 21:10:49,261 [ERROR] LogOutputStream:75 - [STDERR_REDIRECT] 
2026-02-10 21:10:50,261 [ERROR] LogOutputStream:75 - [STDERR_REDIRECT] [Fatal Error] :1:1: Premature end of file.
2026-02-10 21:10:50,261 [ERROR] LogOutputStream:75 - [STDERR_REDIRECT] 
2026-02-10 21:10:51,261 [ERROR] LogOutputStream:75 - [STDERR_REDIRECT] [Fatal Error] :1:1: Premature end of file.
2026-02-10 21:10:51,261 [ERROR] LogOutputStream:75 - [STDERR_REDIRECT] 
2026-02-10 21:10:52,260 [ERROR] LogOutputStream:75 - [STDERR_REDIRECT] [Fatal Error] :1:1: Premature end of file.
2026-02-10 21:10:52,260 [ERROR] LogOutputStream:75 - [STDERR_REDIRECT] 
2026-02-10 21:10:53,261 [ERROR] LogOutputStream:75 - [STDERR_REDIRECT] [Fatal Error] :1:1: Premature end of file.
2026-02-10 21:10:53,261 [ERROR] LogOutputStream:75 - [STDERR_REDIRECT] 
2026-02-10 21:10:54,261 [ERROR] LogOutputStream:75 - [STDERR_REDIRECT] [Fatal Error] :1:1: Premature end of file.
2026-02-10 21:10:54,261 [ERROR] LogOutputStream:75 - [STDERR_REDIRECT] 
2026-02-10 21:10:55,262 [ERROR] LogOutputStream:75 - [STDERR_REDIRECT] [Fatal Error] :1:1: Premature end of file.
2026-02-10 21:10:55,262 [ERROR] LogOutputStream:75 - [STDERR_REDIRECT] 
2026-02-10 21:10:56,260 [ERROR] LogOutputStream:75 - [STDERR_REDIRECT] [Fatal Error] :1:1: Premature end of file.
2026-02-10 21:10:56,260 [ERROR] LogOutputStream:75 - [STDERR_REDIRECT] 
2026-02-10 21:10:57,261 [ERROR] LogOutputStream:75 - [STDERR_REDIRECT] [Fatal Error] :1:1: Premature end of file.
2026-02-10 21:10:57,261 [ERROR] LogOutputStream:75 - [STDERR_REDIRECT] 
2026-02-10 21:10:58,258 [ERROR] LogOutputStream:75 - [STDERR_REDIRECT] [Fatal Error] :1:1: Premature end of file.
2026-02-10 21:10:58,258 [ERROR] LogOutputStream:75 - [STDERR_REDIRECT] 
2026-02-10 21:10:59,259 [ERROR] LogOutputStream:75 - [STDERR_REDIRECT] [Fatal Error] :1:1: Premature end of file.
2026-02-10 21:10:59,259 [ERROR] LogOutputStream:75 - [STDERR_REDIRECT] 
2026-02-10 21:11:00,261 [ERROR] LogOutputStream:75 - [STDERR_REDIRECT] [Fatal Error] :1:1: Premature end of file.
2026-02-10 21:11:00,261 [ERROR] LogOutputStream:75 - [STDERR_REDIRECT] 
2026-02-10 21:11:01,259 [ERROR] LogOutputStream:75 - [STDERR_REDIRECT] [Fatal Error] :1:1: Premature end of file.
2026-02-10 21:11:01,259 [ERROR] LogOutputStream:75 - [STDERR_REDIRECT] 
2026-02-10 21:11:02,261 [ERROR] LogOutputStream:75 - [STDERR_REDIRECT] [Fatal Error] :1:1: Premature end of file.
2026-02-10 21:11:02,261 [ERROR] LogOutputStream:75 - [STDERR_REDIRECT] 
2026-02-10 21:11:03,261 [ERROR] LogOutputStream:75 - [STDERR_REDIRECT] [Fatal Error] :1:1: Premature end of file.
2026-02-10 21:11:03,261 [ERROR] LogOutputStream:75 - [STDERR_REDIRECT] 
2026-02-10 21:11:04,261 [ERROR] LogOutputStream:75 - [STDERR_REDIRECT] [Fatal Error] :1:1: Premature end of file.
2026-02-10 21:11:04,261 [ERROR] LogOutputStream:75 - [STDERR_REDIRECT] 
2026-02-10 21:11:05,261 [ERROR] LogOutputStream:75 - [STDERR_REDIRECT] [Fatal Error] :1:1: Premature end of file.
2026-02-10 21:11:05,261 [ERROR] LogOutputStream:75 - [STDERR_REDIRECT] 
2026-02-10 21:11:06,261 [ERROR] LogOutputStream:75 - [STDERR_REDIRECT] [Fatal Error] :1:1: Premature end of file.
2026-02-10 21:11:06,261 [ERROR] LogOutputStream:75 - [STDERR_REDIRECT] 
2026-02-10 21:11:07,261 [ERROR] LogOutputStream:75 - [STDERR_REDIRECT] [Fatal Error] :1:1: Premature end of file.
2026-02-10 21:11:07,261 [ERROR] LogOutputStream:75 - [STDERR_REDIRECT] 
2026-02-10 21:11:08,262 [ERROR] LogOutputStream:75 - [STDERR_REDIRECT] [Fatal Error] :1:1: Premature end of file.
2026-02-10 21:11:08,262 [ERROR] LogOutputStream:75 - [STDERR_REDIRECT] 
2026-02-10 21:11:09,261 [ERROR] LogOutputStream:75 - [STDERR_REDIRECT] [Fatal Error] :1:1: Premature end of file.
2026-02-10 21:11:09,262 [ERROR] LogOutputStream:75 - [STDERR_REDIRECT] 
2026-02-10 21:11:10,260 [ERROR] LogOutputStream:75 - [STDERR_REDIRECT] [Fatal Error] :1:1: Premature end of file.
2026-02-10 21:11:10,260 [ERROR] LogOutputStream:75 - [STDERR_REDIRECT] 
2026-02-10 21:11:11,261 [ERROR] LogOutputStream:75 - [STDERR_REDIRECT] [Fatal Error] :1:1: Premature end of file.
2026-02-10 21:11:11,261 [ERROR] LogOutputStream:75 - [STDERR_REDIRECT] 
2026-02-10 21:11:12,261 [ERROR] LogOutputStream:75 - [STDERR_REDIRECT] [Fatal Error] :1:1: Premature end of file.
2026-02-10 21:11:12,261 [ERROR] LogOutputStream:75 - [STDERR_REDIRECT] 
2026-02-10 21:11:13,262 [ERROR] LogOutputStream:75 - [STDERR_REDIRECT] [Fatal Error] :1:1: Premature end of file.
2026-02-10 21:11:13,262 [ERROR] LogOutputStream:75 - [STDERR_REDIRECT] 
2026-02-10 21:11:14,262 [ERROR] LogOutputStream:75 - [STDERR_REDIRECT] [Fatal Error] :1:1: Premature end of file.
2026-02-10 21:11:14,262 [ERROR] LogOutputStream:75 - [STDERR_REDIRECT] 
2026-02-10 21:11:15,262 [ERROR] LogOutputStream:75 - [STDERR_REDIRECT] [Fatal Error] :1:1: Premature end of file.
2026-02-10 21:11:15,262 [ERROR] LogOutputStream:75 - [STDERR_REDIRECT] 
2026-02-10 21:11:16,262 [ERROR] LogOutputStream:75 - [STDERR_REDIRECT] [Fatal Error] :1:1: Premature end of file.
2026-02-10 21:11:16,262 [ERROR] LogOutputStream:75 - [STDERR_REDIRECT] 
2026-02-10 21:11:17,260 [ERROR] LogOutputStream:75 - [STDERR_REDIRECT] [Fatal Error] :1:1: Premature end of file.
2026-02-10 21:11:17,260 [ERROR] LogOutputStream:75 - [STDERR_REDIRECT] 
2026-02-10 21:11:18,260 [ERROR] LogOutputStream:75 - [STDERR_REDIRECT] [Fatal Error] :1:1: Premature end of file.
2026-02-10 21:11:18,260 [ERROR] LogOutputStream:75 - [STDERR_REDIRECT] 
2026-02-10 21:11:19,261 [ERROR] LogOutputStream:75 - [STDERR_REDIRECT] [Fatal Error] :1:1: Premature end of file.
2026-02-10 21:11:19,261 [ERROR] LogOutputStream:75 - [STDERR_REDIRECT] 
2026-02-10 21:11:20,261 [ERROR] LogOutputStream:75 - [STDERR_REDIRECT] [Fatal Error] :1:1: Premature end of file.
2026-02-10 21:11:20,261 [ERROR] LogOutputStream:75 - [STDERR_REDIRECT] 
2026-02-10 21:11:21,262 [ERROR] LogOutputStream:75 - [STDERR_REDIRECT] [Fatal Error] :1:1: Premature end of file.
2026-02-10 21:11:21,262 [ERROR] LogOutputStream:75 - [STDERR_REDIRECT] 
2026-02-10 21:11:22,262 [ERROR] LogOutputStream:75 - [STDERR_REDIRECT] [Fatal Error] :1:1: Premature end of file.
2026-02-10 21:11:22,262 [ERROR] LogOutputStream:75 - [STDERR_REDIRECT] 
2026-02-10 21:11:23,262 [ERROR] LogOutputStream:75 - [STDERR_REDIRECT] [Fatal Error] :1:1: Premature end of file.
2026-02-10 21:11:23,262 [ERROR] LogOutputStream:75 - [STDERR_REDIRECT] 
2026-02-10 21:11:24,260 [ERROR] LogOutputStream:75 - [STDERR_REDIRECT] [Fatal Error] :1:1: Premature end of file.
2026-02-10 21:11:24,260 [ERROR] LogOutputStream:75 - [STDERR_REDIRECT] 
2026-02-10 21:11:25,262 [ERROR] LogOutputStream:75 - [STDERR_REDIRECT] [Fatal Error] :1:1: Premature end of file.
2026-02-10 21:11:25,262 [ERROR] LogOutputStream:75 - [STDERR_REDIRECT] 
2026-02-10 21:11:26,260 [ERROR] LogOutputStream:75 - [STDERR_REDIRECT] [Fatal Error] :1:1: Premature end of file.
2026-02-10 21:11:26,260 [ERROR] LogOutputStream:75 - [STDERR_REDIRECT] 
2026-02-10 21:11:27,260 [ERROR] LogOutputStream:75 - [STDERR_REDIRECT] [Fatal Error] :1:1: Premature end of file.
2026-02-10 21:11:27,260 [ERROR] LogOutputStream:75 - [STDERR_REDIRECT] 
2026-02-10 21:11:28,260 [ERROR] LogOutputStream:75 - [STDERR_REDIRECT] [Fatal Error] :1:1: Premature end of file.
2026-02-10 21:11:28,260 [ERROR] LogOutputStream:75 - [STDERR_REDIRECT] 
2026-02-10 21:11:29,260 [ERROR] LogOutputStream:75 - [STDERR_REDIRECT] [Fatal Error] :1:1: Premature end of file.
2026-02-10 21:11:29,260 [ERROR] LogOutputStream:75 - [STDERR_REDIRECT] 
2026-02-10 21:11:30,261 [ERROR] LogOutputStream:75 - [STDERR_REDIRECT] [Fatal Error] :1:1: Premature end of file.
2026-02-10 21:11:30,261 [ERROR] LogOutputStream:75 - [STDERR_REDIRECT] 
2026-02-10 21:11:31,263 [ERROR] LogOutputStream:75 - [STDERR_REDIRECT] [Fatal Error] :1:1: Premature end of file.
2026-02-10 21:11:31,263 [ERROR] LogOutputStream:75 - [STDERR_REDIRECT] 
2026-02-10 21:11:32,262 [ERROR] LogOutputStream:75 - [STDERR_REDIRECT] [Fatal Error] :1:1: Premature end of file.
2026-02-10 21:11:32,262 [ERROR] LogOutputStream:75 - [STDERR_REDIRECT] 
2026-02-10 21:11:33,259 [ERROR] LogOutputStream:75 - [STDERR_REDIRECT] [Fatal Error] :1:1: Premature end of file.
2026-02-10 21:11:33,260 [ERROR] LogOutputStream:75 - [STDERR_REDIRECT] 
2026-02-10 21:11:34,261 [ERROR] LogOutputStream:75 - [STDERR_REDIRECT] [Fatal Error] :1:1: Premature end of file.
2026-02-10 21:11:34,261 [ERROR] LogOutputStream:75 - [STDERR_REDIRECT] 
2026-02-10 21:11:35,259 [ERROR] LogOutputStream:75 - [STDERR_REDIRECT] [Fatal Error] :1:1: Premature end of file.
2026-02-10 21:11:35,260 [ERROR] LogOutputStream:75 - [STDERR_REDIRECT] 
2026-02-10 21:11:36,261 [ERROR] LogOutputStream:75 - [STDERR_REDIRECT] [Fatal Error] :1:1: Premature end of file.
2026-02-10 21:11:36,261 [ERROR] LogOutputStream:75 - [STDERR_REDIRECT] 
2026-02-10 21:11:37,260 [ERROR] LogOutputStream:75 - [STDERR_REDIRECT] [Fatal Error] :1:1: Premature end of file.
2026-02-10 21:11:37,260 [ERROR] LogOutputStream:75 - [STDERR_REDIRECT] 
2026-02-10 21:11:38,261 [ERROR] LogOutputStream:75 - [STDERR_REDIRECT] [Fatal Error] :1:1: Premature end of file.
2026-02-10 21:11:38,261 [ERROR] LogOutputStream:75 - [STDERR_REDIRECT] 
2026-02-10 21:11:39,258 [ERROR] LogOutputStream:75 - [STDERR_REDIRECT] [Fatal Error] :1:1: Premature end of file.
2026-02-10 21:11:39,259 [ERROR] LogOutputStream:75 - [STDERR_REDIRECT] 
2026-02-10 21:11:40,261 [ERROR] LogOutputStream:75 - [STDERR_REDIRECT] [Fatal Error] :1:1: Premature end of file.
2026-02-10 21:11:40,261 [ERROR] LogOutputStream:75 - [STDERR_REDIRECT] 
2026-02-10 21:11:41,262 [ERROR] LogOutputStream:75 - [STDERR_REDIRECT] [Fatal Error] :1:1: Premature end of file.
2026-02-10 21:11:41,262 [ERROR] LogOutputStream:75 - [STDERR_REDIRECT] 
2026-02-10 21:11:42,260 [ERROR] LogOutputStream:75 - [STDERR_REDIRECT] [Fatal Error] :1:1: Premature end of file.
2026-02-10 21:11:42,261 [ERROR] LogOutputStream:75 - [STDERR_REDIRECT] 
2026-02-10 21:11:43,262 [ERROR] LogOutputStream:75 - [STDERR_REDIRECT] [Fatal Error] :1:1: Premature end of file.
2026-02-10 21:11:43,263 [ERROR] LogOutputStream:75 - [STDERR_REDIRECT] 
2026-02-10 21:11:44,259 [ERROR] LogOutputStream:75 - [STDERR_REDIRECT] [Fatal Error] :1:1: Premature end of file.
2026-02-10 21:11:44,259 [ERROR] LogOutputStream:75 - [STDERR_REDIRECT] 
2026-02-10 21:11:45,262 [ERROR] LogOutputStream:75 - [STDERR_REDIRECT] [Fatal Error] :1:1: Premature end of file.
2026-02-10 21:11:45,262 [ERROR] LogOutputStream:75 - [STDERR_REDIRECT] 
2026-02-10 21:11:46,262 [ERROR] LogOutputStream:75 - [STDERR_REDIRECT] [Fatal Error] :1:1: Premature end of file.
2026-02-10 21:11:46,262 [ERROR] LogOutputStream:75 - [STDERR_REDIRECT] 
2026-02-10 21:11:47,262 [ERROR] LogOutputStream:75 - [STDERR_REDIRECT] [Fatal Error] :1:1: Premature end of file.
2026-02-10 21:11:47,262 [ERROR] LogOutputStream:75 - [STDERR_REDIRECT] 
2026-02-10 21:11:48,260 [ERROR] LogOutputStream:75 - [STDERR_REDIRECT] [Fatal Error] :1:1: Premature end of file.
2026-02-10 21:11:48,260 [ERROR] LogOutputStream:75 - [STDERR_REDIRECT] 
2026-02-10 21:11:49,262 [ERROR] LogOutputStream:75 - [STDERR_REDIRECT] [Fatal Error] :1:1: Premature end of file.
2026-02-10 21:11:49,262 [ERROR] LogOutputStream:75 - [STDERR_REDIRECT] 
2026-02-10 21:11:50,262 [ERROR] LogOutputStream:75 - [STDERR_REDIRECT] [Fatal Error] :1:1: Premature end of file.
2026-02-10 21:11:50,262 [ERROR] LogOutputStream:75 - [STDERR_REDIRECT] 
2026-02-10 21:11:51,264 [ERROR] LogOutputStream:75 - [STDERR_REDIRECT] [Fatal Error] :1:1: Premature end of file.
2026-02-10 21:11:51,264 [ERROR] LogOutputStream:75 - [STDERR_REDIRECT] 
2026-02-10 21:11:52,267 [ERROR] LogOutputStream:75 - [STDERR_REDIRECT] [Fatal Error] :1:1: Premature end of file.
2026-02-10 21:11:52,268 [ERROR] LogOutputStream:75 - [STDERR_REDIRECT] 
2026-02-10 21:11:53,277 [ERROR] LogOutputStream:75 - [STDERR_REDIRECT] [Fatal Error] :1:1: Premature end of file.
2026-02-10 21:11:53,277 [ERROR] LogOutputStream:75 - [STDERR_REDIRECT] 
2026-02-10 21:11:54,260 [ERROR] LogOutputStream:75 - [STDERR_REDIRECT] [Fatal Error] :1:1: Premature end of file.
2026-02-10 21:11:54,260 [ERROR] LogOutputStream:75 - [STDERR_REDIRECT] 
2026-02-10 21:11:55,259 [ERROR] LogOutputStream:75 - [STDERR_REDIRECT] [Fatal Error] :1:1: Premature end of file.
2026-02-10 21:11:55,259 [ERROR] LogOutputStream:75 - [STDERR_REDIRECT] 
2026-02-10 21:11:56,269 [ERROR] LogOutputStream:75 - [STDERR_REDIRECT] [Fatal Error] :1:1: Premature end of file.
2026-02-10 21:11:56,269 [ERROR] LogOutputStream:75 - [STDERR_REDIRECT] 
2026-02-10 21:11:57,258 [ERROR] LogOutputStream:75 - [STDERR_REDIRECT] [Fatal Error] :1:1: Premature end of file.
2026-02-10 21:11:57,258 [ERROR] LogOutputStream:75 - [STDERR_REDIRECT] 
2026-02-10 21:11:58,265 [ERROR] LogOutputStream:75 - [STDERR_REDIRECT] [Fatal Error] :1:1: Premature end of file.
2026-02-10 21:11:58,265 [ERROR] LogOutputStream:75 - [STDERR_REDIRECT] 
2026-02-10 21:11:59,262 [ERROR] LogOutputStream:75 - [STDERR_REDIRECT] [Fatal Error] :1:1: Premature end of file.
2026-02-10 21:11:59,262 [ERROR] LogOutputStream:75 - [STDERR_REDIRECT] 
2026-02-10 21:12:00,263 [ERROR] LogOutputStream:75 - [STDERR_REDIRECT] [Fatal Error] :1:1: Premature end of file.
2026-02-10 21:12:00,263 [ERROR] LogOutputStream:75 - [STDERR_REDIRECT] 
2026-02-10 21:12:01,279 [ERROR] LogOutputStream:75 - [STDERR_REDIRECT] [Fatal Error] :1:1: Premature end of file.
2026-02-10 21:12:01,279 [ERROR] LogOutputStream:75 - [STDERR_REDIRECT] 
2026-02-10 21:12:02,275 [ERROR] LogOutputStream:75 - [STDERR_REDIRECT] [Fatal Error] :1:1: Premature end of file.
2026-02-10 21:12:02,275 [ERROR] LogOutputStream:75 - [STDERR_REDIRECT] 
2026-02-10 21:12:03,275 [ERROR] LogOutputStream:75 - [STDERR_REDIRECT] [Fatal Error] :1:1: Premature end of file.
2026-02-10 21:12:03,275 [ERROR] LogOutputStream:75 - [STDERR_REDIRECT] 
2026-02-10 21:12:04,267 [ERROR] LogOutputStream:75 - [STDERR_REDIRECT] [Fatal Error] :1:1: Premature end of file.
2026-02-10 21:12:04,267 [ERROR] LogOutputStream:75 - [STDERR_REDIRECT] 
2026-02-10 21:12:05,259 [ERROR] LogOutputStream:75 - [STDERR_REDIRECT] [Fatal Error] :1:1: Premature end of file.
2026-02-10 21:12:05,259 [ERROR] LogOutputStream:75 - [STDERR_REDIRECT] 
2026-02-10 21:12:06,274 [ERROR] LogOutputStream:75 - [STDERR_REDIRECT] [Fatal Error] :1:1: Premature end of file.
2026-02-10 21:12:06,275 [ERROR] LogOutputStream:75 - [STDERR_REDIRECT] 
2026-02-10 21:12:07,266 [ERROR] LogOutputStream:75 - [STDERR_REDIRECT] [Fatal Error] :1:1: Premature end of file.
2026-02-10 21:12:07,266 [ERROR] LogOutputStream:75 - [STDERR_REDIRECT] 
2026-02-10 21:12:08,260 [ERROR] LogOutputStream:75 - [STDERR_REDIRECT] [Fatal Error] :1:1: Premature end of file.
2026-02-10 21:12:08,260 [ERROR] LogOutputStream:75 - [STDERR_REDIRECT] 
2026-02-10 21:12:09,261 [ERROR] LogOutputStream:75 - [STDERR_REDIRECT] [Fatal Error] :1:1: Premature end of file.
2026-02-10 21:12:09,261 [ERROR] LogOutputStream:75 - [STDERR_REDIRECT] 
2026-02-10 21:12:10,272 [ERROR] LogOutputStream:75 - [STDERR_REDIRECT] [Fatal Error] :1:1: Premature end of file.
2026-02-10 21:12:10,272 [ERROR] LogOutputStream:75 - [STDERR_REDIRECT] 
2026-02-10 21:12:11,271 [ERROR] LogOutputStream:75 - [STDERR_REDIRECT] [Fatal Error] :1:1: Premature end of file.
2026-02-10 21:12:11,271 [ERROR] LogOutputStream:75 - [STDERR_REDIRECT] 
2026-02-10 21:12:12,262 [ERROR] LogOutputStream:75 - [STDERR_REDIRECT] [Fatal Error] :1:1: Premature end of file.
2026-02-10 21:12:12,262 [ERROR] LogOutputStream:75 - [STDERR_REDIRECT] 
2026-02-10 21:12:13,262 [ERROR] LogOutputStream:75 - [STDERR_REDIRECT] [Fatal Error] :1:1: Premature end of file.
2026-02-10 21:12:13,262 [ERROR] LogOutputStream:75 - [STDERR_REDIRECT] 
2026-02-10 21:12:14,261 [ERROR] LogOutputStream:75 - [STDERR_REDIRECT] [Fatal Error] :1:1: Premature end of file.
2026-02-10 21:12:14,261 [ERROR] LogOutputStream:75 - [STDERR_REDIRECT] 
2026-02-10 21:12:15,271 [ERROR] LogOutputStream:75 - [STDERR_REDIRECT] [Fatal Error] :1:1: Premature end of file.
2026-02-10 21:12:15,271 [ERROR] LogOutputStream:75 - [STDERR_REDIRECT] 
2026-02-10 21:12:16,260 [ERROR] LogOutputStream:75 - [STDERR_REDIRECT] [Fatal Error] :1:1: Premature end of file.
2026-02-10 21:12:16,260 [ERROR] LogOutputStream:75 - [STDERR_REDIRECT] 
2026-02-10 21:12:17,262 [ERROR] LogOutputStream:75 - [STDERR_REDIRECT] [Fatal Error] :1:1: Premature end of file.
2026-02-10 21:12:17,262 [ERROR] LogOutputStream:75 - [STDERR_REDIRECT] 
2026-02-10 21:12:18,260 [ERROR] LogOutputStream:75 - [STDERR_REDIRECT] [Fatal Error] :1:1: Premature end of file.
2026-02-10 21:12:18,260 [ERROR] LogOutputStream:75 - [STDERR_REDIRECT] 
2026-02-10 21:12:19,259 [ERROR] LogOutputStream:75 - [STDERR_REDIRECT] [Fatal Error] :1:1: Premature end of file.
2026-02-10 21:12:19,259 [ERROR] LogOutputStream:75 - [STDERR_REDIRECT] 
2026-02-10 21:12:20,260 [ERROR] LogOutputStream:75 - [STDERR_REDIRECT] [Fatal Error] :1:1: Premature end of file.
2026-02-10 21:12:20,260 [ERROR] LogOutputStream:75 - [STDERR_REDIRECT] 
2026-02-10 21:12:21,260 [ERROR] LogOutputStream:75 - [STDERR_REDIRECT] [Fatal Error] :1:1: Premature end of file.
2026-02-10 21:12:21,260 [ERROR] LogOutputStream:75 - [STDERR_REDIRECT] 
2026-02-10 21:12:22,260 [ERROR] LogOutputStream:75 - [STDERR_REDIRECT] [Fatal Error] :1:1: Premature end of file.
2026-02-10 21:12:22,260 [ERROR] LogOutputStream:75 - [STDERR_REDIRECT] 
2026-02-10 21:12:23,260 [ERROR] LogOutputStream:75 - [STDERR_REDIRECT] [Fatal Error] :1:1: Premature end of file.
2026-02-10 21:12:23,261 [ERROR] LogOutputStream:75 - [STDERR_REDIRECT] 
2026-02-10 21:12:24,260 [ERROR] LogOutputStream:75 - [STDERR_REDIRECT] [Fatal Error] :1:1: Premature end of file.
2026-02-10 21:12:24,260 [ERROR] LogOutputStream:75 - [STDERR_REDIRECT] 
2026-02-10 21:12:25,262 [ERROR] LogOutputStream:75 - [STDERR_REDIRECT] [Fatal Error] :1:1: Premature end of file.
2026-02-10 21:12:25,262 [ERROR] LogOutputStream:75 - [STDERR_REDIRECT] 
2026-02-10 21:12:26,261 [ERROR] LogOutputStream:75 - [STDERR_REDIRECT] [Fatal Error] :1:1: Premature end of file.
2026-02-10 21:12:26,261 [ERROR] LogOutputStream:75 - [STDERR_REDIRECT] 
2026-02-10 21:12:27,261 [ERROR] LogOutputStream:75 - [STDERR_REDIRECT] [Fatal Error] :1:1: Premature end of file.
2026-02-10 21:12:27,261 [ERROR] LogOutputStream:75 - [STDERR_REDIRECT] 
2026-02-10 21:12:28,260 [ERROR] LogOutputStream:75 - [STDERR_REDIRECT] [Fatal Error] :1:1: Premature end of file.
2026-02-10 21:12:28,260 [ERROR] LogOutputStream:75 - [STDERR_REDIRECT] 
2026-02-10 21:12:29,260 [ERROR] LogOutputStream:75 - [STDERR_REDIRECT] [Fatal Error] :1:1: Premature end of file.
2026-02-10 21:12:29,260 [ERROR] LogOutputStream:75 - [STDERR_REDIRECT] 
2026-02-10 21:12:30,261 [ERROR] LogOutputStream:75 - [STDERR_REDIRECT] [Fatal Error] :1:1: Premature end of file.
2026-02-10 21:12:30,262 [ERROR] LogOutputStream:75 - [STDERR_REDIRECT] 
2026-02-10 21:12:31,261 [ERROR] LogOutputStream:75 - [STDERR_REDIRECT] [Fatal Error] :1:1: Premature end of file.
2026-02-10 21:12:31,261 [ERROR] LogOutputStream:75 - [STDERR_REDIRECT] 
2026-02-10 21:12:32,261 [ERROR] LogOutputStream:75 - [STDERR_REDIRECT] [Fatal Error] :1:1: Premature end of file.
2026-02-10 21:12:32,261 [ERROR] LogOutputStream:75 - [STDERR_REDIRECT] 
2026-02-10 21:12:33,261 [ERROR] LogOutputStream:75 - [STDERR_REDIRECT] [Fatal Error] :1:1: Premature end of file.
2026-02-10 21:12:33,261 [ERROR] LogOutputStream:75 - [STDERR_REDIRECT] 
2026-02-10 21:12:34,260 [ERROR] LogOutputStream:75 - [STDERR_REDIRECT] [Fatal Error] :1:1: Premature end of file.
2026-02-10 21:12:34,260 [ERROR] LogOutputStream:75 - [STDERR_REDIRECT] 
2026-02-10 21:12:35,261 [ERROR] LogOutputStream:75 - [STDERR_REDIRECT] [Fatal Error] :1:1: Premature end of file.
2026-02-10 21:12:35,261 [ERROR] LogOutputStream:75 - [STDERR_REDIRECT] 
2026-02-10 21:12:36,262 [ERROR] LogOutputStream:75 - [STDERR_REDIRECT] [Fatal Error] :1:1: Premature end of file.
2026-02-10 21:12:36,262 [ERROR] LogOutputStream:75 - [STDERR_REDIRECT] 
2026-02-10 21:12:37,261 [ERROR] LogOutputStream:75 - [STDERR_REDIRECT] [Fatal Error] :1:1: Premature end of file.
2026-02-10 21:12:37,261 [ERROR] LogOutputStream:75 - [STDERR_REDIRECT] 
2026-02-10 21:12:38,260 [ERROR] LogOutputStream:75 - [STDERR_REDIRECT] [Fatal Error] :1:1: Premature end of file.
2026-02-10 21:12:38,260 [ERROR] LogOutputStream:75 - [STDERR_REDIRECT] 
2026-02-10 21:12:39,260 [ERROR] LogOutputStream:75 - [STDERR_REDIRECT] [Fatal Error] :1:1: Premature end of file.
2026-02-10 21:12:39,260 [ERROR] LogOutputStream:75 - [STDERR_REDIRECT] 
2026-02-10 21:12:40,261 [ERROR] LogOutputStream:75 - [STDERR_REDIRECT] [Fatal Error] :1:1: Premature end of file.
2026-02-10 21:12:40,261 [ERROR] LogOutputStream:75 - [STDERR_REDIRECT] 
2026-02-10 21:12:41,262 [ERROR] LogOutputStream:75 - [STDERR_REDIRECT] [Fatal Error] :1:1: Premature end of file.
2026-02-10 21:12:41,262 [ERROR] LogOutputStream:75 - [STDERR_REDIRECT] 
2026-02-10 21:12:42,262 [ERROR] LogOutputStream:75 - [STDERR_REDIRECT] [Fatal Error] :1:1: Premature end of file.
2026-02-10 21:12:42,263 [ERROR] LogOutputStream:75 - [STDERR_REDIRECT] 
2026-02-10 21:12:43,262 [ERROR] LogOutputStream:75 - [STDERR_REDIRECT] [Fatal Error] :1:1: Premature end of file.
2026-02-10 21:12:43,262 [ERROR] LogOutputStream:75 - [STDERR_REDIRECT] 
2026-02-10 21:12:44,263 [ERROR] LogOutputStream:75 - [STDERR_REDIRECT] [Fatal Error] :1:1: Premature end of file.
2026-02-10 21:12:44,263 [ERROR] LogOutputStream:75 - [STDERR_REDIRECT] 
2026-02-10 21:12:45,261 [ERROR] LogOutputStream:75 - [STDERR_REDIRECT] [Fatal Error] :1:1: Premature end of file.
2026-02-10 21:12:45,261 [ERROR] LogOutputStream:75 - [STDERR_REDIRECT] 
2026-02-10 21:12:46,260 [ERROR] LogOutputStream:75 - [STDERR_REDIRECT] [Fatal Error] :1:1: Premature end of file.
2026-02-10 21:12:46,260 [ERROR] LogOutputStream:75 - [STDERR_REDIRECT] 
2026-02-10 21:12:47,261 [ERROR] LogOutputStream:75 - [STDERR_REDIRECT] [Fatal Error] :1:1: Premature end of file.
2026-02-10 21:12:47,261 [ERROR] LogOutputStream:75 - [STDERR_REDIRECT] 
2026-02-10 21:12:48,262 [ERROR] LogOutputStream:75 - [STDERR_REDIRECT] [Fatal Error] :1:1: Premature end of file.
2026-02-10 21:12:48,262 [ERROR] LogOutputStream:75 - [STDERR_REDIRECT] 
2026-02-10 21:12:49,261 [ERROR] LogOutputStream:75 - [STDERR_REDIRECT] [Fatal Error] :1:1: Premature end of file.
2026-02-10 21:12:49,261 [ERROR] LogOutputStream:75 - [STDERR_REDIRECT] 
2026-02-10 21:12:50,262 [ERROR] LogOutputStream:75 - [STDERR_REDIRECT] [Fatal Error] :1:1: Premature end of file.
2026-02-10 21:12:50,262 [ERROR] LogOutputStream:75 - [STDERR_REDIRECT] 
2026-02-10 21:12:51,262 [ERROR] LogOutputStream:75 - [STDERR_REDIRECT] [Fatal Error] :1:1: Premature end of file.
2026-02-10 21:12:51,262 [ERROR] LogOutputStream:75 - [STDERR_REDIRECT] 
2026-02-10 21:12:52,260 [ERROR] LogOutputStream:75 - [STDERR_REDIRECT] [Fatal Error] :1:1: Premature end of file.
2026-02-10 21:12:52,260 [ERROR] LogOutputStream:75 - [STDERR_REDIRECT] 
2026-02-10 21:12:53,260 [ERROR] LogOutputStream:75 - [STDERR_REDIRECT] [Fatal Error] :1:1: Premature end of file.
2026-02-10 21:12:53,260 [ERROR] LogOutputStream:75 - [STDERR_REDIRECT] 
2026-02-10 21:12:54,263 [ERROR] LogOutputStream:75 - [STDERR_REDIRECT] [Fatal Error] :1:1: Premature end of file.
2026-02-10 21:12:54,263 [ERROR] LogOutputStream:75 - [STDERR_REDIRECT] 
2026-02-10 21:12:55,260 [ERROR] LogOutputStream:75 - [STDERR_REDIRECT] [Fatal Error] :1:1: Premature end of file.
2026-02-10 21:12:55,260 [ERROR] LogOutputStream:75 - [STDERR_REDIRECT] 
2026-02-10 21:12:56,260 [ERROR] LogOutputStream:75 - [STDERR_REDIRECT] [Fatal Error] :1:1: Premature end of file.
2026-02-10 21:12:56,260 [ERROR] LogOutputStream:75 - [STDERR_REDIRECT] 
2026-02-10 21:12:57,262 [ERROR] LogOutputStream:75 - [STDERR_REDIRECT] [Fatal Error] :1:1: Premature end of file.
2026-02-10 21:12:57,262 [ERROR] LogOutputStream:75 - [STDERR_REDIRECT] 
2026-02-10 21:12:58,261 [ERROR] LogOutputStream:75 - [STDERR_REDIRECT] [Fatal Error] :1:1: Premature end of file.
2026-02-10 21:12:58,261 [ERROR] LogOutputStream:75 - [STDERR_REDIRECT] 
2026-02-10 21:12:59,261 [ERROR] LogOutputStream:75 - [STDERR_REDIRECT] [Fatal Error] :1:1: Premature end of file.
2026-02-10 21:12:59,262 [ERROR] LogOutputStream:75 - [STDERR_REDIRECT] 
2026-02-10 21:13:00,261 [ERROR] LogOutputStream:75 - [STDERR_REDIRECT] [Fatal Error] :1:1: Premature end of file.
2026-02-10 21:13:00,261 [ERROR] LogOutputStream:75 - [STDERR_REDIRECT] 
2026-02-10 21:13:01,262 [ERROR] LogOutputStream:75 - [STDERR_REDIRECT] [Fatal Error] :1:1: Premature end of file.
2026-02-10 21:13:01,263 [ERROR] LogOutputStream:75 - [STDERR_REDIRECT] 
2026-02-10 21:13:02,260 [ERROR] LogOutputStream:75 - [STDERR_REDIRECT] [Fatal Error] :1:1: Premature end of file.
2026-02-10 21:13:02,261 [ERROR] LogOutputStream:75 - [STDERR_REDIRECT] 
2026-02-10 21:13:03,268 [ERROR] LogOutputStream:75 - [STDERR_REDIRECT] [Fatal Error] :1:1: Premature end of file.
2026-02-10 21:13:03,269 [ERROR] LogOutputStream:75 - [STDERR_REDIRECT] 
