2025-10-30 13:42:31,169 [INFO] Activator:176 - 


2025-10-30 13:42:31,171 [INFO] Activator:177 - !SESSION log4j initialized
2025-10-30 13:42:36,369 [INFO] LogOutputStream:77 - [STDOUT_REDIRECT] 
2025-10-30 13:42:42,469 [INFO] ApplicationProperties:184 - Using Application install path: C:\ST\STM32CubeIDE_1.19.0\STM32CubeIDE\plugins\com.st.stm32cube.common.mx_6.15.0.202507011659
2025-10-30 13:42:42,500 [INFO] DbMcusXml:78 - Set database path to: C:\ST\STM32CubeIDE_1.19.0\STM32CubeIDE\plugins\com.st.stm32cube.common.mx_6.15.0.202507011659\\db\/mcu/
2025-10-30 13:42:42,501 [INFO] ApiDb:274 - Set plugin database path to: C:\ST\STM32CubeIDE_1.19.0\STM32CubeIDE\plugins\com.st.stm32cube.common.mx_6.15.0.202507011659\\db\/plugins/boardmanager/
2025-10-30 13:42:42,501 [WARN] ApiDb:259 - Overriding images path with different value:  => C:\ST\STM32CubeIDE_1.19.0\STM32CubeIDE\plugins\com.st.stm32cube.common.mx_6.15.0.202507011659\\db\/plugins/mcufinder/images/
2025-10-30 13:42:44,934 [WARN] ApiFinderProperties:113 - C:\Users\Song\.stmcufinder\plugins\mcufinder\mcu\mcuFinder.mfd doesn't exist
2025-10-30 13:42:44,935 [INFO] ApiDb:250 - Set database path to: C:\Users\Song\.stmcufinder\plugins\mcufinder//mcu/
2025-10-30 13:42:44,937 [INFO] DbMcusAds:125 - Set database path to: C:\Users\Song\.stmcufinder\plugins\mcufinder//mcu/
2025-10-30 13:42:44,941 [INFO] CrossReferenceDbSqlite:203 - Set database path to: C:\Users\Song\.stmcufinder\plugins\mcufinder//mcu/cs/
2025-10-30 13:42:45,131 [INFO] RulesReader:64 - Compatibility file has been processed (317 Rules)
2025-10-30 13:42:45,510 [INFO] DbMcusXml:78 - Set database path to: C:\ST\STM32CubeIDE_1.19.0\STM32CubeIDE\plugins\com.st.stm32cube.common.mx_6.15.0.202507011659\\db\/mcu/
2025-10-30 13:42:45,510 [INFO] ApiDb:274 - Set plugin database path to: C:\ST\STM32CubeIDE_1.19.0\STM32CubeIDE\plugins\com.st.stm32cube.common.mx_6.15.0.202507011659\\db\/plugins/boardmanager/
2025-10-30 13:42:45,510 [INFO] ApiDb:261 - Set plugin images path to: C:\ST\STM32CubeIDE_1.19.0\STM32CubeIDE\plugins\com.st.stm32cube.common.mx_6.15.0.202507011659\\db\/plugins/mcufinder/images/
2025-10-30 13:42:45,511 [WARN] DbFile:41 - Overriding database path with different value: C:\Users\Song\.stmcufinder\plugins\mcufinder/ => C:\Users\Song\.stmcufinder\plugins\mcufinder
2025-10-30 13:42:45,511 [INFO] ApiDb:250 - Set database path to: C:\Users\Song\.stmcufinder\plugins\mcufinder//mcu/
2025-10-30 13:42:45,511 [WARN] DbFile:41 - Overriding database path with different value: C:\Users\Song\.stmcufinder\plugins\mcufinder/ => C:\Users\Song\.stmcufinder\plugins\mcufinder
2025-10-30 13:42:45,511 [INFO] DbMcusAds:125 - Set database path to: C:\Users\Song\.stmcufinder\plugins\mcufinder//mcu/
2025-10-30 13:42:45,511 [WARN] DbFile:41 - Overriding database path with different value: C:\Users\Song\.stmcufinder\plugins\mcufinder/ => C:\Users\Song\.stmcufinder\plugins\mcufinder
2025-10-30 13:42:45,511 [WARN] DbFile:41 - Overriding database path with different value: C:\Users\Song\.stmcufinder\plugins\mcufinder/ => C:\Users\Song\.stmcufinder\plugins\mcufinder
2025-10-30 13:42:45,511 [INFO] CrossReferenceDbSqlite:203 - Set database path to: C:\Users\Song\.stmcufinder\plugins\mcufinder//mcu/cs/
2025-10-30 13:42:45,731 [INFO] MainPanel:274 - HeapMemory: 268435456
2025-10-30 13:42:45,986 [INFO] DbMcusXml:78 - Set database path to: C:\ST\STM32CubeIDE_1.19.0\STM32CubeIDE\plugins\com.st.stm32cube.common.mx_6.15.0.202507011659\\db\/mcu/
2025-10-30 13:42:45,988 [INFO] ApiDb:274 - Set plugin database path to: C:\ST\STM32CubeIDE_1.19.0\STM32CubeIDE\plugins\com.st.stm32cube.common.mx_6.15.0.202507011659\\db\/plugins/boardmanager/
2025-10-30 13:42:45,988 [INFO] ApiDb:261 - Set plugin images path to: C:\ST\STM32CubeIDE_1.19.0\STM32CubeIDE\plugins\com.st.stm32cube.common.mx_6.15.0.202507011659\\db\/plugins/mcufinder/images/
2025-10-30 13:42:45,988 [WARN] DbFile:41 - Overriding database path with different value: C:\Users\Song\.stmcufinder\plugins\mcufinder/ => C:\Users\Song\.stmcufinder\plugins\mcufinder
2025-10-30 13:42:45,988 [INFO] ApiDb:250 - Set database path to: C:\Users\Song\.stmcufinder\plugins\mcufinder//mcu/
2025-10-30 13:42:45,988 [WARN] DbFile:41 - Overriding database path with different value: C:\Users\Song\.stmcufinder\plugins\mcufinder/ => C:\Users\Song\.stmcufinder\plugins\mcufinder
2025-10-30 13:42:45,989 [INFO] DbMcusAds:125 - Set database path to: C:\Users\Song\.stmcufinder\plugins\mcufinder//mcu/
2025-10-30 13:42:45,989 [WARN] DbFile:41 - Overriding database path with different value: C:\Users\Song\.stmcufinder\plugins\mcufinder/ => C:\Users\Song\.stmcufinder\plugins\mcufinder
2025-10-30 13:42:45,989 [WARN] DbFile:41 - Overriding database path with different value: C:\Users\Song\.stmcufinder\plugins\mcufinder/ => C:\Users\Song\.stmcufinder\plugins\mcufinder
2025-10-30 13:42:45,989 [INFO] CrossReferenceDbSqlite:203 - Set database path to: C:\Users\Song\.stmcufinder\plugins\mcufinder//mcu/cs/
2025-10-30 13:42:46,024 [INFO] ApplicationProperties:184 - Using Application install path: C:\ST\STM32CubeIDE_1.19.0\STM32CubeIDE\plugins\com.st.stm32cube.common.mx_6.15.0.202507011659
2025-10-30 13:42:46,028 [INFO] PluginManage:196 - Search for loadable plugins [exclusion list=, ]
2025-10-30 13:42:46,033 [INFO] PluginManage:310 - Check plugin analytics
2025-10-30 13:42:46,861 [INFO] AnalyticsPlugin:253 - Accepted Software Licenses: 
2025-10-30 13:42:46,861 [INFO] AnalyticsPlugin:255 - Accepted CMSIS Pack Licenses: 
2025-10-30 13:42:46,861 [INFO] AnalyticsPlugin:257 - Accepted Firmware Licenses: 
2025-10-30 13:42:46,887 [INFO] PluginManage:359 - Loaded plugin analytics (category:tool,tabindex:-1)
2025-10-30 13:42:46,887 [INFO] PluginManage:310 - Check plugin cadmodel
2025-10-30 13:42:46,951 [INFO] CADModel:105 - Init CAD model plugin
2025-10-30 13:42:46,952 [INFO] PluginManage:359 - Loaded plugin cadmodel (category:power,tabindex:5)
2025-10-30 13:42:46,953 [INFO] PluginManage:310 - Check plugin clock
2025-10-30 13:42:46,969 [INFO] PluginManage:359 - Loaded plugin clock (category:base,tabindex:2)
2025-10-30 13:42:46,969 [INFO] PluginManage:310 - Check plugin ddr
2025-10-30 13:42:46,972 [INFO] PluginManage:359 - Loaded plugin ddr (category:tool,tabindex:6)
2025-10-30 13:42:46,974 [INFO] PluginManage:310 - Check plugin filemanager
2025-10-30 13:42:47,216 [INFO] PluginManage:359 - Loaded plugin filemanager (category:base,tabindex:10)
2025-10-30 13:42:47,216 [INFO] PluginManage:310 - Check plugin ipmanager
2025-10-30 13:42:47,227 [INFO] PluginManage:359 - Loaded plugin ipmanager (category:base,tabindex:5)
2025-10-30 13:42:47,227 [INFO] PluginManage:310 - Check plugin lpbam
2025-10-30 13:42:47,238 [INFO] PluginManage:359 - Loaded plugin lpbam (category:base,tabindex:0)
2025-10-30 13:42:47,238 [INFO] PluginManage:310 - Check plugin memorymap
2025-10-30 13:42:47,266 [INFO] PluginManage:359 - Loaded plugin memorymap (category:base,tabindex:4)
2025-10-30 13:42:47,268 [INFO] PluginManage:310 - Check plugin pinoutandconfiguration
2025-10-30 13:42:47,279 [INFO] PluginManage:359 - Loaded plugin pinoutandconfiguration (category:base,tabindex:1)
2025-10-30 13:42:47,279 [INFO] PluginManage:310 - Check plugin pinoutconfig
2025-10-30 13:42:47,400 [WARN] SupportedApi:132 - Cannot load RTOS API schema: s4s-elt-must-match.1: The content of 'definitions' must match (annotation?, (simpleType | complexType)?, (unique | key | keyref)*)). A problem was found starting at: attribute.
2025-10-30 13:42:47,581 [INFO] PluginManage:359 - Loaded plugin pinoutconfig (category:base,tabindex:0)
2025-10-30 13:42:47,581 [INFO] PluginManage:310 - Check plugin power
2025-10-30 13:42:47,592 [INFO] PluginManage:359 - Loaded plugin power (category:power,tabindex:4)
2025-10-30 13:42:47,592 [INFO] PluginManage:310 - Check plugin projectmanager
2025-10-30 13:42:47,616 [INFO] PluginManage:359 - Loaded plugin projectmanager (category:projectmanager,tabindex:4)
2025-10-30 13:42:47,616 [INFO] PluginManage:310 - Check plugin rif
2025-10-30 13:42:47,638 [INFO] PluginManage:359 - Loaded plugin rif (category:base,tabindex:3)
2025-10-30 13:42:47,638 [INFO] PluginManage:310 - Check plugin thirdparty
2025-10-30 13:42:47,822 [INFO] PluginManage:359 - Loaded plugin thirdparty (category:base,tabindex:-1)
2025-10-30 13:42:47,822 [INFO] PluginManage:310 - Check plugin tools
2025-10-30 13:42:47,822 [WARN] IntegrityCheckThread:84 - waiting for thirdparty lock release [integrity check]
2025-10-30 13:42:47,823 [INFO] IntegrityCheckThread:86 - entering critical section [integrity check]
2025-10-30 13:42:47,823 [INFO] ThirdPartyUpdaterWithRetryManager:70 - Updater plugin not ready yet. [1/15]
2025-10-30 13:42:47,828 [INFO] PluginManage:359 - Loaded plugin tools (category:base,tabindex:7)
2025-10-30 13:42:47,829 [INFO] PluginManage:310 - Check plugin tutovideos
2025-10-30 13:42:48,106 [INFO] PluginManage:359 - Loaded plugin tutovideos (category:base,tabindex:-1)
2025-10-30 13:42:48,106 [INFO] PluginManage:310 - Check plugin updater
2025-10-30 13:42:48,141 [INFO] PluginManage:359 - Loaded plugin updater (category:base,tabindex:12)
2025-10-30 13:42:48,141 [INFO] PluginManage:310 - Check plugin userauth
2025-10-30 13:42:48,146 [INFO] UserAuth:118 - Init User Auth plugin
2025-10-30 13:42:48,146 [INFO] PluginManage:359 - Loaded plugin userauth (category:base,tabindex:14)
2025-10-30 13:42:48,148 [INFO] PluginManage:283 - PluginManage : Loaded plugins [18]
2025-10-30 13:42:48,434 [INFO] PinOutPanel:1589 - setPackage(No Configuration,No Configuration)
2025-10-30 13:42:48,550 [INFO] CADModel:165 - CPN selected for project level
2025-10-30 13:42:48,551 [INFO] CADModel:114 - Register for checkConnection events
2025-10-30 13:42:48,571 [INFO] IPUIPlugin:80 - create IPUIPlugin
2025-10-30 13:42:48,571 [INFO] PluginManager:220 - loadIPPluginJar : add adc
2025-10-30 13:42:48,574 [INFO] IPUIPlugin:80 - create IPUIPlugin
2025-10-30 13:42:48,575 [INFO] PluginManager:220 - loadIPPluginJar : add aes
2025-10-30 13:42:48,578 [INFO] IPUIPlugin:80 - create IPUIPlugin
2025-10-30 13:42:48,578 [INFO] PluginManager:220 - loadIPPluginJar : add can
2025-10-30 13:42:48,581 [INFO] IPUIPlugin:80 - create IPUIPlugin
2025-10-30 13:42:48,581 [INFO] PluginManager:220 - loadIPPluginJar : add comp
2025-10-30 13:42:48,584 [INFO] IPUIPlugin:80 - create IPUIPlugin
2025-10-30 13:42:48,584 [INFO] PluginManager:220 - loadIPPluginJar : add cryp
2025-10-30 13:42:48,587 [INFO] IPUIPlugin:80 - create IPUIPlugin
2025-10-30 13:42:48,587 [INFO] PluginManager:220 - loadIPPluginJar : add ddr_ctrl_phy
2025-10-30 13:42:48,592 [INFO] IPUIPlugin:80 - create IPUIPlugin
2025-10-30 13:42:48,592 [INFO] PluginManager:220 - loadIPPluginJar : add dfsdm
2025-10-30 13:42:48,598 [INFO] IPUIPlugin:80 - create IPUIPlugin
2025-10-30 13:42:48,599 [INFO] PluginManager:220 - loadIPPluginJar : add dma
2025-10-30 13:42:48,602 [INFO] IPUIPlugin:80 - create IPUIPlugin
2025-10-30 13:42:48,602 [INFO] PluginManager:220 - loadIPPluginJar : add dma3
2025-10-30 13:42:48,606 [INFO] IPUIPlugin:80 - create IPUIPlugin
2025-10-30 13:42:48,606 [INFO] PluginManager:220 - loadIPPluginJar : add extmemmanager
2025-10-30 13:42:48,610 [INFO] IPUIPlugin:80 - create IPUIPlugin
2025-10-30 13:42:48,610 [INFO] PluginManager:220 - loadIPPluginJar : add fatfs
2025-10-30 13:42:48,618 [INFO] IPUIPlugin:80 - create IPUIPlugin
2025-10-30 13:42:48,618 [INFO] PluginManager:220 - loadIPPluginJar : add fmc
2025-10-30 13:42:48,633 [INFO] IPUIPlugin:80 - create IPUIPlugin
2025-10-30 13:42:48,633 [INFO] PluginManager:220 - loadIPPluginJar : add freertos
2025-10-30 13:42:48,636 [INFO] IPUIPlugin:80 - create IPUIPlugin
2025-10-30 13:42:48,636 [INFO] PluginManager:220 - loadIPPluginJar : add genericplugin
2025-10-30 13:42:48,639 [INFO] IPUIPlugin:80 - create IPUIPlugin
2025-10-30 13:42:48,639 [INFO] PluginManager:220 - loadIPPluginJar : add gfxmmu
2025-10-30 13:42:48,645 [INFO] IPUIPlugin:80 - create IPUIPlugin
2025-10-30 13:42:48,645 [INFO] PluginManager:220 - loadIPPluginJar : add gic
2025-10-30 13:42:48,649 [INFO] IPUIPlugin:80 - create IPUIPlugin
2025-10-30 13:42:48,649 [INFO] PluginManager:220 - loadIPPluginJar : add gpio
2025-10-30 13:42:48,652 [INFO] IPUIPlugin:80 - create IPUIPlugin
2025-10-30 13:42:48,652 [INFO] PluginManager:220 - loadIPPluginJar : add gtzc
2025-10-30 13:42:48,655 [INFO] IPUIPlugin:80 - create IPUIPlugin
2025-10-30 13:42:48,655 [INFO] PluginManager:220 - loadIPPluginJar : add hash
2025-10-30 13:42:48,659 [INFO] IPUIPlugin:80 - create IPUIPlugin
2025-10-30 13:42:48,659 [INFO] PluginManager:220 - loadIPPluginJar : add i2c
2025-10-30 13:42:48,662 [INFO] IPUIPlugin:80 - create IPUIPlugin
2025-10-30 13:42:48,662 [INFO] PluginManager:220 - loadIPPluginJar : add i2s
2025-10-30 13:42:48,665 [INFO] IPUIPlugin:80 - create IPUIPlugin
2025-10-30 13:42:48,666 [INFO] PluginManager:220 - loadIPPluginJar : add i3c
2025-10-30 13:42:48,670 [INFO] IPUIPlugin:80 - create IPUIPlugin
2025-10-30 13:42:48,670 [INFO] PluginManager:220 - loadIPPluginJar : add ipddr
2025-10-30 13:42:48,677 [INFO] IPUIPlugin:80 - create IPUIPlugin
2025-10-30 13:42:48,678 [INFO] PluginManager:220 - loadIPPluginJar : add linkedlist
2025-10-30 13:42:48,684 [INFO] IPUIPlugin:80 - create IPUIPlugin
2025-10-30 13:42:48,684 [INFO] PluginManager:220 - loadIPPluginJar : add lorawan
2025-10-30 13:42:48,686 [INFO] IPUIPlugin:80 - create IPUIPlugin
2025-10-30 13:42:48,686 [INFO] PluginManager:220 - loadIPPluginJar : add ltdc
2025-10-30 13:42:48,693 [INFO] IPUIPlugin:80 - create IPUIPlugin
2025-10-30 13:42:48,693 [INFO] PluginManager:220 - loadIPPluginJar : add mdma
2025-10-30 13:42:48,697 [INFO] IPUIPlugin:80 - create IPUIPlugin
2025-10-30 13:42:48,697 [INFO] PluginManager:220 - loadIPPluginJar : add nvic
2025-10-30 13:42:48,699 [INFO] IPUIPlugin:80 - create IPUIPlugin
2025-10-30 13:42:48,699 [INFO] PluginManager:220 - loadIPPluginJar : add opamp
2025-10-30 13:42:48,703 [INFO] IPUIPlugin:80 - create IPUIPlugin
2025-10-30 13:42:48,703 [INFO] PluginManager:220 - loadIPPluginJar : add openamp
2025-10-30 13:42:48,708 [INFO] IPUIPlugin:80 - create IPUIPlugin
2025-10-30 13:42:48,708 [INFO] PluginManager:220 - loadIPPluginJar : add pdm2pcm
2025-10-30 13:42:48,715 [INFO] IPUIPlugin:80 - create IPUIPlugin
2025-10-30 13:42:48,718 [INFO] PluginManager:220 - loadIPPluginJar : add plateformsettings
2025-10-30 13:42:48,720 [INFO] IPUIPlugin:80 - create IPUIPlugin
2025-10-30 13:42:48,720 [INFO] PluginManager:220 - loadIPPluginJar : add quadspi
2025-10-30 13:42:48,723 [INFO] IPUIPlugin:80 - create IPUIPlugin
2025-10-30 13:42:48,724 [INFO] PluginManager:220 - loadIPPluginJar : add radio
2025-10-30 13:42:48,729 [INFO] IPUIPlugin:80 - create IPUIPlugin
2025-10-30 13:42:48,729 [INFO] PluginManager:220 - loadIPPluginJar : add resmgrutility
2025-10-30 13:42:48,735 [INFO] IPUIPlugin:80 - create IPUIPlugin
2025-10-30 13:42:48,735 [INFO] PluginManager:220 - loadIPPluginJar : add sai
2025-10-30 13:42:48,738 [INFO] IPUIPlugin:80 - create IPUIPlugin
2025-10-30 13:42:48,738 [INFO] PluginManager:220 - loadIPPluginJar : add spi
2025-10-30 13:42:48,744 [INFO] IPUIPlugin:80 - create IPUIPlugin
2025-10-30 13:42:48,744 [INFO] PluginManager:220 - loadIPPluginJar : add stm32_wpan
2025-10-30 13:42:48,746 [INFO] IPUIPlugin:80 - create IPUIPlugin
2025-10-30 13:42:48,746 [INFO] PluginManager:220 - loadIPPluginJar : add tim
2025-10-30 13:42:48,751 [INFO] IPUIPlugin:80 - create IPUIPlugin
2025-10-30 13:42:48,751 [INFO] PluginManager:220 - loadIPPluginJar : add touchsensing
2025-10-30 13:42:48,755 [INFO] IPUIPlugin:80 - create IPUIPlugin
2025-10-30 13:42:48,755 [INFO] PluginManager:220 - loadIPPluginJar : add tracer_emb
2025-10-30 13:42:48,760 [INFO] IPUIPlugin:80 - create IPUIPlugin
2025-10-30 13:42:48,760 [INFO] PluginManager:220 - loadIPPluginJar : add ts
2025-10-30 13:42:48,763 [INFO] IPUIPlugin:80 - create IPUIPlugin
2025-10-30 13:42:48,763 [INFO] PluginManager:220 - loadIPPluginJar : add tsc
2025-10-30 13:42:48,767 [INFO] IPUIPlugin:80 - create IPUIPlugin
2025-10-30 13:42:48,767 [INFO] PluginManager:220 - loadIPPluginJar : add ucpd
2025-10-30 13:42:48,772 [INFO] IPUIPlugin:80 - create IPUIPlugin
2025-10-30 13:42:48,772 [INFO] PluginManager:220 - loadIPPluginJar : add usart
2025-10-30 13:42:48,781 [INFO] IPUIPlugin:80 - create IPUIPlugin
2025-10-30 13:42:48,781 [INFO] PluginManager:220 - loadIPPluginJar : add usbx
2025-10-30 13:42:48,948 [FATAL] Updater:351 - Updater called before beeing initialized
2025-10-30 13:42:48,980 [INFO] RulesReader:64 - Compatibility file has been processed (317 Rules)
2025-10-30 13:42:48,998 [INFO] RulesReader:64 - Compatibility file has been processed (317 Rules)
2025-10-30 13:42:49,025 [INFO] CADModel:165 - CPN selected for project level
2025-10-30 13:42:49,025 [INFO] CADModel:114 - Register for checkConnection events
2025-10-30 13:42:49,025 [FATAL] Updater:351 - Updater called before beeing initialized
2025-10-30 13:42:49,025 [ERROR] CADModel:125 - Updater not yet initialized, retry later 
2025-10-30 13:42:49,416 [FATAL] Updater:351 - Updater called before beeing initialized
2025-10-30 13:42:49,419 [INFO] CADModel:165 - CPN selected for project level
2025-10-30 13:42:49,419 [INFO] CADModel:114 - Register for checkConnection events
2025-10-30 13:42:49,419 [FATAL] Updater:351 - Updater called before beeing initialized
2025-10-30 13:42:49,419 [ERROR] CADModel:125 - Updater not yet initialized, retry later 
2025-10-30 13:42:49,423 [FATAL] Updater:351 - Updater called before beeing initialized
2025-10-30 13:42:49,628 [FATAL] Updater:351 - Updater called before beeing initialized
2025-10-30 13:42:49,661 [INFO] DbMcusAds:53 - JSON generation date=Thu Sep 30 14:55:09 HKT 2021 (1632984909247)
2025-10-30 13:42:49,662 [FATAL] Updater:351 - Updater called before beeing initialized
2025-10-30 13:42:49,716 [WARN] DetailPanel:346 - Failed to get advertising image, set to default
2025-10-30 13:42:49,855 [FATAL] Updater:351 - Updater called before beeing initialized
2025-10-30 13:42:49,858 [FATAL] Updater:351 - Updater called before beeing initialized
2025-10-30 13:42:49,858 [FATAL] Updater:351 - Updater called before beeing initialized
2025-10-30 13:42:49,858 [WARN] DetailPanel:346 - Failed to get advertising image, set to default
2025-10-30 13:42:49,859 [FATAL] Updater:351 - Updater called before beeing initialized
2025-10-30 13:42:49,934 [ERROR] Updater:1198 - MainUpdater not yet initialized. External WinMGr cannot be set.
2025-10-30 13:42:49,936 [INFO] Updater:1134 - Updater Version found : 6.15.0
2025-10-30 13:42:49,956 [INFO] ApplicationProperties:184 - Using Application install path: C:\ST\STM32CubeIDE_1.19.0\STM32CubeIDE\plugins\com.st.stm32cube.common.mx_6.15.0.202507011659
2025-10-30 13:42:50,826 [INFO] ThirdPartyUpdaterWithRetryManager:70 - Updater plugin not ready yet. [2/15]
2025-10-30 13:42:51,531 [ERROR] LogOutputStream:75 - [STDERR_REDIRECT] Oct 30, 2025 1:42:51 PM java.util.prefs.WindowsPreferences <init>
2025-10-30 13:42:51,533 [ERROR] LogOutputStream:75 - [STDERR_REDIRECT] WARNING: Could not open/create prefs root node Software\JavaSoft\Prefs at root 0xffffffff80000002. Windows RegCreateKeyEx(...) returned error code 5.
2025-10-30 13:42:51,533 [ERROR] LogOutputStream:75 - [STDERR_REDIRECT] 
2025-10-30 13:42:51,555 [INFO] MainUpdater:525 - Copy updater definitions from MX database
2025-10-30 13:42:51,624 [INFO] MainUpdater:558 - Copy flag file definitions from MX database
2025-10-30 13:42:51,627 [INFO] MainUpdater:574 - Copy thirdparty index definitions from MX database
2025-10-30 13:42:51,630 [INFO] MainUpdater:593 - Copy default thirdparty db definitions from MX database
2025-10-30 13:42:52,312 [INFO] MainUpdater:2872 - connection check result : 10
2025-10-30 13:42:52,312 [INFO] MainUpdater:3604 - Updater definition file requires update
2025-10-30 13:42:52,313 [INFO] MainUpdater:289 - Updater Check For Update Now.
2025-10-30 13:42:52,314 [INFO] MicroXplorer:498 - Change Database Version : DB.6.0.150
2025-10-30 13:42:52,320 [INFO] McuFinderGlobals:63 - Set McuFinder mode to 2 (CubeIDE integrated)
2025-10-30 13:42:52,320 [INFO] UserAuth:171 - activating auth plugin
2025-10-30 13:42:52,323 [INFO] UserAuth:487 - Internet connection configuration mode: 1
2025-10-30 13:42:52,350 [INFO] JxBrowserEngine:152 - Initiate JxBrowser Engine with user profile folder
2025-10-30 13:42:52,573 [INFO] ServerAccessManage:452 - Complete download http(s) 200
2025-10-30 13:42:52,575 [INFO] ServerAccessManage:509 - Download File updaters.zip
2025-10-30 13:42:52,739 [INFO] FileExtend:248 - Unzip File : updaters.zip
2025-10-30 13:42:52,739 [INFO] FileExtend:263 - Standard Zip Deflate
2025-10-30 13:42:53,298 [INFO] ServerAccessManage:452 - Complete download http(s) 200
2025-10-30 13:42:53,298 [INFO] ServerAccessManage:509 - Download File PacksControlFlags.xml
2025-10-30 13:42:53,413 [INFO] ServerAccessManage:452 - Complete download http(s) 200
2025-10-30 13:42:53,413 [INFO] ServerAccessManage:509 - Download File cubemx.pidx
2025-10-30 13:42:53,736 [INFO] ServerAccessManage:452 - Complete download http(s) 200
2025-10-30 13:42:53,736 [INFO] ServerAccessManage:509 - Download File STMicroelectronics.FP-ATR-ASTRA1.pdsc
2025-10-30 13:42:53,827 [WARN] MainUpdater:1193 - Updater busy. Cannot search thirdparties
2025-10-30 13:42:53,827 [INFO] ThirdPartyUpdaterWithRetryManager:96 - Updater plugin is busy. [1/15]
2025-10-30 13:42:54,236 [INFO] ServerAccessManage:452 - Complete download http(s) 200
2025-10-30 13:42:54,236 [INFO] ServerAccessManage:509 - Download File STMicroelectronics.FP-ATR-SIGFOX1.pdsc
2025-10-30 13:42:54,411 [INFO] ServerAccessManage:452 - Complete download http(s) 200
2025-10-30 13:42:54,412 [INFO] ServerAccessManage:509 - Download File STMicroelectronics.FP-SNS-STBOX1.pdsc
2025-10-30 13:42:54,694 [INFO] ServerAccessManage:452 - Complete download http(s) 200
2025-10-30 13:42:54,694 [INFO] ServerAccessManage:509 - Download File STMicroelectronics.FP-SNS-FLIGHT1.pdsc
2025-10-30 13:42:55,119 [INFO] ServerAccessManage:452 - Complete download http(s) 200
2025-10-30 13:42:55,119 [INFO] ServerAccessManage:509 - Download File STMicroelectronics.FP-SNS-MOTENV1.pdsc
2025-10-30 13:42:55,636 [INFO] ServerAccessManage:452 - Complete download http(s) 200
2025-10-30 13:42:55,637 [INFO] ServerAccessManage:509 - Download File STMicroelectronics.FP-SNS-MOTENVWB1.pdsc
2025-10-30 13:42:55,968 [INFO] ServerAccessManage:452 - Complete download http(s) 200
2025-10-30 13:42:55,968 [INFO] ServerAccessManage:509 - Download File STMicroelectronics.FP-SNS-SMARTAG2.pdsc
2025-10-30 13:42:56,139 [INFO] ServerAccessManage:452 - Complete download http(s) 200
2025-10-30 13:42:56,139 [INFO] ServerAccessManage:509 - Download File STMicroelectronics.FP-SNS-STAIOTCFT.pdsc
2025-10-30 13:42:56,318 [INFO] ServerAccessManage:452 - Complete download http(s) 200
2025-10-30 13:42:56,318 [INFO] ServerAccessManage:509 - Download File STMicroelectronics.X-CUBE-AI.pdsc
2025-10-30 13:42:56,828 [WARN] MainUpdater:1193 - Updater busy. Cannot search thirdparties
2025-10-30 13:42:56,828 [INFO] ThirdPartyUpdaterWithRetryManager:96 - Updater plugin is busy. [2/15]
2025-10-30 13:42:57,977 [INFO] ServerAccessManage:452 - Complete download http(s) 200
2025-10-30 13:42:57,977 [INFO] ServerAccessManage:509 - Download File STMicroelectronics.X-CUBE-ALS.pdsc
2025-10-30 13:42:58,326 [INFO] ServerAccessManage:452 - Complete download http(s) 200
2025-10-30 13:42:58,326 [INFO] ServerAccessManage:509 - Download File STMicroelectronics.X-CUBE-BLE1.pdsc
2025-10-30 13:42:59,012 [INFO] WebApp:169 - Instantiating new browser for Auth
2025-10-30 13:42:59,829 [WARN] MainUpdater:1193 - Updater busy. Cannot search thirdparties
2025-10-30 13:42:59,829 [INFO] ThirdPartyUpdaterWithRetryManager:96 - Updater plugin is busy. [3/15]
2025-10-30 13:43:00,218 [INFO] WebApp:463 - Apply proxy settings
2025-10-30 13:43:00,219 [INFO] WebApp:548 - Chromium requires no authentication
2025-10-30 13:43:00,236 [INFO] WebApp:491 - Direct internet connection detected
2025-10-30 13:43:00,269 [INFO] WebApp:900 - Register for checkConnection events
2025-10-30 13:43:00,270 [INFO] WebApp:463 - Apply proxy settings
2025-10-30 13:43:00,270 [INFO] WebApp:548 - Chromium requires no authentication
2025-10-30 13:43:00,271 [INFO] WebApp:491 - Direct internet connection detected
2025-10-30 13:43:00,409 [ERROR] ServerAccessManage:1212 - Problem, file not found on Server
2025-10-30 13:43:00,492 [INFO] ServerAccessManage:452 - Complete download http(s) 200
2025-10-30 13:43:00,493 [INFO] ServerAccessManage:509 - Download File STMicroelectronics.X-CUBE-BLE2.pdsc
2025-10-30 13:43:00,575 [INFO] WebApp:225 - Starting web application
2025-10-30 13:43:00,575 [INFO] WebApp:593 - Web application path used C:\ST\STM32CubeIDE_1.19.0\STM32CubeIDE\plugins\com.st.stm32cube.common.mx_6.15.0.202507011659\db\plugins\mcufinder\reactClient1\index.html
2025-10-30 13:43:01,226 [INFO] ServerAccessManage:452 - Complete download http(s) 200
2025-10-30 13:43:01,227 [INFO] ServerAccessManage:509 - Download File STMicroelectronics.X-CUBE-BLEMGR.pdsc
2025-10-30 13:43:02,334 [ERROR] ServerAccessManage:1212 - Problem, file not found on Server
2025-10-30 13:43:02,832 [WARN] MainUpdater:1193 - Updater busy. Cannot search thirdparties
2025-10-30 13:43:02,832 [INFO] ThirdPartyUpdaterWithRetryManager:96 - Updater plugin is busy. [4/15]
2025-10-30 13:43:02,974 [INFO] ServerAccessManage:452 - Complete download http(s) 200
2025-10-30 13:43:02,974 [INFO] ServerAccessManage:509 - Download File STMicroelectronics.X-CUBE-DISPLAY.pdsc
2025-10-30 13:43:03,540 [INFO] ServerAccessManage:452 - Complete download http(s) 200
2025-10-30 13:43:03,540 [INFO] ServerAccessManage:509 - Download File STMicroelectronics.X-CUBE-DPOWER.pdsc
2025-10-30 13:43:04,631 [ERROR] LogOutputStream:75 - [STDERR_REDIRECT] [Fatal Error] :1:1: Premature end of file.
2025-10-30 13:43:04,633 [ERROR] LogOutputStream:75 - [STDERR_REDIRECT] 
2025-10-30 13:43:04,661 [ERROR] ServerAccessManage:1212 - Problem, file not found on Server
2025-10-30 13:43:04,699 [ERROR] LogOutputStream:75 - [STDERR_REDIRECT] [Fatal Error] :1:1: Premature end of file.
2025-10-30 13:43:04,699 [ERROR] LogOutputStream:75 - [STDERR_REDIRECT] 
2025-10-30 13:43:04,835 [ERROR] LogOutputStream:75 - [STDERR_REDIRECT] [Fatal Error] :1:1: Premature end of file.
2025-10-30 13:43:04,835 [ERROR] LogOutputStream:75 - [STDERR_REDIRECT] 
2025-10-30 13:43:04,901 [ERROR] LogOutputStream:75 - [STDERR_REDIRECT] [Fatal Error] :1:1: Premature end of file.
2025-10-30 13:43:04,902 [ERROR] LogOutputStream:75 - [STDERR_REDIRECT] 
2025-10-30 13:43:05,590 [ERROR] ServerAccessManage:1212 - Problem, file not found on Server
2025-10-30 13:43:05,832 [WARN] MainUpdater:1193 - Updater busy. Cannot search thirdparties
2025-10-30 13:43:05,832 [INFO] ThirdPartyUpdaterWithRetryManager:96 - Updater plugin is busy. [5/15]
2025-10-30 13:43:05,880 [ERROR] LogOutputStream:75 - [STDERR_REDIRECT] [Fatal Error] :1:1: Premature end of file.
2025-10-30 13:43:05,881 [ERROR] LogOutputStream:75 - [STDERR_REDIRECT] 
2025-10-30 13:43:06,528 [ERROR] ServerAccessManage:1212 - Problem, file not found on Server
2025-10-30 13:43:06,907 [ERROR] LogOutputStream:75 - [STDERR_REDIRECT] [Fatal Error] :1:1: Premature end of file.
2025-10-30 13:43:06,907 [ERROR] LogOutputStream:75 - [STDERR_REDIRECT] 
2025-10-30 13:43:06,926 [ERROR] ServerAccessManage:1212 - Problem, file not found on Server
2025-10-30 13:43:07,852 [ERROR] ServerAccessManage:1212 - Problem, file not found on Server
2025-10-30 13:43:07,905 [ERROR] LogOutputStream:75 - [STDERR_REDIRECT] [Fatal Error] :1:1: Premature end of file.
2025-10-30 13:43:07,905 [ERROR] LogOutputStream:75 - [STDERR_REDIRECT] 
2025-10-30 13:43:08,251 [ERROR] ServerAccessManage:1212 - Problem, file not found on Server
2025-10-30 13:43:08,833 [WARN] MainUpdater:1193 - Updater busy. Cannot search thirdparties
2025-10-30 13:43:08,833 [INFO] ThirdPartyUpdaterWithRetryManager:96 - Updater plugin is busy. [6/15]
2025-10-30 13:43:08,879 [ERROR] LogOutputStream:75 - [STDERR_REDIRECT] [Fatal Error] :1:1: Premature end of file.
2025-10-30 13:43:08,880 [ERROR] LogOutputStream:75 - [STDERR_REDIRECT] 
2025-10-30 13:43:08,890 [ERROR] ServerAccessManage:1212 - Problem, file not found on Server
2025-10-30 13:43:09,810 [ERROR] ServerAccessManage:1212 - Problem, file not found on Server
2025-10-30 13:43:09,895 [ERROR] LogOutputStream:75 - [STDERR_REDIRECT] [Fatal Error] :1:1: Premature end of file.
2025-10-30 13:43:09,896 [ERROR] LogOutputStream:75 - [STDERR_REDIRECT] 
2025-10-30 13:43:10,741 [ERROR] ServerAccessManage:1212 - Problem, file not found on Server
2025-10-30 13:43:10,870 [ERROR] LogOutputStream:75 - [STDERR_REDIRECT] [Fatal Error] :1:1: Premature end of file.
2025-10-30 13:43:10,872 [ERROR] LogOutputStream:75 - [STDERR_REDIRECT] 
2025-10-30 13:43:11,651 [ERROR] ServerAccessManage:1212 - Problem, file not found on Server
2025-10-30 13:43:11,833 [WARN] MainUpdater:1193 - Updater busy. Cannot search thirdparties
2025-10-30 13:43:11,833 [INFO] ThirdPartyUpdaterWithRetryManager:96 - Updater plugin is busy. [7/15]
2025-10-30 13:43:11,872 [ERROR] LogOutputStream:75 - [STDERR_REDIRECT] [Fatal Error] :1:1: Premature end of file.
2025-10-30 13:43:11,872 [ERROR] LogOutputStream:75 - [STDERR_REDIRECT] 
2025-10-30 13:43:12,588 [ERROR] ServerAccessManage:1212 - Problem, file not found on Server
2025-10-30 13:43:12,680 [INFO] ServerAccessManage:452 - Complete download http(s) 200
2025-10-30 13:43:12,681 [INFO] ServerAccessManage:509 - Download File STMicroelectronics.X-CUBE-EEPRMA1.pdsc
2025-10-30 13:43:12,875 [ERROR] LogOutputStream:75 - [STDERR_REDIRECT] [Fatal Error] :1:1: Premature end of file.
2025-10-30 13:43:12,875 [ERROR] LogOutputStream:75 - [STDERR_REDIRECT] 
2025-10-30 13:43:13,253 [ERROR] ServerAccessManage:1212 - Problem, file not found on Server
2025-10-30 13:43:13,871 [ERROR] LogOutputStream:75 - [STDERR_REDIRECT] [Fatal Error] :1:1: Premature end of file.
2025-10-30 13:43:13,871 [ERROR] LogOutputStream:75 - [STDERR_REDIRECT] 
2025-10-30 13:43:13,964 [ERROR] ServerAccessManage:1212 - Problem, file not found on Server
2025-10-30 13:43:14,280 [INFO] ServerAccessManage:452 - Complete download http(s) 200
2025-10-30 13:43:14,280 [INFO] ServerAccessManage:509 - Download File STMicroelectronics.X-CUBE-FREERTOS.pdsc
2025-10-30 13:43:14,834 [WARN] MainUpdater:1193 - Updater busy. Cannot search thirdparties
2025-10-30 13:43:14,834 [INFO] ThirdPartyUpdaterWithRetryManager:96 - Updater plugin is busy. [8/15]
2025-10-30 13:43:14,859 [INFO] ServerAccessManage:452 - Complete download http(s) 200
2025-10-30 13:43:14,860 [INFO] ServerAccessManage:509 - Download File STMicroelectronics.X-CUBE-GNSS1.pdsc
2025-10-30 13:43:14,880 [ERROR] LogOutputStream:75 - [STDERR_REDIRECT] [Fatal Error] :1:1: Premature end of file.
2025-10-30 13:43:14,880 [ERROR] LogOutputStream:75 - [STDERR_REDIRECT] 
2025-10-30 13:43:15,876 [ERROR] LogOutputStream:75 - [STDERR_REDIRECT] [Fatal Error] :1:1: Premature end of file.
2025-10-30 13:43:15,877 [ERROR] LogOutputStream:75 - [STDERR_REDIRECT] 
2025-10-30 13:43:16,673 [ERROR] ServerAccessManage:1212 - Problem, file not found on Server
2025-10-30 13:43:16,871 [ERROR] LogOutputStream:75 - [STDERR_REDIRECT] [Fatal Error] :1:1: Premature end of file.
2025-10-30 13:43:16,871 [ERROR] LogOutputStream:75 - [STDERR_REDIRECT] 
2025-10-30 13:43:17,069 [ERROR] ServerAccessManage:1212 - Problem, file not found on Server
2025-10-30 13:43:17,835 [WARN] MainUpdater:1193 - Updater busy. Cannot search thirdparties
2025-10-30 13:43:17,835 [INFO] ThirdPartyUpdaterWithRetryManager:96 - Updater plugin is busy. [9/15]
2025-10-30 13:43:17,874 [ERROR] LogOutputStream:75 - [STDERR_REDIRECT] [Fatal Error] :1:1: Premature end of file.
2025-10-30 13:43:17,875 [ERROR] LogOutputStream:75 - [STDERR_REDIRECT] 
2025-10-30 13:43:17,983 [ERROR] ServerAccessManage:1212 - Problem, file not found on Server
2025-10-30 13:43:18,872 [ERROR] LogOutputStream:75 - [STDERR_REDIRECT] [Fatal Error] :1:1: Premature end of file.
2025-10-30 13:43:18,872 [ERROR] LogOutputStream:75 - [STDERR_REDIRECT] 
2025-10-30 13:43:18,904 [ERROR] ServerAccessManage:1212 - Problem, file not found on Server
2025-10-30 13:43:19,303 [ERROR] ServerAccessManage:1212 - Problem, file not found on Server
2025-10-30 13:43:19,875 [ERROR] LogOutputStream:75 - [STDERR_REDIRECT] [Fatal Error] :1:1: Premature end of file.
2025-10-30 13:43:19,876 [ERROR] LogOutputStream:75 - [STDERR_REDIRECT] 
2025-10-30 13:43:20,227 [ERROR] ServerAccessManage:1212 - Problem, file not found on Server
2025-10-30 13:43:20,306 [INFO] ServerAccessManage:452 - Complete download http(s) 200
2025-10-30 13:43:20,306 [INFO] ServerAccessManage:509 - Download File STMicroelectronics.X-CUBE-ISPU.pdsc
2025-10-30 13:43:20,724 [INFO] ServerAccessManage:452 - Complete download http(s) 200
2025-10-30 13:43:20,724 [INFO] ServerAccessManage:509 - Download File STMicroelectronics.X-CUBE-IPS.pdsc
2025-10-30 13:43:20,836 [WARN] MainUpdater:1193 - Updater busy. Cannot search thirdparties
2025-10-30 13:43:20,836 [INFO] ThirdPartyUpdaterWithRetryManager:96 - Updater plugin is busy. [10/15]
2025-10-30 13:43:20,879 [ERROR] LogOutputStream:75 - [STDERR_REDIRECT] [Fatal Error] :1:1: Premature end of file.
2025-10-30 13:43:20,879 [ERROR] LogOutputStream:75 - [STDERR_REDIRECT] 
2025-10-30 13:43:21,061 [INFO] ServerAccessManage:452 - Complete download http(s) 200
2025-10-30 13:43:21,061 [INFO] ServerAccessManage:509 - Download File STMicroelectronics.X-CUBE-MEMS1.pdsc
2025-10-30 13:43:21,884 [ERROR] LogOutputStream:75 - [STDERR_REDIRECT] [Fatal Error] :1:1: Premature end of file.
2025-10-30 13:43:21,886 [ERROR] LogOutputStream:75 - [STDERR_REDIRECT] 
2025-10-30 13:43:22,877 [ERROR] LogOutputStream:75 - [STDERR_REDIRECT] [Fatal Error] :1:1: Premature end of file.
2025-10-30 13:43:22,880 [ERROR] LogOutputStream:75 - [STDERR_REDIRECT] 
2025-10-30 13:43:23,511 [INFO] ServerAccessManage:452 - Complete download http(s) 200
2025-10-30 13:43:23,512 [INFO] ServerAccessManage:509 - Download File STMicroelectronics.X-CUBE-NFC4.pdsc
2025-10-30 13:43:23,836 [WARN] MainUpdater:1193 - Updater busy. Cannot search thirdparties
2025-10-30 13:43:23,836 [INFO] ThirdPartyUpdaterWithRetryManager:96 - Updater plugin is busy. [11/15]
2025-10-30 13:43:23,881 [ERROR] LogOutputStream:75 - [STDERR_REDIRECT] [Fatal Error] :1:1: Premature end of file.
2025-10-30 13:43:23,882 [ERROR] LogOutputStream:75 - [STDERR_REDIRECT] 
2025-10-30 13:43:24,647 [INFO] ServerAccessManage:452 - Complete download http(s) 200
2025-10-30 13:43:24,647 [INFO] ServerAccessManage:509 - Download File STMicroelectronics.X-CUBE-NFC6.pdsc
2025-10-30 13:43:24,874 [ERROR] LogOutputStream:75 - [STDERR_REDIRECT] [Fatal Error] :1:1: Premature end of file.
2025-10-30 13:43:24,874 [ERROR] LogOutputStream:75 - [STDERR_REDIRECT] 
2025-10-30 13:43:24,906 [INFO] ServerAccessManage:452 - Complete download http(s) 200
2025-10-30 13:43:24,906 [INFO] ServerAccessManage:509 - Download File STMicroelectronics.X-CUBE-NFC7.pdsc
2025-10-30 13:43:25,254 [INFO] ServerAccessManage:452 - Complete download http(s) 200
2025-10-30 13:43:25,254 [INFO] ServerAccessManage:509 - Download File STMicroelectronics.X-CUBE-NFC9.pdsc
2025-10-30 13:43:25,417 [INFO] ServerAccessManage:452 - Complete download http(s) 200
2025-10-30 13:43:25,417 [INFO] ServerAccessManage:509 - Download File STMicroelectronics.X-CUBE-NFC10.pdsc
2025-10-30 13:43:25,607 [INFO] ServerAccessManage:452 - Complete download http(s) 200
2025-10-30 13:43:25,607 [INFO] ServerAccessManage:509 - Download File STMicroelectronics.X-CUBE-NFC12.pdsc
2025-10-30 13:43:25,782 [INFO] ServerAccessManage:452 - Complete download http(s) 200
2025-10-30 13:43:25,783 [INFO] ServerAccessManage:509 - Download File STMicroelectronics.X-CUBE-SFXS2LP1.pdsc
2025-10-30 13:43:25,911 [ERROR] LogOutputStream:75 - [STDERR_REDIRECT] [Fatal Error] :1:1: Premature end of file.
2025-10-30 13:43:25,911 [ERROR] LogOutputStream:75 - [STDERR_REDIRECT] 
2025-10-30 13:43:26,197 [INFO] ServerAccessManage:452 - Complete download http(s) 200
2025-10-30 13:43:26,197 [INFO] ServerAccessManage:509 - Download File STMicroelectronics.X-CUBE-SAFEA1.pdsc
2025-10-30 13:43:26,378 [INFO] ServerAccessManage:452 - Complete download http(s) 200
2025-10-30 13:43:26,378 [INFO] ServerAccessManage:509 - Download File STMicroelectronics.X-CUBE-SUBG2.pdsc
2025-10-30 13:43:26,839 [WARN] MainUpdater:1193 - Updater busy. Cannot search thirdparties
2025-10-30 13:43:26,839 [INFO] ThirdPartyUpdaterWithRetryManager:96 - Updater plugin is busy. [12/15]
2025-10-30 13:43:26,871 [ERROR] LogOutputStream:75 - [STDERR_REDIRECT] [Fatal Error] :1:1: Premature end of file.
2025-10-30 13:43:26,871 [ERROR] LogOutputStream:75 - [STDERR_REDIRECT] 
2025-10-30 13:43:27,200 [INFO] ServerAccessManage:452 - Complete download http(s) 200
2025-10-30 13:43:27,201 [INFO] ServerAccessManage:509 - Download File STMicroelectronics.X-CUBE-SMBUS.pdsc
2025-10-30 13:43:27,869 [ERROR] LogOutputStream:75 - [STDERR_REDIRECT] [Fatal Error] :1:1: Premature end of file.
2025-10-30 13:43:27,869 [ERROR] LogOutputStream:75 - [STDERR_REDIRECT] 
2025-10-30 13:43:28,214 [ERROR] ServerAccessManage:1212 - Problem, file not found on Server
2025-10-30 13:43:28,291 [INFO] ServerAccessManage:452 - Complete download http(s) 200
2025-10-30 13:43:28,291 [INFO] ServerAccessManage:509 - Download File STMicroelectronics.X-CUBE-ST60.pdsc
2025-10-30 13:43:28,548 [INFO] ServerAccessManage:452 - Complete download http(s) 200
2025-10-30 13:43:28,548 [INFO] ServerAccessManage:509 - Download File STMicroelectronics.X-CUBE-ST67W61.pdsc
2025-10-30 13:43:28,762 [INFO] ServerAccessManage:452 - Complete download http(s) 200
2025-10-30 13:43:28,762 [INFO] ServerAccessManage:509 - Download File STMicroelectronics.X-CUBE-STSE01.pdsc
2025-10-30 13:43:28,873 [ERROR] LogOutputStream:75 - [STDERR_REDIRECT] [Fatal Error] :1:1: Premature end of file.
2025-10-30 13:43:28,874 [ERROR] LogOutputStream:75 - [STDERR_REDIRECT] 
2025-10-30 13:43:28,948 [INFO] ServerAccessManage:452 - Complete download http(s) 200
2025-10-30 13:43:28,948 [INFO] ServerAccessManage:509 - Download File STMicroelectronics.X-CUBE-PM33A1.pdsc
2025-10-30 13:43:29,134 [INFO] ServerAccessManage:452 - Complete download http(s) 200
2025-10-30 13:43:29,134 [INFO] ServerAccessManage:509 - Download File STMicroelectronics.X-CUBE-TCPP.pdsc
2025-10-30 13:43:29,416 [INFO] ServerAccessManage:452 - Complete download http(s) 200
2025-10-30 13:43:29,416 [INFO] ServerAccessManage:509 - Download File STMicroelectronics.X-CUBE-TOF1.pdsc
2025-10-30 13:43:29,841 [WARN] MainUpdater:1193 - Updater busy. Cannot search thirdparties
2025-10-30 13:43:29,841 [INFO] ThirdPartyUpdaterWithRetryManager:96 - Updater plugin is busy. [13/15]
2025-10-30 13:43:29,957 [ERROR] LogOutputStream:75 - [STDERR_REDIRECT] [Fatal Error] :1:1: Premature end of file.
2025-10-30 13:43:29,957 [ERROR] LogOutputStream:75 - [STDERR_REDIRECT] 
2025-10-30 13:43:30,871 [ERROR] LogOutputStream:75 - [STDERR_REDIRECT] [Fatal Error] :1:1: Premature end of file.
2025-10-30 13:43:30,871 [ERROR] LogOutputStream:75 - [STDERR_REDIRECT] 
2025-10-30 13:43:31,185 [ERROR] ServerAccessManage:1212 - Problem, file not found on Server
2025-10-30 13:43:31,337 [INFO] ServerAccessManage:452 - Complete download http(s) 200
2025-10-30 13:43:31,337 [INFO] ServerAccessManage:509 - Download File STMicroelectronics.X-CUBE-TOUCHGFX.pdsc
2025-10-30 13:43:31,873 [ERROR] LogOutputStream:75 - [STDERR_REDIRECT] [Fatal Error] :1:1: Premature end of file.
2025-10-30 13:43:31,874 [ERROR] LogOutputStream:75 - [STDERR_REDIRECT] 
2025-10-30 13:43:32,843 [WARN] MainUpdater:1193 - Updater busy. Cannot search thirdparties
2025-10-30 13:43:32,843 [INFO] ThirdPartyUpdaterWithRetryManager:96 - Updater plugin is busy. [14/15]
2025-10-30 13:43:32,872 [ERROR] LogOutputStream:75 - [STDERR_REDIRECT] [Fatal Error] :1:1: Premature end of file.
2025-10-30 13:43:32,873 [ERROR] LogOutputStream:75 - [STDERR_REDIRECT] 
2025-10-30 13:43:33,563 [INFO] ServerAccessManage:452 - Complete download http(s) 200
2025-10-30 13:43:33,563 [INFO] ServerAccessManage:509 - Download File STMicroelectronics.X-CUBE-ALGOBUILD.pdsc
2025-10-30 13:43:33,872 [ERROR] LogOutputStream:75 - [STDERR_REDIRECT] [Fatal Error] :1:1: Premature end of file.
2025-10-30 13:43:33,872 [ERROR] LogOutputStream:75 - [STDERR_REDIRECT] 
2025-10-30 13:43:34,192 [INFO] ServerAccessManage:452 - Complete download http(s) 200
2025-10-30 13:43:34,192 [INFO] ServerAccessManage:509 - Download File STMicroelectronics.X-CUBE-AZRTOS-H7.pdsc
2025-10-30 13:43:34,870 [ERROR] LogOutputStream:75 - [STDERR_REDIRECT] [Fatal Error] :1:1: Premature end of file.
2025-10-30 13:43:34,871 [ERROR] LogOutputStream:75 - [STDERR_REDIRECT] 
2025-10-30 13:43:35,013 [INFO] ServerAccessManage:452 - Complete download http(s) 200
2025-10-30 13:43:35,013 [INFO] ServerAccessManage:509 - Download File STMicroelectronics.X-CUBE-AZRTOS-H7RS.pdsc
2025-10-30 13:43:35,299 [INFO] ServerAccessManage:452 - Complete download http(s) 200
2025-10-30 13:43:35,299 [INFO] ServerAccessManage:509 - Download File STMicroelectronics.X-CUBE-AZRTOS-F4.pdsc
2025-10-30 13:43:35,584 [INFO] ServerAccessManage:452 - Complete download http(s) 200
2025-10-30 13:43:35,585 [INFO] ServerAccessManage:509 - Download File STMicroelectronics.X-CUBE-AZRTOS-F7.pdsc
2025-10-30 13:43:35,844 [WARN] MainUpdater:1193 - Updater busy. Cannot search thirdparties
2025-10-30 13:43:35,844 [INFO] ThirdPartyUpdaterWithRetryManager:96 - Updater plugin is busy. [15/15]
2025-10-30 13:43:35,844 [ERROR] IntegrityCheckThread:130 - Cannot retrieve database content from updater: error -1
2025-10-30 13:43:35,844 [INFO] ThirdParty:978 - Integrity check success = false
2025-10-30 13:43:35,844 [INFO] IntegrityCheckThread:100 - exiting critical section [integrity check]
2025-10-30 13:43:35,844 [INFO] IntegrityCheckThread:103 - End integrity checks thread
2025-10-30 13:43:35,867 [INFO] McuFinderGlobals:63 - Set McuFinder mode to 2 (CubeIDE integrated)
2025-10-30 13:43:35,868 [INFO] UserAuth:171 - activating auth plugin
2025-10-30 13:43:35,870 [ERROR] LogOutputStream:75 - [STDERR_REDIRECT] [Fatal Error] :1:1: Premature end of file.
2025-10-30 13:43:35,871 [ERROR] LogOutputStream:75 - [STDERR_REDIRECT] 
2025-10-30 13:43:35,871 [INFO] UserAuth:487 - Internet connection configuration mode: 1
2025-10-30 13:43:35,909 [INFO] ServerAccessManage:452 - Complete download http(s) 200
2025-10-30 13:43:35,909 [INFO] ServerAccessManage:509 - Download File STMicroelectronics.X-CUBE-AZRTOS-L4.pdsc
2025-10-30 13:43:36,209 [INFO] ServerAccessManage:452 - Complete download http(s) 200
2025-10-30 13:43:36,210 [INFO] ServerAccessManage:509 - Download File STMicroelectronics.X-CUBE-AZRTOS-L5.pdsc
2025-10-30 13:43:36,558 [INFO] ServerAccessManage:452 - Complete download http(s) 200
2025-10-30 13:43:36,558 [INFO] ServerAccessManage:509 - Download File STMicroelectronics.X-CUBE-AZRTOS-G0.pdsc
2025-10-30 13:43:36,827 [INFO] ServerAccessManage:452 - Complete download http(s) 200
2025-10-30 13:43:36,827 [INFO] ServerAccessManage:509 - Download File STMicroelectronics.X-CUBE-AZRTOS-G4.pdsc
2025-10-30 13:43:36,870 [ERROR] LogOutputStream:75 - [STDERR_REDIRECT] [Fatal Error] :1:1: Premature end of file.
2025-10-30 13:43:36,870 [ERROR] LogOutputStream:75 - [STDERR_REDIRECT] 
2025-10-30 13:43:37,103 [INFO] ServerAccessManage:452 - Complete download http(s) 200
2025-10-30 13:43:37,103 [INFO] ServerAccessManage:509 - Download File STMicroelectronics.X-CUBE-AZRTOS-WB.pdsc
2025-10-30 13:43:37,369 [INFO] ServerAccessManage:452 - Complete download http(s) 200
2025-10-30 13:43:37,369 [INFO] ServerAccessManage:509 - Download File STMicroelectronics.X-CUBE-AZRTOS-WL.pdsc
2025-10-30 13:43:37,640 [INFO] ServerAccessManage:452 - Complete download http(s) 200
2025-10-30 13:43:37,641 [INFO] ServerAccessManage:509 - Download File STMicroelectronics.X-CUBE-WB05N.pdsc
2025-10-30 13:43:37,867 [ERROR] LogOutputStream:75 - [STDERR_REDIRECT] [Fatal Error] :1:1: Premature end of file.
2025-10-30 13:43:37,867 [ERROR] LogOutputStream:75 - [STDERR_REDIRECT] 
2025-10-30 13:43:38,871 [ERROR] LogOutputStream:75 - [STDERR_REDIRECT] [Fatal Error] :1:1: Premature end of file.
2025-10-30 13:43:38,871 [ERROR] LogOutputStream:75 - [STDERR_REDIRECT] 
2025-10-30 13:43:39,348 [INFO] ServerAccessManage:452 - Complete download http(s) 200
2025-10-30 13:43:39,348 [INFO] ServerAccessManage:509 - Download File wolfSSL.I-CUBE-wolfSSL.pdsc
2025-10-30 13:43:39,876 [ERROR] LogOutputStream:75 - [STDERR_REDIRECT] [Fatal Error] :1:1: Premature end of file.
2025-10-30 13:43:39,876 [ERROR] LogOutputStream:75 - [STDERR_REDIRECT] 
2025-10-30 13:43:40,873 [ERROR] LogOutputStream:75 - [STDERR_REDIRECT] [Fatal Error] :1:1: Premature end of file.
2025-10-30 13:43:40,874 [ERROR] LogOutputStream:75 - [STDERR_REDIRECT] 
2025-10-30 13:43:41,870 [ERROR] LogOutputStream:75 - [STDERR_REDIRECT] [Fatal Error] :1:1: Premature end of file.
2025-10-30 13:43:41,870 [ERROR] LogOutputStream:75 - [STDERR_REDIRECT] 
2025-10-30 13:43:42,870 [ERROR] LogOutputStream:75 - [STDERR_REDIRECT] [Fatal Error] :1:1: Premature end of file.
2025-10-30 13:43:42,870 [ERROR] LogOutputStream:75 - [STDERR_REDIRECT] 
2025-10-30 13:43:43,872 [ERROR] LogOutputStream:75 - [STDERR_REDIRECT] [Fatal Error] :1:1: Premature end of file.
2025-10-30 13:43:43,872 [ERROR] LogOutputStream:75 - [STDERR_REDIRECT] 
2025-10-30 13:43:44,870 [ERROR] LogOutputStream:75 - [STDERR_REDIRECT] [Fatal Error] :1:1: Premature end of file.
2025-10-30 13:43:44,870 [ERROR] LogOutputStream:75 - [STDERR_REDIRECT] 
2025-10-30 13:43:45,874 [ERROR] LogOutputStream:75 - [STDERR_REDIRECT] [Fatal Error] :1:1: Premature end of file.
2025-10-30 13:43:45,874 [ERROR] LogOutputStream:75 - [STDERR_REDIRECT] 
2025-10-30 13:43:45,875 [INFO] McuFinderGlobals:63 - Set McuFinder mode to 2 (CubeIDE integrated)
2025-10-30 13:43:45,876 [INFO] UserAuth:171 - activating auth plugin
2025-10-30 13:43:45,878 [INFO] UserAuth:487 - Internet connection configuration mode: 1
2025-10-30 13:43:46,872 [ERROR] LogOutputStream:75 - [STDERR_REDIRECT] [Fatal Error] :1:1: Premature end of file.
2025-10-30 13:43:46,872 [ERROR] LogOutputStream:75 - [STDERR_REDIRECT] 
2025-10-30 13:43:47,946 [ERROR] LogOutputStream:75 - [STDERR_REDIRECT] [Fatal Error] :1:1: Premature end of file.
2025-10-30 13:43:47,946 [ERROR] LogOutputStream:75 - [STDERR_REDIRECT] 
2025-10-30 13:43:48,875 [ERROR] LogOutputStream:75 - [STDERR_REDIRECT] [Fatal Error] :1:1: Premature end of file.
2025-10-30 13:43:48,875 [ERROR] LogOutputStream:75 - [STDERR_REDIRECT] 
2025-10-30 13:43:49,873 [ERROR] LogOutputStream:75 - [STDERR_REDIRECT] [Fatal Error] :1:1: Premature end of file.
2025-10-30 13:43:49,873 [ERROR] LogOutputStream:75 - [STDERR_REDIRECT] 
2025-10-30 13:43:50,872 [ERROR] LogOutputStream:75 - [STDERR_REDIRECT] [Fatal Error] :1:1: Premature end of file.
2025-10-30 13:43:50,873 [ERROR] LogOutputStream:75 - [STDERR_REDIRECT] 
2025-10-30 13:43:51,874 [ERROR] LogOutputStream:75 - [STDERR_REDIRECT] [Fatal Error] :1:1: Premature end of file.
2025-10-30 13:43:51,874 [ERROR] LogOutputStream:75 - [STDERR_REDIRECT] 
2025-10-30 13:43:52,869 [ERROR] LogOutputStream:75 - [STDERR_REDIRECT] [Fatal Error] :1:1: Premature end of file.
2025-10-30 13:43:52,869 [ERROR] LogOutputStream:75 - [STDERR_REDIRECT] 
2025-10-30 13:43:53,870 [ERROR] LogOutputStream:75 - [STDERR_REDIRECT] [Fatal Error] :1:1: Premature end of file.
2025-10-30 13:43:53,870 [ERROR] LogOutputStream:75 - [STDERR_REDIRECT] 
2025-10-30 13:43:54,872 [ERROR] LogOutputStream:75 - [STDERR_REDIRECT] [Fatal Error] :1:1: Premature end of file.
2025-10-30 13:43:54,872 [ERROR] LogOutputStream:75 - [STDERR_REDIRECT] 
2025-10-30 13:43:55,870 [ERROR] LogOutputStream:75 - [STDERR_REDIRECT] [Fatal Error] :1:1: Premature end of file.
2025-10-30 13:43:55,870 [ERROR] LogOutputStream:75 - [STDERR_REDIRECT] 
2025-10-30 13:43:56,870 [ERROR] LogOutputStream:75 - [STDERR_REDIRECT] [Fatal Error] :1:1: Premature end of file.
2025-10-30 13:43:56,870 [ERROR] LogOutputStream:75 - [STDERR_REDIRECT] 
2025-10-30 13:43:57,697 [ERROR] ServerAccessManage:1212 - Problem, file not found on Server
2025-10-30 13:43:57,870 [ERROR] LogOutputStream:75 - [STDERR_REDIRECT] [Fatal Error] :1:1: Premature end of file.
2025-10-30 13:43:57,871 [ERROR] LogOutputStream:75 - [STDERR_REDIRECT] 
2025-10-30 13:43:58,486 [ERROR] ServerAccessManage:1212 - Problem, file not found on Server
2025-10-30 13:43:58,873 [ERROR] LogOutputStream:75 - [STDERR_REDIRECT] [Fatal Error] :1:1: Premature end of file.
2025-10-30 13:43:58,873 [ERROR] LogOutputStream:75 - [STDERR_REDIRECT] 
2025-10-30 13:43:59,872 [ERROR] LogOutputStream:75 - [STDERR_REDIRECT] [Fatal Error] :1:1: Premature end of file.
2025-10-30 13:43:59,873 [ERROR] LogOutputStream:75 - [STDERR_REDIRECT] 
2025-10-30 13:44:00,209 [ERROR] ServerAccessManage:1212 - Problem, file not found on Server
2025-10-30 13:44:00,610 [INFO] ServerAccessManage:452 - Complete download http(s) 200
2025-10-30 13:44:00,611 [INFO] ServerAccessManage:509 - Download File wolfSSL.I-CUBE-wolfMQTT.pdsc
2025-10-30 13:44:00,878 [ERROR] LogOutputStream:75 - [STDERR_REDIRECT] [Fatal Error] :1:1: Premature end of file.
2025-10-30 13:44:00,878 [ERROR] LogOutputStream:75 - [STDERR_REDIRECT] 
2025-10-30 13:44:01,877 [ERROR] LogOutputStream:75 - [STDERR_REDIRECT] [Fatal Error] :1:1: Premature end of file.
2025-10-30 13:44:01,877 [ERROR] LogOutputStream:75 - [STDERR_REDIRECT] 
2025-10-30 13:44:02,871 [ERROR] LogOutputStream:75 - [STDERR_REDIRECT] [Fatal Error] :1:1: Premature end of file.
2025-10-30 13:44:02,872 [ERROR] LogOutputStream:75 - [STDERR_REDIRECT] 
2025-10-30 13:44:03,872 [ERROR] LogOutputStream:75 - [STDERR_REDIRECT] [Fatal Error] :1:1: Premature end of file.
2025-10-30 13:44:03,872 [ERROR] LogOutputStream:75 - [STDERR_REDIRECT] 
2025-10-30 13:44:04,326 [ERROR] ServerAccessManage:1212 - Problem, file not found on Server
2025-10-30 13:44:04,728 [INFO] ServerAccessManage:452 - Complete download http(s) 200
2025-10-30 13:44:04,728 [INFO] ServerAccessManage:509 - Download File wolfSSL.I-CUBE-wolfTPM.pdsc
2025-10-30 13:44:04,874 [ERROR] LogOutputStream:75 - [STDERR_REDIRECT] [Fatal Error] :1:1: Premature end of file.
2025-10-30 13:44:04,874 [ERROR] LogOutputStream:75 - [STDERR_REDIRECT] 
2025-10-30 13:44:05,870 [ERROR] LogOutputStream:75 - [STDERR_REDIRECT] [Fatal Error] :1:1: Premature end of file.
2025-10-30 13:44:05,871 [ERROR] LogOutputStream:75 - [STDERR_REDIRECT] 
2025-10-30 13:44:06,881 [ERROR] LogOutputStream:75 - [STDERR_REDIRECT] [Fatal Error] :1:1: Premature end of file.
2025-10-30 13:44:06,881 [ERROR] LogOutputStream:75 - [STDERR_REDIRECT] 
2025-10-30 13:44:07,870 [ERROR] LogOutputStream:75 - [STDERR_REDIRECT] [Fatal Error] :1:1: Premature end of file.
2025-10-30 13:44:07,870 [ERROR] LogOutputStream:75 - [STDERR_REDIRECT] 
2025-10-30 13:44:08,874 [ERROR] LogOutputStream:75 - [STDERR_REDIRECT] [Fatal Error] :1:1: Premature end of file.
2025-10-30 13:44:08,874 [ERROR] LogOutputStream:75 - [STDERR_REDIRECT] 
2025-10-30 13:44:09,639 [INFO] ServerAccessManage:452 - Complete download http(s) 200
2025-10-30 13:44:09,639 [INFO] ServerAccessManage:509 - Download File wolfSSL.I-CUBE-wolfSSH.pdsc
2025-10-30 13:44:09,874 [ERROR] LogOutputStream:75 - [STDERR_REDIRECT] [Fatal Error] :1:1: Premature end of file.
2025-10-30 13:44:09,875 [ERROR] LogOutputStream:75 - [STDERR_REDIRECT] 
2025-10-30 13:44:10,871 [ERROR] LogOutputStream:75 - [STDERR_REDIRECT] [Fatal Error] :1:1: Premature end of file.
2025-10-30 13:44:10,871 [ERROR] LogOutputStream:75 - [STDERR_REDIRECT] 
2025-10-30 13:44:11,868 [ERROR] LogOutputStream:75 - [STDERR_REDIRECT] [Fatal Error] :1:1: Premature end of file.
2025-10-30 13:44:11,868 [ERROR] LogOutputStream:75 - [STDERR_REDIRECT] 
2025-10-30 13:44:12,875 [ERROR] LogOutputStream:75 - [STDERR_REDIRECT] [Fatal Error] :1:1: Premature end of file.
2025-10-30 13:44:12,876 [ERROR] LogOutputStream:75 - [STDERR_REDIRECT] 
2025-10-30 13:44:13,873 [ERROR] LogOutputStream:75 - [STDERR_REDIRECT] [Fatal Error] :1:1: Premature end of file.
2025-10-30 13:44:13,873 [ERROR] LogOutputStream:75 - [STDERR_REDIRECT] 
2025-10-30 13:44:14,873 [ERROR] LogOutputStream:75 - [STDERR_REDIRECT] [Fatal Error] :1:1: Premature end of file.
2025-10-30 13:44:14,873 [ERROR] LogOutputStream:75 - [STDERR_REDIRECT] 
2025-10-30 13:44:14,939 [INFO] ServerAccessManage:452 - Complete download http(s) 200
2025-10-30 13:44:14,940 [INFO] ServerAccessManage:509 - Download File RealThread.X-CUBE-RT-Thread_Nano.pdsc
2025-10-30 13:44:15,871 [ERROR] LogOutputStream:75 - [STDERR_REDIRECT] [Fatal Error] :1:1: Premature end of file.
2025-10-30 13:44:15,871 [ERROR] LogOutputStream:75 - [STDERR_REDIRECT] 
2025-10-30 13:44:16,056 [INFO] ServerAccessManage:452 - Complete download http(s) 200
2025-10-30 13:44:16,056 [INFO] ServerAccessManage:509 - Download File SEGGER.I-CUBE-embOS.pdsc
2025-10-30 13:44:16,868 [ERROR] LogOutputStream:75 - [STDERR_REDIRECT] [Fatal Error] :1:1: Premature end of file.
2025-10-30 13:44:16,869 [ERROR] LogOutputStream:75 - [STDERR_REDIRECT] 
2025-10-30 13:44:17,872 [ERROR] LogOutputStream:75 - [STDERR_REDIRECT] [Fatal Error] :1:1: Premature end of file.
2025-10-30 13:44:17,872 [ERROR] LogOutputStream:75 - [STDERR_REDIRECT] 
2025-10-30 13:44:18,887 [ERROR] LogOutputStream:75 - [STDERR_REDIRECT] [Fatal Error] :1:1: Premature end of file.
2025-10-30 13:44:18,888 [ERROR] LogOutputStream:75 - [STDERR_REDIRECT] 
2025-10-30 13:44:19,871 [INFO] ServerAccessManage:452 - Complete download http(s) 200
2025-10-30 13:44:19,872 [INFO] ServerAccessManage:509 - Download File emotas.I-CUBE-CANOPEN.pdsc
2025-10-30 13:44:19,876 [ERROR] LogOutputStream:75 - [STDERR_REDIRECT] [Fatal Error] :1:1: Premature end of file.
2025-10-30 13:44:19,876 [ERROR] LogOutputStream:75 - [STDERR_REDIRECT] 
2025-10-30 13:44:20,871 [ERROR] LogOutputStream:75 - [STDERR_REDIRECT] [Fatal Error] :1:1: Premature end of file.
2025-10-30 13:44:20,871 [ERROR] LogOutputStream:75 - [STDERR_REDIRECT] 
2025-10-30 13:44:21,898 [ERROR] LogOutputStream:75 - [STDERR_REDIRECT] [Fatal Error] :1:1: Premature end of file.
2025-10-30 13:44:21,899 [ERROR] LogOutputStream:75 - [STDERR_REDIRECT] 
2025-10-30 13:44:22,880 [ERROR] LogOutputStream:75 - [STDERR_REDIRECT] [Fatal Error] :1:1: Premature end of file.
2025-10-30 13:44:22,880 [ERROR] LogOutputStream:75 - [STDERR_REDIRECT] 
2025-10-30 13:44:23,347 [ERROR] ServerAccessManage:1254 - HTTP unexpected response (418) for https://www.weston-embedded.com/stm_packages/WES.I-CUBE-Cesium.pdsc
2025-10-30 13:44:23,348 [ERROR] ServerAccessManage:740 - Error during Access to HTTP Server. : WES.I-CUBE-Cesium.pdsc.
2025-10-30 13:44:23,880 [ERROR] LogOutputStream:75 - [STDERR_REDIRECT] [Fatal Error] :1:1: Premature end of file.
2025-10-30 13:44:23,880 [ERROR] LogOutputStream:75 - [STDERR_REDIRECT] 
2025-10-30 13:44:24,832 [INFO] ServerAccessManage:452 - Complete download http(s) 200
2025-10-30 13:44:24,833 [INFO] ServerAccessManage:509 - Download File ITTIA_DB.I-CUBE-ITTIADB.pdsc
2025-10-30 13:44:24,873 [ERROR] LogOutputStream:75 - [STDERR_REDIRECT] [Fatal Error] :1:1: Premature end of file.
2025-10-30 13:44:24,873 [ERROR] LogOutputStream:75 - [STDERR_REDIRECT] 
2025-10-30 13:44:25,882 [ERROR] LogOutputStream:75 - [STDERR_REDIRECT] [Fatal Error] :1:1: Premature end of file.
2025-10-30 13:44:25,883 [ERROR] LogOutputStream:75 - [STDERR_REDIRECT] 
2025-10-30 13:44:26,883 [ERROR] LogOutputStream:75 - [STDERR_REDIRECT] [Fatal Error] :1:1: Premature end of file.
2025-10-30 13:44:26,885 [ERROR] LogOutputStream:75 - [STDERR_REDIRECT] 
2025-10-30 13:44:27,876 [ERROR] LogOutputStream:75 - [STDERR_REDIRECT] [Fatal Error] :1:1: Premature end of file.
2025-10-30 13:44:27,878 [ERROR] LogOutputStream:75 - [STDERR_REDIRECT] 
2025-10-30 13:44:28,450 [ERROR] LogOutputStream:75 - [STDERR_REDIRECT] 
2025-10-30 13:53:21,099 [INFO] Activator:176 - 


2025-10-30 13:53:21,103 [INFO] Activator:177 - !SESSION log4j initialized
2025-10-30 13:53:26,978 [INFO] LogOutputStream:77 - [STDOUT_REDIRECT] 
2025-10-30 13:53:31,518 [INFO] ApplicationProperties:184 - Using Application install path: C:\ST\STM32CubeIDE_1.19.0\STM32CubeIDE\plugins\com.st.stm32cube.common.mx_6.15.0.202507011659
2025-10-30 13:53:31,559 [INFO] DbMcusXml:78 - Set database path to: C:\ST\STM32CubeIDE_1.19.0\STM32CubeIDE\plugins\com.st.stm32cube.common.mx_6.15.0.202507011659\\db\/mcu/
2025-10-30 13:53:31,559 [INFO] ApiDb:274 - Set plugin database path to: C:\ST\STM32CubeIDE_1.19.0\STM32CubeIDE\plugins\com.st.stm32cube.common.mx_6.15.0.202507011659\\db\/plugins/boardmanager/
2025-10-30 13:53:31,559 [WARN] ApiDb:259 - Overriding images path with different value:  => C:\ST\STM32CubeIDE_1.19.0\STM32CubeIDE\plugins\com.st.stm32cube.common.mx_6.15.0.202507011659\\db\/plugins/mcufinder/images/
2025-10-30 13:53:31,569 [INFO] ApiDb:250 - Set database path to: C:\Users\Song\.stmcufinder\plugins\mcufinder//mcu/
2025-10-30 13:53:31,573 [INFO] DbMcusAds:125 - Set database path to: C:\Users\Song\.stmcufinder\plugins\mcufinder//mcu/
2025-10-30 13:53:31,583 [INFO] CrossReferenceDbSqlite:203 - Set database path to: C:\Users\Song\.stmcufinder\plugins\mcufinder//mcu/cs/
2025-10-30 13:53:31,881 [INFO] RulesReader:64 - Compatibility file has been processed (317 Rules)
2025-10-30 13:53:32,213 [INFO] DbMcusXml:78 - Set database path to: C:\ST\STM32CubeIDE_1.19.0\STM32CubeIDE\plugins\com.st.stm32cube.common.mx_6.15.0.202507011659\\db\/mcu/
2025-10-30 13:53:32,213 [INFO] ApiDb:274 - Set plugin database path to: C:\ST\STM32CubeIDE_1.19.0\STM32CubeIDE\plugins\com.st.stm32cube.common.mx_6.15.0.202507011659\\db\/plugins/boardmanager/
2025-10-30 13:53:32,213 [INFO] ApiDb:261 - Set plugin images path to: C:\ST\STM32CubeIDE_1.19.0\STM32CubeIDE\plugins\com.st.stm32cube.common.mx_6.15.0.202507011659\\db\/plugins/mcufinder/images/
2025-10-30 13:53:32,213 [WARN] DbFile:41 - Overriding database path with different value: C:\Users\Song\.stmcufinder\plugins\mcufinder/ => C:\Users\Song\.stmcufinder\plugins\mcufinder
2025-10-30 13:53:32,214 [INFO] ApiDb:250 - Set database path to: C:\Users\Song\.stmcufinder\plugins\mcufinder//mcu/
2025-10-30 13:53:32,214 [WARN] DbFile:41 - Overriding database path with different value: C:\Users\Song\.stmcufinder\plugins\mcufinder/ => C:\Users\Song\.stmcufinder\plugins\mcufinder
2025-10-30 13:53:32,214 [INFO] DbMcusAds:125 - Set database path to: C:\Users\Song\.stmcufinder\plugins\mcufinder//mcu/
2025-10-30 13:53:32,214 [WARN] DbFile:41 - Overriding database path with different value: C:\Users\Song\.stmcufinder\plugins\mcufinder/ => C:\Users\Song\.stmcufinder\plugins\mcufinder
2025-10-30 13:53:32,214 [WARN] DbFile:41 - Overriding database path with different value: C:\Users\Song\.stmcufinder\plugins\mcufinder/ => C:\Users\Song\.stmcufinder\plugins\mcufinder
2025-10-30 13:53:32,214 [INFO] CrossReferenceDbSqlite:203 - Set database path to: C:\Users\Song\.stmcufinder\plugins\mcufinder//mcu/cs/
2025-10-30 13:53:32,311 [INFO] MainPanel:274 - HeapMemory: 268435456
2025-10-30 13:53:32,449 [INFO] DbMcusXml:78 - Set database path to: C:\ST\STM32CubeIDE_1.19.0\STM32CubeIDE\plugins\com.st.stm32cube.common.mx_6.15.0.202507011659\\db\/mcu/
2025-10-30 13:53:32,449 [INFO] ApiDb:274 - Set plugin database path to: C:\ST\STM32CubeIDE_1.19.0\STM32CubeIDE\plugins\com.st.stm32cube.common.mx_6.15.0.202507011659\\db\/plugins/boardmanager/
2025-10-30 13:53:32,449 [INFO] ApiDb:261 - Set plugin images path to: C:\ST\STM32CubeIDE_1.19.0\STM32CubeIDE\plugins\com.st.stm32cube.common.mx_6.15.0.202507011659\\db\/plugins/mcufinder/images/
2025-10-30 13:53:32,450 [WARN] DbFile:41 - Overriding database path with different value: C:\Users\Song\.stmcufinder\plugins\mcufinder/ => C:\Users\Song\.stmcufinder\plugins\mcufinder
2025-10-30 13:53:32,450 [INFO] ApiDb:250 - Set database path to: C:\Users\Song\.stmcufinder\plugins\mcufinder//mcu/
2025-10-30 13:53:32,450 [WARN] DbFile:41 - Overriding database path with different value: C:\Users\Song\.stmcufinder\plugins\mcufinder/ => C:\Users\Song\.stmcufinder\plugins\mcufinder
2025-10-30 13:53:32,450 [INFO] DbMcusAds:125 - Set database path to: C:\Users\Song\.stmcufinder\plugins\mcufinder//mcu/
2025-10-30 13:53:32,450 [WARN] DbFile:41 - Overriding database path with different value: C:\Users\Song\.stmcufinder\plugins\mcufinder/ => C:\Users\Song\.stmcufinder\plugins\mcufinder
2025-10-30 13:53:32,450 [WARN] DbFile:41 - Overriding database path with different value: C:\Users\Song\.stmcufinder\plugins\mcufinder/ => C:\Users\Song\.stmcufinder\plugins\mcufinder
2025-10-30 13:53:32,450 [INFO] CrossReferenceDbSqlite:203 - Set database path to: C:\Users\Song\.stmcufinder\plugins\mcufinder//mcu/cs/
2025-10-30 13:53:32,477 [INFO] ApplicationProperties:184 - Using Application install path: C:\ST\STM32CubeIDE_1.19.0\STM32CubeIDE\plugins\com.st.stm32cube.common.mx_6.15.0.202507011659
2025-10-30 13:53:32,481 [INFO] PluginManage:196 - Search for loadable plugins [exclusion list=, ]
2025-10-30 13:53:32,483 [INFO] PluginManage:310 - Check plugin analytics
2025-10-30 13:53:33,031 [INFO] AnalyticsPlugin:253 - Accepted Software Licenses: 
2025-10-30 13:53:33,033 [INFO] AnalyticsPlugin:255 - Accepted CMSIS Pack Licenses: 
2025-10-30 13:53:33,033 [INFO] AnalyticsPlugin:257 - Accepted Firmware Licenses: 
2025-10-30 13:53:33,044 [INFO] PluginManage:359 - Loaded plugin analytics (category:tool,tabindex:-1)
2025-10-30 13:53:33,046 [INFO] PluginManage:310 - Check plugin cadmodel
2025-10-30 13:53:33,059 [INFO] CADModel:105 - Init CAD model plugin
2025-10-30 13:53:33,060 [INFO] PluginManage:359 - Loaded plugin cadmodel (category:power,tabindex:5)
2025-10-30 13:53:33,061 [INFO] PluginManage:310 - Check plugin clock
2025-10-30 13:53:33,090 [INFO] PluginManage:359 - Loaded plugin clock (category:base,tabindex:2)
2025-10-30 13:53:33,090 [INFO] PluginManage:310 - Check plugin ddr
2025-10-30 13:53:33,118 [INFO] PluginManage:359 - Loaded plugin ddr (category:tool,tabindex:6)
2025-10-30 13:53:33,118 [INFO] PluginManage:310 - Check plugin filemanager
2025-10-30 13:53:33,424 [INFO] PluginManage:359 - Loaded plugin filemanager (category:base,tabindex:10)
2025-10-30 13:53:33,424 [INFO] PluginManage:310 - Check plugin ipmanager
2025-10-30 13:53:33,435 [INFO] PluginManage:359 - Loaded plugin ipmanager (category:base,tabindex:5)
2025-10-30 13:53:33,435 [INFO] PluginManage:310 - Check plugin lpbam
2025-10-30 13:53:33,443 [INFO] PluginManage:359 - Loaded plugin lpbam (category:base,tabindex:0)
2025-10-30 13:53:33,443 [INFO] PluginManage:310 - Check plugin memorymap
2025-10-30 13:53:33,465 [INFO] PluginManage:359 - Loaded plugin memorymap (category:base,tabindex:4)
2025-10-30 13:53:33,465 [INFO] PluginManage:310 - Check plugin pinoutandconfiguration
2025-10-30 13:53:33,475 [INFO] PluginManage:359 - Loaded plugin pinoutandconfiguration (category:base,tabindex:1)
2025-10-30 13:53:33,475 [INFO] PluginManage:310 - Check plugin pinoutconfig
2025-10-30 13:53:33,650 [WARN] SupportedApi:132 - Cannot load RTOS API schema: s4s-elt-must-match.1: The content of 'definitions' must match (annotation?, (simpleType | complexType)?, (unique | key | keyref)*)). A problem was found starting at: attribute.
2025-10-30 13:53:33,822 [INFO] PluginManage:359 - Loaded plugin pinoutconfig (category:base,tabindex:0)
2025-10-30 13:53:33,822 [INFO] PluginManage:310 - Check plugin power
2025-10-30 13:53:33,842 [INFO] PluginManage:359 - Loaded plugin power (category:power,tabindex:4)
2025-10-30 13:53:33,842 [INFO] PluginManage:310 - Check plugin projectmanager
2025-10-30 13:53:33,866 [INFO] PluginManage:359 - Loaded plugin projectmanager (category:projectmanager,tabindex:4)
2025-10-30 13:53:33,866 [INFO] PluginManage:310 - Check plugin rif
2025-10-30 13:53:33,892 [INFO] PluginManage:359 - Loaded plugin rif (category:base,tabindex:3)
2025-10-30 13:53:33,892 [INFO] PluginManage:310 - Check plugin thirdparty
2025-10-30 13:53:34,108 [WARN] IntegrityCheckThread:84 - waiting for thirdparty lock release [integrity check]
2025-10-30 13:53:34,108 [INFO] IntegrityCheckThread:86 - entering critical section [integrity check]
2025-10-30 13:53:34,109 [INFO] ThirdPartyUpdaterWithRetryManager:70 - Updater plugin not ready yet. [1/15]
2025-10-30 13:53:34,111 [INFO] PluginManage:359 - Loaded plugin thirdparty (category:base,tabindex:-1)
2025-10-30 13:53:34,111 [INFO] PluginManage:310 - Check plugin tools
2025-10-30 13:53:34,128 [INFO] PluginManage:359 - Loaded plugin tools (category:base,tabindex:7)
2025-10-30 13:53:34,128 [INFO] PluginManage:310 - Check plugin tutovideos
2025-10-30 13:53:34,375 [INFO] PluginManage:359 - Loaded plugin tutovideos (category:base,tabindex:-1)
2025-10-30 13:53:34,375 [INFO] PluginManage:310 - Check plugin updater
2025-10-30 13:53:34,409 [INFO] PluginManage:359 - Loaded plugin updater (category:base,tabindex:12)
2025-10-30 13:53:34,409 [INFO] PluginManage:310 - Check plugin userauth
2025-10-30 13:53:34,417 [INFO] UserAuth:118 - Init User Auth plugin
2025-10-30 13:53:34,418 [INFO] PluginManage:359 - Loaded plugin userauth (category:base,tabindex:14)
2025-10-30 13:53:34,419 [INFO] PluginManage:283 - PluginManage : Loaded plugins [18]
2025-10-30 13:53:34,685 [INFO] PinOutPanel:1589 - setPackage(No Configuration,No Configuration)
2025-10-30 13:53:34,807 [INFO] CADModel:165 - CPN selected for project level
2025-10-30 13:53:34,807 [INFO] CADModel:114 - Register for checkConnection events
2025-10-30 13:53:34,825 [INFO] IPUIPlugin:80 - create IPUIPlugin
2025-10-30 13:53:34,825 [INFO] PluginManager:220 - loadIPPluginJar : add adc
2025-10-30 13:53:34,830 [INFO] IPUIPlugin:80 - create IPUIPlugin
2025-10-30 13:53:34,831 [INFO] PluginManager:220 - loadIPPluginJar : add aes
2025-10-30 13:53:34,835 [INFO] IPUIPlugin:80 - create IPUIPlugin
2025-10-30 13:53:34,836 [INFO] PluginManager:220 - loadIPPluginJar : add can
2025-10-30 13:53:34,839 [INFO] IPUIPlugin:80 - create IPUIPlugin
2025-10-30 13:53:34,839 [INFO] PluginManager:220 - loadIPPluginJar : add comp
2025-10-30 13:53:34,841 [INFO] IPUIPlugin:80 - create IPUIPlugin
2025-10-30 13:53:34,841 [INFO] PluginManager:220 - loadIPPluginJar : add cryp
2025-10-30 13:53:34,845 [INFO] IPUIPlugin:80 - create IPUIPlugin
2025-10-30 13:53:34,846 [INFO] PluginManager:220 - loadIPPluginJar : add ddr_ctrl_phy
2025-10-30 13:53:34,848 [INFO] IPUIPlugin:80 - create IPUIPlugin
2025-10-30 13:53:34,848 [INFO] PluginManager:220 - loadIPPluginJar : add dfsdm
2025-10-30 13:53:34,853 [INFO] IPUIPlugin:80 - create IPUIPlugin
2025-10-30 13:53:34,853 [INFO] PluginManager:220 - loadIPPluginJar : add dma
2025-10-30 13:53:34,855 [INFO] IPUIPlugin:80 - create IPUIPlugin
2025-10-30 13:53:34,856 [INFO] PluginManager:220 - loadIPPluginJar : add dma3
2025-10-30 13:53:34,858 [INFO] IPUIPlugin:80 - create IPUIPlugin
2025-10-30 13:53:34,858 [INFO] PluginManager:220 - loadIPPluginJar : add extmemmanager
2025-10-30 13:53:34,860 [INFO] IPUIPlugin:80 - create IPUIPlugin
2025-10-30 13:53:34,860 [INFO] PluginManager:220 - loadIPPluginJar : add fatfs
2025-10-30 13:53:34,865 [INFO] IPUIPlugin:80 - create IPUIPlugin
2025-10-30 13:53:34,865 [INFO] PluginManager:220 - loadIPPluginJar : add fmc
2025-10-30 13:53:34,874 [INFO] IPUIPlugin:80 - create IPUIPlugin
2025-10-30 13:53:34,874 [INFO] PluginManager:220 - loadIPPluginJar : add freertos
2025-10-30 13:53:34,875 [INFO] IPUIPlugin:80 - create IPUIPlugin
2025-10-30 13:53:34,875 [INFO] PluginManager:220 - loadIPPluginJar : add genericplugin
2025-10-30 13:53:34,878 [INFO] IPUIPlugin:80 - create IPUIPlugin
2025-10-30 13:53:34,878 [INFO] PluginManager:220 - loadIPPluginJar : add gfxmmu
2025-10-30 13:53:34,883 [INFO] IPUIPlugin:80 - create IPUIPlugin
2025-10-30 13:53:34,883 [INFO] PluginManager:220 - loadIPPluginJar : add gic
2025-10-30 13:53:34,886 [INFO] IPUIPlugin:80 - create IPUIPlugin
2025-10-30 13:53:34,887 [INFO] PluginManager:220 - loadIPPluginJar : add gpio
2025-10-30 13:53:34,890 [INFO] IPUIPlugin:80 - create IPUIPlugin
2025-10-30 13:53:34,891 [INFO] PluginManager:220 - loadIPPluginJar : add gtzc
2025-10-30 13:53:34,894 [INFO] IPUIPlugin:80 - create IPUIPlugin
2025-10-30 13:53:34,894 [INFO] PluginManager:220 - loadIPPluginJar : add hash
2025-10-30 13:53:34,898 [INFO] IPUIPlugin:80 - create IPUIPlugin
2025-10-30 13:53:34,898 [INFO] PluginManager:220 - loadIPPluginJar : add i2c
2025-10-30 13:53:34,900 [INFO] IPUIPlugin:80 - create IPUIPlugin
2025-10-30 13:53:34,901 [INFO] PluginManager:220 - loadIPPluginJar : add i2s
2025-10-30 13:53:34,904 [INFO] IPUIPlugin:80 - create IPUIPlugin
2025-10-30 13:53:34,904 [INFO] PluginManager:220 - loadIPPluginJar : add i3c
2025-10-30 13:53:34,907 [INFO] IPUIPlugin:80 - create IPUIPlugin
2025-10-30 13:53:34,908 [INFO] PluginManager:220 - loadIPPluginJar : add ipddr
2025-10-30 13:53:34,914 [INFO] IPUIPlugin:80 - create IPUIPlugin
2025-10-30 13:53:34,914 [INFO] PluginManager:220 - loadIPPluginJar : add linkedlist
2025-10-30 13:53:34,921 [INFO] IPUIPlugin:80 - create IPUIPlugin
2025-10-30 13:53:34,923 [INFO] PluginManager:220 - loadIPPluginJar : add lorawan
2025-10-30 13:53:34,926 [INFO] IPUIPlugin:80 - create IPUIPlugin
2025-10-30 13:53:34,926 [INFO] PluginManager:220 - loadIPPluginJar : add ltdc
2025-10-30 13:53:34,932 [INFO] IPUIPlugin:80 - create IPUIPlugin
2025-10-30 13:53:34,932 [INFO] PluginManager:220 - loadIPPluginJar : add mdma
2025-10-30 13:53:34,935 [INFO] IPUIPlugin:80 - create IPUIPlugin
2025-10-30 13:53:34,935 [INFO] PluginManager:220 - loadIPPluginJar : add nvic
2025-10-30 13:53:34,938 [INFO] IPUIPlugin:80 - create IPUIPlugin
2025-10-30 13:53:34,938 [INFO] PluginManager:220 - loadIPPluginJar : add opamp
2025-10-30 13:53:34,941 [INFO] IPUIPlugin:80 - create IPUIPlugin
2025-10-30 13:53:34,941 [INFO] PluginManager:220 - loadIPPluginJar : add openamp
2025-10-30 13:53:34,945 [INFO] IPUIPlugin:80 - create IPUIPlugin
2025-10-30 13:53:34,945 [INFO] PluginManager:220 - loadIPPluginJar : add pdm2pcm
2025-10-30 13:53:34,952 [INFO] IPUIPlugin:80 - create IPUIPlugin
2025-10-30 13:53:34,954 [INFO] PluginManager:220 - loadIPPluginJar : add plateformsettings
2025-10-30 13:53:34,957 [INFO] IPUIPlugin:80 - create IPUIPlugin
2025-10-30 13:53:34,957 [INFO] PluginManager:220 - loadIPPluginJar : add quadspi
2025-10-30 13:53:34,960 [INFO] IPUIPlugin:80 - create IPUIPlugin
2025-10-30 13:53:34,962 [INFO] PluginManager:220 - loadIPPluginJar : add radio
2025-10-30 13:53:34,965 [INFO] IPUIPlugin:80 - create IPUIPlugin
2025-10-30 13:53:34,965 [INFO] PluginManager:220 - loadIPPluginJar : add resmgrutility
2025-10-30 13:53:34,968 [INFO] IPUIPlugin:80 - create IPUIPlugin
2025-10-30 13:53:34,968 [INFO] PluginManager:220 - loadIPPluginJar : add sai
2025-10-30 13:53:34,971 [INFO] IPUIPlugin:80 - create IPUIPlugin
2025-10-30 13:53:34,971 [INFO] PluginManager:220 - loadIPPluginJar : add spi
2025-10-30 13:53:34,978 [INFO] IPUIPlugin:80 - create IPUIPlugin
2025-10-30 13:53:34,978 [INFO] PluginManager:220 - loadIPPluginJar : add stm32_wpan
2025-10-30 13:53:34,979 [INFO] IPUIPlugin:80 - create IPUIPlugin
2025-10-30 13:53:34,979 [INFO] PluginManager:220 - loadIPPluginJar : add tim
2025-10-30 13:53:34,984 [INFO] IPUIPlugin:80 - create IPUIPlugin
2025-10-30 13:53:34,984 [INFO] PluginManager:220 - loadIPPluginJar : add touchsensing
2025-10-30 13:53:34,987 [INFO] IPUIPlugin:80 - create IPUIPlugin
2025-10-30 13:53:34,987 [INFO] PluginManager:220 - loadIPPluginJar : add tracer_emb
2025-10-30 13:53:34,989 [INFO] IPUIPlugin:80 - create IPUIPlugin
2025-10-30 13:53:34,989 [INFO] PluginManager:220 - loadIPPluginJar : add ts
2025-10-30 13:53:34,991 [INFO] IPUIPlugin:80 - create IPUIPlugin
2025-10-30 13:53:34,991 [INFO] PluginManager:220 - loadIPPluginJar : add tsc
2025-10-30 13:53:34,993 [INFO] IPUIPlugin:80 - create IPUIPlugin
2025-10-30 13:53:34,994 [INFO] PluginManager:220 - loadIPPluginJar : add ucpd
2025-10-30 13:53:34,996 [INFO] IPUIPlugin:80 - create IPUIPlugin
2025-10-30 13:53:34,996 [INFO] PluginManager:220 - loadIPPluginJar : add usart
2025-10-30 13:53:35,000 [INFO] IPUIPlugin:80 - create IPUIPlugin
2025-10-30 13:53:35,001 [INFO] PluginManager:220 - loadIPPluginJar : add usbx
2025-10-30 13:53:35,167 [FATAL] Updater:351 - Updater called before beeing initialized
2025-10-30 13:53:35,200 [INFO] RulesReader:64 - Compatibility file has been processed (317 Rules)
2025-10-30 13:53:35,216 [INFO] RulesReader:64 - Compatibility file has been processed (317 Rules)
2025-10-30 13:53:35,242 [INFO] CADModel:165 - CPN selected for project level
2025-10-30 13:53:35,242 [INFO] CADModel:114 - Register for checkConnection events
2025-10-30 13:53:35,242 [FATAL] Updater:351 - Updater called before beeing initialized
2025-10-30 13:53:35,242 [ERROR] CADModel:125 - Updater not yet initialized, retry later 
2025-10-30 13:53:35,613 [FATAL] Updater:351 - Updater called before beeing initialized
2025-10-30 13:53:35,616 [INFO] CADModel:165 - CPN selected for project level
2025-10-30 13:53:35,616 [INFO] CADModel:114 - Register for checkConnection events
2025-10-30 13:53:35,616 [FATAL] Updater:351 - Updater called before beeing initialized
2025-10-30 13:53:35,616 [ERROR] CADModel:125 - Updater not yet initialized, retry later 
2025-10-30 13:53:35,621 [FATAL] Updater:351 - Updater called before beeing initialized
2025-10-30 13:53:35,807 [FATAL] Updater:351 - Updater called before beeing initialized
2025-10-30 13:53:35,811 [INFO] DbMcusAds:53 - JSON generation date=Thu Sep 30 14:55:09 HKT 2021 (1632984909247)
2025-10-30 13:53:35,813 [FATAL] Updater:351 - Updater called before beeing initialized
2025-10-30 13:53:35,856 [WARN] DetailPanel:346 - Failed to get advertising image, set to default
2025-10-30 13:53:35,989 [FATAL] Updater:351 - Updater called before beeing initialized
2025-10-30 13:53:35,991 [FATAL] Updater:351 - Updater called before beeing initialized
2025-10-30 13:53:35,992 [FATAL] Updater:351 - Updater called before beeing initialized
2025-10-30 13:53:35,992 [WARN] DetailPanel:346 - Failed to get advertising image, set to default
2025-10-30 13:53:35,993 [FATAL] Updater:351 - Updater called before beeing initialized
2025-10-30 13:53:36,067 [ERROR] Updater:1198 - MainUpdater not yet initialized. External WinMGr cannot be set.
2025-10-30 13:53:36,069 [INFO] Updater:1134 - Updater Version found : 6.15.0
2025-10-30 13:53:36,088 [INFO] ApplicationProperties:184 - Using Application install path: C:\ST\STM32CubeIDE_1.19.0\STM32CubeIDE\plugins\com.st.stm32cube.common.mx_6.15.0.202507011659
2025-10-30 13:53:37,111 [INFO] ThirdPartyUpdaterWithRetryManager:70 - Updater plugin not ready yet. [2/15]
2025-10-30 13:53:37,661 [ERROR] LogOutputStream:75 - [STDERR_REDIRECT] Oct 30, 2025 1:53:37 PM java.util.prefs.WindowsPreferences <init>
2025-10-30 13:53:37,663 [ERROR] LogOutputStream:75 - [STDERR_REDIRECT] WARNING: Could not open/create prefs root node Software\JavaSoft\Prefs at root 0xffffffff80000002. Windows RegCreateKeyEx(...) returned error code 5.
2025-10-30 13:53:37,664 [ERROR] LogOutputStream:75 - [STDERR_REDIRECT] 
2025-10-30 13:53:38,572 [INFO] MainUpdater:2872 - connection check result : 10
2025-10-30 13:53:38,573 [INFO] MainUpdater:3604 - Updater definition file requires update
2025-10-30 13:53:38,574 [INFO] MainUpdater:289 - Updater Check For Update Now.
2025-10-30 13:53:38,574 [INFO] MicroXplorer:498 - Change Database Version : DB.6.0.150
2025-10-30 13:53:38,595 [INFO] McuFinderGlobals:63 - Set McuFinder mode to 2 (CubeIDE integrated)
2025-10-30 13:53:38,595 [INFO] McuFinderGlobals:63 - Set McuFinder mode to 2 (CubeIDE integrated)
2025-10-30 13:53:38,595 [INFO] UserAuth:171 - activating auth plugin
2025-10-30 13:53:38,595 [INFO] UserAuth:171 - activating auth plugin
2025-10-30 13:53:38,598 [INFO] UserAuth:487 - Internet connection configuration mode: 1
2025-10-30 13:53:38,598 [INFO] UserAuth:487 - Internet connection configuration mode: 1
2025-10-30 13:53:38,617 [INFO] JxBrowserEngine:152 - Initiate JxBrowser Engine with user profile folder
2025-10-30 13:53:38,623 [INFO] ServerAccessManage:452 - Complete download http(s) 200
2025-10-30 13:53:38,624 [INFO] ServerAccessManage:509 - Download File updaters.zip
2025-10-30 13:53:38,791 [INFO] FileExtend:248 - Unzip File : updaters.zip
2025-10-30 13:53:38,791 [INFO] FileExtend:263 - Standard Zip Deflate
2025-10-30 13:53:39,229 [INFO] ServerAccessManage:452 - Complete download http(s) 200
2025-10-30 13:53:39,229 [INFO] ServerAccessManage:509 - Download File PacksControlFlags.xml
2025-10-30 13:53:39,403 [INFO] ServerAccessManage:452 - Complete download http(s) 200
2025-10-30 13:53:39,404 [INFO] ServerAccessManage:509 - Download File cubemx.pidx
2025-10-30 13:53:39,541 [INFO] LoadServerUpdatesThread:375 - End of LoadServerUpdate Thread
2025-10-30 13:53:39,598 [WARN] CheckServerUpdateThread:151 - Open CheckUpdateFile Fail
2025-10-30 13:53:39,729 [INFO] CheckServerUpdateThread:120 - End of CheckServer Thread
2025-10-30 13:53:40,380 [INFO] WebApp:169 - Instantiating new browser for Auth
2025-10-30 13:53:40,418 [WARN] PackLoader:240 - Cannot read IP mode file for STMicroelectronics.FP-SNS-MOTENVWB1.1.4.0
2025-10-30 13:53:40,438 [WARN] PackLoader:240 - Cannot read IP mode file for STMicroelectronics.FP-ATR-ASTRA1.2.0.2
2025-10-30 13:53:40,470 [WARN] PackLoader:240 - Cannot read IP mode file for STMicroelectronics.X-CUBE-SMBUS.2.1.0
2025-10-30 13:53:40,517 [WARN] PackLoader:240 - Cannot read IP mode file for STMicroelectronics.X-CUBE-AZRTOS-F7.1.1.0
2025-10-30 13:53:40,541 [WARN] PackLoader:240 - Cannot read IP mode file for STMicroelectronics.X-CUBE-DISPLAY.3.0.0
2025-10-30 13:53:40,577 [WARN] PackLoader:240 - Cannot read IP mode file for STMicroelectronics.X-CUBE-NFC10.1.0.0
2025-10-30 13:53:40,587 [WARN] PackLoader:240 - Cannot read IP mode file for STMicroelectronics.FP-SNS-SMARTAG2.1.2.0
2025-10-30 13:53:40,593 [WARN] PackLoader:240 - Cannot read IP mode file for STMicroelectronics.FP-SNS-FLIGHT1.5.1.0
2025-10-30 13:53:40,609 [INFO] LogOutputStream:77 - [STDOUT_REDIRECT] 1 : Invalid condition id : UX_CORESTACK_Condition cause : null
2025-10-30 13:53:40,613 [INFO] LogOutputStream:77 - [STDOUT_REDIRECT] 1 : Invalid condition id : UX_CORESTACK_Condition cause : null
2025-10-30 13:53:40,617 [INFO] LogOutputStream:77 - [STDOUT_REDIRECT] 1 : Invalid condition id : UX_CORESTACK_Condition cause : null
2025-10-30 13:53:40,621 [INFO] LogOutputStream:77 - [STDOUT_REDIRECT] 1 : Invalid condition id : UX_CORESTACK_Condition cause : null
2025-10-30 13:53:40,625 [INFO] LogOutputStream:77 - [STDOUT_REDIRECT] 1 : Invalid condition id : UX_CORESTACK_Condition cause : null
2025-10-30 13:53:40,629 [WARN] PackLoader:240 - Cannot read IP mode file for STMicroelectronics.X-CUBE-AZRTOS-WL.2.0.0
2025-10-30 13:53:40,646 [WARN] PackLoader:240 - Cannot read IP mode file for STMicroelectronics.X-CUBE-BLE2.3.3.0
2025-10-30 13:53:40,655 [WARN] PackLoader:240 - Cannot read IP mode file for STMicroelectronics.X-CUBE-NFC9.1.0.0
2025-10-30 13:53:40,665 [WARN] PackLoader:240 - Cannot read IP mode file for STMicroelectronics.X-CUBE-BLE1.7.1.0
2025-10-30 13:53:40,689 [WARN] PackLoader:240 - Cannot read IP mode file for STMicroelectronics.X-CUBE-AZRTOS-G0.1.1.0
2025-10-30 13:53:40,702 [WARN] PackLoader:240 - Cannot read IP mode file for STMicroelectronics.X-CUBE-SAFEA1.1.2.2
2025-10-30 13:53:40,713 [WARN] PackLoader:240 - Cannot read IP mode file for STMicroelectronics.X-CUBE-NFC4.3.0.0
2025-10-30 13:53:40,721 [WARN] PackLoader:240 - Cannot read IP mode file for STMicroelectronics.X-CUBE-WB05N.2.0.0
2025-10-30 13:53:40,729 [WARN] PackLoader:240 - Cannot read IP mode file for STMicroelectronics.X-CUBE-TCPP.4.2.0
2025-10-30 13:53:40,738 [WARN] PackLoader:240 - Cannot read IP mode file for RealThread.X-CUBE-RT-Thread_Nano.4.1.1
2025-10-30 13:53:40,743 [WARN] PackLoader:240 - Cannot read IP mode file for STMicroelectronics.FP-ATR-SIGFOX1.3.2.0
2025-10-30 13:53:40,802 [WARN] PackLoader:240 - Cannot read IP mode file for SEGGER.I-CUBE-embOS.1.3.1
2025-10-30 13:53:40,863 [WARN] PackLoader:240 - Cannot read IP mode file for STMicroelectronics.X-CUBE-ALGOBUILD.1.4.0
2025-10-30 13:53:40,913 [WARN] PackLoader:240 - Cannot read IP mode file for STMicroelectronics.X-CUBE-MEMS1.11.3.0
2025-10-30 13:53:41,081 [WARN] PackLoader:240 - Cannot read IP mode file for STMicroelectronics.X-CUBE-PM33A1.1.0.0
2025-10-30 13:53:41,097 [WARN] PackLoader:240 - Cannot read IP mode file for STMicroelectronics.X-CUBE-AZRTOS-F4.1.1.0
2025-10-30 13:53:41,105 [WARN] PackLoader:240 - Cannot read IP mode file for STMicroelectronics.X-CUBE-ISPU.2.1.0
2025-10-30 13:53:41,121 [WARN] PackLoader:240 - Cannot read IP mode file for STMicroelectronics.X-CUBE-AZRTOS-L5.2.0.0
2025-10-30 13:53:41,130 [WARN] PackLoader:240 - Cannot read IP mode file for STMicroelectronics.X-CUBE-NFC6.3.1.0
2025-10-30 13:53:41,139 [WARN] PackLoader:240 - Cannot read IP mode file for STMicroelectronics.X-CUBE-FREERTOS.1.3.1
2025-10-30 13:53:41,144 [WARN] PackLoader:240 - Cannot read IP mode file for STMicroelectronics.X-CUBE-DPower.1.3.0
2025-10-30 13:53:41,160 [WARN] ConditionMgr:438 - getConditionDescription Invalid condition id : LAN8742 Phy interface Condition cause : null
2025-10-30 13:53:41,160 [WARN] PackLoader:240 - Cannot read IP mode file for STMicroelectronics.X-CUBE-AZRTOS-L4.2.0.0
2025-10-30 13:53:41,161 [WARN] ConditionMgr:1044 - genDependencies : Invalid condition id : LAN8742 Phy interface Condition cause : null
2025-10-30 13:53:41,161 [WARN] ConditionMgr:1044 - genDependencies : Invalid condition id : LAN8742 Phy interface Condition cause : null
2025-10-30 13:53:41,163 [WARN] ConditionMgr:1044 - genDependencies : Invalid condition id : LAN8742 Phy interface Condition cause : null
2025-10-30 13:53:41,172 [WARN] PackLoader:240 - Cannot read IP mode file for STMicroelectronics.X-CUBE-SFXS2LP1.4.0.0
2025-10-30 13:53:41,185 [WARN] ConditionMgr:438 - getConditionDescription Invalid condition id : UX DEVICE CLASS RTOS Condition cause : null
2025-10-30 13:53:41,185 [WARN] ConditionMgr:438 - getConditionDescription Invalid condition id : UX DEVICE CLASS RTOS Condition cause : null
2025-10-30 13:53:41,187 [WARN] PackLoader:240 - Cannot read IP mode file for STMicroelectronics.X-CUBE-AZRTOS-WB.2.0.0
2025-10-30 13:53:41,188 [WARN] ConditionMgr:1044 - genDependencies : Invalid condition id : UX DEVICE CLASS RTOS Condition cause : null
2025-10-30 13:53:41,188 [WARN] ConditionMgr:1044 - genDependencies : Invalid condition id : UX DEVICE CLASS RTOS Condition cause : null
2025-10-30 13:53:41,188 [WARN] ConditionMgr:1044 - genDependencies : Invalid condition id : UX DEVICE CLASS RTOS Condition cause : null
2025-10-30 13:53:41,188 [WARN] ConditionMgr:1044 - genDependencies : Invalid condition id : UX DEVICE CLASS RTOS Condition cause : null
2025-10-30 13:53:41,188 [WARN] ConditionMgr:1044 - genDependencies : Invalid condition id : UX DEVICE CLASS RTOS Condition cause : null
2025-10-30 13:53:41,198 [WARN] PackLoader:240 - Cannot read IP mode file for STMicroelectronics.X-CUBE-SUBG2.5.0.0
2025-10-30 13:53:41,218 [WARN] PackLoader:240 - Cannot read IP mode file for STMicroelectronics.X-CUBE-AZRTOS-H7RS.1.1.0
2025-10-30 13:53:41,235 [WARN] PackLoader:240 - Cannot read IP mode file for STMicroelectronics.X-CUBE-AZRTOS-G4.2.0.0
2025-10-30 13:53:41,241 [WARN] PackLoader:240 - Cannot read IP mode file for STMicroelectronics.X-CUBE-NFC7.2.0.0
2025-10-30 13:53:41,246 [WARN] PackLoader:240 - Cannot read IP mode file for STMicroelectronics.X-CUBE-ALS.1.0.2
2025-10-30 13:53:41,257 [WARN] PackLoader:240 - Cannot read IP mode file for STMicroelectronics.X-CUBE-TOF1.3.4.3
2025-10-30 13:53:41,269 [INFO] ThirdParty:978 - Integrity check success = true
2025-10-30 13:53:41,269 [INFO] IntegrityCheckThread:100 - exiting critical section [integrity check]
2025-10-30 13:53:41,269 [INFO] IntegrityCheckThread:103 - End integrity checks thread
2025-10-30 13:53:43,704 [INFO] WebApp:463 - Apply proxy settings
2025-10-30 13:53:43,705 [INFO] WebApp:548 - Chromium requires no authentication
2025-10-30 13:53:43,714 [INFO] WebApp:491 - Direct internet connection detected
2025-10-30 13:53:43,737 [INFO] WebApp:900 - Register for checkConnection events
2025-10-30 13:53:43,737 [INFO] WebApp:463 - Apply proxy settings
2025-10-30 13:53:43,737 [INFO] WebApp:548 - Chromium requires no authentication
2025-10-30 13:53:43,738 [INFO] WebApp:491 - Direct internet connection detected
2025-10-30 13:53:43,982 [INFO] WebApp:225 - Starting web application
2025-10-30 13:53:43,982 [INFO] WebApp:593 - Web application path used C:\ST\STM32CubeIDE_1.19.0\STM32CubeIDE\plugins\com.st.stm32cube.common.mx_6.15.0.202507011659\db\plugins\mcufinder\reactClient1\index.html
2025-10-30 13:53:44,579 [ERROR] LogOutputStream:75 - [STDERR_REDIRECT] [Fatal Error] :1:1: Premature end of file.
2025-10-30 13:53:44,580 [ERROR] LogOutputStream:75 - [STDERR_REDIRECT] 
2025-10-30 13:53:45,262 [ERROR] LogOutputStream:75 - [STDERR_REDIRECT] [Fatal Error] :1:1: Premature end of file.
2025-10-30 13:53:45,263 [ERROR] LogOutputStream:75 - [STDERR_REDIRECT] 
2025-10-30 13:53:46,246 [ERROR] LogOutputStream:75 - [STDERR_REDIRECT] [Fatal Error] :1:1: Premature end of file.
2025-10-30 13:53:46,246 [ERROR] LogOutputStream:75 - [STDERR_REDIRECT] 
2025-10-30 13:53:47,237 [ERROR] LogOutputStream:75 - [STDERR_REDIRECT] [Fatal Error] :1:1: Premature end of file.
2025-10-30 13:53:47,237 [ERROR] LogOutputStream:75 - [STDERR_REDIRECT] 
2025-10-30 13:53:48,239 [ERROR] LogOutputStream:75 - [STDERR_REDIRECT] [Fatal Error] :1:1: Premature end of file.
2025-10-30 13:53:48,239 [ERROR] LogOutputStream:75 - [STDERR_REDIRECT] 
2025-10-30 13:53:49,232 [ERROR] LogOutputStream:75 - [STDERR_REDIRECT] [Fatal Error] :1:1: Premature end of file.
2025-10-30 13:53:49,233 [ERROR] LogOutputStream:75 - [STDERR_REDIRECT] 
2025-10-30 13:53:50,241 [ERROR] LogOutputStream:75 - [STDERR_REDIRECT] [Fatal Error] :1:1: Premature end of file.
2025-10-30 13:53:50,241 [ERROR] LogOutputStream:75 - [STDERR_REDIRECT] 
2025-10-30 13:53:51,343 [ERROR] LogOutputStream:75 - [STDERR_REDIRECT] [Fatal Error] :1:1: Premature end of file.
2025-10-30 13:53:51,344 [ERROR] LogOutputStream:75 - [STDERR_REDIRECT] 
2025-10-30 13:53:52,232 [ERROR] LogOutputStream:75 - [STDERR_REDIRECT] [Fatal Error] :1:1: Premature end of file.
2025-10-30 13:53:52,232 [ERROR] LogOutputStream:75 - [STDERR_REDIRECT] 
2025-10-30 13:53:53,233 [ERROR] LogOutputStream:75 - [STDERR_REDIRECT] [Fatal Error] :1:1: Premature end of file.
2025-10-30 13:53:53,234 [ERROR] LogOutputStream:75 - [STDERR_REDIRECT] 
2025-10-30 13:53:54,234 [ERROR] LogOutputStream:75 - [STDERR_REDIRECT] [Fatal Error] :1:1: Premature end of file.
2025-10-30 13:53:54,234 [ERROR] LogOutputStream:75 - [STDERR_REDIRECT] 
2025-10-30 13:53:55,234 [ERROR] LogOutputStream:75 - [STDERR_REDIRECT] [Fatal Error] :1:1: Premature end of file.
2025-10-30 13:53:55,234 [ERROR] LogOutputStream:75 - [STDERR_REDIRECT] 
2025-10-30 13:53:56,232 [ERROR] LogOutputStream:75 - [STDERR_REDIRECT] [Fatal Error] :1:1: Premature end of file.
2025-10-30 13:53:56,232 [ERROR] LogOutputStream:75 - [STDERR_REDIRECT] 
2025-10-30 13:53:57,234 [ERROR] LogOutputStream:75 - [STDERR_REDIRECT] [Fatal Error] :1:1: Premature end of file.
2025-10-30 13:53:57,235 [ERROR] LogOutputStream:75 - [STDERR_REDIRECT] 
2025-10-30 13:53:58,232 [ERROR] LogOutputStream:75 - [STDERR_REDIRECT] [Fatal Error] :1:1: Premature end of file.
2025-10-30 13:53:58,232 [ERROR] LogOutputStream:75 - [STDERR_REDIRECT] 
2025-10-30 13:53:59,239 [ERROR] LogOutputStream:75 - [STDERR_REDIRECT] [Fatal Error] :1:1: Premature end of file.
2025-10-30 13:53:59,239 [ERROR] LogOutputStream:75 - [STDERR_REDIRECT] 
2025-10-30 13:54:00,242 [ERROR] LogOutputStream:75 - [STDERR_REDIRECT] [Fatal Error] :1:1: Premature end of file.
2025-10-30 13:54:00,242 [ERROR] LogOutputStream:75 - [STDERR_REDIRECT] 
2025-10-30 13:54:01,234 [ERROR] LogOutputStream:75 - [STDERR_REDIRECT] [Fatal Error] :1:1: Premature end of file.
2025-10-30 13:54:01,234 [ERROR] LogOutputStream:75 - [STDERR_REDIRECT] 
2025-10-30 13:54:02,249 [ERROR] LogOutputStream:75 - [STDERR_REDIRECT] [Fatal Error] :1:1: Premature end of file.
2025-10-30 13:54:02,249 [ERROR] LogOutputStream:75 - [STDERR_REDIRECT] 
2025-10-30 13:54:03,241 [ERROR] LogOutputStream:75 - [STDERR_REDIRECT] [Fatal Error] :1:1: Premature end of file.
2025-10-30 13:54:03,242 [ERROR] LogOutputStream:75 - [STDERR_REDIRECT] 
2025-10-30 13:54:04,235 [ERROR] LogOutputStream:75 - [STDERR_REDIRECT] [Fatal Error] :1:1: Premature end of file.
2025-10-30 13:54:04,235 [ERROR] LogOutputStream:75 - [STDERR_REDIRECT] 
2025-10-30 13:54:05,238 [ERROR] LogOutputStream:75 - [STDERR_REDIRECT] [Fatal Error] :1:1: Premature end of file.
2025-10-30 13:54:05,241 [ERROR] LogOutputStream:75 - [STDERR_REDIRECT] 
2025-10-30 13:54:06,232 [ERROR] LogOutputStream:75 - [STDERR_REDIRECT] [Fatal Error] :1:1: Premature end of file.
2025-10-30 13:54:06,232 [ERROR] LogOutputStream:75 - [STDERR_REDIRECT] 
2025-10-30 13:54:07,241 [ERROR] LogOutputStream:75 - [STDERR_REDIRECT] [Fatal Error] :1:1: Premature end of file.
2025-10-30 13:54:07,243 [ERROR] LogOutputStream:75 - [STDERR_REDIRECT] 
2025-10-30 13:54:08,234 [ERROR] LogOutputStream:75 - [STDERR_REDIRECT] [Fatal Error] :1:1: Premature end of file.
2025-10-30 13:54:08,235 [ERROR] LogOutputStream:75 - [STDERR_REDIRECT] 
2025-10-30 13:54:09,234 [ERROR] LogOutputStream:75 - [STDERR_REDIRECT] [Fatal Error] :1:1: Premature end of file.
2025-10-30 13:54:09,235 [ERROR] LogOutputStream:75 - [STDERR_REDIRECT] 
2025-10-30 13:54:10,254 [ERROR] LogOutputStream:75 - [STDERR_REDIRECT] [Fatal Error] :1:1: Premature end of file.
2025-10-30 13:54:10,254 [ERROR] LogOutputStream:75 - [STDERR_REDIRECT] 
2025-10-30 13:54:11,235 [ERROR] LogOutputStream:75 - [STDERR_REDIRECT] [Fatal Error] :1:1: Premature end of file.
2025-10-30 13:54:11,236 [ERROR] LogOutputStream:75 - [STDERR_REDIRECT] 
2025-10-30 13:54:12,286 [ERROR] LogOutputStream:75 - [STDERR_REDIRECT] [Fatal Error] :1:1: Premature end of file.
2025-10-30 13:54:12,286 [ERROR] LogOutputStream:75 - [STDERR_REDIRECT] 
2025-10-30 13:54:13,295 [ERROR] LogOutputStream:75 - [STDERR_REDIRECT] [Fatal Error] :1:1: Premature end of file.
2025-10-30 13:54:13,295 [ERROR] LogOutputStream:75 - [STDERR_REDIRECT] 
2025-10-30 13:54:14,260 [ERROR] LogOutputStream:75 - [STDERR_REDIRECT] [Fatal Error] :1:1: Premature end of file.
2025-10-30 13:54:14,261 [ERROR] LogOutputStream:75 - [STDERR_REDIRECT] 
2025-10-30 13:54:15,315 [ERROR] LogOutputStream:75 - [STDERR_REDIRECT] [Fatal Error] :1:1: Premature end of file.
2025-10-30 13:54:15,315 [ERROR] LogOutputStream:75 - [STDERR_REDIRECT] 
2025-10-30 13:54:16,280 [ERROR] LogOutputStream:75 - [STDERR_REDIRECT] [Fatal Error] :1:1: Premature end of file.
2025-10-30 13:54:16,280 [ERROR] LogOutputStream:75 - [STDERR_REDIRECT] 
2025-10-30 13:54:17,253 [ERROR] LogOutputStream:75 - [STDERR_REDIRECT] [Fatal Error] :1:1: Premature end of file.
2025-10-30 13:54:17,253 [ERROR] LogOutputStream:75 - [STDERR_REDIRECT] 
2025-10-30 13:54:18,304 [ERROR] LogOutputStream:75 - [STDERR_REDIRECT] [Fatal Error] :1:1: Premature end of file.
2025-10-30 13:54:18,304 [ERROR] LogOutputStream:75 - [STDERR_REDIRECT] 
2025-10-30 13:54:19,236 [ERROR] LogOutputStream:75 - [STDERR_REDIRECT] [Fatal Error] :1:1: Premature end of file.
2025-10-30 13:54:19,237 [ERROR] LogOutputStream:75 - [STDERR_REDIRECT] 
2025-10-30 13:54:20,356 [ERROR] LogOutputStream:75 - [STDERR_REDIRECT] [Fatal Error] :1:1: Premature end of file.
2025-10-30 13:54:20,357 [ERROR] LogOutputStream:75 - [STDERR_REDIRECT] 
2025-10-30 13:54:21,239 [ERROR] LogOutputStream:75 - [STDERR_REDIRECT] [Fatal Error] :1:1: Premature end of file.
2025-10-30 13:54:21,239 [ERROR] LogOutputStream:75 - [STDERR_REDIRECT] 
2025-10-30 13:54:22,241 [ERROR] LogOutputStream:75 - [STDERR_REDIRECT] [Fatal Error] :1:1: Premature end of file.
2025-10-30 13:54:22,241 [ERROR] LogOutputStream:75 - [STDERR_REDIRECT] 
2025-10-30 13:54:23,238 [ERROR] LogOutputStream:75 - [STDERR_REDIRECT] [Fatal Error] :1:1: Premature end of file.
2025-10-30 13:54:23,238 [ERROR] LogOutputStream:75 - [STDERR_REDIRECT] 
2025-10-30 13:54:24,267 [ERROR] LogOutputStream:75 - [STDERR_REDIRECT] [Fatal Error] :1:1: Premature end of file.
2025-10-30 13:54:24,267 [ERROR] LogOutputStream:75 - [STDERR_REDIRECT] 
2025-10-30 13:54:25,233 [ERROR] LogOutputStream:75 - [STDERR_REDIRECT] [Fatal Error] :1:1: Premature end of file.
2025-10-30 13:54:25,233 [ERROR] LogOutputStream:75 - [STDERR_REDIRECT] 
2025-10-30 13:54:26,249 [ERROR] LogOutputStream:75 - [STDERR_REDIRECT] [Fatal Error] :1:1: Premature end of file.
2025-10-30 13:54:26,249 [ERROR] LogOutputStream:75 - [STDERR_REDIRECT] 
2025-10-30 13:54:27,234 [ERROR] LogOutputStream:75 - [STDERR_REDIRECT] [Fatal Error] :1:1: Premature end of file.
2025-10-30 13:54:27,234 [ERROR] LogOutputStream:75 - [STDERR_REDIRECT] 
2025-10-30 13:54:28,280 [ERROR] LogOutputStream:75 - [STDERR_REDIRECT] [Fatal Error] :1:1: Premature end of file.
2025-10-30 13:54:28,280 [ERROR] LogOutputStream:75 - [STDERR_REDIRECT] 
2025-10-30 13:54:29,247 [ERROR] LogOutputStream:75 - [STDERR_REDIRECT] [Fatal Error] :1:1: Premature end of file.
2025-10-30 13:54:29,248 [ERROR] LogOutputStream:75 - [STDERR_REDIRECT] 
2025-10-30 13:54:30,234 [ERROR] LogOutputStream:75 - [STDERR_REDIRECT] [Fatal Error] :1:1: Premature end of file.
2025-10-30 13:54:30,235 [ERROR] LogOutputStream:75 - [STDERR_REDIRECT] 
2025-10-30 13:54:31,295 [ERROR] LogOutputStream:75 - [STDERR_REDIRECT] [Fatal Error] :1:1: Premature end of file.
2025-10-30 13:54:31,296 [ERROR] LogOutputStream:75 - [STDERR_REDIRECT] 
2025-10-30 13:54:32,241 [ERROR] LogOutputStream:75 - [STDERR_REDIRECT] [Fatal Error] :1:1: Premature end of file.
2025-10-30 13:54:32,242 [ERROR] LogOutputStream:75 - [STDERR_REDIRECT] 
2025-10-30 13:54:33,250 [ERROR] LogOutputStream:75 - [STDERR_REDIRECT] [Fatal Error] :1:1: Premature end of file.
2025-10-30 13:54:33,250 [ERROR] LogOutputStream:75 - [STDERR_REDIRECT] 
2025-10-30 13:54:34,261 [ERROR] LogOutputStream:75 - [STDERR_REDIRECT] [Fatal Error] :1:1: Premature end of file.
2025-10-30 13:54:34,261 [ERROR] LogOutputStream:75 - [STDERR_REDIRECT] 
2025-10-30 13:54:35,235 [ERROR] LogOutputStream:75 - [STDERR_REDIRECT] [Fatal Error] :1:1: Premature end of file.
2025-10-30 13:54:35,235 [ERROR] LogOutputStream:75 - [STDERR_REDIRECT] 
2025-10-30 13:54:36,241 [ERROR] LogOutputStream:75 - [STDERR_REDIRECT] [Fatal Error] :1:1: Premature end of file.
2025-10-30 13:54:36,241 [ERROR] LogOutputStream:75 - [STDERR_REDIRECT] 
2025-10-30 13:54:37,293 [ERROR] LogOutputStream:75 - [STDERR_REDIRECT] [Fatal Error] :1:1: Premature end of file.
2025-10-30 13:54:37,293 [ERROR] LogOutputStream:75 - [STDERR_REDIRECT] 
2025-10-30 13:54:38,233 [ERROR] LogOutputStream:75 - [STDERR_REDIRECT] [Fatal Error] :1:1: Premature end of file.
2025-10-30 13:54:38,233 [ERROR] LogOutputStream:75 - [STDERR_REDIRECT] 
2025-10-30 13:54:39,240 [ERROR] LogOutputStream:75 - [STDERR_REDIRECT] [Fatal Error] :1:1: Premature end of file.
2025-10-30 13:54:39,241 [ERROR] LogOutputStream:75 - [STDERR_REDIRECT] 
2025-10-30 13:54:40,239 [ERROR] LogOutputStream:75 - [STDERR_REDIRECT] [Fatal Error] :1:1: Premature end of file.
2025-10-30 13:54:40,239 [ERROR] LogOutputStream:75 - [STDERR_REDIRECT] 
2025-10-30 13:54:41,233 [ERROR] LogOutputStream:75 - [STDERR_REDIRECT] [Fatal Error] :1:1: Premature end of file.
2025-10-30 13:54:41,233 [ERROR] LogOutputStream:75 - [STDERR_REDIRECT] 
2025-10-30 13:54:42,232 [ERROR] LogOutputStream:75 - [STDERR_REDIRECT] [Fatal Error] :1:1: Premature end of file.
2025-10-30 13:54:42,233 [ERROR] LogOutputStream:75 - [STDERR_REDIRECT] 
2025-10-30 13:54:43,247 [ERROR] LogOutputStream:75 - [STDERR_REDIRECT] [Fatal Error] :1:1: Premature end of file.
2025-10-30 13:54:43,248 [ERROR] LogOutputStream:75 - [STDERR_REDIRECT] 
2025-10-30 13:54:44,233 [ERROR] LogOutputStream:75 - [STDERR_REDIRECT] [Fatal Error] :1:1: Premature end of file.
2025-10-30 13:54:44,234 [ERROR] LogOutputStream:75 - [STDERR_REDIRECT] 
2025-10-30 13:54:45,233 [ERROR] LogOutputStream:75 - [STDERR_REDIRECT] [Fatal Error] :1:1: Premature end of file.
2025-10-30 13:54:45,233 [ERROR] LogOutputStream:75 - [STDERR_REDIRECT] 
2025-10-30 13:54:46,233 [ERROR] LogOutputStream:75 - [STDERR_REDIRECT] [Fatal Error] :1:1: Premature end of file.
2025-10-30 13:54:46,233 [ERROR] LogOutputStream:75 - [STDERR_REDIRECT] 
2025-10-30 13:54:47,231 [ERROR] LogOutputStream:75 - [STDERR_REDIRECT] [Fatal Error] :1:1: Premature end of file.
2025-10-30 13:54:47,231 [ERROR] LogOutputStream:75 - [STDERR_REDIRECT] 
2025-10-30 13:54:48,237 [ERROR] LogOutputStream:75 - [STDERR_REDIRECT] [Fatal Error] :1:1: Premature end of file.
2025-10-30 13:54:48,237 [ERROR] LogOutputStream:75 - [STDERR_REDIRECT] 
2025-10-30 13:54:49,250 [ERROR] LogOutputStream:75 - [STDERR_REDIRECT] [Fatal Error] :1:1: Premature end of file.
2025-10-30 13:54:49,250 [ERROR] LogOutputStream:75 - [STDERR_REDIRECT] 
2025-10-30 13:54:50,240 [ERROR] LogOutputStream:75 - [STDERR_REDIRECT] [Fatal Error] :1:1: Premature end of file.
2025-10-30 13:54:50,240 [ERROR] LogOutputStream:75 - [STDERR_REDIRECT] 
2025-10-30 13:54:51,273 [ERROR] LogOutputStream:75 - [STDERR_REDIRECT] [Fatal Error] :1:1: Premature end of file.
2025-10-30 13:54:51,273 [ERROR] LogOutputStream:75 - [STDERR_REDIRECT] 
2025-10-30 13:54:52,232 [ERROR] LogOutputStream:75 - [STDERR_REDIRECT] [Fatal Error] :1:1: Premature end of file.
2025-10-30 13:54:52,233 [ERROR] LogOutputStream:75 - [STDERR_REDIRECT] 
2025-10-30 13:54:53,232 [ERROR] LogOutputStream:75 - [STDERR_REDIRECT] [Fatal Error] :1:1: Premature end of file.
2025-10-30 13:54:53,233 [ERROR] LogOutputStream:75 - [STDERR_REDIRECT] 
2025-10-30 13:54:54,238 [ERROR] LogOutputStream:75 - [STDERR_REDIRECT] [Fatal Error] :1:1: Premature end of file.
2025-10-30 13:54:54,238 [ERROR] LogOutputStream:75 - [STDERR_REDIRECT] 
2025-10-30 13:54:55,233 [ERROR] LogOutputStream:75 - [STDERR_REDIRECT] [Fatal Error] :1:1: Premature end of file.
2025-10-30 13:54:55,233 [ERROR] LogOutputStream:75 - [STDERR_REDIRECT] 
2025-10-30 13:54:56,241 [ERROR] LogOutputStream:75 - [STDERR_REDIRECT] [Fatal Error] :1:1: Premature end of file.
2025-10-30 13:54:56,241 [ERROR] LogOutputStream:75 - [STDERR_REDIRECT] 
2025-10-30 13:54:57,236 [ERROR] LogOutputStream:75 - [STDERR_REDIRECT] [Fatal Error] :1:1: Premature end of file.
2025-10-30 13:54:57,236 [ERROR] LogOutputStream:75 - [STDERR_REDIRECT] 
2025-10-30 13:54:58,235 [ERROR] LogOutputStream:75 - [STDERR_REDIRECT] [Fatal Error] :1:1: Premature end of file.
2025-10-30 13:54:58,235 [ERROR] LogOutputStream:75 - [STDERR_REDIRECT] 
2025-10-30 13:54:59,235 [ERROR] LogOutputStream:75 - [STDERR_REDIRECT] [Fatal Error] :1:1: Premature end of file.
2025-10-30 13:54:59,236 [ERROR] LogOutputStream:75 - [STDERR_REDIRECT] 
2025-10-30 13:55:00,235 [ERROR] LogOutputStream:75 - [STDERR_REDIRECT] [Fatal Error] :1:1: Premature end of file.
2025-10-30 13:55:00,235 [ERROR] LogOutputStream:75 - [STDERR_REDIRECT] 
2025-10-30 13:55:01,284 [ERROR] LogOutputStream:75 - [STDERR_REDIRECT] [Fatal Error] :1:1: Premature end of file.
2025-10-30 13:55:01,284 [ERROR] LogOutputStream:75 - [STDERR_REDIRECT] 
2025-10-30 13:55:02,232 [ERROR] LogOutputStream:75 - [STDERR_REDIRECT] [Fatal Error] :1:1: Premature end of file.
2025-10-30 13:55:02,232 [ERROR] LogOutputStream:75 - [STDERR_REDIRECT] 
2025-10-30 13:55:03,236 [ERROR] LogOutputStream:75 - [STDERR_REDIRECT] [Fatal Error] :1:1: Premature end of file.
2025-10-30 13:55:03,236 [ERROR] LogOutputStream:75 - [STDERR_REDIRECT] 
2025-10-30 13:55:04,097 [INFO] McuFinderGlobals:63 - Set McuFinder mode to 2 (CubeIDE integrated)
2025-10-30 13:55:04,097 [INFO] UserAuth:171 - activating auth plugin
2025-10-30 13:55:04,101 [INFO] UserAuth:487 - Internet connection configuration mode: 1
2025-10-30 13:55:04,236 [ERROR] LogOutputStream:75 - [STDERR_REDIRECT] [Fatal Error] :1:1: Premature end of file.
2025-10-30 13:55:04,236 [ERROR] LogOutputStream:75 - [STDERR_REDIRECT] 
2025-10-30 13:55:05,233 [ERROR] LogOutputStream:75 - [STDERR_REDIRECT] [Fatal Error] :1:1: Premature end of file.
2025-10-30 13:55:05,233 [ERROR] LogOutputStream:75 - [STDERR_REDIRECT] 
2025-10-30 13:55:06,234 [ERROR] LogOutputStream:75 - [STDERR_REDIRECT] [Fatal Error] :1:1: Premature end of file.
2025-10-30 13:55:06,234 [ERROR] LogOutputStream:75 - [STDERR_REDIRECT] 
2025-10-30 13:55:07,234 [ERROR] LogOutputStream:75 - [STDERR_REDIRECT] [Fatal Error] :1:1: Premature end of file.
2025-10-30 13:55:07,234 [ERROR] LogOutputStream:75 - [STDERR_REDIRECT] 
2025-10-30 13:55:08,233 [ERROR] LogOutputStream:75 - [STDERR_REDIRECT] [Fatal Error] :1:1: Premature end of file.
2025-10-30 13:55:08,233 [ERROR] LogOutputStream:75 - [STDERR_REDIRECT] 
2025-10-30 13:55:09,240 [ERROR] LogOutputStream:75 - [STDERR_REDIRECT] [Fatal Error] :1:1: Premature end of file.
2025-10-30 13:55:09,240 [ERROR] LogOutputStream:75 - [STDERR_REDIRECT] 
2025-10-30 13:55:10,241 [ERROR] LogOutputStream:75 - [STDERR_REDIRECT] [Fatal Error] :1:1: Premature end of file.
2025-10-30 13:55:10,241 [ERROR] LogOutputStream:75 - [STDERR_REDIRECT] 
2025-10-30 13:55:10,585 [INFO] WebApp:652 - userauth.ini deleted or not created
2025-10-30 13:55:11,297 [ERROR] LogOutputStream:75 - [STDERR_REDIRECT] [Fatal Error] :1:1: Premature end of file.
2025-10-30 13:55:11,297 [ERROR] LogOutputStream:75 - [STDERR_REDIRECT] 
2025-10-30 13:55:12,232 [ERROR] LogOutputStream:75 - [STDERR_REDIRECT] [Fatal Error] :1:1: Premature end of file.
2025-10-30 13:55:12,233 [ERROR] LogOutputStream:75 - [STDERR_REDIRECT] 
2025-10-30 13:55:13,232 [ERROR] LogOutputStream:75 - [STDERR_REDIRECT] [Fatal Error] :1:1: Premature end of file.
2025-10-30 13:55:13,232 [ERROR] LogOutputStream:75 - [STDERR_REDIRECT] 
2025-10-30 13:55:14,239 [ERROR] LogOutputStream:75 - [STDERR_REDIRECT] [Fatal Error] :1:1: Premature end of file.
2025-10-30 13:55:14,240 [ERROR] LogOutputStream:75 - [STDERR_REDIRECT] 
2025-10-30 13:55:15,233 [ERROR] LogOutputStream:75 - [STDERR_REDIRECT] [Fatal Error] :1:1: Premature end of file.
2025-10-30 13:55:15,233 [ERROR] LogOutputStream:75 - [STDERR_REDIRECT] 
2025-10-30 13:55:16,240 [ERROR] LogOutputStream:75 - [STDERR_REDIRECT] [Fatal Error] :1:1: Premature end of file.
2025-10-30 13:55:16,240 [ERROR] LogOutputStream:75 - [STDERR_REDIRECT] 
2025-10-30 13:55:17,244 [ERROR] LogOutputStream:75 - [STDERR_REDIRECT] [Fatal Error] :1:1: Premature end of file.
2025-10-30 13:55:17,244 [ERROR] LogOutputStream:75 - [STDERR_REDIRECT] 
2025-10-30 13:55:18,236 [ERROR] LogOutputStream:75 - [STDERR_REDIRECT] [Fatal Error] :1:1: Premature end of file.
2025-10-30 13:55:18,236 [ERROR] LogOutputStream:75 - [STDERR_REDIRECT] 
2025-10-30 13:55:19,234 [ERROR] LogOutputStream:75 - [STDERR_REDIRECT] [Fatal Error] :1:1: Premature end of file.
2025-10-30 13:55:19,234 [ERROR] LogOutputStream:75 - [STDERR_REDIRECT] 
2025-10-30 13:55:20,233 [ERROR] LogOutputStream:75 - [STDERR_REDIRECT] [Fatal Error] :1:1: Premature end of file.
2025-10-30 13:55:20,234 [ERROR] LogOutputStream:75 - [STDERR_REDIRECT] 
2025-10-30 13:55:21,243 [ERROR] LogOutputStream:75 - [STDERR_REDIRECT] [Fatal Error] :1:1: Premature end of file.
2025-10-30 13:55:21,244 [ERROR] LogOutputStream:75 - [STDERR_REDIRECT] 
2025-10-30 13:55:22,236 [ERROR] LogOutputStream:75 - [STDERR_REDIRECT] [Fatal Error] :1:1: Premature end of file.
2025-10-30 13:55:22,236 [ERROR] LogOutputStream:75 - [STDERR_REDIRECT] 
2025-10-30 13:55:23,237 [ERROR] LogOutputStream:75 - [STDERR_REDIRECT] [Fatal Error] :1:1: Premature end of file.
2025-10-30 13:55:23,237 [ERROR] LogOutputStream:75 - [STDERR_REDIRECT] 
2025-10-30 13:55:24,236 [ERROR] LogOutputStream:75 - [STDERR_REDIRECT] [Fatal Error] :1:1: Premature end of file.
2025-10-30 13:55:24,236 [ERROR] LogOutputStream:75 - [STDERR_REDIRECT] 
2025-10-30 13:55:25,237 [ERROR] LogOutputStream:75 - [STDERR_REDIRECT] [Fatal Error] :1:1: Premature end of file.
2025-10-30 13:55:25,239 [ERROR] LogOutputStream:75 - [STDERR_REDIRECT] 
2025-10-30 13:55:26,248 [ERROR] LogOutputStream:75 - [STDERR_REDIRECT] [Fatal Error] :1:1: Premature end of file.
2025-10-30 13:55:26,249 [ERROR] LogOutputStream:75 - [STDERR_REDIRECT] 
2025-10-30 13:55:27,236 [ERROR] LogOutputStream:75 - [STDERR_REDIRECT] [Fatal Error] :1:1: Premature end of file.
2025-10-30 13:55:27,236 [ERROR] LogOutputStream:75 - [STDERR_REDIRECT] 
2025-10-30 13:55:28,234 [ERROR] LogOutputStream:75 - [STDERR_REDIRECT] [Fatal Error] :1:1: Premature end of file.
2025-10-30 13:55:28,234 [ERROR] LogOutputStream:75 - [STDERR_REDIRECT] 
2025-10-30 13:55:29,233 [ERROR] LogOutputStream:75 - [STDERR_REDIRECT] [Fatal Error] :1:1: Premature end of file.
2025-10-30 13:55:29,234 [ERROR] LogOutputStream:75 - [STDERR_REDIRECT] 
2025-10-30 13:55:30,236 [ERROR] LogOutputStream:75 - [STDERR_REDIRECT] [Fatal Error] :1:1: Premature end of file.
2025-10-30 13:55:30,236 [ERROR] LogOutputStream:75 - [STDERR_REDIRECT] 
2025-10-30 13:55:31,234 [ERROR] LogOutputStream:75 - [STDERR_REDIRECT] [Fatal Error] :1:1: Premature end of file.
2025-10-30 13:55:31,234 [ERROR] LogOutputStream:75 - [STDERR_REDIRECT] 
2025-10-30 13:55:32,236 [ERROR] LogOutputStream:75 - [STDERR_REDIRECT] [Fatal Error] :1:1: Premature end of file.
2025-10-30 13:55:32,236 [ERROR] LogOutputStream:75 - [STDERR_REDIRECT] 
2025-10-30 13:55:33,236 [ERROR] LogOutputStream:75 - [STDERR_REDIRECT] [Fatal Error] :1:1: Premature end of file.
2025-10-30 13:55:33,236 [ERROR] LogOutputStream:75 - [STDERR_REDIRECT] 
2025-10-30 13:55:34,238 [ERROR] LogOutputStream:75 - [STDERR_REDIRECT] [Fatal Error] :1:1: Premature end of file.
2025-10-30 13:55:34,239 [ERROR] LogOutputStream:75 - [STDERR_REDIRECT] 
2025-10-30 13:55:35,234 [ERROR] LogOutputStream:75 - [STDERR_REDIRECT] [Fatal Error] :1:1: Premature end of file.
2025-10-30 13:55:35,236 [ERROR] LogOutputStream:75 - [STDERR_REDIRECT] 
2025-10-30 13:55:36,236 [ERROR] LogOutputStream:75 - [STDERR_REDIRECT] [Fatal Error] :1:1: Premature end of file.
2025-10-30 13:55:36,237 [ERROR] LogOutputStream:75 - [STDERR_REDIRECT] 
2025-10-30 13:55:37,244 [ERROR] LogOutputStream:75 - [STDERR_REDIRECT] [Fatal Error] :1:1: Premature end of file.
2025-10-30 13:55:37,246 [ERROR] LogOutputStream:75 - [STDERR_REDIRECT] 
2025-10-30 13:55:38,239 [ERROR] LogOutputStream:75 - [STDERR_REDIRECT] [Fatal Error] :1:1: Premature end of file.
2025-10-30 13:55:38,240 [ERROR] LogOutputStream:75 - [STDERR_REDIRECT] 
2025-10-30 13:55:39,240 [ERROR] LogOutputStream:75 - [STDERR_REDIRECT] [Fatal Error] :1:1: Premature end of file.
2025-10-30 13:55:39,241 [ERROR] LogOutputStream:75 - [STDERR_REDIRECT] 
2025-10-30 13:55:40,287 [ERROR] LogOutputStream:75 - [STDERR_REDIRECT] [Fatal Error] :1:1: Premature end of file.
2025-10-30 13:55:40,287 [ERROR] LogOutputStream:75 - [STDERR_REDIRECT] 
2025-10-30 13:55:41,235 [ERROR] LogOutputStream:75 - [STDERR_REDIRECT] [Fatal Error] :1:1: Premature end of file.
2025-10-30 13:55:41,235 [ERROR] LogOutputStream:75 - [STDERR_REDIRECT] 
2025-10-30 13:55:42,235 [ERROR] LogOutputStream:75 - [STDERR_REDIRECT] [Fatal Error] :1:1: Premature end of file.
2025-10-30 13:55:42,235 [ERROR] LogOutputStream:75 - [STDERR_REDIRECT] 
2025-10-30 13:55:43,233 [ERROR] LogOutputStream:75 - [STDERR_REDIRECT] [Fatal Error] :1:1: Premature end of file.
2025-10-30 13:55:43,234 [ERROR] LogOutputStream:75 - [STDERR_REDIRECT] 
2025-10-30 13:55:44,235 [ERROR] LogOutputStream:75 - [STDERR_REDIRECT] [Fatal Error] :1:1: Premature end of file.
2025-10-30 13:55:44,235 [ERROR] LogOutputStream:75 - [STDERR_REDIRECT] 
2025-10-30 13:55:45,239 [ERROR] LogOutputStream:75 - [STDERR_REDIRECT] [Fatal Error] :1:1: Premature end of file.
2025-10-30 13:55:45,239 [ERROR] LogOutputStream:75 - [STDERR_REDIRECT] 
2025-10-30 13:55:46,236 [ERROR] LogOutputStream:75 - [STDERR_REDIRECT] [Fatal Error] :1:1: Premature end of file.
2025-10-30 13:55:46,237 [ERROR] LogOutputStream:75 - [STDERR_REDIRECT] 
2025-10-30 13:55:47,235 [ERROR] LogOutputStream:75 - [STDERR_REDIRECT] [Fatal Error] :1:1: Premature end of file.
2025-10-30 13:55:47,235 [ERROR] LogOutputStream:75 - [STDERR_REDIRECT] 
2025-10-30 13:55:48,234 [ERROR] LogOutputStream:75 - [STDERR_REDIRECT] [Fatal Error] :1:1: Premature end of file.
2025-10-30 13:55:48,234 [ERROR] LogOutputStream:75 - [STDERR_REDIRECT] 
2025-10-30 13:55:49,241 [ERROR] LogOutputStream:75 - [STDERR_REDIRECT] [Fatal Error] :1:1: Premature end of file.
2025-10-30 13:55:49,241 [ERROR] LogOutputStream:75 - [STDERR_REDIRECT] 
2025-10-30 13:55:50,234 [ERROR] LogOutputStream:75 - [STDERR_REDIRECT] [Fatal Error] :1:1: Premature end of file.
2025-10-30 13:55:50,235 [ERROR] LogOutputStream:75 - [STDERR_REDIRECT] 
2025-10-30 13:55:51,237 [ERROR] LogOutputStream:75 - [STDERR_REDIRECT] [Fatal Error] :1:1: Premature end of file.
2025-10-30 13:55:51,237 [ERROR] LogOutputStream:75 - [STDERR_REDIRECT] 
2025-10-30 13:55:52,236 [ERROR] LogOutputStream:75 - [STDERR_REDIRECT] [Fatal Error] :1:1: Premature end of file.
2025-10-30 13:55:52,236 [ERROR] LogOutputStream:75 - [STDERR_REDIRECT] 
2025-10-30 13:55:53,240 [ERROR] LogOutputStream:75 - [STDERR_REDIRECT] [Fatal Error] :1:1: Premature end of file.
2025-10-30 13:55:53,240 [ERROR] LogOutputStream:75 - [STDERR_REDIRECT] 
2025-10-30 13:55:54,239 [ERROR] LogOutputStream:75 - [STDERR_REDIRECT] [Fatal Error] :1:1: Premature end of file.
2025-10-30 13:55:54,240 [ERROR] LogOutputStream:75 - [STDERR_REDIRECT] 
2025-10-30 13:55:55,235 [ERROR] LogOutputStream:75 - [STDERR_REDIRECT] [Fatal Error] :1:1: Premature end of file.
2025-10-30 13:55:55,235 [ERROR] LogOutputStream:75 - [STDERR_REDIRECT] 
2025-10-30 13:55:56,240 [ERROR] LogOutputStream:75 - [STDERR_REDIRECT] [Fatal Error] :1:1: Premature end of file.
2025-10-30 13:55:56,240 [ERROR] LogOutputStream:75 - [STDERR_REDIRECT] 
2025-10-30 13:55:57,235 [ERROR] LogOutputStream:75 - [STDERR_REDIRECT] [Fatal Error] :1:1: Premature end of file.
2025-10-30 13:55:57,235 [ERROR] LogOutputStream:75 - [STDERR_REDIRECT] 
2025-10-30 13:55:58,236 [ERROR] LogOutputStream:75 - [STDERR_REDIRECT] [Fatal Error] :1:1: Premature end of file.
2025-10-30 13:55:58,236 [ERROR] LogOutputStream:75 - [STDERR_REDIRECT] 
2025-10-30 13:55:59,236 [ERROR] LogOutputStream:75 - [STDERR_REDIRECT] [Fatal Error] :1:1: Premature end of file.
2025-10-30 13:55:59,236 [ERROR] LogOutputStream:75 - [STDERR_REDIRECT] 
2025-10-30 13:56:00,242 [ERROR] LogOutputStream:75 - [STDERR_REDIRECT] [Fatal Error] :1:1: Premature end of file.
2025-10-30 13:56:00,242 [ERROR] LogOutputStream:75 - [STDERR_REDIRECT] 
2025-10-30 13:56:01,237 [ERROR] LogOutputStream:75 - [STDERR_REDIRECT] [Fatal Error] :1:1: Premature end of file.
2025-10-30 13:56:01,237 [ERROR] LogOutputStream:75 - [STDERR_REDIRECT] 
2025-10-30 13:56:02,233 [ERROR] LogOutputStream:75 - [STDERR_REDIRECT] [Fatal Error] :1:1: Premature end of file.
2025-10-30 13:56:02,233 [ERROR] LogOutputStream:75 - [STDERR_REDIRECT] 
2025-10-30 13:56:03,235 [ERROR] LogOutputStream:75 - [STDERR_REDIRECT] [Fatal Error] :1:1: Premature end of file.
2025-10-30 13:56:03,235 [ERROR] LogOutputStream:75 - [STDERR_REDIRECT] 
2025-10-30 13:56:04,232 [ERROR] LogOutputStream:75 - [STDERR_REDIRECT] [Fatal Error] :1:1: Premature end of file.
2025-10-30 13:56:04,233 [ERROR] LogOutputStream:75 - [STDERR_REDIRECT] 
2025-10-30 13:56:05,235 [ERROR] LogOutputStream:75 - [STDERR_REDIRECT] [Fatal Error] :1:1: Premature end of file.
2025-10-30 13:56:05,235 [ERROR] LogOutputStream:75 - [STDERR_REDIRECT] 
2025-10-30 13:56:06,274 [ERROR] LogOutputStream:75 - [STDERR_REDIRECT] [Fatal Error] :1:1: Premature end of file.
2025-10-30 13:56:06,275 [ERROR] LogOutputStream:75 - [STDERR_REDIRECT] 
2025-10-30 13:56:07,237 [ERROR] LogOutputStream:75 - [STDERR_REDIRECT] [Fatal Error] :1:1: Premature end of file.
2025-10-30 13:56:07,237 [ERROR] LogOutputStream:75 - [STDERR_REDIRECT] 
2025-10-30 13:56:08,258 [ERROR] LogOutputStream:75 - [STDERR_REDIRECT] [Fatal Error] :1:1: Premature end of file.
2025-10-30 13:56:08,258 [ERROR] LogOutputStream:75 - [STDERR_REDIRECT] 
2025-10-30 13:56:09,234 [ERROR] LogOutputStream:75 - [STDERR_REDIRECT] [Fatal Error] :1:1: Premature end of file.
2025-10-30 13:56:09,234 [ERROR] LogOutputStream:75 - [STDERR_REDIRECT] 
2025-10-30 13:56:10,305 [ERROR] LogOutputStream:75 - [STDERR_REDIRECT] [Fatal Error] :1:1: Premature end of file.
2025-10-30 13:56:10,305 [ERROR] LogOutputStream:75 - [STDERR_REDIRECT] 
2025-10-30 13:56:11,294 [ERROR] LogOutputStream:75 - [STDERR_REDIRECT] [Fatal Error] :1:1: Premature end of file.
2025-10-30 13:56:11,295 [ERROR] LogOutputStream:75 - [STDERR_REDIRECT] 
2025-10-30 13:56:12,235 [ERROR] LogOutputStream:75 - [STDERR_REDIRECT] [Fatal Error] :1:1: Premature end of file.
2025-10-30 13:56:12,235 [ERROR] LogOutputStream:75 - [STDERR_REDIRECT] 
2025-10-30 13:56:13,234 [ERROR] LogOutputStream:75 - [STDERR_REDIRECT] [Fatal Error] :1:1: Premature end of file.
2025-10-30 13:56:13,235 [ERROR] LogOutputStream:75 - [STDERR_REDIRECT] 
2025-10-30 13:56:14,260 [ERROR] LogOutputStream:75 - [STDERR_REDIRECT] [Fatal Error] :1:1: Premature end of file.
2025-10-30 13:56:14,261 [ERROR] LogOutputStream:75 - [STDERR_REDIRECT] 
2025-10-30 13:56:15,255 [ERROR] LogOutputStream:75 - [STDERR_REDIRECT] [Fatal Error] :1:1: Premature end of file.
2025-10-30 13:56:15,255 [ERROR] LogOutputStream:75 - [STDERR_REDIRECT] 
2025-10-30 13:56:16,234 [ERROR] LogOutputStream:75 - [STDERR_REDIRECT] [Fatal Error] :1:1: Premature end of file.
2025-10-30 13:56:16,234 [ERROR] LogOutputStream:75 - [STDERR_REDIRECT] 
2025-10-30 13:56:17,237 [ERROR] LogOutputStream:75 - [STDERR_REDIRECT] [Fatal Error] :1:1: Premature end of file.
2025-10-30 13:56:17,238 [ERROR] LogOutputStream:75 - [STDERR_REDIRECT] 
2025-10-30 13:56:18,231 [ERROR] LogOutputStream:75 - [STDERR_REDIRECT] [Fatal Error] :1:1: Premature end of file.
2025-10-30 13:56:18,231 [ERROR] LogOutputStream:75 - [STDERR_REDIRECT] 
2025-10-30 13:56:18,348 [INFO] McuFinderGlobals:63 - Set McuFinder mode to 2 (CubeIDE integrated)
2025-10-30 13:56:18,349 [INFO] UserAuth:171 - activating auth plugin
2025-10-30 13:56:18,352 [INFO] UserAuth:487 - Internet connection configuration mode: 1
2025-10-30 13:56:19,234 [ERROR] LogOutputStream:75 - [STDERR_REDIRECT] [Fatal Error] :1:1: Premature end of file.
2025-10-30 13:56:19,234 [ERROR] LogOutputStream:75 - [STDERR_REDIRECT] 
2025-10-30 13:56:20,233 [ERROR] LogOutputStream:75 - [STDERR_REDIRECT] [Fatal Error] :1:1: Premature end of file.
2025-10-30 13:56:20,233 [ERROR] LogOutputStream:75 - [STDERR_REDIRECT] 
2025-10-30 13:56:21,239 [ERROR] LogOutputStream:75 - [STDERR_REDIRECT] [Fatal Error] :1:1: Premature end of file.
2025-10-30 13:56:21,239 [ERROR] LogOutputStream:75 - [STDERR_REDIRECT] 
2025-10-30 13:56:22,235 [ERROR] LogOutputStream:75 - [STDERR_REDIRECT] [Fatal Error] :1:1: Premature end of file.
2025-10-30 13:56:22,235 [ERROR] LogOutputStream:75 - [STDERR_REDIRECT] 
2025-10-30 13:56:23,232 [ERROR] LogOutputStream:75 - [STDERR_REDIRECT] [Fatal Error] :1:1: Premature end of file.
2025-10-30 13:56:23,232 [ERROR] LogOutputStream:75 - [STDERR_REDIRECT] 
2025-10-30 13:56:24,233 [ERROR] LogOutputStream:75 - [STDERR_REDIRECT] [Fatal Error] :1:1: Premature end of file.
2025-10-30 13:56:24,233 [ERROR] LogOutputStream:75 - [STDERR_REDIRECT] 
2025-10-30 13:56:24,869 [INFO] McuFinderGlobals:63 - Set McuFinder mode to 2 (CubeIDE integrated)
2025-10-30 13:56:24,869 [INFO] UserAuth:171 - activating auth plugin
2025-10-30 13:56:24,872 [INFO] UserAuth:487 - Internet connection configuration mode: 1
2025-10-30 13:56:25,232 [ERROR] LogOutputStream:75 - [STDERR_REDIRECT] [Fatal Error] :1:1: Premature end of file.
2025-10-30 13:56:25,232 [ERROR] LogOutputStream:75 - [STDERR_REDIRECT] 
2025-10-30 13:56:26,237 [ERROR] LogOutputStream:75 - [STDERR_REDIRECT] [Fatal Error] :1:1: Premature end of file.
2025-10-30 13:56:26,238 [ERROR] LogOutputStream:75 - [STDERR_REDIRECT] 
2025-10-30 13:56:27,235 [ERROR] LogOutputStream:75 - [STDERR_REDIRECT] [Fatal Error] :1:1: Premature end of file.
2025-10-30 13:56:27,235 [ERROR] LogOutputStream:75 - [STDERR_REDIRECT] 
2025-10-30 13:56:28,237 [ERROR] LogOutputStream:75 - [STDERR_REDIRECT] [Fatal Error] :1:1: Premature end of file.
2025-10-30 13:56:28,238 [ERROR] LogOutputStream:75 - [STDERR_REDIRECT] 
2025-10-30 13:56:29,231 [ERROR] LogOutputStream:75 - [STDERR_REDIRECT] [Fatal Error] :1:1: Premature end of file.
2025-10-30 13:56:29,232 [ERROR] LogOutputStream:75 - [STDERR_REDIRECT] 
2025-10-30 13:56:30,233 [ERROR] LogOutputStream:75 - [STDERR_REDIRECT] [Fatal Error] :1:1: Premature end of file.
2025-10-30 13:56:30,234 [ERROR] LogOutputStream:75 - [STDERR_REDIRECT] 
2025-10-30 13:56:31,231 [ERROR] LogOutputStream:75 - [STDERR_REDIRECT] [Fatal Error] :1:1: Premature end of file.
2025-10-30 13:56:31,231 [ERROR] LogOutputStream:75 - [STDERR_REDIRECT] 
2025-10-30 13:56:32,237 [ERROR] LogOutputStream:75 - [STDERR_REDIRECT] [Fatal Error] :1:1: Premature end of file.
2025-10-30 13:56:32,237 [ERROR] LogOutputStream:75 - [STDERR_REDIRECT] 
2025-10-30 13:56:33,314 [ERROR] LogOutputStream:75 - [STDERR_REDIRECT] [Fatal Error] :1:1: Premature end of file.
2025-10-30 13:56:33,314 [ERROR] LogOutputStream:75 - [STDERR_REDIRECT] 
2025-10-30 13:56:34,233 [ERROR] LogOutputStream:75 - [STDERR_REDIRECT] [Fatal Error] :1:1: Premature end of file.
2025-10-30 13:56:34,234 [ERROR] LogOutputStream:75 - [STDERR_REDIRECT] 
2025-10-30 13:56:35,235 [ERROR] LogOutputStream:75 - [STDERR_REDIRECT] [Fatal Error] :1:1: Premature end of file.
2025-10-30 13:56:35,236 [ERROR] LogOutputStream:75 - [STDERR_REDIRECT] 
2025-10-30 13:56:36,233 [ERROR] LogOutputStream:75 - [STDERR_REDIRECT] [Fatal Error] :1:1: Premature end of file.
2025-10-30 13:56:36,233 [ERROR] LogOutputStream:75 - [STDERR_REDIRECT] 
2025-10-30 13:56:37,235 [ERROR] LogOutputStream:75 - [STDERR_REDIRECT] [Fatal Error] :1:1: Premature end of file.
2025-10-30 13:56:37,235 [ERROR] LogOutputStream:75 - [STDERR_REDIRECT] 
2025-10-30 13:56:38,245 [ERROR] LogOutputStream:75 - [STDERR_REDIRECT] [Fatal Error] :1:1: Premature end of file.
2025-10-30 13:56:38,245 [ERROR] LogOutputStream:75 - [STDERR_REDIRECT] 
2025-10-30 13:56:39,241 [ERROR] LogOutputStream:75 - [STDERR_REDIRECT] [Fatal Error] :1:1: Premature end of file.
2025-10-30 13:56:39,241 [ERROR] LogOutputStream:75 - [STDERR_REDIRECT] 
2025-10-30 13:56:40,258 [ERROR] LogOutputStream:75 - [STDERR_REDIRECT] [Fatal Error] :1:1: Premature end of file.
2025-10-30 13:56:40,258 [ERROR] LogOutputStream:75 - [STDERR_REDIRECT] 
2025-10-30 13:56:41,256 [ERROR] LogOutputStream:75 - [STDERR_REDIRECT] [Fatal Error] :1:1: Premature end of file.
2025-10-30 13:56:41,258 [ERROR] LogOutputStream:75 - [STDERR_REDIRECT] 
2025-10-30 13:56:42,274 [ERROR] LogOutputStream:75 - [STDERR_REDIRECT] [Fatal Error] :1:1: Premature end of file.
2025-10-30 13:56:42,274 [ERROR] LogOutputStream:75 - [STDERR_REDIRECT] 
2025-10-30 13:56:43,232 [ERROR] LogOutputStream:75 - [STDERR_REDIRECT] [Fatal Error] :1:1: Premature end of file.
2025-10-30 13:56:43,232 [ERROR] LogOutputStream:75 - [STDERR_REDIRECT] 
2025-10-30 13:56:44,235 [ERROR] LogOutputStream:75 - [STDERR_REDIRECT] [Fatal Error] :1:1: Premature end of file.
2025-10-30 13:56:44,235 [ERROR] LogOutputStream:75 - [STDERR_REDIRECT] 
2025-10-30 13:56:45,240 [ERROR] LogOutputStream:75 - [STDERR_REDIRECT] [Fatal Error] :1:1: Premature end of file.
2025-10-30 13:56:45,240 [ERROR] LogOutputStream:75 - [STDERR_REDIRECT] 
2025-10-30 13:56:46,242 [ERROR] LogOutputStream:75 - [STDERR_REDIRECT] [Fatal Error] :1:1: Premature end of file.
2025-10-30 13:56:46,243 [ERROR] LogOutputStream:75 - [STDERR_REDIRECT] 
2025-10-30 13:56:47,240 [ERROR] LogOutputStream:75 - [STDERR_REDIRECT] [Fatal Error] :1:1: Premature end of file.
2025-10-30 13:56:47,240 [ERROR] LogOutputStream:75 - [STDERR_REDIRECT] 
2025-10-30 13:56:48,234 [ERROR] LogOutputStream:75 - [STDERR_REDIRECT] [Fatal Error] :1:1: Premature end of file.
2025-10-30 13:56:48,234 [ERROR] LogOutputStream:75 - [STDERR_REDIRECT] 
2025-10-30 13:56:49,285 [ERROR] LogOutputStream:75 - [STDERR_REDIRECT] [Fatal Error] :1:1: Premature end of file.
2025-10-30 13:56:49,285 [ERROR] LogOutputStream:75 - [STDERR_REDIRECT] 
2025-10-30 13:56:50,236 [ERROR] LogOutputStream:75 - [STDERR_REDIRECT] [Fatal Error] :1:1: Premature end of file.
2025-10-30 13:56:50,236 [ERROR] LogOutputStream:75 - [STDERR_REDIRECT] 
2025-10-30 13:56:51,237 [ERROR] LogOutputStream:75 - [STDERR_REDIRECT] [Fatal Error] :1:1: Premature end of file.
2025-10-30 13:56:51,238 [ERROR] LogOutputStream:75 - [STDERR_REDIRECT] 
2025-10-30 13:56:52,231 [ERROR] LogOutputStream:75 - [STDERR_REDIRECT] [Fatal Error] :1:1: Premature end of file.
2025-10-30 13:56:52,231 [ERROR] LogOutputStream:75 - [STDERR_REDIRECT] 
2025-10-30 13:56:53,233 [ERROR] LogOutputStream:75 - [STDERR_REDIRECT] [Fatal Error] :1:1: Premature end of file.
2025-10-30 13:56:53,233 [ERROR] LogOutputStream:75 - [STDERR_REDIRECT] 
2025-10-30 13:56:54,231 [ERROR] LogOutputStream:75 - [STDERR_REDIRECT] [Fatal Error] :1:1: Premature end of file.
2025-10-30 13:56:54,231 [ERROR] LogOutputStream:75 - [STDERR_REDIRECT] 
2025-10-30 13:56:55,233 [ERROR] LogOutputStream:75 - [STDERR_REDIRECT] [Fatal Error] :1:1: Premature end of file.
2025-10-30 13:56:55,233 [ERROR] LogOutputStream:75 - [STDERR_REDIRECT] 
2025-10-30 13:56:56,239 [ERROR] LogOutputStream:75 - [STDERR_REDIRECT] [Fatal Error] :1:1: Premature end of file.
2025-10-30 13:56:56,240 [ERROR] LogOutputStream:75 - [STDERR_REDIRECT] 
2025-10-30 13:56:57,251 [ERROR] LogOutputStream:75 - [STDERR_REDIRECT] [Fatal Error] :1:1: Premature end of file.
2025-10-30 13:56:57,251 [ERROR] LogOutputStream:75 - [STDERR_REDIRECT] 
2025-10-30 13:56:57,713 [INFO] WebApp:650 - userauth.ini created with success
2025-10-30 13:56:58,232 [ERROR] LogOutputStream:75 - [STDERR_REDIRECT] [Fatal Error] :1:1: Premature end of file.
2025-10-30 13:56:58,232 [ERROR] LogOutputStream:75 - [STDERR_REDIRECT] 
2025-10-30 13:56:59,232 [ERROR] LogOutputStream:75 - [STDERR_REDIRECT] [Fatal Error] :1:1: Premature end of file.
2025-10-30 13:56:59,232 [ERROR] LogOutputStream:75 - [STDERR_REDIRECT] 
2025-10-30 13:57:00,232 [ERROR] LogOutputStream:75 - [STDERR_REDIRECT] [Fatal Error] :1:1: Premature end of file.
2025-10-30 13:57:00,232 [ERROR] LogOutputStream:75 - [STDERR_REDIRECT] 
2025-10-30 13:57:01,232 [ERROR] LogOutputStream:75 - [STDERR_REDIRECT] [Fatal Error] :1:1: Premature end of file.
2025-10-30 13:57:01,232 [ERROR] LogOutputStream:75 - [STDERR_REDIRECT] 
2025-10-30 13:57:02,236 [ERROR] LogOutputStream:75 - [STDERR_REDIRECT] [Fatal Error] :1:1: Premature end of file.
2025-10-30 13:57:02,236 [ERROR] LogOutputStream:75 - [STDERR_REDIRECT] 
2025-10-30 13:57:03,238 [ERROR] LogOutputStream:75 - [STDERR_REDIRECT] [Fatal Error] :1:1: Premature end of file.
2025-10-30 13:57:03,238 [ERROR] LogOutputStream:75 - [STDERR_REDIRECT] 
2025-10-30 13:57:04,233 [ERROR] LogOutputStream:75 - [STDERR_REDIRECT] [Fatal Error] :1:1: Premature end of file.
2025-10-30 13:57:04,233 [ERROR] LogOutputStream:75 - [STDERR_REDIRECT] 
2025-10-30 13:57:05,116 [INFO] McuFinderGlobals:63 - Set McuFinder mode to 2 (CubeIDE integrated)
2025-10-30 13:57:05,118 [INFO] UserAuth:487 - Internet connection configuration mode: 1
2025-10-30 13:57:05,237 [ERROR] LogOutputStream:75 - [STDERR_REDIRECT] [Fatal Error] :1:1: Premature end of file.
2025-10-30 13:57:05,237 [ERROR] LogOutputStream:75 - [STDERR_REDIRECT] 
2025-10-30 13:57:06,231 [ERROR] LogOutputStream:75 - [STDERR_REDIRECT] [Fatal Error] :1:1: Premature end of file.
2025-10-30 13:57:06,232 [ERROR] LogOutputStream:75 - [STDERR_REDIRECT] 
2025-10-30 13:57:07,232 [ERROR] LogOutputStream:75 - [STDERR_REDIRECT] [Fatal Error] :1:1: Premature end of file.
2025-10-30 13:57:07,232 [ERROR] LogOutputStream:75 - [STDERR_REDIRECT] 
2025-10-30 13:57:08,246 [ERROR] LogOutputStream:75 - [STDERR_REDIRECT] [Fatal Error] :1:1: Premature end of file.
2025-10-30 13:57:08,246 [ERROR] LogOutputStream:75 - [STDERR_REDIRECT] 
2025-10-30 13:57:09,232 [ERROR] LogOutputStream:75 - [STDERR_REDIRECT] [Fatal Error] :1:1: Premature end of file.
2025-10-30 13:57:09,232 [ERROR] LogOutputStream:75 - [STDERR_REDIRECT] 
2025-10-30 13:57:10,238 [ERROR] LogOutputStream:75 - [STDERR_REDIRECT] [Fatal Error] :1:1: Premature end of file.
2025-10-30 13:57:10,238 [ERROR] LogOutputStream:75 - [STDERR_REDIRECT] 
2025-10-30 13:57:11,233 [ERROR] LogOutputStream:75 - [STDERR_REDIRECT] [Fatal Error] :1:1: Premature end of file.
2025-10-30 13:57:11,233 [ERROR] LogOutputStream:75 - [STDERR_REDIRECT] 
2025-10-30 13:57:12,241 [ERROR] LogOutputStream:75 - [STDERR_REDIRECT] [Fatal Error] :1:1: Premature end of file.
2025-10-30 13:57:12,241 [ERROR] LogOutputStream:75 - [STDERR_REDIRECT] 
2025-10-30 13:57:13,233 [ERROR] LogOutputStream:75 - [STDERR_REDIRECT] [Fatal Error] :1:1: Premature end of file.
2025-10-30 13:57:13,233 [ERROR] LogOutputStream:75 - [STDERR_REDIRECT] 
2025-10-30 13:57:14,238 [ERROR] LogOutputStream:75 - [STDERR_REDIRECT] [Fatal Error] :1:1: Premature end of file.
2025-10-30 13:57:14,238 [ERROR] LogOutputStream:75 - [STDERR_REDIRECT] 
2025-10-30 13:57:15,246 [ERROR] LogOutputStream:75 - [STDERR_REDIRECT] [Fatal Error] :1:1: Premature end of file.
2025-10-30 13:57:15,246 [ERROR] LogOutputStream:75 - [STDERR_REDIRECT] 
2025-10-30 13:57:16,236 [ERROR] LogOutputStream:75 - [STDERR_REDIRECT] [Fatal Error] :1:1: Premature end of file.
2025-10-30 13:57:16,236 [ERROR] LogOutputStream:75 - [STDERR_REDIRECT] 
2025-10-30 13:57:17,239 [ERROR] LogOutputStream:75 - [STDERR_REDIRECT] [Fatal Error] :1:1: Premature end of file.
2025-10-30 13:57:17,240 [ERROR] LogOutputStream:75 - [STDERR_REDIRECT] 
2025-10-30 13:57:18,249 [ERROR] LogOutputStream:75 - [STDERR_REDIRECT] [Fatal Error] :1:1: Premature end of file.
2025-10-30 13:57:18,250 [ERROR] LogOutputStream:75 - [STDERR_REDIRECT] 
2025-10-30 13:57:19,240 [ERROR] LogOutputStream:75 - [STDERR_REDIRECT] [Fatal Error] :1:1: Premature end of file.
2025-10-30 13:57:19,241 [ERROR] LogOutputStream:75 - [STDERR_REDIRECT] 
2025-10-30 13:57:20,238 [ERROR] LogOutputStream:75 - [STDERR_REDIRECT] [Fatal Error] :1:1: Premature end of file.
2025-10-30 13:57:20,238 [ERROR] LogOutputStream:75 - [STDERR_REDIRECT] 
2025-10-30 13:57:21,237 [ERROR] LogOutputStream:75 - [STDERR_REDIRECT] [Fatal Error] :1:1: Premature end of file.
2025-10-30 13:57:21,237 [ERROR] LogOutputStream:75 - [STDERR_REDIRECT] 
2025-10-30 13:57:22,235 [ERROR] LogOutputStream:75 - [STDERR_REDIRECT] [Fatal Error] :1:1: Premature end of file.
2025-10-30 13:57:22,236 [ERROR] LogOutputStream:75 - [STDERR_REDIRECT] 
2025-10-30 13:57:23,237 [ERROR] LogOutputStream:75 - [STDERR_REDIRECT] [Fatal Error] :1:1: Premature end of file.
2025-10-30 13:57:23,238 [ERROR] LogOutputStream:75 - [STDERR_REDIRECT] 
2025-10-30 13:57:24,243 [ERROR] LogOutputStream:75 - [STDERR_REDIRECT] [Fatal Error] :1:1: Premature end of file.
2025-10-30 13:57:24,243 [ERROR] LogOutputStream:75 - [STDERR_REDIRECT] 
2025-10-30 13:57:25,234 [ERROR] LogOutputStream:75 - [STDERR_REDIRECT] [Fatal Error] :1:1: Premature end of file.
2025-10-30 13:57:25,235 [ERROR] LogOutputStream:75 - [STDERR_REDIRECT] 
2025-10-30 13:57:26,238 [ERROR] LogOutputStream:75 - [STDERR_REDIRECT] [Fatal Error] :1:1: Premature end of file.
2025-10-30 13:57:26,239 [ERROR] LogOutputStream:75 - [STDERR_REDIRECT] 
2025-10-30 13:57:27,239 [ERROR] LogOutputStream:75 - [STDERR_REDIRECT] [Fatal Error] :1:1: Premature end of file.
2025-10-30 13:57:27,240 [ERROR] LogOutputStream:75 - [STDERR_REDIRECT] 
2025-10-30 13:57:28,235 [ERROR] LogOutputStream:75 - [STDERR_REDIRECT] [Fatal Error] :1:1: Premature end of file.
2025-10-30 13:57:28,235 [ERROR] LogOutputStream:75 - [STDERR_REDIRECT] 
2025-10-30 13:57:29,237 [ERROR] LogOutputStream:75 - [STDERR_REDIRECT] [Fatal Error] :1:1: Premature end of file.
2025-10-30 13:57:29,237 [ERROR] LogOutputStream:75 - [STDERR_REDIRECT] 
2025-10-30 13:57:30,249 [ERROR] LogOutputStream:75 - [STDERR_REDIRECT] [Fatal Error] :1:1: Premature end of file.
2025-10-30 13:57:30,250 [ERROR] LogOutputStream:75 - [STDERR_REDIRECT] 
2025-10-30 13:57:31,249 [ERROR] LogOutputStream:75 - [STDERR_REDIRECT] [Fatal Error] :1:1: Premature end of file.
2025-10-30 13:57:31,249 [ERROR] LogOutputStream:75 - [STDERR_REDIRECT] 
2025-10-30 13:57:32,237 [ERROR] LogOutputStream:75 - [STDERR_REDIRECT] [Fatal Error] :1:1: Premature end of file.
2025-10-30 13:57:32,237 [ERROR] LogOutputStream:75 - [STDERR_REDIRECT] 
2025-10-30 13:57:33,237 [ERROR] LogOutputStream:75 - [STDERR_REDIRECT] [Fatal Error] :1:1: Premature end of file.
2025-10-30 13:57:33,237 [ERROR] LogOutputStream:75 - [STDERR_REDIRECT] 
2025-10-30 13:57:34,236 [ERROR] LogOutputStream:75 - [STDERR_REDIRECT] [Fatal Error] :1:1: Premature end of file.
2025-10-30 13:57:34,236 [ERROR] LogOutputStream:75 - [STDERR_REDIRECT] 
2025-10-30 13:57:35,248 [ERROR] LogOutputStream:75 - [STDERR_REDIRECT] [Fatal Error] :1:1: Premature end of file.
2025-10-30 13:57:35,248 [ERROR] LogOutputStream:75 - [STDERR_REDIRECT] 
2025-10-30 13:57:36,240 [ERROR] LogOutputStream:75 - [STDERR_REDIRECT] [Fatal Error] :1:1: Premature end of file.
2025-10-30 13:57:36,240 [ERROR] LogOutputStream:75 - [STDERR_REDIRECT] 
2025-10-30 13:57:37,247 [ERROR] LogOutputStream:75 - [STDERR_REDIRECT] [Fatal Error] :1:1: Premature end of file.
2025-10-30 13:57:37,247 [ERROR] LogOutputStream:75 - [STDERR_REDIRECT] 
2025-10-30 13:57:38,239 [ERROR] LogOutputStream:75 - [STDERR_REDIRECT] [Fatal Error] :1:1: Premature end of file.
2025-10-30 13:57:38,240 [ERROR] LogOutputStream:75 - [STDERR_REDIRECT] 
2025-10-30 13:57:39,235 [ERROR] LogOutputStream:75 - [STDERR_REDIRECT] [Fatal Error] :1:1: Premature end of file.
2025-10-30 13:57:39,235 [ERROR] LogOutputStream:75 - [STDERR_REDIRECT] 
2025-10-30 13:57:40,234 [ERROR] LogOutputStream:75 - [STDERR_REDIRECT] [Fatal Error] :1:1: Premature end of file.
2025-10-30 13:57:40,235 [ERROR] LogOutputStream:75 - [STDERR_REDIRECT] 
2025-10-30 13:57:41,240 [ERROR] LogOutputStream:75 - [STDERR_REDIRECT] [Fatal Error] :1:1: Premature end of file.
2025-10-30 13:57:41,240 [ERROR] LogOutputStream:75 - [STDERR_REDIRECT] 
2025-10-30 13:57:42,236 [ERROR] LogOutputStream:75 - [STDERR_REDIRECT] [Fatal Error] :1:1: Premature end of file.
2025-10-30 13:57:42,237 [ERROR] LogOutputStream:75 - [STDERR_REDIRECT] 
2025-10-30 13:57:43,257 [ERROR] LogOutputStream:75 - [STDERR_REDIRECT] [Fatal Error] :1:1: Premature end of file.
2025-10-30 13:57:43,258 [ERROR] LogOutputStream:75 - [STDERR_REDIRECT] 
2025-10-30 13:57:44,235 [ERROR] LogOutputStream:75 - [STDERR_REDIRECT] [Fatal Error] :1:1: Premature end of file.
2025-10-30 13:57:44,235 [ERROR] LogOutputStream:75 - [STDERR_REDIRECT] 
2025-10-30 13:57:45,249 [ERROR] LogOutputStream:75 - [STDERR_REDIRECT] [Fatal Error] :1:1: Premature end of file.
2025-10-30 13:57:45,249 [ERROR] LogOutputStream:75 - [STDERR_REDIRECT] 
2025-10-30 13:57:46,234 [ERROR] LogOutputStream:75 - [STDERR_REDIRECT] [Fatal Error] :1:1: Premature end of file.
2025-10-30 13:57:46,234 [ERROR] LogOutputStream:75 - [STDERR_REDIRECT] 
2025-10-30 13:57:47,237 [ERROR] LogOutputStream:75 - [STDERR_REDIRECT] [Fatal Error] :1:1: Premature end of file.
2025-10-30 13:57:47,237 [ERROR] LogOutputStream:75 - [STDERR_REDIRECT] 
2025-10-30 13:57:48,247 [ERROR] LogOutputStream:75 - [STDERR_REDIRECT] [Fatal Error] :1:1: Premature end of file.
2025-10-30 13:57:48,247 [ERROR] LogOutputStream:75 - [STDERR_REDIRECT] 
2025-10-30 13:57:49,234 [ERROR] LogOutputStream:75 - [STDERR_REDIRECT] [Fatal Error] :1:1: Premature end of file.
2025-10-30 13:57:49,235 [ERROR] LogOutputStream:75 - [STDERR_REDIRECT] 
2025-10-30 13:57:50,237 [ERROR] LogOutputStream:75 - [STDERR_REDIRECT] [Fatal Error] :1:1: Premature end of file.
2025-10-30 13:57:50,237 [ERROR] LogOutputStream:75 - [STDERR_REDIRECT] 
2025-10-30 13:57:51,245 [ERROR] LogOutputStream:75 - [STDERR_REDIRECT] [Fatal Error] :1:1: Premature end of file.
2025-10-30 13:57:51,246 [ERROR] LogOutputStream:75 - [STDERR_REDIRECT] 
2025-10-30 13:57:52,239 [ERROR] LogOutputStream:75 - [STDERR_REDIRECT] [Fatal Error] :1:1: Premature end of file.
2025-10-30 13:57:52,239 [ERROR] LogOutputStream:75 - [STDERR_REDIRECT] 
2025-10-30 13:57:53,237 [ERROR] LogOutputStream:75 - [STDERR_REDIRECT] [Fatal Error] :1:1: Premature end of file.
2025-10-30 13:57:53,237 [ERROR] LogOutputStream:75 - [STDERR_REDIRECT] 
2025-10-30 13:57:54,237 [ERROR] LogOutputStream:75 - [STDERR_REDIRECT] [Fatal Error] :1:1: Premature end of file.
2025-10-30 13:57:54,238 [ERROR] LogOutputStream:75 - [STDERR_REDIRECT] 
2025-10-30 13:57:55,233 [ERROR] LogOutputStream:75 - [STDERR_REDIRECT] [Fatal Error] :1:1: Premature end of file.
2025-10-30 13:57:55,234 [ERROR] LogOutputStream:75 - [STDERR_REDIRECT] 
2025-10-30 13:57:56,258 [ERROR] LogOutputStream:75 - [STDERR_REDIRECT] [Fatal Error] :1:1: Premature end of file.
2025-10-30 13:57:56,258 [ERROR] LogOutputStream:75 - [STDERR_REDIRECT] 
2025-10-30 13:57:57,242 [ERROR] LogOutputStream:75 - [STDERR_REDIRECT] [Fatal Error] :1:1: Premature end of file.
2025-10-30 13:57:57,242 [ERROR] LogOutputStream:75 - [STDERR_REDIRECT] 
2025-10-30 13:57:58,244 [ERROR] LogOutputStream:75 - [STDERR_REDIRECT] [Fatal Error] :1:1: Premature end of file.
2025-10-30 13:57:58,244 [ERROR] LogOutputStream:75 - [STDERR_REDIRECT] 
2025-10-30 13:57:59,257 [ERROR] LogOutputStream:75 - [STDERR_REDIRECT] [Fatal Error] :1:1: Premature end of file.
2025-10-30 13:57:59,258 [ERROR] LogOutputStream:75 - [STDERR_REDIRECT] 
2025-10-30 13:58:00,236 [ERROR] LogOutputStream:75 - [STDERR_REDIRECT] [Fatal Error] :1:1: Premature end of file.
2025-10-30 13:58:00,237 [ERROR] LogOutputStream:75 - [STDERR_REDIRECT] 
2025-10-30 13:58:01,232 [ERROR] LogOutputStream:75 - [STDERR_REDIRECT] [Fatal Error] :1:1: Premature end of file.
2025-10-30 13:58:01,232 [ERROR] LogOutputStream:75 - [STDERR_REDIRECT] 
2025-10-30 13:58:02,236 [ERROR] LogOutputStream:75 - [STDERR_REDIRECT] [Fatal Error] :1:1: Premature end of file.
2025-10-30 13:58:02,236 [ERROR] LogOutputStream:75 - [STDERR_REDIRECT] 
2025-10-30 13:58:03,278 [ERROR] LogOutputStream:75 - [STDERR_REDIRECT] [Fatal Error] :1:1: Premature end of file.
2025-10-30 13:58:03,278 [ERROR] LogOutputStream:75 - [STDERR_REDIRECT] 
2025-10-30 13:58:04,238 [ERROR] LogOutputStream:75 - [STDERR_REDIRECT] [Fatal Error] :1:1: Premature end of file.
2025-10-30 13:58:04,238 [ERROR] LogOutputStream:75 - [STDERR_REDIRECT] 
2025-10-30 13:58:05,238 [ERROR] LogOutputStream:75 - [STDERR_REDIRECT] [Fatal Error] :1:1: Premature end of file.
2025-10-30 13:58:05,240 [ERROR] LogOutputStream:75 - [STDERR_REDIRECT] 
2025-10-30 13:58:06,238 [ERROR] LogOutputStream:75 - [STDERR_REDIRECT] [Fatal Error] :1:1: Premature end of file.
2025-10-30 13:58:06,240 [ERROR] LogOutputStream:75 - [STDERR_REDIRECT] 
2025-10-30 13:58:07,248 [ERROR] LogOutputStream:75 - [STDERR_REDIRECT] [Fatal Error] :1:1: Premature end of file.
2025-10-30 13:58:07,249 [ERROR] LogOutputStream:75 - [STDERR_REDIRECT] 
2025-10-30 13:58:08,265 [ERROR] LogOutputStream:75 - [STDERR_REDIRECT] [Fatal Error] :1:1: Premature end of file.
2025-10-30 13:58:08,266 [ERROR] LogOutputStream:75 - [STDERR_REDIRECT] 
2025-10-30 13:58:09,240 [ERROR] LogOutputStream:75 - [STDERR_REDIRECT] [Fatal Error] :1:1: Premature end of file.
2025-10-30 13:58:09,240 [ERROR] LogOutputStream:75 - [STDERR_REDIRECT] 
2025-10-30 13:58:10,243 [ERROR] LogOutputStream:75 - [STDERR_REDIRECT] [Fatal Error] :1:1: Premature end of file.
2025-10-30 13:58:10,244 [ERROR] LogOutputStream:75 - [STDERR_REDIRECT] 
2025-10-30 13:58:11,253 [ERROR] LogOutputStream:75 - [STDERR_REDIRECT] [Fatal Error] :1:1: Premature end of file.
2025-10-30 13:58:11,253 [ERROR] LogOutputStream:75 - [STDERR_REDIRECT] 
2025-10-30 13:58:12,256 [ERROR] LogOutputStream:75 - [STDERR_REDIRECT] [Fatal Error] :1:1: Premature end of file.
2025-10-30 13:58:12,256 [ERROR] LogOutputStream:75 - [STDERR_REDIRECT] 
2025-10-30 13:58:13,248 [ERROR] LogOutputStream:75 - [STDERR_REDIRECT] [Fatal Error] :1:1: Premature end of file.
2025-10-30 13:58:13,248 [ERROR] LogOutputStream:75 - [STDERR_REDIRECT] 
2025-10-30 13:58:14,237 [ERROR] LogOutputStream:75 - [STDERR_REDIRECT] [Fatal Error] :1:1: Premature end of file.
2025-10-30 13:58:14,238 [ERROR] LogOutputStream:75 - [STDERR_REDIRECT] 
2025-10-30 13:58:15,239 [ERROR] LogOutputStream:75 - [STDERR_REDIRECT] [Fatal Error] :1:1: Premature end of file.
2025-10-30 13:58:15,239 [ERROR] LogOutputStream:75 - [STDERR_REDIRECT] 
2025-10-30 13:58:16,236 [ERROR] LogOutputStream:75 - [STDERR_REDIRECT] [Fatal Error] :1:1: Premature end of file.
2025-10-30 13:58:16,236 [ERROR] LogOutputStream:75 - [STDERR_REDIRECT] 
2025-10-30 13:58:17,248 [ERROR] LogOutputStream:75 - [STDERR_REDIRECT] [Fatal Error] :1:1: Premature end of file.
2025-10-30 13:58:17,248 [ERROR] LogOutputStream:75 - [STDERR_REDIRECT] 
2025-10-30 13:58:18,248 [ERROR] LogOutputStream:75 - [STDERR_REDIRECT] [Fatal Error] :1:1: Premature end of file.
2025-10-30 13:58:18,252 [ERROR] LogOutputStream:75 - [STDERR_REDIRECT] 
2025-10-30 13:58:19,248 [ERROR] LogOutputStream:75 - [STDERR_REDIRECT] [Fatal Error] :1:1: Premature end of file.
2025-10-30 13:58:19,248 [ERROR] LogOutputStream:75 - [STDERR_REDIRECT] 
2025-10-30 13:58:20,242 [ERROR] LogOutputStream:75 - [STDERR_REDIRECT] [Fatal Error] :1:1: Premature end of file.
2025-10-30 13:58:20,242 [ERROR] LogOutputStream:75 - [STDERR_REDIRECT] 
2025-10-30 13:58:21,264 [ERROR] LogOutputStream:75 - [STDERR_REDIRECT] [Fatal Error] :1:1: Premature end of file.
2025-10-30 13:58:21,264 [ERROR] LogOutputStream:75 - [STDERR_REDIRECT] 
2025-10-30 13:58:22,243 [ERROR] LogOutputStream:75 - [STDERR_REDIRECT] [Fatal Error] :1:1: Premature end of file.
2025-10-30 13:58:22,244 [ERROR] LogOutputStream:75 - [STDERR_REDIRECT] 
2025-10-30 13:58:23,257 [ERROR] LogOutputStream:75 - [STDERR_REDIRECT] [Fatal Error] :1:1: Premature end of file.
2025-10-30 13:58:23,257 [ERROR] LogOutputStream:75 - [STDERR_REDIRECT] 
2025-10-30 13:58:24,237 [ERROR] LogOutputStream:75 - [STDERR_REDIRECT] [Fatal Error] :1:1: Premature end of file.
2025-10-30 13:58:24,237 [ERROR] LogOutputStream:75 - [STDERR_REDIRECT] 
2025-10-30 13:58:25,247 [ERROR] LogOutputStream:75 - [STDERR_REDIRECT] [Fatal Error] :1:1: Premature end of file.
2025-10-30 13:58:25,247 [ERROR] LogOutputStream:75 - [STDERR_REDIRECT] 
2025-10-30 13:58:26,252 [ERROR] LogOutputStream:75 - [STDERR_REDIRECT] [Fatal Error] :1:1: Premature end of file.
2025-10-30 13:58:26,253 [ERROR] LogOutputStream:75 - [STDERR_REDIRECT] 
2025-10-30 13:58:27,270 [ERROR] LogOutputStream:75 - [STDERR_REDIRECT] [Fatal Error] :1:1: Premature end of file.
2025-10-30 13:58:27,270 [ERROR] LogOutputStream:75 - [STDERR_REDIRECT] 
2025-10-30 13:58:28,231 [ERROR] LogOutputStream:75 - [STDERR_REDIRECT] [Fatal Error] :1:1: Premature end of file.
2025-10-30 13:58:28,231 [ERROR] LogOutputStream:75 - [STDERR_REDIRECT] 
2025-10-30 13:58:29,235 [ERROR] LogOutputStream:75 - [STDERR_REDIRECT] [Fatal Error] :1:1: Premature end of file.
2025-10-30 13:58:29,235 [ERROR] LogOutputStream:75 - [STDERR_REDIRECT] 
2025-10-30 13:58:30,240 [ERROR] LogOutputStream:75 - [STDERR_REDIRECT] [Fatal Error] :1:1: Premature end of file.
2025-10-30 13:58:30,240 [ERROR] LogOutputStream:75 - [STDERR_REDIRECT] 
2025-10-30 13:58:31,232 [ERROR] LogOutputStream:75 - [STDERR_REDIRECT] [Fatal Error] :1:1: Premature end of file.
2025-10-30 13:58:31,232 [ERROR] LogOutputStream:75 - [STDERR_REDIRECT] 
2025-10-30 13:58:32,235 [ERROR] LogOutputStream:75 - [STDERR_REDIRECT] [Fatal Error] :1:1: Premature end of file.
2025-10-30 13:58:32,235 [ERROR] LogOutputStream:75 - [STDERR_REDIRECT] 
2025-10-30 13:58:33,264 [ERROR] LogOutputStream:75 - [STDERR_REDIRECT] [Fatal Error] :1:1: Premature end of file.
2025-10-30 13:58:33,264 [ERROR] LogOutputStream:75 - [STDERR_REDIRECT] 
2025-10-30 13:58:34,247 [ERROR] LogOutputStream:75 - [STDERR_REDIRECT] [Fatal Error] :1:1: Premature end of file.
2025-10-30 13:58:34,247 [ERROR] LogOutputStream:75 - [STDERR_REDIRECT] 
2025-10-30 13:58:35,238 [ERROR] LogOutputStream:75 - [STDERR_REDIRECT] [Fatal Error] :1:1: Premature end of file.
2025-10-30 13:58:35,238 [ERROR] LogOutputStream:75 - [STDERR_REDIRECT] 
2025-10-30 13:58:36,240 [ERROR] LogOutputStream:75 - [STDERR_REDIRECT] [Fatal Error] :1:1: Premature end of file.
2025-10-30 13:58:36,240 [ERROR] LogOutputStream:75 - [STDERR_REDIRECT] 
2025-10-30 13:58:37,239 [ERROR] LogOutputStream:75 - [STDERR_REDIRECT] [Fatal Error] :1:1: Premature end of file.
2025-10-30 13:58:37,239 [ERROR] LogOutputStream:75 - [STDERR_REDIRECT] 
2025-10-30 13:58:38,239 [ERROR] LogOutputStream:75 - [STDERR_REDIRECT] [Fatal Error] :1:1: Premature end of file.
2025-10-30 13:58:38,239 [ERROR] LogOutputStream:75 - [STDERR_REDIRECT] 
2025-10-30 13:58:39,245 [ERROR] LogOutputStream:75 - [STDERR_REDIRECT] [Fatal Error] :1:1: Premature end of file.
2025-10-30 13:58:39,245 [ERROR] LogOutputStream:75 - [STDERR_REDIRECT] 
2025-10-30 13:58:40,251 [ERROR] LogOutputStream:75 - [STDERR_REDIRECT] [Fatal Error] :1:1: Premature end of file.
2025-10-30 13:58:40,251 [ERROR] LogOutputStream:75 - [STDERR_REDIRECT] 
2025-10-30 13:58:41,245 [ERROR] LogOutputStream:75 - [STDERR_REDIRECT] [Fatal Error] :1:1: Premature end of file.
2025-10-30 13:58:41,246 [ERROR] LogOutputStream:75 - [STDERR_REDIRECT] 
2025-10-30 13:58:42,250 [ERROR] LogOutputStream:75 - [STDERR_REDIRECT] [Fatal Error] :1:1: Premature end of file.
2025-10-30 13:58:42,250 [ERROR] LogOutputStream:75 - [STDERR_REDIRECT] 
2025-10-30 13:58:43,248 [ERROR] LogOutputStream:75 - [STDERR_REDIRECT] [Fatal Error] :1:1: Premature end of file.
2025-10-30 13:58:43,248 [ERROR] LogOutputStream:75 - [STDERR_REDIRECT] 
2025-10-30 13:58:44,249 [ERROR] LogOutputStream:75 - [STDERR_REDIRECT] [Fatal Error] :1:1: Premature end of file.
2025-10-30 13:58:44,249 [ERROR] LogOutputStream:75 - [STDERR_REDIRECT] 
2025-10-30 13:58:45,244 [ERROR] LogOutputStream:75 - [STDERR_REDIRECT] [Fatal Error] :1:1: Premature end of file.
2025-10-30 13:58:45,244 [ERROR] LogOutputStream:75 - [STDERR_REDIRECT] 
2025-10-30 13:58:46,242 [ERROR] LogOutputStream:75 - [STDERR_REDIRECT] [Fatal Error] :1:1: Premature end of file.
2025-10-30 13:58:46,243 [ERROR] LogOutputStream:75 - [STDERR_REDIRECT] 
2025-10-30 13:58:47,240 [ERROR] LogOutputStream:75 - [STDERR_REDIRECT] [Fatal Error] :1:1: Premature end of file.
2025-10-30 13:58:47,241 [ERROR] LogOutputStream:75 - [STDERR_REDIRECT] 
2025-10-30 13:58:48,240 [ERROR] LogOutputStream:75 - [STDERR_REDIRECT] [Fatal Error] :1:1: Premature end of file.
2025-10-30 13:58:48,240 [ERROR] LogOutputStream:75 - [STDERR_REDIRECT] 
2025-10-30 13:58:49,238 [ERROR] LogOutputStream:75 - [STDERR_REDIRECT] [Fatal Error] :1:1: Premature end of file.
2025-10-30 13:58:49,238 [ERROR] LogOutputStream:75 - [STDERR_REDIRECT] 
2025-10-30 13:58:50,239 [ERROR] LogOutputStream:75 - [STDERR_REDIRECT] [Fatal Error] :1:1: Premature end of file.
2025-10-30 13:58:50,239 [ERROR] LogOutputStream:75 - [STDERR_REDIRECT] 
2025-10-30 13:58:51,241 [ERROR] LogOutputStream:75 - [STDERR_REDIRECT] [Fatal Error] :1:1: Premature end of file.
2025-10-30 13:58:51,241 [ERROR] LogOutputStream:75 - [STDERR_REDIRECT] 
2025-10-30 13:58:52,235 [ERROR] LogOutputStream:75 - [STDERR_REDIRECT] [Fatal Error] :1:1: Premature end of file.
2025-10-30 13:58:52,236 [ERROR] LogOutputStream:75 - [STDERR_REDIRECT] 
2025-10-30 13:58:53,251 [ERROR] LogOutputStream:75 - [STDERR_REDIRECT] [Fatal Error] :1:1: Premature end of file.
2025-10-30 13:58:53,251 [ERROR] LogOutputStream:75 - [STDERR_REDIRECT] 
2025-10-30 13:58:54,240 [ERROR] LogOutputStream:75 - [STDERR_REDIRECT] [Fatal Error] :1:1: Premature end of file.
2025-10-30 13:58:54,241 [ERROR] LogOutputStream:75 - [STDERR_REDIRECT] 
2025-10-30 13:58:55,242 [ERROR] LogOutputStream:75 - [STDERR_REDIRECT] [Fatal Error] :1:1: Premature end of file.
2025-10-30 13:58:55,242 [ERROR] LogOutputStream:75 - [STDERR_REDIRECT] 
2025-10-30 13:58:56,241 [ERROR] LogOutputStream:75 - [STDERR_REDIRECT] [Fatal Error] :1:1: Premature end of file.
2025-10-30 13:58:56,241 [ERROR] LogOutputStream:75 - [STDERR_REDIRECT] 
2025-10-30 13:58:57,244 [ERROR] LogOutputStream:75 - [STDERR_REDIRECT] [Fatal Error] :1:1: Premature end of file.
2025-10-30 13:58:57,244 [ERROR] LogOutputStream:75 - [STDERR_REDIRECT] 
2025-10-30 13:58:58,245 [ERROR] LogOutputStream:75 - [STDERR_REDIRECT] [Fatal Error] :1:1: Premature end of file.
2025-10-30 13:58:58,246 [ERROR] LogOutputStream:75 - [STDERR_REDIRECT] 
2025-10-30 13:58:59,242 [ERROR] LogOutputStream:75 - [STDERR_REDIRECT] [Fatal Error] :1:1: Premature end of file.
2025-10-30 13:58:59,242 [ERROR] LogOutputStream:75 - [STDERR_REDIRECT] 
2025-10-30 13:59:00,241 [ERROR] LogOutputStream:75 - [STDERR_REDIRECT] [Fatal Error] :1:1: Premature end of file.
2025-10-30 13:59:00,241 [ERROR] LogOutputStream:75 - [STDERR_REDIRECT] 
2025-10-30 13:59:01,238 [ERROR] LogOutputStream:75 - [STDERR_REDIRECT] [Fatal Error] :1:1: Premature end of file.
2025-10-30 13:59:01,239 [ERROR] LogOutputStream:75 - [STDERR_REDIRECT] 
2025-10-30 13:59:02,253 [ERROR] LogOutputStream:75 - [STDERR_REDIRECT] [Fatal Error] :1:1: Premature end of file.
2025-10-30 13:59:02,253 [ERROR] LogOutputStream:75 - [STDERR_REDIRECT] 
2025-10-30 13:59:03,236 [ERROR] LogOutputStream:75 - [STDERR_REDIRECT] [Fatal Error] :1:1: Premature end of file.
2025-10-30 13:59:03,236 [ERROR] LogOutputStream:75 - [STDERR_REDIRECT] 
2025-10-30 13:59:04,235 [ERROR] LogOutputStream:75 - [STDERR_REDIRECT] [Fatal Error] :1:1: Premature end of file.
2025-10-30 13:59:04,235 [ERROR] LogOutputStream:75 - [STDERR_REDIRECT] 
2025-10-30 13:59:05,235 [ERROR] LogOutputStream:75 - [STDERR_REDIRECT] [Fatal Error] :1:1: Premature end of file.
2025-10-30 13:59:05,236 [ERROR] LogOutputStream:75 - [STDERR_REDIRECT] 
2025-10-30 13:59:06,235 [ERROR] LogOutputStream:75 - [STDERR_REDIRECT] [Fatal Error] :1:1: Premature end of file.
2025-10-30 13:59:06,235 [ERROR] LogOutputStream:75 - [STDERR_REDIRECT] 
2025-10-30 13:59:07,279 [ERROR] LogOutputStream:75 - [STDERR_REDIRECT] [Fatal Error] :1:1: Premature end of file.
2025-10-30 13:59:07,279 [ERROR] LogOutputStream:75 - [STDERR_REDIRECT] 
2025-10-30 13:59:08,237 [ERROR] LogOutputStream:75 - [STDERR_REDIRECT] [Fatal Error] :1:1: Premature end of file.
2025-10-30 13:59:08,237 [ERROR] LogOutputStream:75 - [STDERR_REDIRECT] 
2025-10-30 13:59:09,241 [ERROR] LogOutputStream:75 - [STDERR_REDIRECT] [Fatal Error] :1:1: Premature end of file.
2025-10-30 13:59:09,241 [ERROR] LogOutputStream:75 - [STDERR_REDIRECT] 
2025-10-30 13:59:10,291 [ERROR] LogOutputStream:75 - [STDERR_REDIRECT] [Fatal Error] :1:1: Premature end of file.
2025-10-30 13:59:10,291 [ERROR] LogOutputStream:75 - [STDERR_REDIRECT] 
2025-10-30 13:59:11,243 [ERROR] LogOutputStream:75 - [STDERR_REDIRECT] [Fatal Error] :1:1: Premature end of file.
2025-10-30 13:59:11,243 [ERROR] LogOutputStream:75 - [STDERR_REDIRECT] 
2025-10-30 13:59:12,244 [ERROR] LogOutputStream:75 - [STDERR_REDIRECT] [Fatal Error] :1:1: Premature end of file.
2025-10-30 13:59:12,244 [ERROR] LogOutputStream:75 - [STDERR_REDIRECT] 
2025-10-30 13:59:13,249 [ERROR] LogOutputStream:75 - [STDERR_REDIRECT] [Fatal Error] :1:1: Premature end of file.
2025-10-30 13:59:13,249 [ERROR] LogOutputStream:75 - [STDERR_REDIRECT] 
2025-10-30 13:59:14,238 [ERROR] LogOutputStream:75 - [STDERR_REDIRECT] [Fatal Error] :1:1: Premature end of file.
2025-10-30 13:59:14,238 [ERROR] LogOutputStream:75 - [STDERR_REDIRECT] 
2025-10-30 13:59:15,253 [ERROR] LogOutputStream:75 - [STDERR_REDIRECT] [Fatal Error] :1:1: Premature end of file.
2025-10-30 13:59:15,253 [ERROR] LogOutputStream:75 - [STDERR_REDIRECT] 
2025-10-30 13:59:16,249 [ERROR] LogOutputStream:75 - [STDERR_REDIRECT] [Fatal Error] :1:1: Premature end of file.
2025-10-30 13:59:16,249 [ERROR] LogOutputStream:75 - [STDERR_REDIRECT] 
2025-10-30 13:59:17,237 [ERROR] LogOutputStream:75 - [STDERR_REDIRECT] [Fatal Error] :1:1: Premature end of file.
2025-10-30 13:59:17,237 [ERROR] LogOutputStream:75 - [STDERR_REDIRECT] 
2025-10-30 13:59:18,249 [ERROR] LogOutputStream:75 - [STDERR_REDIRECT] [Fatal Error] :1:1: Premature end of file.
2025-10-30 13:59:18,249 [ERROR] LogOutputStream:75 - [STDERR_REDIRECT] 
2025-10-30 13:59:19,245 [ERROR] LogOutputStream:75 - [STDERR_REDIRECT] [Fatal Error] :1:1: Premature end of file.
2025-10-30 13:59:19,245 [ERROR] LogOutputStream:75 - [STDERR_REDIRECT] 
2025-10-30 13:59:20,236 [ERROR] LogOutputStream:75 - [STDERR_REDIRECT] [Fatal Error] :1:1: Premature end of file.
2025-10-30 13:59:20,236 [ERROR] LogOutputStream:75 - [STDERR_REDIRECT] 
2025-10-30 13:59:21,243 [ERROR] LogOutputStream:75 - [STDERR_REDIRECT] [Fatal Error] :1:1: Premature end of file.
2025-10-30 13:59:21,243 [ERROR] LogOutputStream:75 - [STDERR_REDIRECT] 
2025-10-30 13:59:22,235 [ERROR] LogOutputStream:75 - [STDERR_REDIRECT] [Fatal Error] :1:1: Premature end of file.
2025-10-30 13:59:22,235 [ERROR] LogOutputStream:75 - [STDERR_REDIRECT] 
2025-10-30 13:59:23,240 [ERROR] LogOutputStream:75 - [STDERR_REDIRECT] [Fatal Error] :1:1: Premature end of file.
2025-10-30 13:59:23,241 [ERROR] LogOutputStream:75 - [STDERR_REDIRECT] 
2025-10-30 13:59:24,238 [ERROR] LogOutputStream:75 - [STDERR_REDIRECT] [Fatal Error] :1:1: Premature end of file.
2025-10-30 13:59:24,238 [ERROR] LogOutputStream:75 - [STDERR_REDIRECT] 
2025-10-30 13:59:25,240 [ERROR] LogOutputStream:75 - [STDERR_REDIRECT] [Fatal Error] :1:1: Premature end of file.
2025-10-30 13:59:25,240 [ERROR] LogOutputStream:75 - [STDERR_REDIRECT] 
2025-10-30 13:59:26,245 [ERROR] LogOutputStream:75 - [STDERR_REDIRECT] [Fatal Error] :1:1: Premature end of file.
2025-10-30 13:59:26,245 [ERROR] LogOutputStream:75 - [STDERR_REDIRECT] 
2025-10-30 13:59:27,244 [ERROR] LogOutputStream:75 - [STDERR_REDIRECT] [Fatal Error] :1:1: Premature end of file.
2025-10-30 13:59:27,244 [ERROR] LogOutputStream:75 - [STDERR_REDIRECT] 
2025-10-30 13:59:28,243 [ERROR] LogOutputStream:75 - [STDERR_REDIRECT] [Fatal Error] :1:1: Premature end of file.
2025-10-30 13:59:28,243 [ERROR] LogOutputStream:75 - [STDERR_REDIRECT] 
2025-10-30 13:59:29,250 [ERROR] LogOutputStream:75 - [STDERR_REDIRECT] [Fatal Error] :1:1: Premature end of file.
2025-10-30 13:59:29,250 [ERROR] LogOutputStream:75 - [STDERR_REDIRECT] 
2025-10-30 13:59:30,237 [ERROR] LogOutputStream:75 - [STDERR_REDIRECT] [Fatal Error] :1:1: Premature end of file.
2025-10-30 13:59:30,237 [ERROR] LogOutputStream:75 - [STDERR_REDIRECT] 
2025-10-30 13:59:31,239 [ERROR] LogOutputStream:75 - [STDERR_REDIRECT] [Fatal Error] :1:1: Premature end of file.
2025-10-30 13:59:31,239 [ERROR] LogOutputStream:75 - [STDERR_REDIRECT] 
2025-10-30 13:59:32,249 [ERROR] LogOutputStream:75 - [STDERR_REDIRECT] [Fatal Error] :1:1: Premature end of file.
2025-10-30 13:59:32,249 [ERROR] LogOutputStream:75 - [STDERR_REDIRECT] 
2025-10-30 13:59:33,248 [ERROR] LogOutputStream:75 - [STDERR_REDIRECT] [Fatal Error] :1:1: Premature end of file.
2025-10-30 13:59:33,248 [ERROR] LogOutputStream:75 - [STDERR_REDIRECT] 
2025-10-30 13:59:34,247 [ERROR] LogOutputStream:75 - [STDERR_REDIRECT] [Fatal Error] :1:1: Premature end of file.
2025-10-30 13:59:34,247 [ERROR] LogOutputStream:75 - [STDERR_REDIRECT] 
2025-10-30 13:59:35,248 [ERROR] LogOutputStream:75 - [STDERR_REDIRECT] [Fatal Error] :1:1: Premature end of file.
2025-10-30 13:59:35,248 [ERROR] LogOutputStream:75 - [STDERR_REDIRECT] 
2025-10-30 13:59:36,244 [ERROR] LogOutputStream:75 - [STDERR_REDIRECT] [Fatal Error] :1:1: Premature end of file.
2025-10-30 13:59:36,245 [ERROR] LogOutputStream:75 - [STDERR_REDIRECT] 
2025-10-30 13:59:37,240 [ERROR] LogOutputStream:75 - [STDERR_REDIRECT] [Fatal Error] :1:1: Premature end of file.
2025-10-30 13:59:37,240 [ERROR] LogOutputStream:75 - [STDERR_REDIRECT] 
2025-10-30 13:59:38,242 [ERROR] LogOutputStream:75 - [STDERR_REDIRECT] [Fatal Error] :1:1: Premature end of file.
2025-10-30 13:59:38,243 [ERROR] LogOutputStream:75 - [STDERR_REDIRECT] 
2025-10-30 13:59:39,249 [ERROR] LogOutputStream:75 - [STDERR_REDIRECT] [Fatal Error] :1:1: Premature end of file.
2025-10-30 13:59:39,249 [ERROR] LogOutputStream:75 - [STDERR_REDIRECT] 
2025-10-30 13:59:40,236 [ERROR] LogOutputStream:75 - [STDERR_REDIRECT] [Fatal Error] :1:1: Premature end of file.
2025-10-30 13:59:40,237 [ERROR] LogOutputStream:75 - [STDERR_REDIRECT] 
2025-10-30 13:59:41,242 [ERROR] LogOutputStream:75 - [STDERR_REDIRECT] [Fatal Error] :1:1: Premature end of file.
2025-10-30 13:59:41,242 [ERROR] LogOutputStream:75 - [STDERR_REDIRECT] 
2025-10-30 13:59:42,244 [ERROR] LogOutputStream:75 - [STDERR_REDIRECT] [Fatal Error] :1:1: Premature end of file.
2025-10-30 13:59:42,244 [ERROR] LogOutputStream:75 - [STDERR_REDIRECT] 
2025-10-30 13:59:43,249 [ERROR] LogOutputStream:75 - [STDERR_REDIRECT] [Fatal Error] :1:1: Premature end of file.
2025-10-30 13:59:43,249 [ERROR] LogOutputStream:75 - [STDERR_REDIRECT] 
2025-10-30 13:59:44,240 [ERROR] LogOutputStream:75 - [STDERR_REDIRECT] [Fatal Error] :1:1: Premature end of file.
2025-10-30 13:59:44,241 [ERROR] LogOutputStream:75 - [STDERR_REDIRECT] 
2025-10-30 13:59:45,238 [ERROR] LogOutputStream:75 - [STDERR_REDIRECT] [Fatal Error] :1:1: Premature end of file.
2025-10-30 13:59:45,238 [ERROR] LogOutputStream:75 - [STDERR_REDIRECT] 
2025-10-30 13:59:46,239 [ERROR] LogOutputStream:75 - [STDERR_REDIRECT] [Fatal Error] :1:1: Premature end of file.
2025-10-30 13:59:46,239 [ERROR] LogOutputStream:75 - [STDERR_REDIRECT] 
2025-10-30 13:59:47,244 [ERROR] LogOutputStream:75 - [STDERR_REDIRECT] [Fatal Error] :1:1: Premature end of file.
2025-10-30 13:59:47,244 [ERROR] LogOutputStream:75 - [STDERR_REDIRECT] 
2025-10-30 13:59:48,246 [ERROR] LogOutputStream:75 - [STDERR_REDIRECT] [Fatal Error] :1:1: Premature end of file.
2025-10-30 13:59:48,246 [ERROR] LogOutputStream:75 - [STDERR_REDIRECT] 
2025-10-30 13:59:49,235 [ERROR] LogOutputStream:75 - [STDERR_REDIRECT] [Fatal Error] :1:1: Premature end of file.
2025-10-30 13:59:49,235 [ERROR] LogOutputStream:75 - [STDERR_REDIRECT] 
2025-10-30 13:59:50,248 [ERROR] LogOutputStream:75 - [STDERR_REDIRECT] [Fatal Error] :1:1: Premature end of file.
2025-10-30 13:59:50,249 [ERROR] LogOutputStream:75 - [STDERR_REDIRECT] 
2025-10-30 13:59:51,242 [ERROR] LogOutputStream:75 - [STDERR_REDIRECT] [Fatal Error] :1:1: Premature end of file.
2025-10-30 13:59:51,242 [ERROR] LogOutputStream:75 - [STDERR_REDIRECT] 
2025-10-30 13:59:52,247 [ERROR] LogOutputStream:75 - [STDERR_REDIRECT] [Fatal Error] :1:1: Premature end of file.
2025-10-30 13:59:52,247 [ERROR] LogOutputStream:75 - [STDERR_REDIRECT] 
2025-10-30 13:59:53,239 [ERROR] LogOutputStream:75 - [STDERR_REDIRECT] [Fatal Error] :1:1: Premature end of file.
2025-10-30 13:59:53,239 [ERROR] LogOutputStream:75 - [STDERR_REDIRECT] 
2025-10-30 13:59:54,238 [ERROR] LogOutputStream:75 - [STDERR_REDIRECT] [Fatal Error] :1:1: Premature end of file.
2025-10-30 13:59:54,238 [ERROR] LogOutputStream:75 - [STDERR_REDIRECT] 
2025-10-30 13:59:55,235 [ERROR] LogOutputStream:75 - [STDERR_REDIRECT] [Fatal Error] :1:1: Premature end of file.
2025-10-30 13:59:55,235 [ERROR] LogOutputStream:75 - [STDERR_REDIRECT] 
2025-10-30 13:59:56,237 [ERROR] LogOutputStream:75 - [STDERR_REDIRECT] [Fatal Error] :1:1: Premature end of file.
2025-10-30 13:59:56,237 [ERROR] LogOutputStream:75 - [STDERR_REDIRECT] 
2025-10-30 13:59:57,239 [ERROR] LogOutputStream:75 - [STDERR_REDIRECT] [Fatal Error] :1:1: Premature end of file.
2025-10-30 13:59:57,239 [ERROR] LogOutputStream:75 - [STDERR_REDIRECT] 
2025-10-30 13:59:58,242 [ERROR] LogOutputStream:75 - [STDERR_REDIRECT] [Fatal Error] :1:1: Premature end of file.
2025-10-30 13:59:58,242 [ERROR] LogOutputStream:75 - [STDERR_REDIRECT] 
2025-10-30 13:59:59,233 [ERROR] LogOutputStream:75 - [STDERR_REDIRECT] [Fatal Error] :1:1: Premature end of file.
2025-10-30 13:59:59,233 [ERROR] LogOutputStream:75 - [STDERR_REDIRECT] 
2025-10-30 14:00:00,232 [ERROR] LogOutputStream:75 - [STDERR_REDIRECT] [Fatal Error] :1:1: Premature end of file.
2025-10-30 14:00:00,233 [ERROR] LogOutputStream:75 - [STDERR_REDIRECT] 
2025-10-30 14:00:01,241 [ERROR] LogOutputStream:75 - [STDERR_REDIRECT] [Fatal Error] :1:1: Premature end of file.
2025-10-30 14:00:01,241 [ERROR] LogOutputStream:75 - [STDERR_REDIRECT] 
2025-10-30 14:00:02,248 [ERROR] LogOutputStream:75 - [STDERR_REDIRECT] [Fatal Error] :1:1: Premature end of file.
2025-10-30 14:00:02,248 [ERROR] LogOutputStream:75 - [STDERR_REDIRECT] 
2025-10-30 14:00:03,236 [ERROR] LogOutputStream:75 - [STDERR_REDIRECT] [Fatal Error] :1:1: Premature end of file.
2025-10-30 14:00:03,237 [ERROR] LogOutputStream:75 - [STDERR_REDIRECT] 
2025-10-30 14:00:04,248 [ERROR] LogOutputStream:75 - [STDERR_REDIRECT] [Fatal Error] :1:1: Premature end of file.
2025-10-30 14:00:04,248 [ERROR] LogOutputStream:75 - [STDERR_REDIRECT] 
2025-10-30 14:00:05,240 [ERROR] LogOutputStream:75 - [STDERR_REDIRECT] [Fatal Error] :1:1: Premature end of file.
2025-10-30 14:00:05,241 [ERROR] LogOutputStream:75 - [STDERR_REDIRECT] 
2025-10-30 14:00:06,238 [ERROR] LogOutputStream:75 - [STDERR_REDIRECT] [Fatal Error] :1:1: Premature end of file.
2025-10-30 14:00:06,238 [ERROR] LogOutputStream:75 - [STDERR_REDIRECT] 
2025-10-30 14:00:07,238 [ERROR] LogOutputStream:75 - [STDERR_REDIRECT] [Fatal Error] :1:1: Premature end of file.
2025-10-30 14:00:07,238 [ERROR] LogOutputStream:75 - [STDERR_REDIRECT] 
2025-10-30 14:00:08,243 [ERROR] LogOutputStream:75 - [STDERR_REDIRECT] [Fatal Error] :1:1: Premature end of file.
2025-10-30 14:00:08,243 [ERROR] LogOutputStream:75 - [STDERR_REDIRECT] 
2025-10-30 14:00:09,239 [ERROR] LogOutputStream:75 - [STDERR_REDIRECT] [Fatal Error] :1:1: Premature end of file.
2025-10-30 14:00:09,239 [ERROR] LogOutputStream:75 - [STDERR_REDIRECT] 
2025-10-30 14:00:10,243 [ERROR] LogOutputStream:75 - [STDERR_REDIRECT] [Fatal Error] :1:1: Premature end of file.
2025-10-30 14:00:10,243 [ERROR] LogOutputStream:75 - [STDERR_REDIRECT] 
2025-10-30 14:00:11,250 [ERROR] LogOutputStream:75 - [STDERR_REDIRECT] [Fatal Error] :1:1: Premature end of file.
2025-10-30 14:00:11,250 [ERROR] LogOutputStream:75 - [STDERR_REDIRECT] 
2025-10-30 14:00:12,245 [ERROR] LogOutputStream:75 - [STDERR_REDIRECT] [Fatal Error] :1:1: Premature end of file.
2025-10-30 14:00:12,245 [ERROR] LogOutputStream:75 - [STDERR_REDIRECT] 
2025-10-30 14:00:13,241 [ERROR] LogOutputStream:75 - [STDERR_REDIRECT] [Fatal Error] :1:1: Premature end of file.
2025-10-30 14:00:13,242 [ERROR] LogOutputStream:75 - [STDERR_REDIRECT] 
2025-10-30 14:00:14,243 [ERROR] LogOutputStream:75 - [STDERR_REDIRECT] [Fatal Error] :1:1: Premature end of file.
2025-10-30 14:00:14,243 [ERROR] LogOutputStream:75 - [STDERR_REDIRECT] 
2025-10-30 14:00:15,247 [ERROR] LogOutputStream:75 - [STDERR_REDIRECT] [Fatal Error] :1:1: Premature end of file.
2025-10-30 14:00:15,247 [ERROR] LogOutputStream:75 - [STDERR_REDIRECT] 
2025-10-30 14:00:16,246 [ERROR] LogOutputStream:75 - [STDERR_REDIRECT] [Fatal Error] :1:1: Premature end of file.
2025-10-30 14:00:16,246 [ERROR] LogOutputStream:75 - [STDERR_REDIRECT] 
2025-10-30 14:00:17,244 [ERROR] LogOutputStream:75 - [STDERR_REDIRECT] [Fatal Error] :1:1: Premature end of file.
2025-10-30 14:00:17,245 [ERROR] LogOutputStream:75 - [STDERR_REDIRECT] 
2025-10-30 14:00:18,249 [ERROR] LogOutputStream:75 - [STDERR_REDIRECT] [Fatal Error] :1:1: Premature end of file.
2025-10-30 14:00:18,249 [ERROR] LogOutputStream:75 - [STDERR_REDIRECT] 
2025-10-30 14:00:19,249 [ERROR] LogOutputStream:75 - [STDERR_REDIRECT] [Fatal Error] :1:1: Premature end of file.
2025-10-30 14:00:19,249 [ERROR] LogOutputStream:75 - [STDERR_REDIRECT] 
2025-10-30 14:00:20,246 [ERROR] LogOutputStream:75 - [STDERR_REDIRECT] [Fatal Error] :1:1: Premature end of file.
2025-10-30 14:00:20,247 [ERROR] LogOutputStream:75 - [STDERR_REDIRECT] 
2025-10-30 14:00:21,246 [ERROR] LogOutputStream:75 - [STDERR_REDIRECT] [Fatal Error] :1:1: Premature end of file.
2025-10-30 14:00:21,246 [ERROR] LogOutputStream:75 - [STDERR_REDIRECT] 
2025-10-30 14:00:22,236 [ERROR] LogOutputStream:75 - [STDERR_REDIRECT] [Fatal Error] :1:1: Premature end of file.
2025-10-30 14:00:22,236 [ERROR] LogOutputStream:75 - [STDERR_REDIRECT] 
2025-10-30 14:00:23,235 [ERROR] LogOutputStream:75 - [STDERR_REDIRECT] [Fatal Error] :1:1: Premature end of file.
2025-10-30 14:00:23,235 [ERROR] LogOutputStream:75 - [STDERR_REDIRECT] 
2025-10-30 14:00:24,234 [ERROR] LogOutputStream:75 - [STDERR_REDIRECT] [Fatal Error] :1:1: Premature end of file.
2025-10-30 14:00:24,234 [ERROR] LogOutputStream:75 - [STDERR_REDIRECT] 
2025-10-30 14:00:25,236 [ERROR] LogOutputStream:75 - [STDERR_REDIRECT] [Fatal Error] :1:1: Premature end of file.
2025-10-30 14:00:25,237 [ERROR] LogOutputStream:75 - [STDERR_REDIRECT] 
2025-10-30 14:00:26,243 [ERROR] LogOutputStream:75 - [STDERR_REDIRECT] [Fatal Error] :1:1: Premature end of file.
2025-10-30 14:00:26,244 [ERROR] LogOutputStream:75 - [STDERR_REDIRECT] 
2025-10-30 14:00:27,247 [ERROR] LogOutputStream:75 - [STDERR_REDIRECT] [Fatal Error] :1:1: Premature end of file.
2025-10-30 14:00:27,247 [ERROR] LogOutputStream:75 - [STDERR_REDIRECT] 
2025-10-30 14:00:28,248 [ERROR] LogOutputStream:75 - [STDERR_REDIRECT] [Fatal Error] :1:1: Premature end of file.
2025-10-30 14:00:28,248 [ERROR] LogOutputStream:75 - [STDERR_REDIRECT] 
2025-10-30 14:00:29,233 [ERROR] LogOutputStream:75 - [STDERR_REDIRECT] [Fatal Error] :1:1: Premature end of file.
2025-10-30 14:00:29,234 [ERROR] LogOutputStream:75 - [STDERR_REDIRECT] 
2025-10-30 14:00:30,239 [ERROR] LogOutputStream:75 - [STDERR_REDIRECT] [Fatal Error] :1:1: Premature end of file.
2025-10-30 14:00:30,240 [ERROR] LogOutputStream:75 - [STDERR_REDIRECT] 
2025-10-30 14:00:31,241 [ERROR] LogOutputStream:75 - [STDERR_REDIRECT] [Fatal Error] :1:1: Premature end of file.
2025-10-30 14:00:31,241 [ERROR] LogOutputStream:75 - [STDERR_REDIRECT] 
2025-10-30 14:00:32,237 [ERROR] LogOutputStream:75 - [STDERR_REDIRECT] [Fatal Error] :1:1: Premature end of file.
2025-10-30 14:00:32,237 [ERROR] LogOutputStream:75 - [STDERR_REDIRECT] 
2025-10-30 14:00:33,244 [ERROR] LogOutputStream:75 - [STDERR_REDIRECT] [Fatal Error] :1:1: Premature end of file.
2025-10-30 14:00:33,244 [ERROR] LogOutputStream:75 - [STDERR_REDIRECT] 
2025-10-30 14:00:34,236 [ERROR] LogOutputStream:75 - [STDERR_REDIRECT] [Fatal Error] :1:1: Premature end of file.
2025-10-30 14:00:34,236 [ERROR] LogOutputStream:75 - [STDERR_REDIRECT] 
2025-10-30 14:00:35,243 [ERROR] LogOutputStream:75 - [STDERR_REDIRECT] [Fatal Error] :1:1: Premature end of file.
2025-10-30 14:00:35,243 [ERROR] LogOutputStream:75 - [STDERR_REDIRECT] 
2025-10-30 14:00:36,245 [ERROR] LogOutputStream:75 - [STDERR_REDIRECT] [Fatal Error] :1:1: Premature end of file.
2025-10-30 14:00:36,245 [ERROR] LogOutputStream:75 - [STDERR_REDIRECT] 
2025-10-30 14:00:37,247 [ERROR] LogOutputStream:75 - [STDERR_REDIRECT] [Fatal Error] :1:1: Premature end of file.
2025-10-30 14:00:37,248 [ERROR] LogOutputStream:75 - [STDERR_REDIRECT] 
2025-10-30 14:00:38,236 [ERROR] LogOutputStream:75 - [STDERR_REDIRECT] [Fatal Error] :1:1: Premature end of file.
2025-10-30 14:00:38,236 [ERROR] LogOutputStream:75 - [STDERR_REDIRECT] 
2025-10-30 14:00:39,233 [ERROR] LogOutputStream:75 - [STDERR_REDIRECT] [Fatal Error] :1:1: Premature end of file.
2025-10-30 14:00:39,233 [ERROR] LogOutputStream:75 - [STDERR_REDIRECT] 
2025-10-30 14:00:40,245 [ERROR] LogOutputStream:75 - [STDERR_REDIRECT] [Fatal Error] :1:1: Premature end of file.
2025-10-30 14:00:40,246 [ERROR] LogOutputStream:75 - [STDERR_REDIRECT] 
2025-10-30 14:00:41,237 [ERROR] LogOutputStream:75 - [STDERR_REDIRECT] [Fatal Error] :1:1: Premature end of file.
2025-10-30 14:00:41,237 [ERROR] LogOutputStream:75 - [STDERR_REDIRECT] 
2025-10-30 14:00:42,244 [ERROR] LogOutputStream:75 - [STDERR_REDIRECT] [Fatal Error] :1:1: Premature end of file.
2025-10-30 14:00:42,244 [ERROR] LogOutputStream:75 - [STDERR_REDIRECT] 
2025-10-30 14:00:43,246 [ERROR] LogOutputStream:75 - [STDERR_REDIRECT] [Fatal Error] :1:1: Premature end of file.
2025-10-30 14:00:43,246 [ERROR] LogOutputStream:75 - [STDERR_REDIRECT] 
2025-10-30 14:00:44,250 [ERROR] LogOutputStream:75 - [STDERR_REDIRECT] [Fatal Error] :1:1: Premature end of file.
2025-10-30 14:00:44,250 [ERROR] LogOutputStream:75 - [STDERR_REDIRECT] 
2025-10-30 14:00:45,237 [ERROR] LogOutputStream:75 - [STDERR_REDIRECT] [Fatal Error] :1:1: Premature end of file.
2025-10-30 14:00:45,237 [ERROR] LogOutputStream:75 - [STDERR_REDIRECT] 
2025-10-30 14:00:46,247 [ERROR] LogOutputStream:75 - [STDERR_REDIRECT] [Fatal Error] :1:1: Premature end of file.
2025-10-30 14:00:46,247 [ERROR] LogOutputStream:75 - [STDERR_REDIRECT] 
2025-10-30 14:00:47,243 [ERROR] LogOutputStream:75 - [STDERR_REDIRECT] [Fatal Error] :1:1: Premature end of file.
2025-10-30 14:00:47,243 [ERROR] LogOutputStream:75 - [STDERR_REDIRECT] 
2025-10-30 14:00:48,246 [ERROR] LogOutputStream:75 - [STDERR_REDIRECT] [Fatal Error] :1:1: Premature end of file.
2025-10-30 14:00:48,247 [ERROR] LogOutputStream:75 - [STDERR_REDIRECT] 
2025-10-30 14:00:49,244 [ERROR] LogOutputStream:75 - [STDERR_REDIRECT] [Fatal Error] :1:1: Premature end of file.
2025-10-30 14:00:49,244 [ERROR] LogOutputStream:75 - [STDERR_REDIRECT] 
2025-10-30 14:00:50,250 [ERROR] LogOutputStream:75 - [STDERR_REDIRECT] [Fatal Error] :1:1: Premature end of file.
2025-10-30 14:00:50,250 [ERROR] LogOutputStream:75 - [STDERR_REDIRECT] 
2025-10-30 14:00:51,241 [ERROR] LogOutputStream:75 - [STDERR_REDIRECT] [Fatal Error] :1:1: Premature end of file.
2025-10-30 14:00:51,242 [ERROR] LogOutputStream:75 - [STDERR_REDIRECT] 
2025-10-30 14:00:52,234 [ERROR] LogOutputStream:75 - [STDERR_REDIRECT] [Fatal Error] :1:1: Premature end of file.
2025-10-30 14:00:52,234 [ERROR] LogOutputStream:75 - [STDERR_REDIRECT] 
2025-10-30 14:00:53,252 [ERROR] LogOutputStream:75 - [STDERR_REDIRECT] [Fatal Error] :1:1: Premature end of file.
2025-10-30 14:00:53,252 [ERROR] LogOutputStream:75 - [STDERR_REDIRECT] 
2025-10-30 14:00:54,251 [ERROR] LogOutputStream:75 - [STDERR_REDIRECT] [Fatal Error] :1:1: Premature end of file.
2025-10-30 14:00:54,251 [ERROR] LogOutputStream:75 - [STDERR_REDIRECT] 
2025-10-30 14:00:55,237 [ERROR] LogOutputStream:75 - [STDERR_REDIRECT] [Fatal Error] :1:1: Premature end of file.
2025-10-30 14:00:55,237 [ERROR] LogOutputStream:75 - [STDERR_REDIRECT] 
2025-10-30 14:00:56,237 [ERROR] LogOutputStream:75 - [STDERR_REDIRECT] [Fatal Error] :1:1: Premature end of file.
2025-10-30 14:00:56,237 [ERROR] LogOutputStream:75 - [STDERR_REDIRECT] 
2025-10-30 14:00:57,241 [ERROR] LogOutputStream:75 - [STDERR_REDIRECT] [Fatal Error] :1:1: Premature end of file.
2025-10-30 14:00:57,241 [ERROR] LogOutputStream:75 - [STDERR_REDIRECT] 
2025-10-30 14:00:58,238 [ERROR] LogOutputStream:75 - [STDERR_REDIRECT] [Fatal Error] :1:1: Premature end of file.
2025-10-30 14:00:58,238 [ERROR] LogOutputStream:75 - [STDERR_REDIRECT] 
2025-10-30 14:00:59,242 [ERROR] LogOutputStream:75 - [STDERR_REDIRECT] [Fatal Error] :1:1: Premature end of file.
2025-10-30 14:00:59,242 [ERROR] LogOutputStream:75 - [STDERR_REDIRECT] 
2025-10-30 14:01:00,252 [ERROR] LogOutputStream:75 - [STDERR_REDIRECT] [Fatal Error] :1:1: Premature end of file.
2025-10-30 14:01:00,252 [ERROR] LogOutputStream:75 - [STDERR_REDIRECT] 
2025-10-30 14:01:01,242 [ERROR] LogOutputStream:75 - [STDERR_REDIRECT] [Fatal Error] :1:1: Premature end of file.
2025-10-30 14:01:01,242 [ERROR] LogOutputStream:75 - [STDERR_REDIRECT] 
2025-10-30 14:01:02,235 [ERROR] LogOutputStream:75 - [STDERR_REDIRECT] [Fatal Error] :1:1: Premature end of file.
2025-10-30 14:01:02,235 [ERROR] LogOutputStream:75 - [STDERR_REDIRECT] 
2025-10-30 14:01:03,234 [ERROR] LogOutputStream:75 - [STDERR_REDIRECT] [Fatal Error] :1:1: Premature end of file.
2025-10-30 14:01:03,234 [ERROR] LogOutputStream:75 - [STDERR_REDIRECT] 
2025-10-30 14:01:04,247 [ERROR] LogOutputStream:75 - [STDERR_REDIRECT] [Fatal Error] :1:1: Premature end of file.
2025-10-30 14:01:04,247 [ERROR] LogOutputStream:75 - [STDERR_REDIRECT] 
2025-10-30 14:01:05,235 [ERROR] LogOutputStream:75 - [STDERR_REDIRECT] [Fatal Error] :1:1: Premature end of file.
2025-10-30 14:01:05,235 [ERROR] LogOutputStream:75 - [STDERR_REDIRECT] 
2025-10-30 14:01:06,238 [ERROR] LogOutputStream:75 - [STDERR_REDIRECT] [Fatal Error] :1:1: Premature end of file.
2025-10-30 14:01:06,239 [ERROR] LogOutputStream:75 - [STDERR_REDIRECT] 
2025-10-30 14:01:07,236 [ERROR] LogOutputStream:75 - [STDERR_REDIRECT] [Fatal Error] :1:1: Premature end of file.
2025-10-30 14:01:07,237 [ERROR] LogOutputStream:75 - [STDERR_REDIRECT] 
2025-10-30 14:01:08,249 [ERROR] LogOutputStream:75 - [STDERR_REDIRECT] [Fatal Error] :1:1: Premature end of file.
2025-10-30 14:01:08,249 [ERROR] LogOutputStream:75 - [STDERR_REDIRECT] 
2025-10-30 14:01:09,242 [ERROR] LogOutputStream:75 - [STDERR_REDIRECT] [Fatal Error] :1:1: Premature end of file.
2025-10-30 14:01:09,242 [ERROR] LogOutputStream:75 - [STDERR_REDIRECT] 
2025-10-30 14:01:10,249 [ERROR] LogOutputStream:75 - [STDERR_REDIRECT] [Fatal Error] :1:1: Premature end of file.
2025-10-30 14:01:10,249 [ERROR] LogOutputStream:75 - [STDERR_REDIRECT] 
2025-10-30 14:01:11,245 [ERROR] LogOutputStream:75 - [STDERR_REDIRECT] [Fatal Error] :1:1: Premature end of file.
2025-10-30 14:01:11,245 [ERROR] LogOutputStream:75 - [STDERR_REDIRECT] 
2025-10-30 14:01:12,242 [ERROR] LogOutputStream:75 - [STDERR_REDIRECT] [Fatal Error] :1:1: Premature end of file.
2025-10-30 14:01:12,242 [ERROR] LogOutputStream:75 - [STDERR_REDIRECT] 
2025-10-30 14:01:13,239 [ERROR] LogOutputStream:75 - [STDERR_REDIRECT] [Fatal Error] :1:1: Premature end of file.
2025-10-30 14:01:13,239 [ERROR] LogOutputStream:75 - [STDERR_REDIRECT] 
2025-10-30 14:01:14,238 [ERROR] LogOutputStream:75 - [STDERR_REDIRECT] [Fatal Error] :1:1: Premature end of file.
2025-10-30 14:01:14,238 [ERROR] LogOutputStream:75 - [STDERR_REDIRECT] 
2025-10-30 14:01:15,242 [ERROR] LogOutputStream:75 - [STDERR_REDIRECT] [Fatal Error] :1:1: Premature end of file.
2025-10-30 14:01:15,242 [ERROR] LogOutputStream:75 - [STDERR_REDIRECT] 
2025-10-30 14:01:16,238 [ERROR] LogOutputStream:75 - [STDERR_REDIRECT] [Fatal Error] :1:1: Premature end of file.
2025-10-30 14:01:16,238 [ERROR] LogOutputStream:75 - [STDERR_REDIRECT] 
2025-10-30 14:01:17,243 [ERROR] LogOutputStream:75 - [STDERR_REDIRECT] [Fatal Error] :1:1: Premature end of file.
2025-10-30 14:01:17,243 [ERROR] LogOutputStream:75 - [STDERR_REDIRECT] 
2025-10-30 14:01:18,279 [ERROR] LogOutputStream:75 - [STDERR_REDIRECT] [Fatal Error] :1:1: Premature end of file.
2025-10-30 14:01:18,280 [ERROR] LogOutputStream:75 - [STDERR_REDIRECT] 
2025-10-30 14:01:19,244 [ERROR] LogOutputStream:75 - [STDERR_REDIRECT] [Fatal Error] :1:1: Premature end of file.
2025-10-30 14:01:19,244 [ERROR] LogOutputStream:75 - [STDERR_REDIRECT] 
2025-10-30 14:01:20,248 [ERROR] LogOutputStream:75 - [STDERR_REDIRECT] [Fatal Error] :1:1: Premature end of file.
2025-10-30 14:01:20,249 [ERROR] LogOutputStream:75 - [STDERR_REDIRECT] 
2025-10-30 14:01:21,255 [ERROR] LogOutputStream:75 - [STDERR_REDIRECT] [Fatal Error] :1:1: Premature end of file.
2025-10-30 14:01:21,255 [ERROR] LogOutputStream:75 - [STDERR_REDIRECT] 
2025-10-30 14:01:22,252 [ERROR] LogOutputStream:75 - [STDERR_REDIRECT] [Fatal Error] :1:1: Premature end of file.
2025-10-30 14:01:22,252 [ERROR] LogOutputStream:75 - [STDERR_REDIRECT] 
2025-10-30 14:01:23,243 [ERROR] LogOutputStream:75 - [STDERR_REDIRECT] [Fatal Error] :1:1: Premature end of file.
2025-10-30 14:01:23,243 [ERROR] LogOutputStream:75 - [STDERR_REDIRECT] 
2025-10-30 14:01:24,237 [ERROR] LogOutputStream:75 - [STDERR_REDIRECT] [Fatal Error] :1:1: Premature end of file.
2025-10-30 14:01:24,237 [ERROR] LogOutputStream:75 - [STDERR_REDIRECT] 
2025-10-30 14:01:25,239 [ERROR] LogOutputStream:75 - [STDERR_REDIRECT] [Fatal Error] :1:1: Premature end of file.
2025-10-30 14:01:25,239 [ERROR] LogOutputStream:75 - [STDERR_REDIRECT] 
2025-10-30 14:01:26,247 [ERROR] LogOutputStream:75 - [STDERR_REDIRECT] [Fatal Error] :1:1: Premature end of file.
2025-10-30 14:01:26,247 [ERROR] LogOutputStream:75 - [STDERR_REDIRECT] 
2025-10-30 14:01:27,250 [ERROR] LogOutputStream:75 - [STDERR_REDIRECT] [Fatal Error] :1:1: Premature end of file.
2025-10-30 14:01:27,250 [ERROR] LogOutputStream:75 - [STDERR_REDIRECT] 
2025-10-30 14:01:28,254 [ERROR] LogOutputStream:75 - [STDERR_REDIRECT] [Fatal Error] :1:1: Premature end of file.
2025-10-30 14:01:28,254 [ERROR] LogOutputStream:75 - [STDERR_REDIRECT] 
2025-10-30 14:01:29,245 [ERROR] LogOutputStream:75 - [STDERR_REDIRECT] [Fatal Error] :1:1: Premature end of file.
2025-10-30 14:01:29,245 [ERROR] LogOutputStream:75 - [STDERR_REDIRECT] 
2025-10-30 14:01:30,242 [ERROR] LogOutputStream:75 - [STDERR_REDIRECT] [Fatal Error] :1:1: Premature end of file.
2025-10-30 14:01:30,242 [ERROR] LogOutputStream:75 - [STDERR_REDIRECT] 
2025-10-30 14:01:31,239 [ERROR] LogOutputStream:75 - [STDERR_REDIRECT] [Fatal Error] :1:1: Premature end of file.
2025-10-30 14:01:31,239 [ERROR] LogOutputStream:75 - [STDERR_REDIRECT] 
2025-10-30 14:01:32,237 [ERROR] LogOutputStream:75 - [STDERR_REDIRECT] [Fatal Error] :1:1: Premature end of file.
2025-10-30 14:01:32,237 [ERROR] LogOutputStream:75 - [STDERR_REDIRECT] 
2025-10-30 14:01:33,236 [ERROR] LogOutputStream:75 - [STDERR_REDIRECT] [Fatal Error] :1:1: Premature end of file.
2025-10-30 14:01:33,236 [ERROR] LogOutputStream:75 - [STDERR_REDIRECT] 
2025-10-30 14:01:34,250 [ERROR] LogOutputStream:75 - [STDERR_REDIRECT] [Fatal Error] :1:1: Premature end of file.
2025-10-30 14:01:34,250 [ERROR] LogOutputStream:75 - [STDERR_REDIRECT] 
2025-10-30 14:01:35,251 [ERROR] LogOutputStream:75 - [STDERR_REDIRECT] [Fatal Error] :1:1: Premature end of file.
2025-10-30 14:01:35,252 [ERROR] LogOutputStream:75 - [STDERR_REDIRECT] 
2025-10-30 14:01:36,244 [ERROR] LogOutputStream:75 - [STDERR_REDIRECT] [Fatal Error] :1:1: Premature end of file.
2025-10-30 14:01:36,244 [ERROR] LogOutputStream:75 - [STDERR_REDIRECT] 
2025-10-30 14:01:37,240 [ERROR] LogOutputStream:75 - [STDERR_REDIRECT] [Fatal Error] :1:1: Premature end of file.
2025-10-30 14:01:37,240 [ERROR] LogOutputStream:75 - [STDERR_REDIRECT] 
2025-10-30 14:01:38,237 [ERROR] LogOutputStream:75 - [STDERR_REDIRECT] [Fatal Error] :1:1: Premature end of file.
2025-10-30 14:01:38,237 [ERROR] LogOutputStream:75 - [STDERR_REDIRECT] 
2025-10-30 14:01:39,250 [ERROR] LogOutputStream:75 - [STDERR_REDIRECT] [Fatal Error] :1:1: Premature end of file.
2025-10-30 14:01:39,251 [ERROR] LogOutputStream:75 - [STDERR_REDIRECT] 
2025-10-30 14:01:40,247 [ERROR] LogOutputStream:75 - [STDERR_REDIRECT] [Fatal Error] :1:1: Premature end of file.
2025-10-30 14:01:40,247 [ERROR] LogOutputStream:75 - [STDERR_REDIRECT] 
2025-10-30 14:01:41,257 [ERROR] LogOutputStream:75 - [STDERR_REDIRECT] [Fatal Error] :1:1: Premature end of file.
2025-10-30 14:01:41,258 [ERROR] LogOutputStream:75 - [STDERR_REDIRECT] 
2025-10-30 14:01:42,238 [ERROR] LogOutputStream:75 - [STDERR_REDIRECT] [Fatal Error] :1:1: Premature end of file.
2025-10-30 14:01:42,238 [ERROR] LogOutputStream:75 - [STDERR_REDIRECT] 
2025-10-30 14:01:43,251 [ERROR] LogOutputStream:75 - [STDERR_REDIRECT] [Fatal Error] :1:1: Premature end of file.
2025-10-30 14:01:43,251 [ERROR] LogOutputStream:75 - [STDERR_REDIRECT] 
2025-10-30 14:01:44,235 [ERROR] LogOutputStream:75 - [STDERR_REDIRECT] [Fatal Error] :1:1: Premature end of file.
2025-10-30 14:01:44,235 [ERROR] LogOutputStream:75 - [STDERR_REDIRECT] 
2025-10-30 14:01:45,235 [ERROR] LogOutputStream:75 - [STDERR_REDIRECT] [Fatal Error] :1:1: Premature end of file.
2025-10-30 14:01:45,235 [ERROR] LogOutputStream:75 - [STDERR_REDIRECT] 
2025-10-30 14:01:46,246 [ERROR] LogOutputStream:75 - [STDERR_REDIRECT] [Fatal Error] :1:1: Premature end of file.
2025-10-30 14:01:46,246 [ERROR] LogOutputStream:75 - [STDERR_REDIRECT] 
2025-10-30 14:01:47,240 [ERROR] LogOutputStream:75 - [STDERR_REDIRECT] [Fatal Error] :1:1: Premature end of file.
2025-10-30 14:01:47,241 [ERROR] LogOutputStream:75 - [STDERR_REDIRECT] 
2025-10-30 14:01:48,238 [ERROR] LogOutputStream:75 - [STDERR_REDIRECT] [Fatal Error] :1:1: Premature end of file.
2025-10-30 14:01:48,238 [ERROR] LogOutputStream:75 - [STDERR_REDIRECT] 
2025-10-30 14:01:49,255 [ERROR] LogOutputStream:75 - [STDERR_REDIRECT] [Fatal Error] :1:1: Premature end of file.
2025-10-30 14:01:49,256 [ERROR] LogOutputStream:75 - [STDERR_REDIRECT] 
2025-10-30 14:01:50,249 [ERROR] LogOutputStream:75 - [STDERR_REDIRECT] [Fatal Error] :1:1: Premature end of file.
2025-10-30 14:01:50,249 [ERROR] LogOutputStream:75 - [STDERR_REDIRECT] 
2025-10-30 14:01:51,251 [ERROR] LogOutputStream:75 - [STDERR_REDIRECT] [Fatal Error] :1:1: Premature end of file.
2025-10-30 14:01:51,251 [ERROR] LogOutputStream:75 - [STDERR_REDIRECT] 
2025-10-30 14:01:52,241 [ERROR] LogOutputStream:75 - [STDERR_REDIRECT] [Fatal Error] :1:1: Premature end of file.
2025-10-30 14:01:52,241 [ERROR] LogOutputStream:75 - [STDERR_REDIRECT] 
2025-10-30 14:01:53,241 [ERROR] LogOutputStream:75 - [STDERR_REDIRECT] [Fatal Error] :1:1: Premature end of file.
2025-10-30 14:01:53,242 [ERROR] LogOutputStream:75 - [STDERR_REDIRECT] 
2025-10-30 14:01:54,249 [ERROR] LogOutputStream:75 - [STDERR_REDIRECT] [Fatal Error] :1:1: Premature end of file.
2025-10-30 14:01:54,249 [ERROR] LogOutputStream:75 - [STDERR_REDIRECT] 
2025-10-30 14:01:55,244 [ERROR] LogOutputStream:75 - [STDERR_REDIRECT] [Fatal Error] :1:1: Premature end of file.
2025-10-30 14:01:55,244 [ERROR] LogOutputStream:75 - [STDERR_REDIRECT] 
2025-10-30 14:01:56,239 [ERROR] LogOutputStream:75 - [STDERR_REDIRECT] [Fatal Error] :1:1: Premature end of file.
2025-10-30 14:01:56,239 [ERROR] LogOutputStream:75 - [STDERR_REDIRECT] 
2025-10-30 14:01:57,248 [ERROR] LogOutputStream:75 - [STDERR_REDIRECT] [Fatal Error] :1:1: Premature end of file.
2025-10-30 14:01:57,248 [ERROR] LogOutputStream:75 - [STDERR_REDIRECT] 
2025-10-30 14:01:58,239 [ERROR] LogOutputStream:75 - [STDERR_REDIRECT] [Fatal Error] :1:1: Premature end of file.
2025-10-30 14:01:58,239 [ERROR] LogOutputStream:75 - [STDERR_REDIRECT] 
2025-10-30 14:01:59,234 [ERROR] LogOutputStream:75 - [STDERR_REDIRECT] [Fatal Error] :1:1: Premature end of file.
2025-10-30 14:01:59,235 [ERROR] LogOutputStream:75 - [STDERR_REDIRECT] 
2025-10-30 14:02:00,247 [ERROR] LogOutputStream:75 - [STDERR_REDIRECT] [Fatal Error] :1:1: Premature end of file.
2025-10-30 14:02:00,247 [ERROR] LogOutputStream:75 - [STDERR_REDIRECT] 
2025-10-30 14:02:01,241 [ERROR] LogOutputStream:75 - [STDERR_REDIRECT] [Fatal Error] :1:1: Premature end of file.
2025-10-30 14:02:01,241 [ERROR] LogOutputStream:75 - [STDERR_REDIRECT] 
2025-10-30 14:02:02,250 [ERROR] LogOutputStream:75 - [STDERR_REDIRECT] [Fatal Error] :1:1: Premature end of file.
2025-10-30 14:02:02,250 [ERROR] LogOutputStream:75 - [STDERR_REDIRECT] 
2025-10-30 14:02:03,253 [ERROR] LogOutputStream:75 - [STDERR_REDIRECT] [Fatal Error] :1:1: Premature end of file.
2025-10-30 14:02:03,253 [ERROR] LogOutputStream:75 - [STDERR_REDIRECT] 
2025-10-30 14:02:04,244 [ERROR] LogOutputStream:75 - [STDERR_REDIRECT] [Fatal Error] :1:1: Premature end of file.
2025-10-30 14:02:04,244 [ERROR] LogOutputStream:75 - [STDERR_REDIRECT] 
2025-10-30 14:02:05,242 [ERROR] LogOutputStream:75 - [STDERR_REDIRECT] [Fatal Error] :1:1: Premature end of file.
2025-10-30 14:02:05,242 [ERROR] LogOutputStream:75 - [STDERR_REDIRECT] 
2025-10-30 14:02:06,235 [ERROR] LogOutputStream:75 - [STDERR_REDIRECT] [Fatal Error] :1:1: Premature end of file.
2025-10-30 14:02:06,235 [ERROR] LogOutputStream:75 - [STDERR_REDIRECT] 
2025-10-30 14:02:07,249 [ERROR] LogOutputStream:75 - [STDERR_REDIRECT] [Fatal Error] :1:1: Premature end of file.
2025-10-30 14:02:07,250 [ERROR] LogOutputStream:75 - [STDERR_REDIRECT] 
2025-10-30 14:02:08,249 [ERROR] LogOutputStream:75 - [STDERR_REDIRECT] [Fatal Error] :1:1: Premature end of file.
2025-10-30 14:02:08,249 [ERROR] LogOutputStream:75 - [STDERR_REDIRECT] 
2025-10-30 14:02:09,237 [ERROR] LogOutputStream:75 - [STDERR_REDIRECT] [Fatal Error] :1:1: Premature end of file.
2025-10-30 14:02:09,237 [ERROR] LogOutputStream:75 - [STDERR_REDIRECT] 
2025-10-30 14:02:10,252 [ERROR] LogOutputStream:75 - [STDERR_REDIRECT] [Fatal Error] :1:1: Premature end of file.
2025-10-30 14:02:10,252 [ERROR] LogOutputStream:75 - [STDERR_REDIRECT] 
2025-10-30 14:02:11,247 [ERROR] LogOutputStream:75 - [STDERR_REDIRECT] [Fatal Error] :1:1: Premature end of file.
2025-10-30 14:02:11,247 [ERROR] LogOutputStream:75 - [STDERR_REDIRECT] 
2025-10-30 14:02:12,242 [ERROR] LogOutputStream:75 - [STDERR_REDIRECT] [Fatal Error] :1:1: Premature end of file.
2025-10-30 14:02:12,243 [ERROR] LogOutputStream:75 - [STDERR_REDIRECT] 
2025-10-30 14:02:13,243 [ERROR] LogOutputStream:75 - [STDERR_REDIRECT] [Fatal Error] :1:1: Premature end of file.
2025-10-30 14:02:13,243 [ERROR] LogOutputStream:75 - [STDERR_REDIRECT] 
2025-10-30 14:02:14,237 [ERROR] LogOutputStream:75 - [STDERR_REDIRECT] [Fatal Error] :1:1: Premature end of file.
2025-10-30 14:02:14,237 [ERROR] LogOutputStream:75 - [STDERR_REDIRECT] 
2025-10-30 14:02:15,270 [ERROR] LogOutputStream:75 - [STDERR_REDIRECT] [Fatal Error] :1:1: Premature end of file.
2025-10-30 14:02:15,271 [ERROR] LogOutputStream:75 - [STDERR_REDIRECT] 
2025-10-30 14:02:16,242 [ERROR] LogOutputStream:75 - [STDERR_REDIRECT] [Fatal Error] :1:1: Premature end of file.
2025-10-30 14:02:16,242 [ERROR] LogOutputStream:75 - [STDERR_REDIRECT] 
2025-10-30 14:02:17,243 [ERROR] LogOutputStream:75 - [STDERR_REDIRECT] [Fatal Error] :1:1: Premature end of file.
2025-10-30 14:02:17,243 [ERROR] LogOutputStream:75 - [STDERR_REDIRECT] 
2025-10-30 14:02:18,242 [ERROR] LogOutputStream:75 - [STDERR_REDIRECT] [Fatal Error] :1:1: Premature end of file.
2025-10-30 14:02:18,242 [ERROR] LogOutputStream:75 - [STDERR_REDIRECT] 
2025-10-30 14:02:19,247 [ERROR] LogOutputStream:75 - [STDERR_REDIRECT] [Fatal Error] :1:1: Premature end of file.
2025-10-30 14:02:19,247 [ERROR] LogOutputStream:75 - [STDERR_REDIRECT] 
2025-10-30 14:02:20,245 [ERROR] LogOutputStream:75 - [STDERR_REDIRECT] [Fatal Error] :1:1: Premature end of file.
2025-10-30 14:02:20,245 [ERROR] LogOutputStream:75 - [STDERR_REDIRECT] 
2025-10-30 14:02:21,242 [ERROR] LogOutputStream:75 - [STDERR_REDIRECT] [Fatal Error] :1:1: Premature end of file.
2025-10-30 14:02:21,242 [ERROR] LogOutputStream:75 - [STDERR_REDIRECT] 
2025-10-30 14:02:22,243 [ERROR] LogOutputStream:75 - [STDERR_REDIRECT] [Fatal Error] :1:1: Premature end of file.
2025-10-30 14:02:22,243 [ERROR] LogOutputStream:75 - [STDERR_REDIRECT] 
2025-10-30 14:02:23,249 [ERROR] LogOutputStream:75 - [STDERR_REDIRECT] [Fatal Error] :1:1: Premature end of file.
2025-10-30 14:02:23,249 [ERROR] LogOutputStream:75 - [STDERR_REDIRECT] 
2025-10-30 14:02:24,255 [ERROR] LogOutputStream:75 - [STDERR_REDIRECT] [Fatal Error] :1:1: Premature end of file.
2025-10-30 14:02:24,255 [ERROR] LogOutputStream:75 - [STDERR_REDIRECT] 
2025-10-30 14:02:25,245 [ERROR] LogOutputStream:75 - [STDERR_REDIRECT] [Fatal Error] :1:1: Premature end of file.
2025-10-30 14:02:25,246 [ERROR] LogOutputStream:75 - [STDERR_REDIRECT] 
2025-10-30 14:02:26,246 [ERROR] LogOutputStream:75 - [STDERR_REDIRECT] [Fatal Error] :1:1: Premature end of file.
2025-10-30 14:02:26,246 [ERROR] LogOutputStream:75 - [STDERR_REDIRECT] 
2025-10-30 14:02:27,245 [ERROR] LogOutputStream:75 - [STDERR_REDIRECT] [Fatal Error] :1:1: Premature end of file.
2025-10-30 14:02:27,245 [ERROR] LogOutputStream:75 - [STDERR_REDIRECT] 
2025-10-30 14:02:28,244 [ERROR] LogOutputStream:75 - [STDERR_REDIRECT] [Fatal Error] :1:1: Premature end of file.
2025-10-30 14:02:28,244 [ERROR] LogOutputStream:75 - [STDERR_REDIRECT] 
2025-10-30 14:02:29,239 [ERROR] LogOutputStream:75 - [STDERR_REDIRECT] [Fatal Error] :1:1: Premature end of file.
2025-10-30 14:02:29,239 [ERROR] LogOutputStream:75 - [STDERR_REDIRECT] 
2025-10-30 14:02:30,239 [ERROR] LogOutputStream:75 - [STDERR_REDIRECT] [Fatal Error] :1:1: Premature end of file.
2025-10-30 14:02:30,239 [ERROR] LogOutputStream:75 - [STDERR_REDIRECT] 
2025-10-30 14:02:31,239 [ERROR] LogOutputStream:75 - [STDERR_REDIRECT] [Fatal Error] :1:1: Premature end of file.
2025-10-30 14:02:31,239 [ERROR] LogOutputStream:75 - [STDERR_REDIRECT] 
2025-10-30 14:02:32,249 [ERROR] LogOutputStream:75 - [STDERR_REDIRECT] [Fatal Error] :1:1: Premature end of file.
2025-10-30 14:02:32,249 [ERROR] LogOutputStream:75 - [STDERR_REDIRECT] 
2025-10-30 14:02:33,249 [ERROR] LogOutputStream:75 - [STDERR_REDIRECT] [Fatal Error] :1:1: Premature end of file.
2025-10-30 14:02:33,250 [ERROR] LogOutputStream:75 - [STDERR_REDIRECT] 
2025-10-30 14:02:34,249 [ERROR] LogOutputStream:75 - [STDERR_REDIRECT] [Fatal Error] :1:1: Premature end of file.
2025-10-30 14:02:34,249 [ERROR] LogOutputStream:75 - [STDERR_REDIRECT] 
2025-10-30 14:02:35,247 [ERROR] LogOutputStream:75 - [STDERR_REDIRECT] [Fatal Error] :1:1: Premature end of file.
2025-10-30 14:02:35,248 [ERROR] LogOutputStream:75 - [STDERR_REDIRECT] 
2025-10-30 14:02:36,248 [ERROR] LogOutputStream:75 - [STDERR_REDIRECT] [Fatal Error] :1:1: Premature end of file.
2025-10-30 14:02:36,248 [ERROR] LogOutputStream:75 - [STDERR_REDIRECT] 
2025-10-30 14:02:37,243 [ERROR] LogOutputStream:75 - [STDERR_REDIRECT] [Fatal Error] :1:1: Premature end of file.
2025-10-30 14:02:37,243 [ERROR] LogOutputStream:75 - [STDERR_REDIRECT] 
2025-10-30 14:02:38,241 [ERROR] LogOutputStream:75 - [STDERR_REDIRECT] [Fatal Error] :1:1: Premature end of file.
2025-10-30 14:02:38,242 [ERROR] LogOutputStream:75 - [STDERR_REDIRECT] 
2025-10-30 14:02:39,240 [ERROR] LogOutputStream:75 - [STDERR_REDIRECT] [Fatal Error] :1:1: Premature end of file.
2025-10-30 14:02:39,240 [ERROR] LogOutputStream:75 - [STDERR_REDIRECT] 
2025-10-30 14:02:40,235 [ERROR] LogOutputStream:75 - [STDERR_REDIRECT] [Fatal Error] :1:1: Premature end of file.
2025-10-30 14:02:40,235 [ERROR] LogOutputStream:75 - [STDERR_REDIRECT] 
2025-10-30 14:02:41,234 [ERROR] LogOutputStream:75 - [STDERR_REDIRECT] [Fatal Error] :1:1: Premature end of file.
2025-10-30 14:02:41,234 [ERROR] LogOutputStream:75 - [STDERR_REDIRECT] 
2025-10-30 14:02:42,237 [ERROR] LogOutputStream:75 - [STDERR_REDIRECT] [Fatal Error] :1:1: Premature end of file.
2025-10-30 14:02:42,237 [ERROR] LogOutputStream:75 - [STDERR_REDIRECT] 
2025-10-30 14:02:43,242 [ERROR] LogOutputStream:75 - [STDERR_REDIRECT] [Fatal Error] :1:1: Premature end of file.
2025-10-30 14:02:43,242 [ERROR] LogOutputStream:75 - [STDERR_REDIRECT] 
2025-10-30 14:02:44,248 [ERROR] LogOutputStream:75 - [STDERR_REDIRECT] [Fatal Error] :1:1: Premature end of file.
2025-10-30 14:02:44,248 [ERROR] LogOutputStream:75 - [STDERR_REDIRECT] 
2025-10-30 14:02:45,252 [ERROR] LogOutputStream:75 - [STDERR_REDIRECT] [Fatal Error] :1:1: Premature end of file.
2025-10-30 14:02:45,252 [ERROR] LogOutputStream:75 - [STDERR_REDIRECT] 
2025-10-30 14:02:46,244 [ERROR] LogOutputStream:75 - [STDERR_REDIRECT] [Fatal Error] :1:1: Premature end of file.
2025-10-30 14:02:46,244 [ERROR] LogOutputStream:75 - [STDERR_REDIRECT] 
2025-10-30 14:02:47,242 [ERROR] LogOutputStream:75 - [STDERR_REDIRECT] [Fatal Error] :1:1: Premature end of file.
2025-10-30 14:02:47,242 [ERROR] LogOutputStream:75 - [STDERR_REDIRECT] 
2025-10-30 14:02:48,244 [ERROR] LogOutputStream:75 - [STDERR_REDIRECT] [Fatal Error] :1:1: Premature end of file.
2025-10-30 14:02:48,244 [ERROR] LogOutputStream:75 - [STDERR_REDIRECT] 
2025-10-30 14:02:49,234 [ERROR] LogOutputStream:75 - [STDERR_REDIRECT] [Fatal Error] :1:1: Premature end of file.
2025-10-30 14:02:49,234 [ERROR] LogOutputStream:75 - [STDERR_REDIRECT] 
2025-10-30 14:02:50,247 [ERROR] LogOutputStream:75 - [STDERR_REDIRECT] [Fatal Error] :1:1: Premature end of file.
2025-10-30 14:02:50,247 [ERROR] LogOutputStream:75 - [STDERR_REDIRECT] 
2025-10-30 14:02:51,247 [ERROR] LogOutputStream:75 - [STDERR_REDIRECT] [Fatal Error] :1:1: Premature end of file.
2025-10-30 14:02:51,247 [ERROR] LogOutputStream:75 - [STDERR_REDIRECT] 
2025-10-30 14:02:52,255 [ERROR] LogOutputStream:75 - [STDERR_REDIRECT] [Fatal Error] :1:1: Premature end of file.
2025-10-30 14:02:52,255 [ERROR] LogOutputStream:75 - [STDERR_REDIRECT] 
2025-10-30 14:02:53,241 [ERROR] LogOutputStream:75 - [STDERR_REDIRECT] [Fatal Error] :1:1: Premature end of file.
2025-10-30 14:02:53,241 [ERROR] LogOutputStream:75 - [STDERR_REDIRECT] 
2025-10-30 14:02:54,240 [ERROR] LogOutputStream:75 - [STDERR_REDIRECT] [Fatal Error] :1:1: Premature end of file.
2025-10-30 14:02:54,240 [ERROR] LogOutputStream:75 - [STDERR_REDIRECT] 
2025-10-30 14:02:55,233 [ERROR] LogOutputStream:75 - [STDERR_REDIRECT] [Fatal Error] :1:1: Premature end of file.
2025-10-30 14:02:55,233 [ERROR] LogOutputStream:75 - [STDERR_REDIRECT] 
2025-10-30 14:02:56,246 [ERROR] LogOutputStream:75 - [STDERR_REDIRECT] [Fatal Error] :1:1: Premature end of file.
2025-10-30 14:02:56,246 [ERROR] LogOutputStream:75 - [STDERR_REDIRECT] 
2025-10-30 14:02:57,247 [ERROR] LogOutputStream:75 - [STDERR_REDIRECT] [Fatal Error] :1:1: Premature end of file.
2025-10-30 14:02:57,247 [ERROR] LogOutputStream:75 - [STDERR_REDIRECT] 
2025-10-30 14:02:58,234 [ERROR] LogOutputStream:75 - [STDERR_REDIRECT] [Fatal Error] :1:1: Premature end of file.
2025-10-30 14:02:58,234 [ERROR] LogOutputStream:75 - [STDERR_REDIRECT] 
2025-10-30 14:02:59,237 [ERROR] LogOutputStream:75 - [STDERR_REDIRECT] [Fatal Error] :1:1: Premature end of file.
2025-10-30 14:02:59,237 [ERROR] LogOutputStream:75 - [STDERR_REDIRECT] 
2025-10-30 14:03:00,243 [ERROR] LogOutputStream:75 - [STDERR_REDIRECT] [Fatal Error] :1:1: Premature end of file.
2025-10-30 14:03:00,243 [ERROR] LogOutputStream:75 - [STDERR_REDIRECT] 
2025-10-30 14:03:01,239 [ERROR] LogOutputStream:75 - [STDERR_REDIRECT] [Fatal Error] :1:1: Premature end of file.
2025-10-30 14:03:01,239 [ERROR] LogOutputStream:75 - [STDERR_REDIRECT] 
2025-10-30 14:03:02,239 [ERROR] LogOutputStream:75 - [STDERR_REDIRECT] [Fatal Error] :1:1: Premature end of file.
2025-10-30 14:03:02,239 [ERROR] LogOutputStream:75 - [STDERR_REDIRECT] 
2025-10-30 14:03:03,239 [ERROR] LogOutputStream:75 - [STDERR_REDIRECT] [Fatal Error] :1:1: Premature end of file.
2025-10-30 14:03:03,240 [ERROR] LogOutputStream:75 - [STDERR_REDIRECT] 
2025-10-30 14:03:04,240 [ERROR] LogOutputStream:75 - [STDERR_REDIRECT] [Fatal Error] :1:1: Premature end of file.
2025-10-30 14:03:04,240 [ERROR] LogOutputStream:75 - [STDERR_REDIRECT] 
2025-10-30 14:03:05,239 [ERROR] LogOutputStream:75 - [STDERR_REDIRECT] [Fatal Error] :1:1: Premature end of file.
2025-10-30 14:03:05,239 [ERROR] LogOutputStream:75 - [STDERR_REDIRECT] 
2025-10-30 14:03:06,240 [ERROR] LogOutputStream:75 - [STDERR_REDIRECT] [Fatal Error] :1:1: Premature end of file.
2025-10-30 14:03:06,241 [ERROR] LogOutputStream:75 - [STDERR_REDIRECT] 
2025-10-30 14:03:07,246 [ERROR] LogOutputStream:75 - [STDERR_REDIRECT] [Fatal Error] :1:1: Premature end of file.
2025-10-30 14:03:07,246 [ERROR] LogOutputStream:75 - [STDERR_REDIRECT] 
2025-10-30 14:03:08,235 [ERROR] LogOutputStream:75 - [STDERR_REDIRECT] [Fatal Error] :1:1: Premature end of file.
2025-10-30 14:03:08,235 [ERROR] LogOutputStream:75 - [STDERR_REDIRECT] 
2025-10-30 14:03:09,241 [ERROR] LogOutputStream:75 - [STDERR_REDIRECT] [Fatal Error] :1:1: Premature end of file.
2025-10-30 14:03:09,241 [ERROR] LogOutputStream:75 - [STDERR_REDIRECT] 
2025-10-30 14:03:10,243 [ERROR] LogOutputStream:75 - [STDERR_REDIRECT] [Fatal Error] :1:1: Premature end of file.
2025-10-30 14:03:10,243 [ERROR] LogOutputStream:75 - [STDERR_REDIRECT] 
2025-10-30 14:03:11,239 [ERROR] LogOutputStream:75 - [STDERR_REDIRECT] [Fatal Error] :1:1: Premature end of file.
2025-10-30 14:03:11,240 [ERROR] LogOutputStream:75 - [STDERR_REDIRECT] 
2025-10-30 14:03:12,245 [ERROR] LogOutputStream:75 - [STDERR_REDIRECT] [Fatal Error] :1:1: Premature end of file.
2025-10-30 14:03:12,246 [ERROR] LogOutputStream:75 - [STDERR_REDIRECT] 
2025-10-30 14:03:13,253 [ERROR] LogOutputStream:75 - [STDERR_REDIRECT] [Fatal Error] :1:1: Premature end of file.
2025-10-30 14:03:13,253 [ERROR] LogOutputStream:75 - [STDERR_REDIRECT] 
2025-10-30 14:03:14,247 [ERROR] LogOutputStream:75 - [STDERR_REDIRECT] [Fatal Error] :1:1: Premature end of file.
2025-10-30 14:03:14,247 [ERROR] LogOutputStream:75 - [STDERR_REDIRECT] 
2025-10-30 14:03:15,245 [ERROR] LogOutputStream:75 - [STDERR_REDIRECT] [Fatal Error] :1:1: Premature end of file.
2025-10-30 14:03:15,246 [ERROR] LogOutputStream:75 - [STDERR_REDIRECT] 
2025-10-30 14:03:16,254 [ERROR] LogOutputStream:75 - [STDERR_REDIRECT] [Fatal Error] :1:1: Premature end of file.
2025-10-30 14:03:16,254 [ERROR] LogOutputStream:75 - [STDERR_REDIRECT] 
2025-10-30 14:03:17,237 [ERROR] LogOutputStream:75 - [STDERR_REDIRECT] [Fatal Error] :1:1: Premature end of file.
2025-10-30 14:03:17,237 [ERROR] LogOutputStream:75 - [STDERR_REDIRECT] 
2025-10-30 14:03:18,244 [ERROR] LogOutputStream:75 - [STDERR_REDIRECT] [Fatal Error] :1:1: Premature end of file.
2025-10-30 14:03:18,245 [ERROR] LogOutputStream:75 - [STDERR_REDIRECT] 
2025-10-30 14:03:19,233 [ERROR] LogOutputStream:75 - [STDERR_REDIRECT] [Fatal Error] :1:1: Premature end of file.
2025-10-30 14:03:19,233 [ERROR] LogOutputStream:75 - [STDERR_REDIRECT] 
2025-10-30 14:03:20,250 [ERROR] LogOutputStream:75 - [STDERR_REDIRECT] [Fatal Error] :1:1: Premature end of file.
2025-10-30 14:03:20,251 [ERROR] LogOutputStream:75 - [STDERR_REDIRECT] 
2025-10-30 14:03:21,245 [ERROR] LogOutputStream:75 - [STDERR_REDIRECT] [Fatal Error] :1:1: Premature end of file.
2025-10-30 14:03:21,245 [ERROR] LogOutputStream:75 - [STDERR_REDIRECT] 
2025-10-30 14:03:22,245 [ERROR] LogOutputStream:75 - [STDERR_REDIRECT] [Fatal Error] :1:1: Premature end of file.
2025-10-30 14:03:22,245 [ERROR] LogOutputStream:75 - [STDERR_REDIRECT] 
2025-10-30 14:03:23,237 [ERROR] LogOutputStream:75 - [STDERR_REDIRECT] [Fatal Error] :1:1: Premature end of file.
2025-10-30 14:03:23,237 [ERROR] LogOutputStream:75 - [STDERR_REDIRECT] 
2025-10-30 14:03:24,244 [ERROR] LogOutputStream:75 - [STDERR_REDIRECT] [Fatal Error] :1:1: Premature end of file.
2025-10-30 14:03:24,244 [ERROR] LogOutputStream:75 - [STDERR_REDIRECT] 
2025-10-30 14:03:25,242 [ERROR] LogOutputStream:75 - [STDERR_REDIRECT] [Fatal Error] :1:1: Premature end of file.
2025-10-30 14:03:25,243 [ERROR] LogOutputStream:75 - [STDERR_REDIRECT] 
2025-10-30 14:03:26,247 [ERROR] LogOutputStream:75 - [STDERR_REDIRECT] [Fatal Error] :1:1: Premature end of file.
2025-10-30 14:03:26,247 [ERROR] LogOutputStream:75 - [STDERR_REDIRECT] 
2025-10-30 14:03:27,242 [ERROR] LogOutputStream:75 - [STDERR_REDIRECT] [Fatal Error] :1:1: Premature end of file.
2025-10-30 14:03:27,242 [ERROR] LogOutputStream:75 - [STDERR_REDIRECT] 
2025-10-30 14:03:28,241 [ERROR] LogOutputStream:75 - [STDERR_REDIRECT] [Fatal Error] :1:1: Premature end of file.
2025-10-30 14:03:28,241 [ERROR] LogOutputStream:75 - [STDERR_REDIRECT] 
2025-10-30 14:03:29,242 [ERROR] LogOutputStream:75 - [STDERR_REDIRECT] [Fatal Error] :1:1: Premature end of file.
2025-10-30 14:03:29,243 [ERROR] LogOutputStream:75 - [STDERR_REDIRECT] 
2025-10-30 14:03:30,242 [ERROR] LogOutputStream:75 - [STDERR_REDIRECT] [Fatal Error] :1:1: Premature end of file.
2025-10-30 14:03:30,242 [ERROR] LogOutputStream:75 - [STDERR_REDIRECT] 
2025-10-30 14:03:31,243 [ERROR] LogOutputStream:75 - [STDERR_REDIRECT] [Fatal Error] :1:1: Premature end of file.
2025-10-30 14:03:31,244 [ERROR] LogOutputStream:75 - [STDERR_REDIRECT] 
2025-10-30 14:03:32,238 [ERROR] LogOutputStream:75 - [STDERR_REDIRECT] [Fatal Error] :1:1: Premature end of file.
2025-10-30 14:03:32,238 [ERROR] LogOutputStream:75 - [STDERR_REDIRECT] 
2025-10-30 14:03:33,241 [ERROR] LogOutputStream:75 - [STDERR_REDIRECT] [Fatal Error] :1:1: Premature end of file.
2025-10-30 14:03:33,241 [ERROR] LogOutputStream:75 - [STDERR_REDIRECT] 
2025-10-30 14:03:34,254 [ERROR] LogOutputStream:75 - [STDERR_REDIRECT] [Fatal Error] :1:1: Premature end of file.
2025-10-30 14:03:34,254 [ERROR] LogOutputStream:75 - [STDERR_REDIRECT] 
2025-10-30 14:03:35,241 [ERROR] LogOutputStream:75 - [STDERR_REDIRECT] [Fatal Error] :1:1: Premature end of file.
2025-10-30 14:03:35,241 [ERROR] LogOutputStream:75 - [STDERR_REDIRECT] 
2025-10-30 14:03:36,238 [ERROR] LogOutputStream:75 - [STDERR_REDIRECT] [Fatal Error] :1:1: Premature end of file.
2025-10-30 14:03:36,238 [ERROR] LogOutputStream:75 - [STDERR_REDIRECT] 
2025-10-30 14:03:37,240 [ERROR] LogOutputStream:75 - [STDERR_REDIRECT] [Fatal Error] :1:1: Premature end of file.
2025-10-30 14:03:37,240 [ERROR] LogOutputStream:75 - [STDERR_REDIRECT] 
2025-10-30 14:03:38,246 [ERROR] LogOutputStream:75 - [STDERR_REDIRECT] [Fatal Error] :1:1: Premature end of file.
2025-10-30 14:03:38,246 [ERROR] LogOutputStream:75 - [STDERR_REDIRECT] 
2025-10-30 14:03:39,247 [ERROR] LogOutputStream:75 - [STDERR_REDIRECT] [Fatal Error] :1:1: Premature end of file.
2025-10-30 14:03:39,247 [ERROR] LogOutputStream:75 - [STDERR_REDIRECT] 
2025-10-30 14:03:40,236 [ERROR] LogOutputStream:75 - [STDERR_REDIRECT] [Fatal Error] :1:1: Premature end of file.
2025-10-30 14:03:40,236 [ERROR] LogOutputStream:75 - [STDERR_REDIRECT] 
2025-10-30 14:03:41,240 [ERROR] LogOutputStream:75 - [STDERR_REDIRECT] [Fatal Error] :1:1: Premature end of file.
2025-10-30 14:03:41,240 [ERROR] LogOutputStream:75 - [STDERR_REDIRECT] 
2025-10-30 14:03:42,242 [ERROR] LogOutputStream:75 - [STDERR_REDIRECT] [Fatal Error] :1:1: Premature end of file.
2025-10-30 14:03:42,243 [ERROR] LogOutputStream:75 - [STDERR_REDIRECT] 
2025-10-30 14:03:43,244 [ERROR] LogOutputStream:75 - [STDERR_REDIRECT] [Fatal Error] :1:1: Premature end of file.
2025-10-30 14:03:43,244 [ERROR] LogOutputStream:75 - [STDERR_REDIRECT] 
2025-10-30 14:03:44,247 [ERROR] LogOutputStream:75 - [STDERR_REDIRECT] [Fatal Error] :1:1: Premature end of file.
2025-10-30 14:03:44,248 [ERROR] LogOutputStream:75 - [STDERR_REDIRECT] 
2025-10-30 14:03:45,243 [ERROR] LogOutputStream:75 - [STDERR_REDIRECT] [Fatal Error] :1:1: Premature end of file.
2025-10-30 14:03:45,243 [ERROR] LogOutputStream:75 - [STDERR_REDIRECT] 
2025-10-30 14:03:46,241 [ERROR] LogOutputStream:75 - [STDERR_REDIRECT] [Fatal Error] :1:1: Premature end of file.
2025-10-30 14:03:46,241 [ERROR] LogOutputStream:75 - [STDERR_REDIRECT] 
2025-10-30 14:03:47,243 [ERROR] LogOutputStream:75 - [STDERR_REDIRECT] [Fatal Error] :1:1: Premature end of file.
2025-10-30 14:03:47,244 [ERROR] LogOutputStream:75 - [STDERR_REDIRECT] 
2025-10-30 14:03:48,251 [ERROR] LogOutputStream:75 - [STDERR_REDIRECT] [Fatal Error] :1:1: Premature end of file.
2025-10-30 14:03:48,251 [ERROR] LogOutputStream:75 - [STDERR_REDIRECT] 
2025-10-30 14:03:49,243 [ERROR] LogOutputStream:75 - [STDERR_REDIRECT] [Fatal Error] :1:1: Premature end of file.
2025-10-30 14:03:49,243 [ERROR] LogOutputStream:75 - [STDERR_REDIRECT] 
2025-10-30 14:03:50,244 [ERROR] LogOutputStream:75 - [STDERR_REDIRECT] [Fatal Error] :1:1: Premature end of file.
2025-10-30 14:03:50,244 [ERROR] LogOutputStream:75 - [STDERR_REDIRECT] 
2025-10-30 14:03:51,239 [ERROR] LogOutputStream:75 - [STDERR_REDIRECT] [Fatal Error] :1:1: Premature end of file.
2025-10-30 14:03:51,239 [ERROR] LogOutputStream:75 - [STDERR_REDIRECT] 
2025-10-30 14:03:52,245 [ERROR] LogOutputStream:75 - [STDERR_REDIRECT] [Fatal Error] :1:1: Premature end of file.
2025-10-30 14:03:52,245 [ERROR] LogOutputStream:75 - [STDERR_REDIRECT] 
2025-10-30 14:03:53,234 [ERROR] LogOutputStream:75 - [STDERR_REDIRECT] [Fatal Error] :1:1: Premature end of file.
2025-10-30 14:03:53,234 [ERROR] LogOutputStream:75 - [STDERR_REDIRECT] 
2025-10-30 14:03:54,235 [ERROR] LogOutputStream:75 - [STDERR_REDIRECT] [Fatal Error] :1:1: Premature end of file.
2025-10-30 14:03:54,235 [ERROR] LogOutputStream:75 - [STDERR_REDIRECT] 
2025-10-30 14:03:55,236 [ERROR] LogOutputStream:75 - [STDERR_REDIRECT] [Fatal Error] :1:1: Premature end of file.
2025-10-30 14:03:55,236 [ERROR] LogOutputStream:75 - [STDERR_REDIRECT] 
2025-10-30 14:03:56,242 [ERROR] LogOutputStream:75 - [STDERR_REDIRECT] [Fatal Error] :1:1: Premature end of file.
2025-10-30 14:03:56,242 [ERROR] LogOutputStream:75 - [STDERR_REDIRECT] 
2025-10-30 14:03:57,241 [ERROR] LogOutputStream:75 - [STDERR_REDIRECT] [Fatal Error] :1:1: Premature end of file.
2025-10-30 14:03:57,241 [ERROR] LogOutputStream:75 - [STDERR_REDIRECT] 
2025-10-30 14:03:58,241 [ERROR] LogOutputStream:75 - [STDERR_REDIRECT] [Fatal Error] :1:1: Premature end of file.
2025-10-30 14:03:58,242 [ERROR] LogOutputStream:75 - [STDERR_REDIRECT] 
2025-10-30 14:03:59,250 [ERROR] LogOutputStream:75 - [STDERR_REDIRECT] [Fatal Error] :1:1: Premature end of file.
2025-10-30 14:03:59,250 [ERROR] LogOutputStream:75 - [STDERR_REDIRECT] 
2025-10-30 14:04:00,248 [ERROR] LogOutputStream:75 - [STDERR_REDIRECT] [Fatal Error] :1:1: Premature end of file.
2025-10-30 14:04:00,248 [ERROR] LogOutputStream:75 - [STDERR_REDIRECT] 
2025-10-30 14:04:01,244 [ERROR] LogOutputStream:75 - [STDERR_REDIRECT] [Fatal Error] :1:1: Premature end of file.
2025-10-30 14:04:01,244 [ERROR] LogOutputStream:75 - [STDERR_REDIRECT] 
2025-10-30 14:04:02,251 [ERROR] LogOutputStream:75 - [STDERR_REDIRECT] [Fatal Error] :1:1: Premature end of file.
2025-10-30 14:04:02,252 [ERROR] LogOutputStream:75 - [STDERR_REDIRECT] 
2025-10-30 14:04:03,243 [ERROR] LogOutputStream:75 - [STDERR_REDIRECT] [Fatal Error] :1:1: Premature end of file.
2025-10-30 14:04:03,244 [ERROR] LogOutputStream:75 - [STDERR_REDIRECT] 
2025-10-30 14:04:04,235 [ERROR] LogOutputStream:75 - [STDERR_REDIRECT] [Fatal Error] :1:1: Premature end of file.
2025-10-30 14:04:04,235 [ERROR] LogOutputStream:75 - [STDERR_REDIRECT] 
2025-10-30 14:04:05,238 [ERROR] LogOutputStream:75 - [STDERR_REDIRECT] [Fatal Error] :1:1: Premature end of file.
2025-10-30 14:04:05,239 [ERROR] LogOutputStream:75 - [STDERR_REDIRECT] 
2025-10-30 14:04:06,236 [ERROR] LogOutputStream:75 - [STDERR_REDIRECT] [Fatal Error] :1:1: Premature end of file.
2025-10-30 14:04:06,237 [ERROR] LogOutputStream:75 - [STDERR_REDIRECT] 
2025-10-30 14:04:07,237 [ERROR] LogOutputStream:75 - [STDERR_REDIRECT] [Fatal Error] :1:1: Premature end of file.
2025-10-30 14:04:07,237 [ERROR] LogOutputStream:75 - [STDERR_REDIRECT] 
2025-10-30 14:04:08,252 [ERROR] LogOutputStream:75 - [STDERR_REDIRECT] [Fatal Error] :1:1: Premature end of file.
2025-10-30 14:04:08,252 [ERROR] LogOutputStream:75 - [STDERR_REDIRECT] 
2025-10-30 14:04:09,235 [ERROR] LogOutputStream:75 - [STDERR_REDIRECT] [Fatal Error] :1:1: Premature end of file.
2025-10-30 14:04:09,236 [ERROR] LogOutputStream:75 - [STDERR_REDIRECT] 
2025-10-30 14:04:10,248 [ERROR] LogOutputStream:75 - [STDERR_REDIRECT] [Fatal Error] :1:1: Premature end of file.
2025-10-30 14:04:10,248 [ERROR] LogOutputStream:75 - [STDERR_REDIRECT] 
2025-10-30 14:04:11,237 [ERROR] LogOutputStream:75 - [STDERR_REDIRECT] [Fatal Error] :1:1: Premature end of file.
2025-10-30 14:04:11,238 [ERROR] LogOutputStream:75 - [STDERR_REDIRECT] 
2025-10-30 14:04:12,243 [ERROR] LogOutputStream:75 - [STDERR_REDIRECT] [Fatal Error] :1:1: Premature end of file.
2025-10-30 14:04:12,243 [ERROR] LogOutputStream:75 - [STDERR_REDIRECT] 
2025-10-30 14:04:13,244 [ERROR] LogOutputStream:75 - [STDERR_REDIRECT] [Fatal Error] :1:1: Premature end of file.
2025-10-30 14:04:13,244 [ERROR] LogOutputStream:75 - [STDERR_REDIRECT] 
2025-10-30 14:04:14,247 [ERROR] LogOutputStream:75 - [STDERR_REDIRECT] [Fatal Error] :1:1: Premature end of file.
2025-10-30 14:04:14,247 [ERROR] LogOutputStream:75 - [STDERR_REDIRECT] 
2025-10-30 14:04:15,245 [ERROR] LogOutputStream:75 - [STDERR_REDIRECT] [Fatal Error] :1:1: Premature end of file.
2025-10-30 14:04:15,246 [ERROR] LogOutputStream:75 - [STDERR_REDIRECT] 
2025-10-30 14:04:16,235 [ERROR] LogOutputStream:75 - [STDERR_REDIRECT] [Fatal Error] :1:1: Premature end of file.
2025-10-30 14:04:16,235 [ERROR] LogOutputStream:75 - [STDERR_REDIRECT] 
2025-10-30 14:04:17,243 [ERROR] LogOutputStream:75 - [STDERR_REDIRECT] [Fatal Error] :1:1: Premature end of file.
2025-10-30 14:04:17,243 [ERROR] LogOutputStream:75 - [STDERR_REDIRECT] 
2025-10-30 14:04:18,238 [ERROR] LogOutputStream:75 - [STDERR_REDIRECT] [Fatal Error] :1:1: Premature end of file.
2025-10-30 14:04:18,238 [ERROR] LogOutputStream:75 - [STDERR_REDIRECT] 
2025-10-30 14:04:19,237 [ERROR] LogOutputStream:75 - [STDERR_REDIRECT] [Fatal Error] :1:1: Premature end of file.
2025-10-30 14:04:19,237 [ERROR] LogOutputStream:75 - [STDERR_REDIRECT] 
2025-10-30 14:04:20,243 [ERROR] LogOutputStream:75 - [STDERR_REDIRECT] [Fatal Error] :1:1: Premature end of file.
2025-10-30 14:04:20,243 [ERROR] LogOutputStream:75 - [STDERR_REDIRECT] 
2025-10-30 14:04:21,248 [ERROR] LogOutputStream:75 - [STDERR_REDIRECT] [Fatal Error] :1:1: Premature end of file.
2025-10-30 14:04:21,248 [ERROR] LogOutputStream:75 - [STDERR_REDIRECT] 
2025-10-30 14:04:22,234 [ERROR] LogOutputStream:75 - [STDERR_REDIRECT] [Fatal Error] :1:1: Premature end of file.
2025-10-30 14:04:22,234 [ERROR] LogOutputStream:75 - [STDERR_REDIRECT] 
2025-10-30 14:04:23,237 [ERROR] LogOutputStream:75 - [STDERR_REDIRECT] [Fatal Error] :1:1: Premature end of file.
2025-10-30 14:04:23,237 [ERROR] LogOutputStream:75 - [STDERR_REDIRECT] 
2025-10-30 14:04:24,242 [ERROR] LogOutputStream:75 - [STDERR_REDIRECT] [Fatal Error] :1:1: Premature end of file.
2025-10-30 14:04:24,242 [ERROR] LogOutputStream:75 - [STDERR_REDIRECT] 
2025-10-30 14:04:25,235 [ERROR] LogOutputStream:75 - [STDERR_REDIRECT] [Fatal Error] :1:1: Premature end of file.
2025-10-30 14:04:25,235 [ERROR] LogOutputStream:75 - [STDERR_REDIRECT] 
2025-10-30 14:04:26,237 [ERROR] LogOutputStream:75 - [STDERR_REDIRECT] [Fatal Error] :1:1: Premature end of file.
2025-10-30 14:04:26,237 [ERROR] LogOutputStream:75 - [STDERR_REDIRECT] 
2025-10-30 14:04:27,244 [ERROR] LogOutputStream:75 - [STDERR_REDIRECT] [Fatal Error] :1:1: Premature end of file.
2025-10-30 14:04:27,244 [ERROR] LogOutputStream:75 - [STDERR_REDIRECT] 
2025-10-30 14:04:28,246 [ERROR] LogOutputStream:75 - [STDERR_REDIRECT] [Fatal Error] :1:1: Premature end of file.
2025-10-30 14:04:28,246 [ERROR] LogOutputStream:75 - [STDERR_REDIRECT] 
2025-10-30 14:04:29,235 [ERROR] LogOutputStream:75 - [STDERR_REDIRECT] [Fatal Error] :1:1: Premature end of file.
2025-10-30 14:04:29,236 [ERROR] LogOutputStream:75 - [STDERR_REDIRECT] 
2025-10-30 14:04:30,256 [ERROR] LogOutputStream:75 - [STDERR_REDIRECT] [Fatal Error] :1:1: Premature end of file.
2025-10-30 14:04:30,256 [ERROR] LogOutputStream:75 - [STDERR_REDIRECT] 
2025-10-30 14:04:31,247 [ERROR] LogOutputStream:75 - [STDERR_REDIRECT] [Fatal Error] :1:1: Premature end of file.
2025-10-30 14:04:31,247 [ERROR] LogOutputStream:75 - [STDERR_REDIRECT] 
2025-10-30 14:04:32,240 [ERROR] LogOutputStream:75 - [STDERR_REDIRECT] [Fatal Error] :1:1: Premature end of file.
2025-10-30 14:04:32,240 [ERROR] LogOutputStream:75 - [STDERR_REDIRECT] 
2025-10-30 14:04:33,243 [ERROR] LogOutputStream:75 - [STDERR_REDIRECT] [Fatal Error] :1:1: Premature end of file.
2025-10-30 14:04:33,244 [ERROR] LogOutputStream:75 - [STDERR_REDIRECT] 
2025-10-30 14:04:34,235 [ERROR] LogOutputStream:75 - [STDERR_REDIRECT] [Fatal Error] :1:1: Premature end of file.
2025-10-30 14:04:34,235 [ERROR] LogOutputStream:75 - [STDERR_REDIRECT] 
2025-10-30 14:04:35,238 [ERROR] LogOutputStream:75 - [STDERR_REDIRECT] [Fatal Error] :1:1: Premature end of file.
2025-10-30 14:04:35,238 [ERROR] LogOutputStream:75 - [STDERR_REDIRECT] 
2025-10-30 14:04:36,239 [ERROR] LogOutputStream:75 - [STDERR_REDIRECT] [Fatal Error] :1:1: Premature end of file.
2025-10-30 14:04:36,240 [ERROR] LogOutputStream:75 - [STDERR_REDIRECT] 
2025-10-30 14:04:37,251 [ERROR] LogOutputStream:75 - [STDERR_REDIRECT] [Fatal Error] :1:1: Premature end of file.
2025-10-30 14:04:37,251 [ERROR] LogOutputStream:75 - [STDERR_REDIRECT] 
2025-10-30 14:04:38,245 [ERROR] LogOutputStream:75 - [STDERR_REDIRECT] [Fatal Error] :1:1: Premature end of file.
2025-10-30 14:04:38,245 [ERROR] LogOutputStream:75 - [STDERR_REDIRECT] 
2025-10-30 14:04:39,237 [ERROR] LogOutputStream:75 - [STDERR_REDIRECT] [Fatal Error] :1:1: Premature end of file.
2025-10-30 14:04:39,237 [ERROR] LogOutputStream:75 - [STDERR_REDIRECT] 
2025-10-30 14:04:40,238 [ERROR] LogOutputStream:75 - [STDERR_REDIRECT] [Fatal Error] :1:1: Premature end of file.
2025-10-30 14:04:40,238 [ERROR] LogOutputStream:75 - [STDERR_REDIRECT] 
2025-10-30 14:04:41,242 [ERROR] LogOutputStream:75 - [STDERR_REDIRECT] [Fatal Error] :1:1: Premature end of file.
2025-10-30 14:04:41,243 [ERROR] LogOutputStream:75 - [STDERR_REDIRECT] 
2025-10-30 14:04:42,247 [ERROR] LogOutputStream:75 - [STDERR_REDIRECT] [Fatal Error] :1:1: Premature end of file.
2025-10-30 14:04:42,247 [ERROR] LogOutputStream:75 - [STDERR_REDIRECT] 
2025-10-30 14:04:43,243 [ERROR] LogOutputStream:75 - [STDERR_REDIRECT] [Fatal Error] :1:1: Premature end of file.
2025-10-30 14:04:43,244 [ERROR] LogOutputStream:75 - [STDERR_REDIRECT] 
2025-10-30 14:04:44,252 [ERROR] LogOutputStream:75 - [STDERR_REDIRECT] [Fatal Error] :1:1: Premature end of file.
2025-10-30 14:04:44,252 [ERROR] LogOutputStream:75 - [STDERR_REDIRECT] 
2025-10-30 14:04:45,244 [ERROR] LogOutputStream:75 - [STDERR_REDIRECT] [Fatal Error] :1:1: Premature end of file.
2025-10-30 14:04:45,244 [ERROR] LogOutputStream:75 - [STDERR_REDIRECT] 
2025-10-30 14:04:46,240 [ERROR] LogOutputStream:75 - [STDERR_REDIRECT] [Fatal Error] :1:1: Premature end of file.
2025-10-30 14:04:46,241 [ERROR] LogOutputStream:75 - [STDERR_REDIRECT] 
2025-10-30 14:04:47,240 [ERROR] LogOutputStream:75 - [STDERR_REDIRECT] [Fatal Error] :1:1: Premature end of file.
2025-10-30 14:04:47,241 [ERROR] LogOutputStream:75 - [STDERR_REDIRECT] 
2025-10-30 14:04:48,242 [ERROR] LogOutputStream:75 - [STDERR_REDIRECT] [Fatal Error] :1:1: Premature end of file.
2025-10-30 14:04:48,242 [ERROR] LogOutputStream:75 - [STDERR_REDIRECT] 
2025-10-30 14:04:49,243 [ERROR] LogOutputStream:75 - [STDERR_REDIRECT] [Fatal Error] :1:1: Premature end of file.
2025-10-30 14:04:49,243 [ERROR] LogOutputStream:75 - [STDERR_REDIRECT] 
2025-10-30 14:04:50,243 [ERROR] LogOutputStream:75 - [STDERR_REDIRECT] [Fatal Error] :1:1: Premature end of file.
2025-10-30 14:04:50,243 [ERROR] LogOutputStream:75 - [STDERR_REDIRECT] 
2025-10-30 14:04:51,253 [ERROR] LogOutputStream:75 - [STDERR_REDIRECT] [Fatal Error] :1:1: Premature end of file.
2025-10-30 14:04:51,254 [ERROR] LogOutputStream:75 - [STDERR_REDIRECT] 
2025-10-30 14:04:52,244 [ERROR] LogOutputStream:75 - [STDERR_REDIRECT] [Fatal Error] :1:1: Premature end of file.
2025-10-30 14:04:52,244 [ERROR] LogOutputStream:75 - [STDERR_REDIRECT] 
2025-10-30 14:04:53,241 [ERROR] LogOutputStream:75 - [STDERR_REDIRECT] [Fatal Error] :1:1: Premature end of file.
2025-10-30 14:04:53,242 [ERROR] LogOutputStream:75 - [STDERR_REDIRECT] 
2025-10-30 14:04:54,249 [ERROR] LogOutputStream:75 - [STDERR_REDIRECT] [Fatal Error] :1:1: Premature end of file.
2025-10-30 14:04:54,249 [ERROR] LogOutputStream:75 - [STDERR_REDIRECT] 
2025-10-30 14:04:55,247 [ERROR] LogOutputStream:75 - [STDERR_REDIRECT] [Fatal Error] :1:1: Premature end of file.
2025-10-30 14:04:55,247 [ERROR] LogOutputStream:75 - [STDERR_REDIRECT] 
2025-10-30 14:04:56,236 [ERROR] LogOutputStream:75 - [STDERR_REDIRECT] [Fatal Error] :1:1: Premature end of file.
2025-10-30 14:04:56,236 [ERROR] LogOutputStream:75 - [STDERR_REDIRECT] 
2025-10-30 14:04:57,239 [ERROR] LogOutputStream:75 - [STDERR_REDIRECT] [Fatal Error] :1:1: Premature end of file.
2025-10-30 14:04:57,240 [ERROR] LogOutputStream:75 - [STDERR_REDIRECT] 
2025-10-30 14:04:58,247 [ERROR] LogOutputStream:75 - [STDERR_REDIRECT] [Fatal Error] :1:1: Premature end of file.
2025-10-30 14:04:58,247 [ERROR] LogOutputStream:75 - [STDERR_REDIRECT] 
2025-10-30 14:04:59,242 [ERROR] LogOutputStream:75 - [STDERR_REDIRECT] [Fatal Error] :1:1: Premature end of file.
2025-10-30 14:04:59,243 [ERROR] LogOutputStream:75 - [STDERR_REDIRECT] 
2025-10-30 14:05:00,243 [ERROR] LogOutputStream:75 - [STDERR_REDIRECT] [Fatal Error] :1:1: Premature end of file.
2025-10-30 14:05:00,243 [ERROR] LogOutputStream:75 - [STDERR_REDIRECT] 
2025-10-30 14:05:01,237 [ERROR] LogOutputStream:75 - [STDERR_REDIRECT] [Fatal Error] :1:1: Premature end of file.
2025-10-30 14:05:01,237 [ERROR] LogOutputStream:75 - [STDERR_REDIRECT] 
2025-10-30 14:05:02,242 [ERROR] LogOutputStream:75 - [STDERR_REDIRECT] [Fatal Error] :1:1: Premature end of file.
2025-10-30 14:05:02,242 [ERROR] LogOutputStream:75 - [STDERR_REDIRECT] 
2025-10-30 14:05:03,247 [ERROR] LogOutputStream:75 - [STDERR_REDIRECT] [Fatal Error] :1:1: Premature end of file.
2025-10-30 14:05:03,248 [ERROR] LogOutputStream:75 - [STDERR_REDIRECT] 
2025-10-30 14:05:04,248 [ERROR] LogOutputStream:75 - [STDERR_REDIRECT] [Fatal Error] :1:1: Premature end of file.
2025-10-30 14:05:04,248 [ERROR] LogOutputStream:75 - [STDERR_REDIRECT] 
2025-10-30 14:05:05,253 [ERROR] LogOutputStream:75 - [STDERR_REDIRECT] [Fatal Error] :1:1: Premature end of file.
2025-10-30 14:05:05,253 [ERROR] LogOutputStream:75 - [STDERR_REDIRECT] 
2025-10-30 14:05:06,326 [ERROR] LogOutputStream:75 - [STDERR_REDIRECT] [Fatal Error] :1:1: Premature end of file.
2025-10-30 14:05:06,326 [ERROR] LogOutputStream:75 - [STDERR_REDIRECT] 
2025-10-30 14:05:07,248 [ERROR] LogOutputStream:75 - [STDERR_REDIRECT] [Fatal Error] :1:1: Premature end of file.
2025-10-30 14:05:07,248 [ERROR] LogOutputStream:75 - [STDERR_REDIRECT] 
2025-10-30 14:05:08,248 [ERROR] LogOutputStream:75 - [STDERR_REDIRECT] [Fatal Error] :1:1: Premature end of file.
2025-10-30 14:05:08,248 [ERROR] LogOutputStream:75 - [STDERR_REDIRECT] 
2025-10-30 14:05:09,246 [ERROR] LogOutputStream:75 - [STDERR_REDIRECT] [Fatal Error] :1:1: Premature end of file.
2025-10-30 14:05:09,246 [ERROR] LogOutputStream:75 - [STDERR_REDIRECT] 
2025-10-30 14:05:10,277 [ERROR] LogOutputStream:75 - [STDERR_REDIRECT] [Fatal Error] :1:1: Premature end of file.
2025-10-30 14:05:10,277 [ERROR] LogOutputStream:75 - [STDERR_REDIRECT] 
2025-10-30 14:05:11,242 [ERROR] LogOutputStream:75 - [STDERR_REDIRECT] [Fatal Error] :1:1: Premature end of file.
2025-10-30 14:05:11,242 [ERROR] LogOutputStream:75 - [STDERR_REDIRECT] 
2025-10-30 14:05:12,254 [ERROR] LogOutputStream:75 - [STDERR_REDIRECT] [Fatal Error] :1:1: Premature end of file.
2025-10-30 14:05:12,254 [ERROR] LogOutputStream:75 - [STDERR_REDIRECT] 
2025-10-30 14:05:13,249 [ERROR] LogOutputStream:75 - [STDERR_REDIRECT] [Fatal Error] :1:1: Premature end of file.
2025-10-30 14:05:13,249 [ERROR] LogOutputStream:75 - [STDERR_REDIRECT] 
2025-10-30 14:05:14,237 [ERROR] LogOutputStream:75 - [STDERR_REDIRECT] [Fatal Error] :1:1: Premature end of file.
2025-10-30 14:05:14,237 [ERROR] LogOutputStream:75 - [STDERR_REDIRECT] 
2025-10-30 14:05:15,248 [ERROR] LogOutputStream:75 - [STDERR_REDIRECT] [Fatal Error] :1:1: Premature end of file.
2025-10-30 14:05:15,248 [ERROR] LogOutputStream:75 - [STDERR_REDIRECT] 
2025-10-30 14:05:16,245 [ERROR] LogOutputStream:75 - [STDERR_REDIRECT] [Fatal Error] :1:1: Premature end of file.
2025-10-30 14:05:16,245 [ERROR] LogOutputStream:75 - [STDERR_REDIRECT] 
2025-10-30 14:05:17,236 [ERROR] LogOutputStream:75 - [STDERR_REDIRECT] [Fatal Error] :1:1: Premature end of file.
2025-10-30 14:05:17,237 [ERROR] LogOutputStream:75 - [STDERR_REDIRECT] 
2025-10-30 14:05:18,237 [ERROR] LogOutputStream:75 - [STDERR_REDIRECT] [Fatal Error] :1:1: Premature end of file.
2025-10-30 14:05:18,238 [ERROR] LogOutputStream:75 - [STDERR_REDIRECT] 
2025-10-30 14:05:19,237 [ERROR] LogOutputStream:75 - [STDERR_REDIRECT] [Fatal Error] :1:1: Premature end of file.
2025-10-30 14:05:19,237 [ERROR] LogOutputStream:75 - [STDERR_REDIRECT] 
2025-10-30 14:05:20,248 [ERROR] LogOutputStream:75 - [STDERR_REDIRECT] [Fatal Error] :1:1: Premature end of file.
2025-10-30 14:05:20,248 [ERROR] LogOutputStream:75 - [STDERR_REDIRECT] 
2025-10-30 14:05:21,235 [ERROR] LogOutputStream:75 - [STDERR_REDIRECT] [Fatal Error] :1:1: Premature end of file.
2025-10-30 14:05:21,235 [ERROR] LogOutputStream:75 - [STDERR_REDIRECT] 
2025-10-30 14:05:22,247 [ERROR] LogOutputStream:75 - [STDERR_REDIRECT] [Fatal Error] :1:1: Premature end of file.
2025-10-30 14:05:22,247 [ERROR] LogOutputStream:75 - [STDERR_REDIRECT] 
2025-10-30 14:05:23,246 [ERROR] LogOutputStream:75 - [STDERR_REDIRECT] [Fatal Error] :1:1: Premature end of file.
2025-10-30 14:05:23,247 [ERROR] LogOutputStream:75 - [STDERR_REDIRECT] 
2025-10-30 14:05:24,250 [ERROR] LogOutputStream:75 - [STDERR_REDIRECT] [Fatal Error] :1:1: Premature end of file.
2025-10-30 14:05:24,250 [ERROR] LogOutputStream:75 - [STDERR_REDIRECT] 
2025-10-30 14:05:25,256 [ERROR] LogOutputStream:75 - [STDERR_REDIRECT] [Fatal Error] :1:1: Premature end of file.
2025-10-30 14:05:25,256 [ERROR] LogOutputStream:75 - [STDERR_REDIRECT] 
2025-10-30 14:05:26,238 [ERROR] LogOutputStream:75 - [STDERR_REDIRECT] [Fatal Error] :1:1: Premature end of file.
2025-10-30 14:05:26,238 [ERROR] LogOutputStream:75 - [STDERR_REDIRECT] 
2025-10-30 14:05:27,245 [ERROR] LogOutputStream:75 - [STDERR_REDIRECT] [Fatal Error] :1:1: Premature end of file.
2025-10-30 14:05:27,246 [ERROR] LogOutputStream:75 - [STDERR_REDIRECT] 
2025-10-30 14:05:28,238 [ERROR] LogOutputStream:75 - [STDERR_REDIRECT] [Fatal Error] :1:1: Premature end of file.
2025-10-30 14:05:28,238 [ERROR] LogOutputStream:75 - [STDERR_REDIRECT] 
2025-10-30 14:05:29,236 [ERROR] LogOutputStream:75 - [STDERR_REDIRECT] [Fatal Error] :1:1: Premature end of file.
2025-10-30 14:05:29,236 [ERROR] LogOutputStream:75 - [STDERR_REDIRECT] 
2025-10-30 14:05:30,250 [ERROR] LogOutputStream:75 - [STDERR_REDIRECT] [Fatal Error] :1:1: Premature end of file.
2025-10-30 14:05:30,250 [ERROR] LogOutputStream:75 - [STDERR_REDIRECT] 
2025-10-30 14:05:31,238 [ERROR] LogOutputStream:75 - [STDERR_REDIRECT] [Fatal Error] :1:1: Premature end of file.
2025-10-30 14:05:31,238 [ERROR] LogOutputStream:75 - [STDERR_REDIRECT] 
2025-10-30 14:05:32,238 [ERROR] LogOutputStream:75 - [STDERR_REDIRECT] [Fatal Error] :1:1: Premature end of file.
2025-10-30 14:05:32,238 [ERROR] LogOutputStream:75 - [STDERR_REDIRECT] 
2025-10-30 14:05:33,239 [ERROR] LogOutputStream:75 - [STDERR_REDIRECT] [Fatal Error] :1:1: Premature end of file.
2025-10-30 14:05:33,240 [ERROR] LogOutputStream:75 - [STDERR_REDIRECT] 
2025-10-30 14:05:34,246 [ERROR] LogOutputStream:75 - [STDERR_REDIRECT] [Fatal Error] :1:1: Premature end of file.
2025-10-30 14:05:34,246 [ERROR] LogOutputStream:75 - [STDERR_REDIRECT] 
2025-10-30 14:05:35,238 [ERROR] LogOutputStream:75 - [STDERR_REDIRECT] [Fatal Error] :1:1: Premature end of file.
2025-10-30 14:05:35,238 [ERROR] LogOutputStream:75 - [STDERR_REDIRECT] 
2025-10-30 14:05:36,237 [ERROR] LogOutputStream:75 - [STDERR_REDIRECT] [Fatal Error] :1:1: Premature end of file.
2025-10-30 14:05:36,237 [ERROR] LogOutputStream:75 - [STDERR_REDIRECT] 
2025-10-30 14:05:37,233 [ERROR] LogOutputStream:75 - [STDERR_REDIRECT] [Fatal Error] :1:1: Premature end of file.
2025-10-30 14:05:37,234 [ERROR] LogOutputStream:75 - [STDERR_REDIRECT] 
2025-10-30 14:05:38,234 [ERROR] LogOutputStream:75 - [STDERR_REDIRECT] [Fatal Error] :1:1: Premature end of file.
2025-10-30 14:05:38,235 [ERROR] LogOutputStream:75 - [STDERR_REDIRECT] 
2025-10-30 14:05:39,236 [ERROR] LogOutputStream:75 - [STDERR_REDIRECT] [Fatal Error] :1:1: Premature end of file.
2025-10-30 14:05:39,236 [ERROR] LogOutputStream:75 - [STDERR_REDIRECT] 
2025-10-30 14:05:40,255 [ERROR] LogOutputStream:75 - [STDERR_REDIRECT] [Fatal Error] :1:1: Premature end of file.
2025-10-30 14:05:40,255 [ERROR] LogOutputStream:75 - [STDERR_REDIRECT] 
2025-10-30 14:05:41,246 [ERROR] LogOutputStream:75 - [STDERR_REDIRECT] [Fatal Error] :1:1: Premature end of file.
2025-10-30 14:05:41,246 [ERROR] LogOutputStream:75 - [STDERR_REDIRECT] 
2025-10-30 14:05:42,250 [ERROR] LogOutputStream:75 - [STDERR_REDIRECT] [Fatal Error] :1:1: Premature end of file.
2025-10-30 14:05:42,250 [ERROR] LogOutputStream:75 - [STDERR_REDIRECT] 
2025-10-30 14:05:43,240 [ERROR] LogOutputStream:75 - [STDERR_REDIRECT] [Fatal Error] :1:1: Premature end of file.
2025-10-30 14:05:43,240 [ERROR] LogOutputStream:75 - [STDERR_REDIRECT] 
2025-10-30 14:05:44,244 [ERROR] LogOutputStream:75 - [STDERR_REDIRECT] [Fatal Error] :1:1: Premature end of file.
2025-10-30 14:05:44,244 [ERROR] LogOutputStream:75 - [STDERR_REDIRECT] 
2025-10-30 14:05:45,259 [ERROR] LogOutputStream:75 - [STDERR_REDIRECT] [Fatal Error] :1:1: Premature end of file.
2025-10-30 14:05:45,260 [ERROR] LogOutputStream:75 - [STDERR_REDIRECT] 
2025-10-30 14:05:46,272 [ERROR] LogOutputStream:75 - [STDERR_REDIRECT] [Fatal Error] :1:1: Premature end of file.
2025-10-30 14:05:46,273 [ERROR] LogOutputStream:75 - [STDERR_REDIRECT] 
2025-10-30 14:05:47,253 [ERROR] LogOutputStream:75 - [STDERR_REDIRECT] [Fatal Error] :1:1: Premature end of file.
2025-10-30 14:05:47,253 [ERROR] LogOutputStream:75 - [STDERR_REDIRECT] 
2025-10-30 14:05:48,256 [ERROR] LogOutputStream:75 - [STDERR_REDIRECT] [Fatal Error] :1:1: Premature end of file.
2025-10-30 14:05:48,257 [ERROR] LogOutputStream:75 - [STDERR_REDIRECT] 
2025-10-30 14:05:49,245 [ERROR] LogOutputStream:75 - [STDERR_REDIRECT] [Fatal Error] :1:1: Premature end of file.
2025-10-30 14:05:49,246 [ERROR] LogOutputStream:75 - [STDERR_REDIRECT] 
2025-10-30 14:05:50,256 [ERROR] LogOutputStream:75 - [STDERR_REDIRECT] [Fatal Error] :1:1: Premature end of file.
2025-10-30 14:05:50,256 [ERROR] LogOutputStream:75 - [STDERR_REDIRECT] 
2025-10-30 14:05:51,279 [ERROR] LogOutputStream:75 - [STDERR_REDIRECT] [Fatal Error] :1:1: Premature end of file.
2025-10-30 14:05:51,279 [ERROR] LogOutputStream:75 - [STDERR_REDIRECT] 
2025-10-30 14:05:52,248 [ERROR] LogOutputStream:75 - [STDERR_REDIRECT] [Fatal Error] :1:1: Premature end of file.
2025-10-30 14:05:52,248 [ERROR] LogOutputStream:75 - [STDERR_REDIRECT] 
2025-10-30 14:05:53,255 [ERROR] LogOutputStream:75 - [STDERR_REDIRECT] [Fatal Error] :1:1: Premature end of file.
2025-10-30 14:05:53,255 [ERROR] LogOutputStream:75 - [STDERR_REDIRECT] 
2025-10-30 14:05:54,258 [ERROR] LogOutputStream:75 - [STDERR_REDIRECT] [Fatal Error] :1:1: Premature end of file.
2025-10-30 14:05:54,258 [ERROR] LogOutputStream:75 - [STDERR_REDIRECT] 
2025-10-30 14:05:55,251 [ERROR] LogOutputStream:75 - [STDERR_REDIRECT] [Fatal Error] :1:1: Premature end of file.
2025-10-30 14:05:55,251 [ERROR] LogOutputStream:75 - [STDERR_REDIRECT] 
2025-10-30 14:05:56,238 [ERROR] LogOutputStream:75 - [STDERR_REDIRECT] [Fatal Error] :1:1: Premature end of file.
2025-10-30 14:05:56,238 [ERROR] LogOutputStream:75 - [STDERR_REDIRECT] 
2025-10-30 14:05:57,237 [ERROR] LogOutputStream:75 - [STDERR_REDIRECT] [Fatal Error] :1:1: Premature end of file.
2025-10-30 14:05:57,238 [ERROR] LogOutputStream:75 - [STDERR_REDIRECT] 
2025-10-30 14:05:58,235 [ERROR] LogOutputStream:75 - [STDERR_REDIRECT] [Fatal Error] :1:1: Premature end of file.
2025-10-30 14:05:58,235 [ERROR] LogOutputStream:75 - [STDERR_REDIRECT] 
2025-10-30 14:05:59,249 [ERROR] LogOutputStream:75 - [STDERR_REDIRECT] [Fatal Error] :1:1: Premature end of file.
2025-10-30 14:05:59,249 [ERROR] LogOutputStream:75 - [STDERR_REDIRECT] 
2025-10-30 14:06:00,245 [ERROR] LogOutputStream:75 - [STDERR_REDIRECT] [Fatal Error] :1:1: Premature end of file.
2025-10-30 14:06:00,245 [ERROR] LogOutputStream:75 - [STDERR_REDIRECT] 
2025-10-30 14:06:01,256 [ERROR] LogOutputStream:75 - [STDERR_REDIRECT] [Fatal Error] :1:1: Premature end of file.
2025-10-30 14:06:01,256 [ERROR] LogOutputStream:75 - [STDERR_REDIRECT] 
2025-10-30 14:06:02,243 [ERROR] LogOutputStream:75 - [STDERR_REDIRECT] [Fatal Error] :1:1: Premature end of file.
2025-10-30 14:06:02,243 [ERROR] LogOutputStream:75 - [STDERR_REDIRECT] 
2025-10-30 14:06:03,239 [ERROR] LogOutputStream:75 - [STDERR_REDIRECT] [Fatal Error] :1:1: Premature end of file.
2025-10-30 14:06:03,239 [ERROR] LogOutputStream:75 - [STDERR_REDIRECT] 
2025-10-30 14:06:04,243 [ERROR] LogOutputStream:75 - [STDERR_REDIRECT] [Fatal Error] :1:1: Premature end of file.
2025-10-30 14:06:04,243 [ERROR] LogOutputStream:75 - [STDERR_REDIRECT] 
2025-10-30 14:06:05,247 [ERROR] LogOutputStream:75 - [STDERR_REDIRECT] [Fatal Error] :1:1: Premature end of file.
2025-10-30 14:06:05,247 [ERROR] LogOutputStream:75 - [STDERR_REDIRECT] 
2025-10-30 14:06:06,246 [ERROR] LogOutputStream:75 - [STDERR_REDIRECT] [Fatal Error] :1:1: Premature end of file.
2025-10-30 14:06:06,247 [ERROR] LogOutputStream:75 - [STDERR_REDIRECT] 
2025-10-30 14:06:07,246 [ERROR] LogOutputStream:75 - [STDERR_REDIRECT] [Fatal Error] :1:1: Premature end of file.
2025-10-30 14:06:07,246 [ERROR] LogOutputStream:75 - [STDERR_REDIRECT] 
2025-10-30 14:06:08,256 [ERROR] LogOutputStream:75 - [STDERR_REDIRECT] [Fatal Error] :1:1: Premature end of file.
2025-10-30 14:06:08,256 [ERROR] LogOutputStream:75 - [STDERR_REDIRECT] 
2025-10-30 14:06:09,243 [ERROR] LogOutputStream:75 - [STDERR_REDIRECT] [Fatal Error] :1:1: Premature end of file.
2025-10-30 14:06:09,243 [ERROR] LogOutputStream:75 - [STDERR_REDIRECT] 
2025-10-30 14:06:10,263 [ERROR] LogOutputStream:75 - [STDERR_REDIRECT] [Fatal Error] :1:1: Premature end of file.
2025-10-30 14:06:10,263 [ERROR] LogOutputStream:75 - [STDERR_REDIRECT] 
2025-10-30 14:06:11,241 [ERROR] LogOutputStream:75 - [STDERR_REDIRECT] [Fatal Error] :1:1: Premature end of file.
2025-10-30 14:06:11,241 [ERROR] LogOutputStream:75 - [STDERR_REDIRECT] 
2025-10-30 14:06:12,241 [ERROR] LogOutputStream:75 - [STDERR_REDIRECT] [Fatal Error] :1:1: Premature end of file.
2025-10-30 14:06:12,241 [ERROR] LogOutputStream:75 - [STDERR_REDIRECT] 
2025-10-30 14:06:13,237 [ERROR] LogOutputStream:75 - [STDERR_REDIRECT] [Fatal Error] :1:1: Premature end of file.
2025-10-30 14:06:13,237 [ERROR] LogOutputStream:75 - [STDERR_REDIRECT] 
2025-10-30 14:06:14,236 [ERROR] LogOutputStream:75 - [STDERR_REDIRECT] [Fatal Error] :1:1: Premature end of file.
2025-10-30 14:06:14,236 [ERROR] LogOutputStream:75 - [STDERR_REDIRECT] 
2025-10-30 14:06:15,238 [ERROR] LogOutputStream:75 - [STDERR_REDIRECT] [Fatal Error] :1:1: Premature end of file.
2025-10-30 14:06:15,239 [ERROR] LogOutputStream:75 - [STDERR_REDIRECT] 
2025-10-30 14:06:16,243 [ERROR] LogOutputStream:75 - [STDERR_REDIRECT] [Fatal Error] :1:1: Premature end of file.
2025-10-30 14:06:16,243 [ERROR] LogOutputStream:75 - [STDERR_REDIRECT] 
2025-10-30 14:06:17,236 [ERROR] LogOutputStream:75 - [STDERR_REDIRECT] [Fatal Error] :1:1: Premature end of file.
2025-10-30 14:06:17,237 [ERROR] LogOutputStream:75 - [STDERR_REDIRECT] 
2025-10-30 14:06:18,238 [ERROR] LogOutputStream:75 - [STDERR_REDIRECT] [Fatal Error] :1:1: Premature end of file.
2025-10-30 14:06:18,238 [ERROR] LogOutputStream:75 - [STDERR_REDIRECT] 
2025-10-30 14:06:19,238 [ERROR] LogOutputStream:75 - [STDERR_REDIRECT] [Fatal Error] :1:1: Premature end of file.
2025-10-30 14:06:19,238 [ERROR] LogOutputStream:75 - [STDERR_REDIRECT] 
2025-10-30 14:06:20,237 [ERROR] LogOutputStream:75 - [STDERR_REDIRECT] [Fatal Error] :1:1: Premature end of file.
2025-10-30 14:06:20,237 [ERROR] LogOutputStream:75 - [STDERR_REDIRECT] 
2025-10-30 14:06:21,241 [ERROR] LogOutputStream:75 - [STDERR_REDIRECT] [Fatal Error] :1:1: Premature end of file.
2025-10-30 14:06:21,242 [ERROR] LogOutputStream:75 - [STDERR_REDIRECT] 
2025-10-30 14:06:22,253 [ERROR] LogOutputStream:75 - [STDERR_REDIRECT] [Fatal Error] :1:1: Premature end of file.
2025-10-30 14:06:22,253 [ERROR] LogOutputStream:75 - [STDERR_REDIRECT] 
2025-10-30 14:06:23,247 [ERROR] LogOutputStream:75 - [STDERR_REDIRECT] [Fatal Error] :1:1: Premature end of file.
2025-10-30 14:06:23,247 [ERROR] LogOutputStream:75 - [STDERR_REDIRECT] 
2025-10-30 14:06:24,240 [ERROR] LogOutputStream:75 - [STDERR_REDIRECT] [Fatal Error] :1:1: Premature end of file.
2025-10-30 14:06:24,240 [ERROR] LogOutputStream:75 - [STDERR_REDIRECT] 
2025-10-30 14:06:25,236 [ERROR] LogOutputStream:75 - [STDERR_REDIRECT] [Fatal Error] :1:1: Premature end of file.
2025-10-30 14:06:25,236 [ERROR] LogOutputStream:75 - [STDERR_REDIRECT] 
2025-10-30 14:06:26,238 [ERROR] LogOutputStream:75 - [STDERR_REDIRECT] [Fatal Error] :1:1: Premature end of file.
2025-10-30 14:06:26,238 [ERROR] LogOutputStream:75 - [STDERR_REDIRECT] 
2025-10-30 14:06:27,237 [ERROR] LogOutputStream:75 - [STDERR_REDIRECT] [Fatal Error] :1:1: Premature end of file.
2025-10-30 14:06:27,237 [ERROR] LogOutputStream:75 - [STDERR_REDIRECT] 
2025-10-30 14:06:28,243 [ERROR] LogOutputStream:75 - [STDERR_REDIRECT] [Fatal Error] :1:1: Premature end of file.
2025-10-30 14:06:28,243 [ERROR] LogOutputStream:75 - [STDERR_REDIRECT] 
2025-10-30 14:06:29,236 [ERROR] LogOutputStream:75 - [STDERR_REDIRECT] [Fatal Error] :1:1: Premature end of file.
2025-10-30 14:06:29,237 [ERROR] LogOutputStream:75 - [STDERR_REDIRECT] 
2025-10-30 14:06:30,249 [ERROR] LogOutputStream:75 - [STDERR_REDIRECT] [Fatal Error] :1:1: Premature end of file.
2025-10-30 14:06:30,249 [ERROR] LogOutputStream:75 - [STDERR_REDIRECT] 
2025-10-30 14:06:31,244 [ERROR] LogOutputStream:75 - [STDERR_REDIRECT] [Fatal Error] :1:1: Premature end of file.
2025-10-30 14:06:31,244 [ERROR] LogOutputStream:75 - [STDERR_REDIRECT] 
2025-10-30 14:06:32,235 [ERROR] LogOutputStream:75 - [STDERR_REDIRECT] [Fatal Error] :1:1: Premature end of file.
2025-10-30 14:06:32,235 [ERROR] LogOutputStream:75 - [STDERR_REDIRECT] 
2025-10-30 14:06:33,237 [ERROR] LogOutputStream:75 - [STDERR_REDIRECT] [Fatal Error] :1:1: Premature end of file.
2025-10-30 14:06:33,237 [ERROR] LogOutputStream:75 - [STDERR_REDIRECT] 
2025-10-30 14:06:34,247 [ERROR] LogOutputStream:75 - [STDERR_REDIRECT] [Fatal Error] :1:1: Premature end of file.
2025-10-30 14:06:34,248 [ERROR] LogOutputStream:75 - [STDERR_REDIRECT] 
2025-10-30 14:06:35,253 [ERROR] LogOutputStream:75 - [STDERR_REDIRECT] [Fatal Error] :1:1: Premature end of file.
2025-10-30 14:06:35,253 [ERROR] LogOutputStream:75 - [STDERR_REDIRECT] 
2025-10-30 14:06:36,257 [ERROR] LogOutputStream:75 - [STDERR_REDIRECT] [Fatal Error] :1:1: Premature end of file.
2025-10-30 14:06:36,257 [ERROR] LogOutputStream:75 - [STDERR_REDIRECT] 
2025-10-30 14:06:37,248 [ERROR] LogOutputStream:75 - [STDERR_REDIRECT] [Fatal Error] :1:1: Premature end of file.
2025-10-30 14:06:37,248 [ERROR] LogOutputStream:75 - [STDERR_REDIRECT] 
2025-10-30 14:06:38,234 [ERROR] LogOutputStream:75 - [STDERR_REDIRECT] [Fatal Error] :1:1: Premature end of file.
2025-10-30 14:06:38,234 [ERROR] LogOutputStream:75 - [STDERR_REDIRECT] 
2025-10-30 14:06:39,241 [ERROR] LogOutputStream:75 - [STDERR_REDIRECT] [Fatal Error] :1:1: Premature end of file.
2025-10-30 14:06:39,243 [ERROR] LogOutputStream:75 - [STDERR_REDIRECT] 
2025-10-30 14:06:40,247 [ERROR] LogOutputStream:75 - [STDERR_REDIRECT] [Fatal Error] :1:1: Premature end of file.
2025-10-30 14:06:40,247 [ERROR] LogOutputStream:75 - [STDERR_REDIRECT] 
2025-10-30 14:06:41,242 [ERROR] LogOutputStream:75 - [STDERR_REDIRECT] [Fatal Error] :1:1: Premature end of file.
2025-10-30 14:06:41,242 [ERROR] LogOutputStream:75 - [STDERR_REDIRECT] 
2025-10-30 14:06:42,246 [ERROR] LogOutputStream:75 - [STDERR_REDIRECT] [Fatal Error] :1:1: Premature end of file.
2025-10-30 14:06:42,246 [ERROR] LogOutputStream:75 - [STDERR_REDIRECT] 
2025-10-30 14:06:43,258 [ERROR] LogOutputStream:75 - [STDERR_REDIRECT] [Fatal Error] :1:1: Premature end of file.
2025-10-30 14:06:43,258 [ERROR] LogOutputStream:75 - [STDERR_REDIRECT] 
2025-10-30 14:06:44,244 [ERROR] LogOutputStream:75 - [STDERR_REDIRECT] [Fatal Error] :1:1: Premature end of file.
2025-10-30 14:06:44,244 [ERROR] LogOutputStream:75 - [STDERR_REDIRECT] 
2025-10-30 14:06:45,248 [ERROR] LogOutputStream:75 - [STDERR_REDIRECT] [Fatal Error] :1:1: Premature end of file.
2025-10-30 14:06:45,248 [ERROR] LogOutputStream:75 - [STDERR_REDIRECT] 
2025-10-30 14:06:46,243 [ERROR] LogOutputStream:75 - [STDERR_REDIRECT] [Fatal Error] :1:1: Premature end of file.
2025-10-30 14:06:46,244 [ERROR] LogOutputStream:75 - [STDERR_REDIRECT] 
2025-10-30 14:06:47,244 [ERROR] LogOutputStream:75 - [STDERR_REDIRECT] [Fatal Error] :1:1: Premature end of file.
2025-10-30 14:06:47,244 [ERROR] LogOutputStream:75 - [STDERR_REDIRECT] 
2025-10-30 14:06:48,244 [ERROR] LogOutputStream:75 - [STDERR_REDIRECT] [Fatal Error] :1:1: Premature end of file.
2025-10-30 14:06:48,244 [ERROR] LogOutputStream:75 - [STDERR_REDIRECT] 
2025-10-30 14:06:49,245 [ERROR] LogOutputStream:75 - [STDERR_REDIRECT] [Fatal Error] :1:1: Premature end of file.
2025-10-30 14:06:49,245 [ERROR] LogOutputStream:75 - [STDERR_REDIRECT] 
2025-10-30 14:06:50,251 [ERROR] LogOutputStream:75 - [STDERR_REDIRECT] [Fatal Error] :1:1: Premature end of file.
2025-10-30 14:06:50,252 [ERROR] LogOutputStream:75 - [STDERR_REDIRECT] 
2025-10-30 14:06:51,249 [ERROR] LogOutputStream:75 - [STDERR_REDIRECT] [Fatal Error] :1:1: Premature end of file.
2025-10-30 14:06:51,249 [ERROR] LogOutputStream:75 - [STDERR_REDIRECT] 
2025-10-30 14:06:52,233 [ERROR] LogOutputStream:75 - [STDERR_REDIRECT] [Fatal Error] :1:1: Premature end of file.
2025-10-30 14:06:52,233 [ERROR] LogOutputStream:75 - [STDERR_REDIRECT] 
2025-10-30 14:06:53,249 [ERROR] LogOutputStream:75 - [STDERR_REDIRECT] [Fatal Error] :1:1: Premature end of file.
2025-10-30 14:06:53,249 [ERROR] LogOutputStream:75 - [STDERR_REDIRECT] 
2025-10-30 14:06:54,249 [ERROR] LogOutputStream:75 - [STDERR_REDIRECT] [Fatal Error] :1:1: Premature end of file.
2025-10-30 14:06:54,249 [ERROR] LogOutputStream:75 - [STDERR_REDIRECT] 
2025-10-30 14:06:55,248 [ERROR] LogOutputStream:75 - [STDERR_REDIRECT] [Fatal Error] :1:1: Premature end of file.
2025-10-30 14:06:55,248 [ERROR] LogOutputStream:75 - [STDERR_REDIRECT] 
2025-10-30 14:06:56,252 [ERROR] LogOutputStream:75 - [STDERR_REDIRECT] [Fatal Error] :1:1: Premature end of file.
2025-10-30 14:06:56,252 [ERROR] LogOutputStream:75 - [STDERR_REDIRECT] 
2025-10-30 14:06:57,256 [ERROR] LogOutputStream:75 - [STDERR_REDIRECT] [Fatal Error] :1:1: Premature end of file.
2025-10-30 14:06:57,256 [ERROR] LogOutputStream:75 - [STDERR_REDIRECT] 
2025-10-30 14:06:58,244 [ERROR] LogOutputStream:75 - [STDERR_REDIRECT] [Fatal Error] :1:1: Premature end of file.
2025-10-30 14:06:58,244 [ERROR] LogOutputStream:75 - [STDERR_REDIRECT] 
2025-10-30 14:06:59,242 [ERROR] LogOutputStream:75 - [STDERR_REDIRECT] [Fatal Error] :1:1: Premature end of file.
2025-10-30 14:06:59,242 [ERROR] LogOutputStream:75 - [STDERR_REDIRECT] 
2025-10-30 14:07:00,243 [ERROR] LogOutputStream:75 - [STDERR_REDIRECT] [Fatal Error] :1:1: Premature end of file.
2025-10-30 14:07:00,243 [ERROR] LogOutputStream:75 - [STDERR_REDIRECT] 
2025-10-30 14:07:01,245 [ERROR] LogOutputStream:75 - [STDERR_REDIRECT] [Fatal Error] :1:1: Premature end of file.
2025-10-30 14:07:01,245 [ERROR] LogOutputStream:75 - [STDERR_REDIRECT] 
2025-10-30 14:07:02,236 [ERROR] LogOutputStream:75 - [STDERR_REDIRECT] [Fatal Error] :1:1: Premature end of file.
2025-10-30 14:07:02,237 [ERROR] LogOutputStream:75 - [STDERR_REDIRECT] 
2025-10-30 14:07:03,238 [ERROR] LogOutputStream:75 - [STDERR_REDIRECT] [Fatal Error] :1:1: Premature end of file.
2025-10-30 14:07:03,239 [ERROR] LogOutputStream:75 - [STDERR_REDIRECT] 
2025-10-30 14:07:04,240 [ERROR] LogOutputStream:75 - [STDERR_REDIRECT] [Fatal Error] :1:1: Premature end of file.
2025-10-30 14:07:04,241 [ERROR] LogOutputStream:75 - [STDERR_REDIRECT] 
2025-10-30 14:07:05,242 [ERROR] LogOutputStream:75 - [STDERR_REDIRECT] [Fatal Error] :1:1: Premature end of file.
2025-10-30 14:07:05,243 [ERROR] LogOutputStream:75 - [STDERR_REDIRECT] 
2025-10-30 14:07:06,236 [ERROR] LogOutputStream:75 - [STDERR_REDIRECT] [Fatal Error] :1:1: Premature end of file.
2025-10-30 14:07:06,236 [ERROR] LogOutputStream:75 - [STDERR_REDIRECT] 
2025-10-30 14:07:07,239 [ERROR] LogOutputStream:75 - [STDERR_REDIRECT] [Fatal Error] :1:1: Premature end of file.
2025-10-30 14:07:07,240 [ERROR] LogOutputStream:75 - [STDERR_REDIRECT] 
2025-10-30 14:07:08,242 [ERROR] LogOutputStream:75 - [STDERR_REDIRECT] [Fatal Error] :1:1: Premature end of file.
2025-10-30 14:07:08,242 [ERROR] LogOutputStream:75 - [STDERR_REDIRECT] 
2025-10-30 14:07:09,245 [ERROR] LogOutputStream:75 - [STDERR_REDIRECT] [Fatal Error] :1:1: Premature end of file.
2025-10-30 14:07:09,245 [ERROR] LogOutputStream:75 - [STDERR_REDIRECT] 
2025-10-30 14:07:10,242 [ERROR] LogOutputStream:75 - [STDERR_REDIRECT] [Fatal Error] :1:1: Premature end of file.
2025-10-30 14:07:10,242 [ERROR] LogOutputStream:75 - [STDERR_REDIRECT] 
2025-10-30 14:07:11,257 [ERROR] LogOutputStream:75 - [STDERR_REDIRECT] [Fatal Error] :1:1: Premature end of file.
2025-10-30 14:07:11,257 [ERROR] LogOutputStream:75 - [STDERR_REDIRECT] 
2025-10-30 14:07:12,249 [ERROR] LogOutputStream:75 - [STDERR_REDIRECT] [Fatal Error] :1:1: Premature end of file.
2025-10-30 14:07:12,249 [ERROR] LogOutputStream:75 - [STDERR_REDIRECT] 
2025-10-30 14:07:13,236 [ERROR] LogOutputStream:75 - [STDERR_REDIRECT] [Fatal Error] :1:1: Premature end of file.
2025-10-30 14:07:13,236 [ERROR] LogOutputStream:75 - [STDERR_REDIRECT] 
2025-10-30 14:07:14,246 [ERROR] LogOutputStream:75 - [STDERR_REDIRECT] [Fatal Error] :1:1: Premature end of file.
2025-10-30 14:07:14,247 [ERROR] LogOutputStream:75 - [STDERR_REDIRECT] 
2025-10-30 14:07:15,245 [ERROR] LogOutputStream:75 - [STDERR_REDIRECT] [Fatal Error] :1:1: Premature end of file.
2025-10-30 14:07:15,245 [ERROR] LogOutputStream:75 - [STDERR_REDIRECT] 
2025-10-30 14:07:16,242 [ERROR] LogOutputStream:75 - [STDERR_REDIRECT] [Fatal Error] :1:1: Premature end of file.
2025-10-30 14:07:16,242 [ERROR] LogOutputStream:75 - [STDERR_REDIRECT] 
2025-10-30 14:07:17,265 [ERROR] LogOutputStream:75 - [STDERR_REDIRECT] [Fatal Error] :1:1: Premature end of file.
2025-10-30 14:07:17,266 [ERROR] LogOutputStream:75 - [STDERR_REDIRECT] 
2025-10-30 14:07:18,238 [ERROR] LogOutputStream:75 - [STDERR_REDIRECT] [Fatal Error] :1:1: Premature end of file.
2025-10-30 14:07:18,238 [ERROR] LogOutputStream:75 - [STDERR_REDIRECT] 
2025-10-30 14:07:19,243 [ERROR] LogOutputStream:75 - [STDERR_REDIRECT] [Fatal Error] :1:1: Premature end of file.
2025-10-30 14:07:19,243 [ERROR] LogOutputStream:75 - [STDERR_REDIRECT] 
2025-10-30 14:07:20,301 [ERROR] LogOutputStream:75 - [STDERR_REDIRECT] [Fatal Error] :1:1: Premature end of file.
2025-10-30 14:07:20,301 [ERROR] LogOutputStream:75 - [STDERR_REDIRECT] 
2025-10-30 14:07:21,278 [ERROR] LogOutputStream:75 - [STDERR_REDIRECT] [Fatal Error] :1:1: Premature end of file.
2025-10-30 14:07:21,278 [ERROR] LogOutputStream:75 - [STDERR_REDIRECT] 
2025-10-30 14:07:22,265 [ERROR] LogOutputStream:75 - [STDERR_REDIRECT] [Fatal Error] :1:1: Premature end of file.
2025-10-30 14:07:22,266 [ERROR] LogOutputStream:75 - [STDERR_REDIRECT] 
2025-10-30 14:07:23,279 [ERROR] LogOutputStream:75 - [STDERR_REDIRECT] [Fatal Error] :1:1: Premature end of file.
2025-10-30 14:07:23,279 [ERROR] LogOutputStream:75 - [STDERR_REDIRECT] 
2025-10-30 14:07:24,235 [ERROR] LogOutputStream:75 - [STDERR_REDIRECT] [Fatal Error] :1:1: Premature end of file.
2025-10-30 14:07:24,236 [ERROR] LogOutputStream:75 - [STDERR_REDIRECT] 
2025-10-30 14:07:25,286 [ERROR] LogOutputStream:75 - [STDERR_REDIRECT] [Fatal Error] :1:1: Premature end of file.
2025-10-30 14:07:25,287 [ERROR] LogOutputStream:75 - [STDERR_REDIRECT] 
2025-10-30 14:07:26,247 [ERROR] LogOutputStream:75 - [STDERR_REDIRECT] [Fatal Error] :1:1: Premature end of file.
2025-10-30 14:07:26,247 [ERROR] LogOutputStream:75 - [STDERR_REDIRECT] 
2025-10-30 14:07:27,276 [ERROR] LogOutputStream:75 - [STDERR_REDIRECT] [Fatal Error] :1:1: Premature end of file.
2025-10-30 14:07:27,276 [ERROR] LogOutputStream:75 - [STDERR_REDIRECT] 
2025-10-30 14:07:28,238 [ERROR] LogOutputStream:75 - [STDERR_REDIRECT] [Fatal Error] :1:1: Premature end of file.
2025-10-30 14:07:28,238 [ERROR] LogOutputStream:75 - [STDERR_REDIRECT] 
2025-10-30 14:07:29,241 [ERROR] LogOutputStream:75 - [STDERR_REDIRECT] [Fatal Error] :1:1: Premature end of file.
2025-10-30 14:07:29,241 [ERROR] LogOutputStream:75 - [STDERR_REDIRECT] 
2025-10-30 14:07:30,269 [ERROR] LogOutputStream:75 - [STDERR_REDIRECT] [Fatal Error] :1:1: Premature end of file.
2025-10-30 14:07:30,269 [ERROR] LogOutputStream:75 - [STDERR_REDIRECT] 
2025-10-30 14:07:31,290 [ERROR] LogOutputStream:75 - [STDERR_REDIRECT] [Fatal Error] :1:1: Premature end of file.
2025-10-30 14:07:31,291 [ERROR] LogOutputStream:75 - [STDERR_REDIRECT] 
2025-10-30 14:07:32,314 [ERROR] LogOutputStream:75 - [STDERR_REDIRECT] [Fatal Error] :1:1: Premature end of file.
2025-10-30 14:07:32,314 [ERROR] LogOutputStream:75 - [STDERR_REDIRECT] 
2025-10-30 14:07:33,244 [ERROR] LogOutputStream:75 - [STDERR_REDIRECT] [Fatal Error] :1:1: Premature end of file.
2025-10-30 14:07:33,244 [ERROR] LogOutputStream:75 - [STDERR_REDIRECT] 
2025-10-30 14:07:34,235 [ERROR] LogOutputStream:75 - [STDERR_REDIRECT] [Fatal Error] :1:1: Premature end of file.
2025-10-30 14:07:34,235 [ERROR] LogOutputStream:75 - [STDERR_REDIRECT] 
2025-10-30 14:07:35,244 [ERROR] LogOutputStream:75 - [STDERR_REDIRECT] [Fatal Error] :1:1: Premature end of file.
2025-10-30 14:07:35,245 [ERROR] LogOutputStream:75 - [STDERR_REDIRECT] 
2025-10-30 14:07:36,244 [ERROR] LogOutputStream:75 - [STDERR_REDIRECT] [Fatal Error] :1:1: Premature end of file.
2025-10-30 14:07:36,244 [ERROR] LogOutputStream:75 - [STDERR_REDIRECT] 
2025-10-30 14:07:37,247 [ERROR] LogOutputStream:75 - [STDERR_REDIRECT] [Fatal Error] :1:1: Premature end of file.
2025-10-30 14:07:37,247 [ERROR] LogOutputStream:75 - [STDERR_REDIRECT] 
2025-10-30 14:07:38,241 [ERROR] LogOutputStream:75 - [STDERR_REDIRECT] [Fatal Error] :1:1: Premature end of file.
2025-10-30 14:07:38,241 [ERROR] LogOutputStream:75 - [STDERR_REDIRECT] 
2025-10-30 14:07:39,241 [ERROR] LogOutputStream:75 - [STDERR_REDIRECT] [Fatal Error] :1:1: Premature end of file.
2025-10-30 14:07:39,241 [ERROR] LogOutputStream:75 - [STDERR_REDIRECT] 
2025-10-30 14:07:40,248 [ERROR] LogOutputStream:75 - [STDERR_REDIRECT] [Fatal Error] :1:1: Premature end of file.
2025-10-30 14:07:40,249 [ERROR] LogOutputStream:75 - [STDERR_REDIRECT] 
2025-10-30 14:07:41,245 [ERROR] LogOutputStream:75 - [STDERR_REDIRECT] [Fatal Error] :1:1: Premature end of file.
2025-10-30 14:07:41,245 [ERROR] LogOutputStream:75 - [STDERR_REDIRECT] 
2025-10-30 14:07:42,236 [ERROR] LogOutputStream:75 - [STDERR_REDIRECT] [Fatal Error] :1:1: Premature end of file.
2025-10-30 14:07:42,236 [ERROR] LogOutputStream:75 - [STDERR_REDIRECT] 
2025-10-30 14:07:43,248 [ERROR] LogOutputStream:75 - [STDERR_REDIRECT] [Fatal Error] :1:1: Premature end of file.
2025-10-30 14:07:43,248 [ERROR] LogOutputStream:75 - [STDERR_REDIRECT] 
2025-10-30 14:07:44,237 [ERROR] LogOutputStream:75 - [STDERR_REDIRECT] [Fatal Error] :1:1: Premature end of file.
2025-10-30 14:07:44,238 [ERROR] LogOutputStream:75 - [STDERR_REDIRECT] 
2025-10-30 14:07:45,237 [ERROR] LogOutputStream:75 - [STDERR_REDIRECT] [Fatal Error] :1:1: Premature end of file.
2025-10-30 14:07:45,238 [ERROR] LogOutputStream:75 - [STDERR_REDIRECT] 
2025-10-30 14:07:46,253 [ERROR] LogOutputStream:75 - [STDERR_REDIRECT] [Fatal Error] :1:1: Premature end of file.
2025-10-30 14:07:46,253 [ERROR] LogOutputStream:75 - [STDERR_REDIRECT] 
2025-10-30 14:07:47,244 [ERROR] LogOutputStream:75 - [STDERR_REDIRECT] [Fatal Error] :1:1: Premature end of file.
2025-10-30 14:07:47,244 [ERROR] LogOutputStream:75 - [STDERR_REDIRECT] 
2025-10-30 14:07:48,237 [ERROR] LogOutputStream:75 - [STDERR_REDIRECT] [Fatal Error] :1:1: Premature end of file.
2025-10-30 14:07:48,237 [ERROR] LogOutputStream:75 - [STDERR_REDIRECT] 
2025-10-30 14:07:49,241 [ERROR] LogOutputStream:75 - [STDERR_REDIRECT] [Fatal Error] :1:1: Premature end of file.
2025-10-30 14:07:49,241 [ERROR] LogOutputStream:75 - [STDERR_REDIRECT] 
2025-10-30 14:07:50,244 [ERROR] LogOutputStream:75 - [STDERR_REDIRECT] [Fatal Error] :1:1: Premature end of file.
2025-10-30 14:07:50,244 [ERROR] LogOutputStream:75 - [STDERR_REDIRECT] 
2025-10-30 14:07:51,234 [ERROR] LogOutputStream:75 - [STDERR_REDIRECT] [Fatal Error] :1:1: Premature end of file.
2025-10-30 14:07:51,234 [ERROR] LogOutputStream:75 - [STDERR_REDIRECT] 
2025-10-30 14:07:52,241 [ERROR] LogOutputStream:75 - [STDERR_REDIRECT] [Fatal Error] :1:1: Premature end of file.
2025-10-30 14:07:52,241 [ERROR] LogOutputStream:75 - [STDERR_REDIRECT] 
2025-10-30 14:07:53,241 [ERROR] LogOutputStream:75 - [STDERR_REDIRECT] [Fatal Error] :1:1: Premature end of file.
2025-10-30 14:07:53,241 [ERROR] LogOutputStream:75 - [STDERR_REDIRECT] 
2025-10-30 14:07:54,245 [ERROR] LogOutputStream:75 - [STDERR_REDIRECT] [Fatal Error] :1:1: Premature end of file.
2025-10-30 14:07:54,245 [ERROR] LogOutputStream:75 - [STDERR_REDIRECT] 
2025-10-30 14:07:55,238 [ERROR] LogOutputStream:75 - [STDERR_REDIRECT] [Fatal Error] :1:1: Premature end of file.
2025-10-30 14:07:55,238 [ERROR] LogOutputStream:75 - [STDERR_REDIRECT] 
2025-10-30 14:07:56,249 [ERROR] LogOutputStream:75 - [STDERR_REDIRECT] [Fatal Error] :1:1: Premature end of file.
2025-10-30 14:07:56,249 [ERROR] LogOutputStream:75 - [STDERR_REDIRECT] 
2025-10-30 14:07:57,234 [ERROR] LogOutputStream:75 - [STDERR_REDIRECT] [Fatal Error] :1:1: Premature end of file.
2025-10-30 14:07:57,235 [ERROR] LogOutputStream:75 - [STDERR_REDIRECT] 
2025-10-30 14:07:58,249 [ERROR] LogOutputStream:75 - [STDERR_REDIRECT] [Fatal Error] :1:1: Premature end of file.
2025-10-30 14:07:58,249 [ERROR] LogOutputStream:75 - [STDERR_REDIRECT] 
2025-10-30 14:07:59,243 [ERROR] LogOutputStream:75 - [STDERR_REDIRECT] [Fatal Error] :1:1: Premature end of file.
2025-10-30 14:07:59,243 [ERROR] LogOutputStream:75 - [STDERR_REDIRECT] 
2025-10-30 14:08:00,238 [ERROR] LogOutputStream:75 - [STDERR_REDIRECT] [Fatal Error] :1:1: Premature end of file.
2025-10-30 14:08:00,239 [ERROR] LogOutputStream:75 - [STDERR_REDIRECT] 
2025-10-30 14:08:01,245 [ERROR] LogOutputStream:75 - [STDERR_REDIRECT] [Fatal Error] :1:1: Premature end of file.
2025-10-30 14:08:01,245 [ERROR] LogOutputStream:75 - [STDERR_REDIRECT] 
2025-10-30 14:08:02,268 [ERROR] LogOutputStream:75 - [STDERR_REDIRECT] [Fatal Error] :1:1: Premature end of file.
2025-10-30 14:08:02,268 [ERROR] LogOutputStream:75 - [STDERR_REDIRECT] 
2025-10-30 14:08:03,248 [ERROR] LogOutputStream:75 - [STDERR_REDIRECT] [Fatal Error] :1:1: Premature end of file.
2025-10-30 14:08:03,248 [ERROR] LogOutputStream:75 - [STDERR_REDIRECT] 
2025-10-30 14:08:04,236 [ERROR] LogOutputStream:75 - [STDERR_REDIRECT] [Fatal Error] :1:1: Premature end of file.
2025-10-30 14:08:04,236 [ERROR] LogOutputStream:75 - [STDERR_REDIRECT] 
2025-10-30 14:08:05,276 [ERROR] LogOutputStream:75 - [STDERR_REDIRECT] [Fatal Error] :1:1: Premature end of file.
2025-10-30 14:08:05,276 [ERROR] LogOutputStream:75 - [STDERR_REDIRECT] 
2025-10-30 14:08:06,245 [ERROR] LogOutputStream:75 - [STDERR_REDIRECT] [Fatal Error] :1:1: Premature end of file.
2025-10-30 14:08:06,245 [ERROR] LogOutputStream:75 - [STDERR_REDIRECT] 
2025-10-30 14:08:07,240 [ERROR] LogOutputStream:75 - [STDERR_REDIRECT] [Fatal Error] :1:1: Premature end of file.
2025-10-30 14:08:07,240 [ERROR] LogOutputStream:75 - [STDERR_REDIRECT] 
2025-10-30 14:08:08,245 [ERROR] LogOutputStream:75 - [STDERR_REDIRECT] [Fatal Error] :1:1: Premature end of file.
2025-10-30 14:08:08,246 [ERROR] LogOutputStream:75 - [STDERR_REDIRECT] 
2025-10-30 14:08:09,235 [ERROR] LogOutputStream:75 - [STDERR_REDIRECT] [Fatal Error] :1:1: Premature end of file.
2025-10-30 14:08:09,235 [ERROR] LogOutputStream:75 - [STDERR_REDIRECT] 
2025-10-30 14:08:10,262 [ERROR] LogOutputStream:75 - [STDERR_REDIRECT] [Fatal Error] :1:1: Premature end of file.
2025-10-30 14:08:10,263 [ERROR] LogOutputStream:75 - [STDERR_REDIRECT] 
2025-10-30 14:08:11,246 [ERROR] LogOutputStream:75 - [STDERR_REDIRECT] [Fatal Error] :1:1: Premature end of file.
2025-10-30 14:08:11,246 [ERROR] LogOutputStream:75 - [STDERR_REDIRECT] 
2025-10-30 14:08:12,249 [ERROR] LogOutputStream:75 - [STDERR_REDIRECT] [Fatal Error] :1:1: Premature end of file.
2025-10-30 14:08:12,249 [ERROR] LogOutputStream:75 - [STDERR_REDIRECT] 
2025-10-30 14:08:13,244 [ERROR] LogOutputStream:75 - [STDERR_REDIRECT] [Fatal Error] :1:1: Premature end of file.
2025-10-30 14:08:13,244 [ERROR] LogOutputStream:75 - [STDERR_REDIRECT] 
2025-10-30 14:08:14,255 [ERROR] LogOutputStream:75 - [STDERR_REDIRECT] [Fatal Error] :1:1: Premature end of file.
2025-10-30 14:08:14,255 [ERROR] LogOutputStream:75 - [STDERR_REDIRECT] 
2025-10-30 14:08:15,242 [ERROR] LogOutputStream:75 - [STDERR_REDIRECT] [Fatal Error] :1:1: Premature end of file.
2025-10-30 14:08:15,242 [ERROR] LogOutputStream:75 - [STDERR_REDIRECT] 
2025-10-30 14:08:16,240 [ERROR] LogOutputStream:75 - [STDERR_REDIRECT] [Fatal Error] :1:1: Premature end of file.
2025-10-30 14:08:16,240 [ERROR] LogOutputStream:75 - [STDERR_REDIRECT] 
2025-10-30 14:08:17,241 [ERROR] LogOutputStream:75 - [STDERR_REDIRECT] [Fatal Error] :1:1: Premature end of file.
2025-10-30 14:08:17,242 [ERROR] LogOutputStream:75 - [STDERR_REDIRECT] 
2025-10-30 14:08:18,248 [ERROR] LogOutputStream:75 - [STDERR_REDIRECT] [Fatal Error] :1:1: Premature end of file.
2025-10-30 14:08:18,248 [ERROR] LogOutputStream:75 - [STDERR_REDIRECT] 
2025-10-30 14:08:19,237 [ERROR] LogOutputStream:75 - [STDERR_REDIRECT] [Fatal Error] :1:1: Premature end of file.
2025-10-30 14:08:19,237 [ERROR] LogOutputStream:75 - [STDERR_REDIRECT] 
2025-10-30 14:08:20,286 [ERROR] LogOutputStream:75 - [STDERR_REDIRECT] [Fatal Error] :1:1: Premature end of file.
2025-10-30 14:08:20,286 [ERROR] LogOutputStream:75 - [STDERR_REDIRECT] 
2025-10-30 14:08:21,254 [ERROR] LogOutputStream:75 - [STDERR_REDIRECT] [Fatal Error] :1:1: Premature end of file.
2025-10-30 14:08:21,254 [ERROR] LogOutputStream:75 - [STDERR_REDIRECT] 
2025-10-30 14:08:22,246 [ERROR] LogOutputStream:75 - [STDERR_REDIRECT] [Fatal Error] :1:1: Premature end of file.
2025-10-30 14:08:22,246 [ERROR] LogOutputStream:75 - [STDERR_REDIRECT] 
2025-10-30 14:08:23,246 [ERROR] LogOutputStream:75 - [STDERR_REDIRECT] [Fatal Error] :1:1: Premature end of file.
2025-10-30 14:08:23,246 [ERROR] LogOutputStream:75 - [STDERR_REDIRECT] 
2025-10-30 14:08:24,248 [ERROR] LogOutputStream:75 - [STDERR_REDIRECT] [Fatal Error] :1:1: Premature end of file.
2025-10-30 14:08:24,248 [ERROR] LogOutputStream:75 - [STDERR_REDIRECT] 
2025-10-30 14:08:25,254 [ERROR] LogOutputStream:75 - [STDERR_REDIRECT] [Fatal Error] :1:1: Premature end of file.
2025-10-30 14:08:25,254 [ERROR] LogOutputStream:75 - [STDERR_REDIRECT] 
2025-10-30 14:08:26,253 [ERROR] LogOutputStream:75 - [STDERR_REDIRECT] [Fatal Error] :1:1: Premature end of file.
2025-10-30 14:08:26,253 [ERROR] LogOutputStream:75 - [STDERR_REDIRECT] 
2025-10-30 14:08:27,273 [ERROR] LogOutputStream:75 - [STDERR_REDIRECT] [Fatal Error] :1:1: Premature end of file.
2025-10-30 14:08:27,273 [ERROR] LogOutputStream:75 - [STDERR_REDIRECT] 
2025-10-30 14:08:28,256 [ERROR] LogOutputStream:75 - [STDERR_REDIRECT] [Fatal Error] :1:1: Premature end of file.
2025-10-30 14:08:28,256 [ERROR] LogOutputStream:75 - [STDERR_REDIRECT] 
2025-10-30 14:08:29,250 [ERROR] LogOutputStream:75 - [STDERR_REDIRECT] [Fatal Error] :1:1: Premature end of file.
2025-10-30 14:08:29,251 [ERROR] LogOutputStream:75 - [STDERR_REDIRECT] 
2025-10-30 14:08:30,234 [ERROR] LogOutputStream:75 - [STDERR_REDIRECT] [Fatal Error] :1:1: Premature end of file.
2025-10-30 14:08:30,235 [ERROR] LogOutputStream:75 - [STDERR_REDIRECT] 
2025-10-30 14:08:31,245 [ERROR] LogOutputStream:75 - [STDERR_REDIRECT] [Fatal Error] :1:1: Premature end of file.
2025-10-30 14:08:31,245 [ERROR] LogOutputStream:75 - [STDERR_REDIRECT] 
2025-10-30 14:08:32,235 [ERROR] LogOutputStream:75 - [STDERR_REDIRECT] [Fatal Error] :1:1: Premature end of file.
2025-10-30 14:08:32,235 [ERROR] LogOutputStream:75 - [STDERR_REDIRECT] 
2025-10-30 14:08:33,244 [ERROR] LogOutputStream:75 - [STDERR_REDIRECT] [Fatal Error] :1:1: Premature end of file.
2025-10-30 14:08:33,244 [ERROR] LogOutputStream:75 - [STDERR_REDIRECT] 
2025-10-30 14:08:34,248 [ERROR] LogOutputStream:75 - [STDERR_REDIRECT] [Fatal Error] :1:1: Premature end of file.
2025-10-30 14:08:34,248 [ERROR] LogOutputStream:75 - [STDERR_REDIRECT] 
2025-10-30 14:08:35,257 [ERROR] LogOutputStream:75 - [STDERR_REDIRECT] [Fatal Error] :1:1: Premature end of file.
2025-10-30 14:08:35,257 [ERROR] LogOutputStream:75 - [STDERR_REDIRECT] 
2025-10-30 14:08:36,267 [ERROR] LogOutputStream:75 - [STDERR_REDIRECT] [Fatal Error] :1:1: Premature end of file.
2025-10-30 14:08:36,267 [ERROR] LogOutputStream:75 - [STDERR_REDIRECT] 
2025-10-30 14:08:37,236 [ERROR] LogOutputStream:75 - [STDERR_REDIRECT] [Fatal Error] :1:1: Premature end of file.
2025-10-30 14:08:37,237 [ERROR] LogOutputStream:75 - [STDERR_REDIRECT] 
2025-10-30 14:08:38,245 [ERROR] LogOutputStream:75 - [STDERR_REDIRECT] [Fatal Error] :1:1: Premature end of file.
2025-10-30 14:08:38,245 [ERROR] LogOutputStream:75 - [STDERR_REDIRECT] 
2025-10-30 14:08:39,241 [ERROR] LogOutputStream:75 - [STDERR_REDIRECT] [Fatal Error] :1:1: Premature end of file.
2025-10-30 14:08:39,241 [ERROR] LogOutputStream:75 - [STDERR_REDIRECT] 
2025-10-30 14:08:40,234 [ERROR] LogOutputStream:75 - [STDERR_REDIRECT] [Fatal Error] :1:1: Premature end of file.
2025-10-30 14:08:40,234 [ERROR] LogOutputStream:75 - [STDERR_REDIRECT] 
2025-10-30 14:08:41,243 [ERROR] LogOutputStream:75 - [STDERR_REDIRECT] [Fatal Error] :1:1: Premature end of file.
2025-10-30 14:08:41,243 [ERROR] LogOutputStream:75 - [STDERR_REDIRECT] 
2025-10-30 14:08:42,238 [ERROR] LogOutputStream:75 - [STDERR_REDIRECT] [Fatal Error] :1:1: Premature end of file.
2025-10-30 14:08:42,238 [ERROR] LogOutputStream:75 - [STDERR_REDIRECT] 
2025-10-30 14:08:43,247 [ERROR] LogOutputStream:75 - [STDERR_REDIRECT] [Fatal Error] :1:1: Premature end of file.
2025-10-30 14:08:43,247 [ERROR] LogOutputStream:75 - [STDERR_REDIRECT] 
2025-10-30 14:08:44,244 [ERROR] LogOutputStream:75 - [STDERR_REDIRECT] [Fatal Error] :1:1: Premature end of file.
2025-10-30 14:08:44,244 [ERROR] LogOutputStream:75 - [STDERR_REDIRECT] 
2025-10-30 14:08:45,237 [ERROR] LogOutputStream:75 - [STDERR_REDIRECT] [Fatal Error] :1:1: Premature end of file.
2025-10-30 14:08:45,237 [ERROR] LogOutputStream:75 - [STDERR_REDIRECT] 
2025-10-30 14:08:46,249 [ERROR] LogOutputStream:75 - [STDERR_REDIRECT] [Fatal Error] :1:1: Premature end of file.
2025-10-30 14:08:46,249 [ERROR] LogOutputStream:75 - [STDERR_REDIRECT] 
2025-10-30 14:08:47,244 [ERROR] LogOutputStream:75 - [STDERR_REDIRECT] [Fatal Error] :1:1: Premature end of file.
2025-10-30 14:08:47,244 [ERROR] LogOutputStream:75 - [STDERR_REDIRECT] 
2025-10-30 14:08:48,239 [ERROR] LogOutputStream:75 - [STDERR_REDIRECT] [Fatal Error] :1:1: Premature end of file.
2025-10-30 14:08:48,239 [ERROR] LogOutputStream:75 - [STDERR_REDIRECT] 
2025-10-30 14:08:49,238 [ERROR] LogOutputStream:75 - [STDERR_REDIRECT] [Fatal Error] :1:1: Premature end of file.
2025-10-30 14:08:49,238 [ERROR] LogOutputStream:75 - [STDERR_REDIRECT] 
2025-10-30 14:08:50,248 [ERROR] LogOutputStream:75 - [STDERR_REDIRECT] [Fatal Error] :1:1: Premature end of file.
2025-10-30 14:08:50,248 [ERROR] LogOutputStream:75 - [STDERR_REDIRECT] 
2025-10-30 14:08:51,240 [ERROR] LogOutputStream:75 - [STDERR_REDIRECT] [Fatal Error] :1:1: Premature end of file.
2025-10-30 14:08:51,241 [ERROR] LogOutputStream:75 - [STDERR_REDIRECT] 
2025-10-30 14:08:52,238 [ERROR] LogOutputStream:75 - [STDERR_REDIRECT] [Fatal Error] :1:1: Premature end of file.
2025-10-30 14:08:52,238 [ERROR] LogOutputStream:75 - [STDERR_REDIRECT] 
2025-10-30 14:08:53,246 [ERROR] LogOutputStream:75 - [STDERR_REDIRECT] [Fatal Error] :1:1: Premature end of file.
2025-10-30 14:08:53,246 [ERROR] LogOutputStream:75 - [STDERR_REDIRECT] 
2025-10-30 14:08:54,243 [ERROR] LogOutputStream:75 - [STDERR_REDIRECT] [Fatal Error] :1:1: Premature end of file.
2025-10-30 14:08:54,243 [ERROR] LogOutputStream:75 - [STDERR_REDIRECT] 
2025-10-30 14:08:55,236 [ERROR] LogOutputStream:75 - [STDERR_REDIRECT] [Fatal Error] :1:1: Premature end of file.
2025-10-30 14:08:55,236 [ERROR] LogOutputStream:75 - [STDERR_REDIRECT] 
2025-10-30 14:08:56,234 [ERROR] LogOutputStream:75 - [STDERR_REDIRECT] [Fatal Error] :1:1: Premature end of file.
2025-10-30 14:08:56,235 [ERROR] LogOutputStream:75 - [STDERR_REDIRECT] 
2025-10-30 14:08:57,246 [ERROR] LogOutputStream:75 - [STDERR_REDIRECT] [Fatal Error] :1:1: Premature end of file.
2025-10-30 14:08:57,247 [ERROR] LogOutputStream:75 - [STDERR_REDIRECT] 
2025-10-30 14:08:58,240 [ERROR] LogOutputStream:75 - [STDERR_REDIRECT] [Fatal Error] :1:1: Premature end of file.
2025-10-30 14:08:58,240 [ERROR] LogOutputStream:75 - [STDERR_REDIRECT] 
2025-10-30 14:08:59,236 [ERROR] LogOutputStream:75 - [STDERR_REDIRECT] [Fatal Error] :1:1: Premature end of file.
2025-10-30 14:08:59,237 [ERROR] LogOutputStream:75 - [STDERR_REDIRECT] 
2025-10-30 14:09:00,235 [ERROR] LogOutputStream:75 - [STDERR_REDIRECT] [Fatal Error] :1:1: Premature end of file.
2025-10-30 14:09:00,235 [ERROR] LogOutputStream:75 - [STDERR_REDIRECT] 
2025-10-30 14:09:01,234 [ERROR] LogOutputStream:75 - [STDERR_REDIRECT] [Fatal Error] :1:1: Premature end of file.
2025-10-30 14:09:01,234 [ERROR] LogOutputStream:75 - [STDERR_REDIRECT] 
2025-10-30 14:09:02,240 [ERROR] LogOutputStream:75 - [STDERR_REDIRECT] [Fatal Error] :1:1: Premature end of file.
2025-10-30 14:09:02,240 [ERROR] LogOutputStream:75 - [STDERR_REDIRECT] 
2025-10-30 14:09:03,239 [ERROR] LogOutputStream:75 - [STDERR_REDIRECT] [Fatal Error] :1:1: Premature end of file.
2025-10-30 14:09:03,239 [ERROR] LogOutputStream:75 - [STDERR_REDIRECT] 
2025-10-30 14:09:04,240 [ERROR] LogOutputStream:75 - [STDERR_REDIRECT] [Fatal Error] :1:1: Premature end of file.
2025-10-30 14:09:04,241 [ERROR] LogOutputStream:75 - [STDERR_REDIRECT] 
2025-10-30 14:09:05,233 [ERROR] LogOutputStream:75 - [STDERR_REDIRECT] [Fatal Error] :1:1: Premature end of file.
2025-10-30 14:09:05,233 [ERROR] LogOutputStream:75 - [STDERR_REDIRECT] 
2025-10-30 14:09:06,250 [ERROR] LogOutputStream:75 - [STDERR_REDIRECT] [Fatal Error] :1:1: Premature end of file.
2025-10-30 14:09:06,250 [ERROR] LogOutputStream:75 - [STDERR_REDIRECT] 
2025-10-30 14:09:07,235 [ERROR] LogOutputStream:75 - [STDERR_REDIRECT] [Fatal Error] :1:1: Premature end of file.
2025-10-30 14:09:07,236 [ERROR] LogOutputStream:75 - [STDERR_REDIRECT] 
2025-10-30 14:09:08,243 [ERROR] LogOutputStream:75 - [STDERR_REDIRECT] [Fatal Error] :1:1: Premature end of file.
2025-10-30 14:09:08,244 [ERROR] LogOutputStream:75 - [STDERR_REDIRECT] 
2025-10-30 14:09:09,239 [ERROR] LogOutputStream:75 - [STDERR_REDIRECT] [Fatal Error] :1:1: Premature end of file.
2025-10-30 14:09:09,239 [ERROR] LogOutputStream:75 - [STDERR_REDIRECT] 
2025-10-30 14:09:10,255 [ERROR] LogOutputStream:75 - [STDERR_REDIRECT] [Fatal Error] :1:1: Premature end of file.
2025-10-30 14:09:10,255 [ERROR] LogOutputStream:75 - [STDERR_REDIRECT] 
2025-10-30 14:09:11,243 [ERROR] LogOutputStream:75 - [STDERR_REDIRECT] [Fatal Error] :1:1: Premature end of file.
2025-10-30 14:09:11,243 [ERROR] LogOutputStream:75 - [STDERR_REDIRECT] 
2025-10-30 14:09:12,243 [ERROR] LogOutputStream:75 - [STDERR_REDIRECT] [Fatal Error] :1:1: Premature end of file.
2025-10-30 14:09:12,245 [ERROR] LogOutputStream:75 - [STDERR_REDIRECT] 
2025-10-30 14:09:13,233 [ERROR] LogOutputStream:75 - [STDERR_REDIRECT] [Fatal Error] :1:1: Premature end of file.
2025-10-30 14:09:13,233 [ERROR] LogOutputStream:75 - [STDERR_REDIRECT] 
2025-10-30 14:09:14,243 [ERROR] LogOutputStream:75 - [STDERR_REDIRECT] [Fatal Error] :1:1: Premature end of file.
2025-10-30 14:09:14,243 [ERROR] LogOutputStream:75 - [STDERR_REDIRECT] 
2025-10-30 14:09:15,238 [ERROR] LogOutputStream:75 - [STDERR_REDIRECT] [Fatal Error] :1:1: Premature end of file.
2025-10-30 14:09:15,238 [ERROR] LogOutputStream:75 - [STDERR_REDIRECT] 
2025-10-30 14:09:16,246 [ERROR] LogOutputStream:75 - [STDERR_REDIRECT] [Fatal Error] :1:1: Premature end of file.
2025-10-30 14:09:16,247 [ERROR] LogOutputStream:75 - [STDERR_REDIRECT] 
2025-10-30 14:09:17,253 [ERROR] LogOutputStream:75 - [STDERR_REDIRECT] [Fatal Error] :1:1: Premature end of file.
2025-10-30 14:09:17,253 [ERROR] LogOutputStream:75 - [STDERR_REDIRECT] 
2025-10-30 14:09:18,240 [ERROR] LogOutputStream:75 - [STDERR_REDIRECT] [Fatal Error] :1:1: Premature end of file.
2025-10-30 14:09:18,240 [ERROR] LogOutputStream:75 - [STDERR_REDIRECT] 
2025-10-30 14:09:19,246 [ERROR] LogOutputStream:75 - [STDERR_REDIRECT] [Fatal Error] :1:1: Premature end of file.
2025-10-30 14:09:19,246 [ERROR] LogOutputStream:75 - [STDERR_REDIRECT] 
2025-10-30 14:09:20,234 [ERROR] LogOutputStream:75 - [STDERR_REDIRECT] [Fatal Error] :1:1: Premature end of file.
2025-10-30 14:09:20,234 [ERROR] LogOutputStream:75 - [STDERR_REDIRECT] 
2025-10-30 14:09:21,241 [ERROR] LogOutputStream:75 - [STDERR_REDIRECT] [Fatal Error] :1:1: Premature end of file.
2025-10-30 14:09:21,241 [ERROR] LogOutputStream:75 - [STDERR_REDIRECT] 
2025-10-30 14:09:22,246 [ERROR] LogOutputStream:75 - [STDERR_REDIRECT] [Fatal Error] :1:1: Premature end of file.
2025-10-30 14:09:22,246 [ERROR] LogOutputStream:75 - [STDERR_REDIRECT] 
2025-10-30 14:09:23,238 [ERROR] LogOutputStream:75 - [STDERR_REDIRECT] [Fatal Error] :1:1: Premature end of file.
2025-10-30 14:09:23,239 [ERROR] LogOutputStream:75 - [STDERR_REDIRECT] 
2025-10-30 14:09:24,257 [ERROR] LogOutputStream:75 - [STDERR_REDIRECT] [Fatal Error] :1:1: Premature end of file.
2025-10-30 14:09:24,257 [ERROR] LogOutputStream:75 - [STDERR_REDIRECT] 
2025-10-30 14:09:25,239 [ERROR] LogOutputStream:75 - [STDERR_REDIRECT] [Fatal Error] :1:1: Premature end of file.
2025-10-30 14:09:25,240 [ERROR] LogOutputStream:75 - [STDERR_REDIRECT] 
2025-10-30 14:09:26,244 [ERROR] LogOutputStream:75 - [STDERR_REDIRECT] [Fatal Error] :1:1: Premature end of file.
2025-10-30 14:09:26,244 [ERROR] LogOutputStream:75 - [STDERR_REDIRECT] 
2025-10-30 14:09:27,235 [ERROR] LogOutputStream:75 - [STDERR_REDIRECT] [Fatal Error] :1:1: Premature end of file.
2025-10-30 14:09:27,235 [ERROR] LogOutputStream:75 - [STDERR_REDIRECT] 
2025-10-30 14:09:28,232 [ERROR] LogOutputStream:75 - [STDERR_REDIRECT] [Fatal Error] :1:1: Premature end of file.
2025-10-30 14:09:28,233 [ERROR] LogOutputStream:75 - [STDERR_REDIRECT] 
2025-10-30 14:09:29,234 [ERROR] LogOutputStream:75 - [STDERR_REDIRECT] [Fatal Error] :1:1: Premature end of file.
2025-10-30 14:09:29,234 [ERROR] LogOutputStream:75 - [STDERR_REDIRECT] 
2025-10-30 14:09:30,234 [ERROR] LogOutputStream:75 - [STDERR_REDIRECT] [Fatal Error] :1:1: Premature end of file.
2025-10-30 14:09:30,234 [ERROR] LogOutputStream:75 - [STDERR_REDIRECT] 
2025-10-30 14:09:31,250 [ERROR] LogOutputStream:75 - [STDERR_REDIRECT] [Fatal Error] :1:1: Premature end of file.
2025-10-30 14:09:31,250 [ERROR] LogOutputStream:75 - [STDERR_REDIRECT] 
2025-10-30 14:09:32,240 [ERROR] LogOutputStream:75 - [STDERR_REDIRECT] [Fatal Error] :1:1: Premature end of file.
2025-10-30 14:09:32,241 [ERROR] LogOutputStream:75 - [STDERR_REDIRECT] 
2025-10-30 14:09:33,245 [ERROR] LogOutputStream:75 - [STDERR_REDIRECT] [Fatal Error] :1:1: Premature end of file.
2025-10-30 14:09:33,246 [ERROR] LogOutputStream:75 - [STDERR_REDIRECT] 
2025-10-30 14:09:34,236 [ERROR] LogOutputStream:75 - [STDERR_REDIRECT] [Fatal Error] :1:1: Premature end of file.
2025-10-30 14:09:34,236 [ERROR] LogOutputStream:75 - [STDERR_REDIRECT] 
2025-10-30 14:09:35,247 [ERROR] LogOutputStream:75 - [STDERR_REDIRECT] [Fatal Error] :1:1: Premature end of file.
2025-10-30 14:09:35,247 [ERROR] LogOutputStream:75 - [STDERR_REDIRECT] 
2025-10-30 14:09:36,243 [ERROR] LogOutputStream:75 - [STDERR_REDIRECT] [Fatal Error] :1:1: Premature end of file.
2025-10-30 14:09:36,243 [ERROR] LogOutputStream:75 - [STDERR_REDIRECT] 
2025-10-30 14:09:37,240 [ERROR] LogOutputStream:75 - [STDERR_REDIRECT] [Fatal Error] :1:1: Premature end of file.
2025-10-30 14:09:37,240 [ERROR] LogOutputStream:75 - [STDERR_REDIRECT] 
2025-10-30 14:09:38,235 [ERROR] LogOutputStream:75 - [STDERR_REDIRECT] [Fatal Error] :1:1: Premature end of file.
2025-10-30 14:09:38,235 [ERROR] LogOutputStream:75 - [STDERR_REDIRECT] 
2025-10-30 14:09:39,245 [ERROR] LogOutputStream:75 - [STDERR_REDIRECT] [Fatal Error] :1:1: Premature end of file.
2025-10-30 14:09:39,246 [ERROR] LogOutputStream:75 - [STDERR_REDIRECT] 
2025-10-30 14:09:40,236 [ERROR] LogOutputStream:75 - [STDERR_REDIRECT] [Fatal Error] :1:1: Premature end of file.
2025-10-30 14:09:40,236 [ERROR] LogOutputStream:75 - [STDERR_REDIRECT] 
2025-10-30 14:09:41,239 [ERROR] LogOutputStream:75 - [STDERR_REDIRECT] [Fatal Error] :1:1: Premature end of file.
2025-10-30 14:09:41,239 [ERROR] LogOutputStream:75 - [STDERR_REDIRECT] 
2025-10-30 14:09:42,236 [ERROR] LogOutputStream:75 - [STDERR_REDIRECT] [Fatal Error] :1:1: Premature end of file.
2025-10-30 14:09:42,237 [ERROR] LogOutputStream:75 - [STDERR_REDIRECT] 
2025-10-30 14:09:43,233 [ERROR] LogOutputStream:75 - [STDERR_REDIRECT] [Fatal Error] :1:1: Premature end of file.
2025-10-30 14:09:43,234 [ERROR] LogOutputStream:75 - [STDERR_REDIRECT] 
2025-10-30 14:09:44,247 [ERROR] LogOutputStream:75 - [STDERR_REDIRECT] [Fatal Error] :1:1: Premature end of file.
2025-10-30 14:09:44,248 [ERROR] LogOutputStream:75 - [STDERR_REDIRECT] 
2025-10-30 14:09:45,240 [ERROR] LogOutputStream:75 - [STDERR_REDIRECT] [Fatal Error] :1:1: Premature end of file.
2025-10-30 14:09:45,240 [ERROR] LogOutputStream:75 - [STDERR_REDIRECT] 
2025-10-30 14:09:46,243 [ERROR] LogOutputStream:75 - [STDERR_REDIRECT] [Fatal Error] :1:1: Premature end of file.
2025-10-30 14:09:46,243 [ERROR] LogOutputStream:75 - [STDERR_REDIRECT] 
2025-10-30 14:09:47,248 [ERROR] LogOutputStream:75 - [STDERR_REDIRECT] [Fatal Error] :1:1: Premature end of file.
2025-10-30 14:09:47,248 [ERROR] LogOutputStream:75 - [STDERR_REDIRECT] 
2025-10-30 14:09:48,238 [ERROR] LogOutputStream:75 - [STDERR_REDIRECT] [Fatal Error] :1:1: Premature end of file.
2025-10-30 14:09:48,238 [ERROR] LogOutputStream:75 - [STDERR_REDIRECT] 
2025-10-30 14:09:49,233 [ERROR] LogOutputStream:75 - [STDERR_REDIRECT] [Fatal Error] :1:1: Premature end of file.
2025-10-30 14:09:49,233 [ERROR] LogOutputStream:75 - [STDERR_REDIRECT] 
2025-10-30 14:09:50,232 [ERROR] LogOutputStream:75 - [STDERR_REDIRECT] [Fatal Error] :1:1: Premature end of file.
2025-10-30 14:09:50,232 [ERROR] LogOutputStream:75 - [STDERR_REDIRECT] 
2025-10-30 14:09:51,239 [ERROR] LogOutputStream:75 - [STDERR_REDIRECT] [Fatal Error] :1:1: Premature end of file.
2025-10-30 14:09:51,240 [ERROR] LogOutputStream:75 - [STDERR_REDIRECT] 
2025-10-30 14:09:52,235 [ERROR] LogOutputStream:75 - [STDERR_REDIRECT] [Fatal Error] :1:1: Premature end of file.
2025-10-30 14:09:52,236 [ERROR] LogOutputStream:75 - [STDERR_REDIRECT] 
2025-10-30 14:09:53,242 [ERROR] LogOutputStream:75 - [STDERR_REDIRECT] [Fatal Error] :1:1: Premature end of file.
2025-10-30 14:09:53,242 [ERROR] LogOutputStream:75 - [STDERR_REDIRECT] 
2025-10-30 14:09:54,236 [ERROR] LogOutputStream:75 - [STDERR_REDIRECT] [Fatal Error] :1:1: Premature end of file.
2025-10-30 14:09:54,236 [ERROR] LogOutputStream:75 - [STDERR_REDIRECT] 
2025-10-30 14:09:55,246 [ERROR] LogOutputStream:75 - [STDERR_REDIRECT] [Fatal Error] :1:1: Premature end of file.
2025-10-30 14:09:55,246 [ERROR] LogOutputStream:75 - [STDERR_REDIRECT] 
2025-10-30 14:09:56,241 [ERROR] LogOutputStream:75 - [STDERR_REDIRECT] [Fatal Error] :1:1: Premature end of file.
2025-10-30 14:09:56,241 [ERROR] LogOutputStream:75 - [STDERR_REDIRECT] 
2025-10-30 14:09:57,236 [ERROR] LogOutputStream:75 - [STDERR_REDIRECT] [Fatal Error] :1:1: Premature end of file.
2025-10-30 14:09:57,236 [ERROR] LogOutputStream:75 - [STDERR_REDIRECT] 
2025-10-30 14:09:58,244 [ERROR] LogOutputStream:75 - [STDERR_REDIRECT] [Fatal Error] :1:1: Premature end of file.
2025-10-30 14:09:58,244 [ERROR] LogOutputStream:75 - [STDERR_REDIRECT] 
2025-10-30 14:09:59,249 [ERROR] LogOutputStream:75 - [STDERR_REDIRECT] [Fatal Error] :1:1: Premature end of file.
2025-10-30 14:09:59,249 [ERROR] LogOutputStream:75 - [STDERR_REDIRECT] 
2025-10-30 14:10:00,242 [ERROR] LogOutputStream:75 - [STDERR_REDIRECT] [Fatal Error] :1:1: Premature end of file.
2025-10-30 14:10:00,242 [ERROR] LogOutputStream:75 - [STDERR_REDIRECT] 
2025-10-30 14:10:01,231 [ERROR] LogOutputStream:75 - [STDERR_REDIRECT] [Fatal Error] :1:1: Premature end of file.
2025-10-30 14:10:01,231 [ERROR] LogOutputStream:75 - [STDERR_REDIRECT] 
2025-10-30 14:10:02,244 [ERROR] LogOutputStream:75 - [STDERR_REDIRECT] [Fatal Error] :1:1: Premature end of file.
2025-10-30 14:10:02,244 [ERROR] LogOutputStream:75 - [STDERR_REDIRECT] 
2025-10-30 14:10:03,235 [ERROR] LogOutputStream:75 - [STDERR_REDIRECT] [Fatal Error] :1:1: Premature end of file.
2025-10-30 14:10:03,235 [ERROR] LogOutputStream:75 - [STDERR_REDIRECT] 
2025-10-30 14:10:04,243 [ERROR] LogOutputStream:75 - [STDERR_REDIRECT] [Fatal Error] :1:1: Premature end of file.
2025-10-30 14:10:04,243 [ERROR] LogOutputStream:75 - [STDERR_REDIRECT] 
2025-10-30 14:10:05,237 [ERROR] LogOutputStream:75 - [STDERR_REDIRECT] [Fatal Error] :1:1: Premature end of file.
2025-10-30 14:10:05,238 [ERROR] LogOutputStream:75 - [STDERR_REDIRECT] 
2025-10-30 14:10:06,252 [ERROR] LogOutputStream:75 - [STDERR_REDIRECT] [Fatal Error] :1:1: Premature end of file.
2025-10-30 14:10:06,252 [ERROR] LogOutputStream:75 - [STDERR_REDIRECT] 
2025-10-30 14:10:07,240 [ERROR] LogOutputStream:75 - [STDERR_REDIRECT] [Fatal Error] :1:1: Premature end of file.
2025-10-30 14:10:07,240 [ERROR] LogOutputStream:75 - [STDERR_REDIRECT] 
2025-10-30 14:10:08,245 [ERROR] LogOutputStream:75 - [STDERR_REDIRECT] [Fatal Error] :1:1: Premature end of file.
2025-10-30 14:10:08,245 [ERROR] LogOutputStream:75 - [STDERR_REDIRECT] 
2025-10-30 14:10:09,242 [ERROR] LogOutputStream:75 - [STDERR_REDIRECT] [Fatal Error] :1:1: Premature end of file.
2025-10-30 14:10:09,242 [ERROR] LogOutputStream:75 - [STDERR_REDIRECT] 
2025-10-30 14:10:10,234 [ERROR] LogOutputStream:75 - [STDERR_REDIRECT] [Fatal Error] :1:1: Premature end of file.
2025-10-30 14:10:10,235 [ERROR] LogOutputStream:75 - [STDERR_REDIRECT] 
2025-10-30 14:10:11,244 [ERROR] LogOutputStream:75 - [STDERR_REDIRECT] [Fatal Error] :1:1: Premature end of file.
2025-10-30 14:10:11,244 [ERROR] LogOutputStream:75 - [STDERR_REDIRECT] 
2025-10-30 14:10:12,238 [ERROR] LogOutputStream:75 - [STDERR_REDIRECT] [Fatal Error] :1:1: Premature end of file.
2025-10-30 14:10:12,238 [ERROR] LogOutputStream:75 - [STDERR_REDIRECT] 
2025-10-30 14:10:13,251 [ERROR] LogOutputStream:75 - [STDERR_REDIRECT] [Fatal Error] :1:1: Premature end of file.
2025-10-30 14:10:13,252 [ERROR] LogOutputStream:75 - [STDERR_REDIRECT] 
2025-10-30 14:10:14,245 [ERROR] LogOutputStream:75 - [STDERR_REDIRECT] [Fatal Error] :1:1: Premature end of file.
2025-10-30 14:10:14,245 [ERROR] LogOutputStream:75 - [STDERR_REDIRECT] 
2025-10-30 14:10:15,232 [ERROR] LogOutputStream:75 - [STDERR_REDIRECT] [Fatal Error] :1:1: Premature end of file.
2025-10-30 14:10:15,232 [ERROR] LogOutputStream:75 - [STDERR_REDIRECT] 
2025-10-30 14:10:16,234 [ERROR] LogOutputStream:75 - [STDERR_REDIRECT] [Fatal Error] :1:1: Premature end of file.
2025-10-30 14:10:16,234 [ERROR] LogOutputStream:75 - [STDERR_REDIRECT] 
2025-10-30 14:10:17,250 [ERROR] LogOutputStream:75 - [STDERR_REDIRECT] [Fatal Error] :1:1: Premature end of file.
2025-10-30 14:10:17,250 [ERROR] LogOutputStream:75 - [STDERR_REDIRECT] 
2025-10-30 14:10:18,244 [ERROR] LogOutputStream:75 - [STDERR_REDIRECT] [Fatal Error] :1:1: Premature end of file.
2025-10-30 14:10:18,244 [ERROR] LogOutputStream:75 - [STDERR_REDIRECT] 
2025-10-30 14:10:19,239 [ERROR] LogOutputStream:75 - [STDERR_REDIRECT] [Fatal Error] :1:1: Premature end of file.
2025-10-30 14:10:19,239 [ERROR] LogOutputStream:75 - [STDERR_REDIRECT] 
2025-10-30 14:10:20,235 [ERROR] LogOutputStream:75 - [STDERR_REDIRECT] [Fatal Error] :1:1: Premature end of file.
2025-10-30 14:10:20,235 [ERROR] LogOutputStream:75 - [STDERR_REDIRECT] 
2025-10-30 14:10:21,246 [ERROR] LogOutputStream:75 - [STDERR_REDIRECT] [Fatal Error] :1:1: Premature end of file.
2025-10-30 14:10:21,246 [ERROR] LogOutputStream:75 - [STDERR_REDIRECT] 
2025-10-30 14:10:22,245 [ERROR] LogOutputStream:75 - [STDERR_REDIRECT] [Fatal Error] :1:1: Premature end of file.
2025-10-30 14:10:22,245 [ERROR] LogOutputStream:75 - [STDERR_REDIRECT] 
2025-10-30 14:10:23,236 [ERROR] LogOutputStream:75 - [STDERR_REDIRECT] [Fatal Error] :1:1: Premature end of file.
2025-10-30 14:10:23,236 [ERROR] LogOutputStream:75 - [STDERR_REDIRECT] 
2025-10-30 14:10:24,234 [ERROR] LogOutputStream:75 - [STDERR_REDIRECT] [Fatal Error] :1:1: Premature end of file.
2025-10-30 14:10:24,235 [ERROR] LogOutputStream:75 - [STDERR_REDIRECT] 
2025-10-30 14:10:25,242 [ERROR] LogOutputStream:75 - [STDERR_REDIRECT] [Fatal Error] :1:1: Premature end of file.
2025-10-30 14:10:25,242 [ERROR] LogOutputStream:75 - [STDERR_REDIRECT] 
2025-10-30 14:10:26,238 [ERROR] LogOutputStream:75 - [STDERR_REDIRECT] [Fatal Error] :1:1: Premature end of file.
2025-10-30 14:10:26,238 [ERROR] LogOutputStream:75 - [STDERR_REDIRECT] 
2025-10-30 14:10:27,250 [ERROR] LogOutputStream:75 - [STDERR_REDIRECT] [Fatal Error] :1:1: Premature end of file.
2025-10-30 14:10:27,251 [ERROR] LogOutputStream:75 - [STDERR_REDIRECT] 
2025-10-30 14:10:28,241 [ERROR] LogOutputStream:75 - [STDERR_REDIRECT] [Fatal Error] :1:1: Premature end of file.
2025-10-30 14:10:28,243 [ERROR] LogOutputStream:75 - [STDERR_REDIRECT] 
2025-10-30 14:10:29,236 [ERROR] LogOutputStream:75 - [STDERR_REDIRECT] [Fatal Error] :1:1: Premature end of file.
2025-10-30 14:10:29,237 [ERROR] LogOutputStream:75 - [STDERR_REDIRECT] 
2025-10-30 14:10:30,233 [ERROR] LogOutputStream:75 - [STDERR_REDIRECT] [Fatal Error] :1:1: Premature end of file.
2025-10-30 14:10:30,233 [ERROR] LogOutputStream:75 - [STDERR_REDIRECT] 
2025-10-30 14:10:31,237 [ERROR] LogOutputStream:75 - [STDERR_REDIRECT] [Fatal Error] :1:1: Premature end of file.
2025-10-30 14:10:31,237 [ERROR] LogOutputStream:75 - [STDERR_REDIRECT] 
2025-10-30 14:10:32,232 [ERROR] LogOutputStream:75 - [STDERR_REDIRECT] [Fatal Error] :1:1: Premature end of file.
2025-10-30 14:10:32,232 [ERROR] LogOutputStream:75 - [STDERR_REDIRECT] 
2025-10-30 14:10:33,246 [ERROR] LogOutputStream:75 - [STDERR_REDIRECT] [Fatal Error] :1:1: Premature end of file.
2025-10-30 14:10:33,246 [ERROR] LogOutputStream:75 - [STDERR_REDIRECT] 
2025-10-30 14:10:34,250 [ERROR] LogOutputStream:75 - [STDERR_REDIRECT] [Fatal Error] :1:1: Premature end of file.
2025-10-30 14:10:34,251 [ERROR] LogOutputStream:75 - [STDERR_REDIRECT] 
2025-10-30 14:10:35,238 [ERROR] LogOutputStream:75 - [STDERR_REDIRECT] [Fatal Error] :1:1: Premature end of file.
2025-10-30 14:10:35,238 [ERROR] LogOutputStream:75 - [STDERR_REDIRECT] 
2025-10-30 14:10:36,245 [ERROR] LogOutputStream:75 - [STDERR_REDIRECT] [Fatal Error] :1:1: Premature end of file.
2025-10-30 14:10:36,245 [ERROR] LogOutputStream:75 - [STDERR_REDIRECT] 
2025-10-30 14:10:37,235 [ERROR] LogOutputStream:75 - [STDERR_REDIRECT] [Fatal Error] :1:1: Premature end of file.
2025-10-30 14:10:37,235 [ERROR] LogOutputStream:75 - [STDERR_REDIRECT] 
2025-10-30 14:10:38,236 [ERROR] LogOutputStream:75 - [STDERR_REDIRECT] [Fatal Error] :1:1: Premature end of file.
2025-10-30 14:10:38,236 [ERROR] LogOutputStream:75 - [STDERR_REDIRECT] 
2025-10-30 14:10:39,236 [ERROR] LogOutputStream:75 - [STDERR_REDIRECT] [Fatal Error] :1:1: Premature end of file.
2025-10-30 14:10:39,237 [ERROR] LogOutputStream:75 - [STDERR_REDIRECT] 
2025-10-30 14:10:40,244 [ERROR] LogOutputStream:75 - [STDERR_REDIRECT] [Fatal Error] :1:1: Premature end of file.
2025-10-30 14:10:40,244 [ERROR] LogOutputStream:75 - [STDERR_REDIRECT] 
2025-10-30 14:10:41,238 [ERROR] LogOutputStream:75 - [STDERR_REDIRECT] [Fatal Error] :1:1: Premature end of file.
2025-10-30 14:10:41,238 [ERROR] LogOutputStream:75 - [STDERR_REDIRECT] 
2025-10-30 14:10:42,246 [ERROR] LogOutputStream:75 - [STDERR_REDIRECT] [Fatal Error] :1:1: Premature end of file.
2025-10-30 14:10:42,246 [ERROR] LogOutputStream:75 - [STDERR_REDIRECT] 
2025-10-30 14:10:43,239 [ERROR] LogOutputStream:75 - [STDERR_REDIRECT] [Fatal Error] :1:1: Premature end of file.
2025-10-30 14:10:43,239 [ERROR] LogOutputStream:75 - [STDERR_REDIRECT] 
2025-10-30 14:10:44,233 [ERROR] LogOutputStream:75 - [STDERR_REDIRECT] [Fatal Error] :1:1: Premature end of file.
2025-10-30 14:10:44,233 [ERROR] LogOutputStream:75 - [STDERR_REDIRECT] 
2025-10-30 14:10:45,242 [ERROR] LogOutputStream:75 - [STDERR_REDIRECT] [Fatal Error] :1:1: Premature end of file.
2025-10-30 14:10:45,242 [ERROR] LogOutputStream:75 - [STDERR_REDIRECT] 
2025-10-30 14:10:46,243 [ERROR] LogOutputStream:75 - [STDERR_REDIRECT] [Fatal Error] :1:1: Premature end of file.
2025-10-30 14:10:46,243 [ERROR] LogOutputStream:75 - [STDERR_REDIRECT] 
2025-10-30 14:10:47,238 [ERROR] LogOutputStream:75 - [STDERR_REDIRECT] [Fatal Error] :1:1: Premature end of file.
2025-10-30 14:10:47,238 [ERROR] LogOutputStream:75 - [STDERR_REDIRECT] 
2025-10-30 14:10:48,253 [ERROR] LogOutputStream:75 - [STDERR_REDIRECT] [Fatal Error] :1:1: Premature end of file.
2025-10-30 14:10:48,254 [ERROR] LogOutputStream:75 - [STDERR_REDIRECT] 
2025-10-30 14:10:49,242 [ERROR] LogOutputStream:75 - [STDERR_REDIRECT] [Fatal Error] :1:1: Premature end of file.
2025-10-30 14:10:49,243 [ERROR] LogOutputStream:75 - [STDERR_REDIRECT] 
2025-10-30 14:10:50,233 [ERROR] LogOutputStream:75 - [STDERR_REDIRECT] [Fatal Error] :1:1: Premature end of file.
2025-10-30 14:10:50,234 [ERROR] LogOutputStream:75 - [STDERR_REDIRECT] 
2025-10-30 14:10:51,242 [ERROR] LogOutputStream:75 - [STDERR_REDIRECT] [Fatal Error] :1:1: Premature end of file.
2025-10-30 14:10:51,242 [ERROR] LogOutputStream:75 - [STDERR_REDIRECT] 
2025-10-30 14:10:52,235 [ERROR] LogOutputStream:75 - [STDERR_REDIRECT] [Fatal Error] :1:1: Premature end of file.
2025-10-30 14:10:52,235 [ERROR] LogOutputStream:75 - [STDERR_REDIRECT] 
2025-10-30 14:10:53,246 [ERROR] LogOutputStream:75 - [STDERR_REDIRECT] [Fatal Error] :1:1: Premature end of file.
2025-10-30 14:10:53,246 [ERROR] LogOutputStream:75 - [STDERR_REDIRECT] 
2025-10-30 14:10:54,245 [ERROR] LogOutputStream:75 - [STDERR_REDIRECT] [Fatal Error] :1:1: Premature end of file.
2025-10-30 14:10:54,245 [ERROR] LogOutputStream:75 - [STDERR_REDIRECT] 
2025-10-30 14:10:55,236 [ERROR] LogOutputStream:75 - [STDERR_REDIRECT] [Fatal Error] :1:1: Premature end of file.
2025-10-30 14:10:55,236 [ERROR] LogOutputStream:75 - [STDERR_REDIRECT] 
2025-10-30 14:10:56,244 [ERROR] LogOutputStream:75 - [STDERR_REDIRECT] [Fatal Error] :1:1: Premature end of file.
2025-10-30 14:10:56,244 [ERROR] LogOutputStream:75 - [STDERR_REDIRECT] 
2025-10-30 14:10:57,247 [ERROR] LogOutputStream:75 - [STDERR_REDIRECT] [Fatal Error] :1:1: Premature end of file.
2025-10-30 14:10:57,247 [ERROR] LogOutputStream:75 - [STDERR_REDIRECT] 
2025-10-30 14:10:58,239 [ERROR] LogOutputStream:75 - [STDERR_REDIRECT] [Fatal Error] :1:1: Premature end of file.
2025-10-30 14:10:58,239 [ERROR] LogOutputStream:75 - [STDERR_REDIRECT] 
2025-10-30 14:10:59,233 [ERROR] LogOutputStream:75 - [STDERR_REDIRECT] [Fatal Error] :1:1: Premature end of file.
2025-10-30 14:10:59,233 [ERROR] LogOutputStream:75 - [STDERR_REDIRECT] 
2025-10-30 14:11:00,242 [ERROR] LogOutputStream:75 - [STDERR_REDIRECT] [Fatal Error] :1:1: Premature end of file.
2025-10-30 14:11:00,243 [ERROR] LogOutputStream:75 - [STDERR_REDIRECT] 
2025-10-30 14:11:01,235 [ERROR] LogOutputStream:75 - [STDERR_REDIRECT] [Fatal Error] :1:1: Premature end of file.
2025-10-30 14:11:01,235 [ERROR] LogOutputStream:75 - [STDERR_REDIRECT] 
2025-10-30 14:11:02,252 [ERROR] LogOutputStream:75 - [STDERR_REDIRECT] [Fatal Error] :1:1: Premature end of file.
2025-10-30 14:11:02,252 [ERROR] LogOutputStream:75 - [STDERR_REDIRECT] 
2025-10-30 14:11:03,241 [ERROR] LogOutputStream:75 - [STDERR_REDIRECT] [Fatal Error] :1:1: Premature end of file.
2025-10-30 14:11:03,241 [ERROR] LogOutputStream:75 - [STDERR_REDIRECT] 
2025-10-30 14:11:04,234 [ERROR] LogOutputStream:75 - [STDERR_REDIRECT] [Fatal Error] :1:1: Premature end of file.
2025-10-30 14:11:04,234 [ERROR] LogOutputStream:75 - [STDERR_REDIRECT] 
2025-10-30 14:11:05,245 [ERROR] LogOutputStream:75 - [STDERR_REDIRECT] [Fatal Error] :1:1: Premature end of file.
2025-10-30 14:11:05,245 [ERROR] LogOutputStream:75 - [STDERR_REDIRECT] 
2025-10-30 14:11:06,247 [ERROR] LogOutputStream:75 - [STDERR_REDIRECT] [Fatal Error] :1:1: Premature end of file.
2025-10-30 14:11:06,247 [ERROR] LogOutputStream:75 - [STDERR_REDIRECT] 
2025-10-30 14:11:07,243 [ERROR] LogOutputStream:75 - [STDERR_REDIRECT] [Fatal Error] :1:1: Premature end of file.
2025-10-30 14:11:07,243 [ERROR] LogOutputStream:75 - [STDERR_REDIRECT] 
2025-10-30 14:11:08,234 [ERROR] LogOutputStream:75 - [STDERR_REDIRECT] [Fatal Error] :1:1: Premature end of file.
2025-10-30 14:11:08,234 [ERROR] LogOutputStream:75 - [STDERR_REDIRECT] 
2025-10-30 14:11:09,259 [ERROR] LogOutputStream:75 - [STDERR_REDIRECT] [Fatal Error] :1:1: Premature end of file.
2025-10-30 14:11:09,259 [ERROR] LogOutputStream:75 - [STDERR_REDIRECT] 
2025-10-30 14:11:10,241 [ERROR] LogOutputStream:75 - [STDERR_REDIRECT] [Fatal Error] :1:1: Premature end of file.
2025-10-30 14:11:10,241 [ERROR] LogOutputStream:75 - [STDERR_REDIRECT] 
2025-10-30 14:11:11,241 [ERROR] LogOutputStream:75 - [STDERR_REDIRECT] [Fatal Error] :1:1: Premature end of file.
2025-10-30 14:11:11,241 [ERROR] LogOutputStream:75 - [STDERR_REDIRECT] 
2025-10-30 14:11:12,249 [ERROR] LogOutputStream:75 - [STDERR_REDIRECT] [Fatal Error] :1:1: Premature end of file.
2025-10-30 14:11:12,249 [ERROR] LogOutputStream:75 - [STDERR_REDIRECT] 
2025-10-30 14:11:13,235 [ERROR] LogOutputStream:75 - [STDERR_REDIRECT] [Fatal Error] :1:1: Premature end of file.
2025-10-30 14:11:13,235 [ERROR] LogOutputStream:75 - [STDERR_REDIRECT] 
2025-10-30 14:11:14,236 [ERROR] LogOutputStream:75 - [STDERR_REDIRECT] [Fatal Error] :1:1: Premature end of file.
2025-10-30 14:11:14,236 [ERROR] LogOutputStream:75 - [STDERR_REDIRECT] 
2025-10-30 14:11:15,231 [ERROR] LogOutputStream:75 - [STDERR_REDIRECT] [Fatal Error] :1:1: Premature end of file.
2025-10-30 14:11:15,231 [ERROR] LogOutputStream:75 - [STDERR_REDIRECT] 
2025-10-30 14:11:16,252 [ERROR] LogOutputStream:75 - [STDERR_REDIRECT] [Fatal Error] :1:1: Premature end of file.
2025-10-30 14:11:16,252 [ERROR] LogOutputStream:75 - [STDERR_REDIRECT] 
2025-10-30 14:11:17,249 [ERROR] LogOutputStream:75 - [STDERR_REDIRECT] [Fatal Error] :1:1: Premature end of file.
2025-10-30 14:11:17,249 [ERROR] LogOutputStream:75 - [STDERR_REDIRECT] 
2025-10-30 14:11:18,233 [ERROR] LogOutputStream:75 - [STDERR_REDIRECT] [Fatal Error] :1:1: Premature end of file.
2025-10-30 14:11:18,233 [ERROR] LogOutputStream:75 - [STDERR_REDIRECT] 
2025-10-30 14:11:19,232 [ERROR] LogOutputStream:75 - [STDERR_REDIRECT] [Fatal Error] :1:1: Premature end of file.
2025-10-30 14:11:19,233 [ERROR] LogOutputStream:75 - [STDERR_REDIRECT] 
2025-10-30 14:11:20,234 [ERROR] LogOutputStream:75 - [STDERR_REDIRECT] [Fatal Error] :1:1: Premature end of file.
2025-10-30 14:11:20,234 [ERROR] LogOutputStream:75 - [STDERR_REDIRECT] 
2025-10-30 14:11:21,232 [ERROR] LogOutputStream:75 - [STDERR_REDIRECT] [Fatal Error] :1:1: Premature end of file.
2025-10-30 14:11:21,232 [ERROR] LogOutputStream:75 - [STDERR_REDIRECT] 
2025-10-30 14:11:22,237 [ERROR] LogOutputStream:75 - [STDERR_REDIRECT] [Fatal Error] :1:1: Premature end of file.
2025-10-30 14:11:22,237 [ERROR] LogOutputStream:75 - [STDERR_REDIRECT] 
2025-10-30 14:11:22,285 [INFO] McuFinderGlobals:63 - Set McuFinder mode to 2 (CubeIDE integrated)
2025-10-30 14:11:22,288 [INFO] MainUpdater:2872 - connection check result : 10
2025-10-30 14:11:22,294 [INFO] McuFinderGlobals:76 - Set McuFinderConnectedMode to true
2025-10-30 14:11:22,966 [INFO] ServerAccessManage:452 - Complete download http(s) 200
2025-10-30 14:11:22,966 [INFO] ServerAccessManage:509 - Download File mcusAds.json._tmp_
2025-10-30 14:11:23,120 [INFO] LoadUrlFilesThread:156 - End of LoadUrlFiles Thread
2025-10-30 14:11:23,237 [ERROR] LogOutputStream:75 - [STDERR_REDIRECT] [Fatal Error] :1:1: Premature end of file.
2025-10-30 14:11:23,237 [ERROR] LogOutputStream:75 - [STDERR_REDIRECT] 
2025-10-30 14:11:23,525 [INFO] ServerAccessManage:452 - Complete download http(s) 200
2025-10-30 14:11:23,526 [INFO] ServerAccessManage:509 - Download File cube-finder-db.zip
2025-10-30 14:11:24,241 [ERROR] LogOutputStream:75 - [STDERR_REDIRECT] [Fatal Error] :1:1: Premature end of file.
2025-10-30 14:11:24,241 [ERROR] LogOutputStream:75 - [STDERR_REDIRECT] 
2025-10-30 14:11:25,232 [ERROR] LogOutputStream:75 - [STDERR_REDIRECT] [Fatal Error] :1:1: Premature end of file.
2025-10-30 14:11:25,232 [ERROR] LogOutputStream:75 - [STDERR_REDIRECT] 
2025-10-30 14:11:26,240 [ERROR] LogOutputStream:75 - [STDERR_REDIRECT] [Fatal Error] :1:1: Premature end of file.
2025-10-30 14:11:26,240 [ERROR] LogOutputStream:75 - [STDERR_REDIRECT] 
2025-10-30 14:11:27,233 [ERROR] LogOutputStream:75 - [STDERR_REDIRECT] [Fatal Error] :1:1: Premature end of file.
2025-10-30 14:11:27,233 [ERROR] LogOutputStream:75 - [STDERR_REDIRECT] 
2025-10-30 14:11:28,238 [ERROR] LogOutputStream:75 - [STDERR_REDIRECT] [Fatal Error] :1:1: Premature end of file.
2025-10-30 14:11:28,238 [ERROR] LogOutputStream:75 - [STDERR_REDIRECT] 
2025-10-30 14:11:29,236 [ERROR] LogOutputStream:75 - [STDERR_REDIRECT] [Fatal Error] :1:1: Premature end of file.
2025-10-30 14:11:29,236 [ERROR] LogOutputStream:75 - [STDERR_REDIRECT] 
2025-10-30 14:11:30,235 [ERROR] LogOutputStream:75 - [STDERR_REDIRECT] [Fatal Error] :1:1: Premature end of file.
2025-10-30 14:11:30,235 [ERROR] LogOutputStream:75 - [STDERR_REDIRECT] 
2025-10-30 14:11:30,808 [INFO] FileExtend:248 - Unzip File : cube-finder-db.zip
2025-10-30 14:11:30,809 [INFO] FileExtend:263 - Standard Zip Deflate
2025-10-30 14:11:31,247 [ERROR] LogOutputStream:75 - [STDERR_REDIRECT] [Fatal Error] :1:1: Premature end of file.
2025-10-30 14:11:31,247 [ERROR] LogOutputStream:75 - [STDERR_REDIRECT] 
2025-10-30 14:11:31,862 [INFO] LoadUrlFilesThread:156 - End of LoadUrlFiles Thread
2025-10-30 14:11:32,235 [ERROR] LogOutputStream:75 - [STDERR_REDIRECT] [Fatal Error] :1:1: Premature end of file.
2025-10-30 14:11:32,235 [ERROR] LogOutputStream:75 - [STDERR_REDIRECT] 
2025-10-30 14:11:33,234 [ERROR] LogOutputStream:75 - [STDERR_REDIRECT] [Fatal Error] :1:1: Premature end of file.
2025-10-30 14:11:33,235 [ERROR] LogOutputStream:75 - [STDERR_REDIRECT] 
2025-10-30 14:11:34,237 [ERROR] LogOutputStream:75 - [STDERR_REDIRECT] [Fatal Error] :1:1: Premature end of file.
2025-10-30 14:11:34,237 [ERROR] LogOutputStream:75 - [STDERR_REDIRECT] 
2025-10-30 14:11:34,902 [INFO] ServerAccessManage:452 - Complete download http(s) 200
2025-10-30 14:11:34,903 [INFO] ServerAccessManage:509 - Download File crdb.zip
2025-10-30 14:11:35,234 [ERROR] LogOutputStream:75 - [STDERR_REDIRECT] [Fatal Error] :1:1: Premature end of file.
2025-10-30 14:11:35,235 [ERROR] LogOutputStream:75 - [STDERR_REDIRECT] 
2025-10-30 14:11:36,236 [ERROR] LogOutputStream:75 - [STDERR_REDIRECT] [Fatal Error] :1:1: Premature end of file.
2025-10-30 14:11:36,236 [ERROR] LogOutputStream:75 - [STDERR_REDIRECT] 
2025-10-30 14:11:37,234 [ERROR] LogOutputStream:75 - [STDERR_REDIRECT] [Fatal Error] :1:1: Premature end of file.
2025-10-30 14:11:37,234 [ERROR] LogOutputStream:75 - [STDERR_REDIRECT] 
2025-10-30 14:11:38,243 [ERROR] LogOutputStream:75 - [STDERR_REDIRECT] [Fatal Error] :1:1: Premature end of file.
2025-10-30 14:11:38,243 [ERROR] LogOutputStream:75 - [STDERR_REDIRECT] 
2025-10-30 14:11:39,232 [ERROR] LogOutputStream:75 - [STDERR_REDIRECT] [Fatal Error] :1:1: Premature end of file.
2025-10-30 14:11:39,232 [ERROR] LogOutputStream:75 - [STDERR_REDIRECT] 
2025-10-30 14:11:40,233 [ERROR] LogOutputStream:75 - [STDERR_REDIRECT] [Fatal Error] :1:1: Premature end of file.
2025-10-30 14:11:40,233 [ERROR] LogOutputStream:75 - [STDERR_REDIRECT] 
2025-10-30 14:11:41,232 [ERROR] LogOutputStream:75 - [STDERR_REDIRECT] [Fatal Error] :1:1: Premature end of file.
2025-10-30 14:11:41,232 [ERROR] LogOutputStream:75 - [STDERR_REDIRECT] 
2025-10-30 14:11:42,233 [ERROR] LogOutputStream:75 - [STDERR_REDIRECT] [Fatal Error] :1:1: Premature end of file.
2025-10-30 14:11:42,233 [ERROR] LogOutputStream:75 - [STDERR_REDIRECT] 
2025-10-30 14:11:43,232 [ERROR] LogOutputStream:75 - [STDERR_REDIRECT] [Fatal Error] :1:1: Premature end of file.
2025-10-30 14:11:43,232 [ERROR] LogOutputStream:75 - [STDERR_REDIRECT] 
2025-10-30 14:11:44,234 [ERROR] LogOutputStream:75 - [STDERR_REDIRECT] [Fatal Error] :1:1: Premature end of file.
2025-10-30 14:11:44,234 [ERROR] LogOutputStream:75 - [STDERR_REDIRECT] 
2025-10-30 14:11:45,240 [ERROR] LogOutputStream:75 - [STDERR_REDIRECT] [Fatal Error] :1:1: Premature end of file.
2025-10-30 14:11:45,240 [ERROR] LogOutputStream:75 - [STDERR_REDIRECT] 
2025-10-30 14:11:46,234 [ERROR] LogOutputStream:75 - [STDERR_REDIRECT] [Fatal Error] :1:1: Premature end of file.
2025-10-30 14:11:46,235 [ERROR] LogOutputStream:75 - [STDERR_REDIRECT] 
2025-10-30 14:11:47,233 [ERROR] LogOutputStream:75 - [STDERR_REDIRECT] [Fatal Error] :1:1: Premature end of file.
2025-10-30 14:11:47,233 [ERROR] LogOutputStream:75 - [STDERR_REDIRECT] 
2025-10-30 14:11:48,232 [ERROR] LogOutputStream:75 - [STDERR_REDIRECT] [Fatal Error] :1:1: Premature end of file.
2025-10-30 14:11:48,232 [ERROR] LogOutputStream:75 - [STDERR_REDIRECT] 
2025-10-30 14:11:49,232 [ERROR] LogOutputStream:75 - [STDERR_REDIRECT] [Fatal Error] :1:1: Premature end of file.
2025-10-30 14:11:49,232 [ERROR] LogOutputStream:75 - [STDERR_REDIRECT] 
2025-10-30 14:11:50,232 [ERROR] LogOutputStream:75 - [STDERR_REDIRECT] [Fatal Error] :1:1: Premature end of file.
2025-10-30 14:11:50,232 [ERROR] LogOutputStream:75 - [STDERR_REDIRECT] 
2025-10-30 14:11:51,234 [ERROR] LogOutputStream:75 - [STDERR_REDIRECT] [Fatal Error] :1:1: Premature end of file.
2025-10-30 14:11:51,234 [ERROR] LogOutputStream:75 - [STDERR_REDIRECT] 
2025-10-30 14:11:52,237 [ERROR] LogOutputStream:75 - [STDERR_REDIRECT] [Fatal Error] :1:1: Premature end of file.
2025-10-30 14:11:52,237 [ERROR] LogOutputStream:75 - [STDERR_REDIRECT] 
2025-10-30 14:11:53,232 [ERROR] LogOutputStream:75 - [STDERR_REDIRECT] [Fatal Error] :1:1: Premature end of file.
2025-10-30 14:11:53,232 [ERROR] LogOutputStream:75 - [STDERR_REDIRECT] 
2025-10-30 14:11:54,234 [ERROR] LogOutputStream:75 - [STDERR_REDIRECT] [Fatal Error] :1:1: Premature end of file.
2025-10-30 14:11:54,234 [ERROR] LogOutputStream:75 - [STDERR_REDIRECT] 
2025-10-30 14:11:54,577 [INFO] FileExtend:248 - Unzip File : crdb.zip
2025-10-30 14:11:54,577 [INFO] FileExtend:263 - Standard Zip Deflate
2025-10-30 14:11:54,706 [INFO] LoadUrlFilesThread:156 - End of LoadUrlFiles Thread
2025-10-30 14:11:54,854 [INFO] ServerAccessManage:452 - Complete download http(s) 200
2025-10-30 14:11:54,855 [INFO] ServerAccessManage:509 - Download File tutoVideoDB.zip
2025-10-30 14:11:54,939 [INFO] FileExtend:248 - Unzip File : tutoVideoDB.zip
2025-10-30 14:11:54,940 [INFO] FileExtend:263 - Standard Zip Deflate
2025-10-30 14:11:55,050 [INFO] LoadUrlFilesThread:156 - End of LoadUrlFiles Thread
2025-10-30 14:11:55,052 [WARN] DbFile:41 - Overriding database path with different value: C:\Users\Song\.stmcufinder\plugins\mcufinder/ => C:\Users\Song\.stmcufinder\plugins\mcufinder
2025-10-30 14:11:55,130 [INFO] ServerAccessManage:452 - Complete download http(s) 200
2025-10-30 14:11:55,131 [INFO] ServerAccessManage:509 - Download File api_config.json
2025-10-30 14:11:55,233 [ERROR] LogOutputStream:75 - [STDERR_REDIRECT] [Fatal Error] :1:1: Premature end of file.
2025-10-30 14:11:55,234 [ERROR] LogOutputStream:75 - [STDERR_REDIRECT] 
2025-10-30 14:11:55,240 [INFO] LoadUrlFilesThread:156 - End of LoadUrlFiles Thread
2025-10-30 14:11:55,243 [INFO] DbMcusAds:53 - JSON generation date=Thu Oct 02 17:36:05 HKT 2025 (1759397765645)
2025-10-30 14:11:55,428 [INFO] ServerAccessManage:452 - Complete download http(s) 200
2025-10-30 14:11:55,428 [INFO] ServerAccessManage:509 - Download File 
2025-10-30 14:11:55,518 [INFO] LoadUrlFilesThread:185 - End of LoadServerUrlFiles without Thread
2025-10-30 14:11:55,519 [INFO] TargetSelectorAdapter:259 - Refresh data is successful
2025-10-30 14:11:55,649 [INFO] ApiDb:581 - Connected to CubeFinder SQLite database (C:\Users\Song\.stmcufinder\plugins\mcufinder\mcu\cube-finder-db.db)
2025-10-30 14:11:55,854 [INFO] ApiDb:668 - CubeFinder database Data Model version=2.1
2025-10-30 14:11:55,854 [INFO] ApiDb:669 - CubeFinder database Configuration version=3.0.39
2025-10-30 14:11:55,856 [INFO] ApiDb:670 - CubeFinder database generation date=2025-10-27 (1761571959)
2025-10-30 14:11:55,856 [INFO] ApiDb:671 - CubeFinder database FW Pack versions=[FP-ATR-ASTRA1_V2.0.0, FP-SNS-FLIGHT1_V5.1.0, FP-SNS-MOTENV1_V5.0.0, FP-SNS-MOTENVWB1_V1.4.0, FP-SNS-SMARTAG2_V1.2.0, FP-SNS-STBOX1_V2.1.0, STM32Cube_FW_C0_V1.4.0, STM32Cube_FW_F4_V1.28.3, STM32Cube_FW_F7_V1.17.4, STM32Cube_FW_G0_V1.6.2, STM32Cube_FW_G4_V1.6.1, STM32Cube_FW_H5_V1.5.0, STM32Cube_FW_H7RS_V1.2.0, STM32Cube_FW_H7_V1.12.1, STM32Cube_FW_L0_V1.12.2, STM32Cube_FW_L4_V1.18.1, STM32Cube_FW_L5_V1.5.1, STM32Cube_FW_N6_V1.2.0, STM32Cube_FW_U0_V1.3.0, STM32Cube_FW_U3_V1.2.1, STM32Cube_FW_U5_V1.8.0, STM32Cube_FW_WB0_V1.3.0, STM32Cube_FW_WBA_V1.7.0, STM32Cube_FW_WB_V1.23.0, STM32Cube_FW_WL3_V1.2.0, STM32Cube_FW_WL_V1.3.1, X-CUBE-ALGOBUILD_V1.4.0, X-CUBE-ALS_V1.0.2, X-CUBE-AZRTOS-F4_V1.1.0, X-CUBE-AZRTOS-F7_V1.1.0, X-CUBE-AZRTOS-G0_V1.1.0, X-CUBE-AZRTOS-G4_V2.0.0, X-CUBE-AZRTOS-H7RS_V1.1.0, X-CUBE-AZRTOS-H7_V3.4.0, X-CUBE-AZRTOS-L4_V2.0.0, X-CUBE-AZRTOS-L5_V2.0.0, X-CUBE-AZRTOS-WB_V2.0.0, X-CUBE-AZRTOS-WL_V2.0.0, X-CUBE-BLE1_V7.1.0, X-CUBE-BLE2_V3.3.0, X-CUBE-BLEMGR_V4.1.0, X-CUBE-EEPRMA1_V5.2.0, X-CUBE-FREERTOS_V1.3.1, X-CUBE-GNSS1_V6.0.0, X-CUBE-MEMS1_V11.3.0, X-CUBE-NFC4_V3.0.0, X-CUBE-NFC7_V2.0.0, X-CUBE-SFXS2LP1_V4.0.0, X-CUBE-ST67W61_V1.1.0, X-CUBE-SUBG2_V5.0.0, X-CUBE-TOF1_V3.4.3]
2025-10-30 14:11:56,233 [ERROR] LogOutputStream:75 - [STDERR_REDIRECT] [Fatal Error] :1:1: Premature end of file.
2025-10-30 14:11:56,234 [ERROR] LogOutputStream:75 - [STDERR_REDIRECT] 
2025-10-30 14:11:57,234 [ERROR] LogOutputStream:75 - [STDERR_REDIRECT] [Fatal Error] :1:1: Premature end of file.
2025-10-30 14:11:57,234 [ERROR] LogOutputStream:75 - [STDERR_REDIRECT] 
2025-10-30 14:11:58,235 [ERROR] LogOutputStream:75 - [STDERR_REDIRECT] [Fatal Error] :1:1: Premature end of file.
2025-10-30 14:11:58,236 [ERROR] LogOutputStream:75 - [STDERR_REDIRECT] 
2025-10-30 14:11:59,241 [ERROR] LogOutputStream:75 - [STDERR_REDIRECT] [Fatal Error] :1:1: Premature end of file.
2025-10-30 14:11:59,241 [ERROR] LogOutputStream:75 - [STDERR_REDIRECT] 
2025-10-30 14:12:00,009 [INFO] ApiDb:240 - Found 880 in-development CPN: [B-G473E-ZEST1S, B-WB1M-WPAN1, B-WBA5M-WPAN, B-WL5M-SUBG1, NUCLEO-C031C6, NUCLEO-C051C8, NUCLEO-C071RB, NUCLEO-C092RC, NUCLEO-H503RB, NUCLEO-H533RE, NUCLEO-H563ZI, NUCLEO-H7S3L8, NUCLEO-N657X0-Q, NUCLEO-U031R8, NUCLEO-U083RC, NUCLEO-U385RG-Q, NUCLEO-U545RE-Q, NUCLEO-U5A5ZJ-Q, NUCLEO-WB05KZ, NUCLEO-WB07CC, NUCLEO-WB09KE, NUCLEO-WBA52CG, NUCLEO-WBA55CG, NUCLEO-WL33CC1, NUCLEO-WL33CC2, STEVAL-PROTEUS1, STEVAL-SMARTAG2, STEVAL-STWINBX1, STM320518-EVAL, STM32C0116-DK, STM32C011D6Y3TR, STM32C011D6Y6TR, STM32C011F4P3, STM32C011F4P6, STM32C011F4U3, STM32C011F4U6TR, STM32C011F6P3, STM32C011F6P6, STM32C011F6U3, STM32C011F6U6TR, STM32C011J4M3, STM32C011J4M6, STM32C011J6M3, STM32C011J6M6, STM32C0316-DK, STM32C031C4T3, STM32C031C4T6, STM32C031C4U3, STM32C031C4U6, STM32C031C6T3, STM32C031C6T6, STM32C031C6U3, STM32C031C6U6, STM32C031F4P3, STM32C031F4P6, STM32C031F6P3, STM32C031F6P6, STM32C031G4U3, STM32C031G4U6, STM32C031G6U3, STM32C031G6U6, STM32C031K4T3, STM32C031K4T6, STM32C031K4U3, STM32C031K4U6, STM32C031K6T3, STM32C031K6T6, STM32C031K6U3, STM32C031K6U6, STM32C051C6T6, STM32C051C6U6, STM32C051C8T6, STM32C051C8U6, STM32C051D8Y6TR, STM32C051F6P6, STM32C051F8P6, STM32C051G6U6, STM32C051G8U6, STM32C051K6T6, STM32C051K6U6, STM32C051K8T6, STM32C071C8T6, STM32C071C8T6N, STM32C071C8U6, STM32C071C8U6N, STM32C071CBT6, STM32C071CBT6N, STM32C071CBU6, STM32C071CBU6N, STM32C071F8P6, STM32C071F8P6N, STM32C071FBP6, STM32C071FBP6N, STM32C071FBY6TR, STM32C071G8U6, STM32C071G8U6N, STM32C071GBU6, STM32C071GBU6N, STM32C071K8T6, STM32C071K8T6N, STM32C071K8U6, STM32C071K8U6N, STM32C071KBT6, STM32C071KBT6N, STM32C071KBU6, STM32C071KBU6N, STM32C071R8T6, STM32C071R8T6N, STM32C071RBI6N, STM32C071RBT6, STM32C071RBT6N, STM32C091CBT6, STM32C091CBU6, STM32C091CCT6, STM32C091CCU6, STM32C091ECY6TR, STM32C091FBP6, STM32C091FCP6, STM32C091GBU6, STM32C091GCU6, STM32C091KBT6, STM32C091KBU6, STM32C091KCT6, STM32C091KCU6, STM32C091RBT6, STM32C091RCI6, STM32C091RCT6, STM32C092CBT6, STM32C092CBU6, STM32C092CCT6, STM32C092CCU6, STM32C092ECY6TR, STM32C092FBP6, STM32C092FCP6, STM32C092GBU6, STM32C092GCU6, STM32C092KBT6, STM32C092KBU6, STM32C092KCT6, STM32C092KCU6, STM32C092RBT6, STM32C092RCI6, STM32C092RCT6, STM32G071K8TXN, STM32G071K8UXN, STM32G081GBU6N, STM32G081KBT6N, STM32G081KBUXN, STM32G0B1CCT6N, STM32G0B1KCT6, STM32G0B1NEY6TR, STM32G0B1RCT6N, STM32G0C1CCT6, STM32G0C1CCT6N, STM32G0C1CCU6N, STM32G0C1CET6N, STM32G0C1CEU6N, STM32G0C1KCT6, STM32G0C1NEY6TR, STM32G0C1RCI6N, STM32G0C1RCT6N, STM32G0C1REI6N, STM32G0C1RET6N, STM32G0C1VCI6, STM32G0C1VEI6, STM32G411C6T3, STM32G411C6T6, STM32G411C6U3, STM32G411C6U6, STM32G411C8T3, STM32G411C8T6, STM32G411C8U3, STM32G411C8U6, STM32G411CBT3, STM32G411CBT6, STM32G411CBU3, STM32G411CBU6, STM32G411K6T3, STM32G411K6T6, STM32G411K6U3, STM32G411K6U6, STM32G411K8T3, STM32G411K8T6, STM32G411K8U3, STM32G411K8U6, STM32G411KBT3, STM32G411KBT6, STM32G411KBU3, STM32G411KBU6, STM32G411M6T3, STM32G411M6T6, STM32G411M8T3, STM32G411M8T6, STM32G411MBT3, STM32G411MBT6, STM32G411R6T3, STM32G411R6T6, STM32G411R8T3, STM32G411R8T6, STM32G411RBT3, STM32G411RBT6, STM32G414CBT3, STM32G414CBT6, STM32G414CBU3, STM32G414CBU6, STM32G414CCT3, STM32G414CCT6, STM32G414CCU3, STM32G414CCU6, STM32G414MBT3, STM32G414MBT6, STM32G414MCT3, STM32G414MCT6, STM32G414RBT3, STM32G414RBT6, STM32G414RCT3, STM32G414RCT6, STM32G414VBT3, STM32G414VBT6, STM32G414VCT3, STM32G414VCT6, STM32G431CBT3Z, STM32G431RBT3Z, STM32G471CCT6, STM32G471CCU6, STM32G471CET3, STM32G471CET6, STM32G471CEU3, STM32G471CEU6, STM32G471MCT6, STM32G471MET3, STM32G471MET6, STM32G471MEY6TR, STM32G471QCT6, STM32G471QET3, STM32G471RCT6, STM32G471RET3, STM32G471RET6, STM32G471VCH6, STM32G471VCI6, STM32G471VCT6, STM32G471VEH3, STM32G471VEH6, STM32G471VEI3, STM32G471VEI6, STM32G471VET3, STM32G471VET6, STM32G473QET3Z, STM32G473RET3Z, STM32G474CCT6, STM32G491RET3Z, STM32H503CBT6, STM32H503CBU6, STM32H503EBY6TR, STM32H503KBU6, STM32H503RBT6, STM32H523CCT6, STM32H523CCU6, STM32H523CET6, STM32H523CEU6, STM32H523HEY6TR, STM32H523RCT6, STM32H523RET6, STM32H523VCI6, STM32H523VCT6, STM32H523VEI6, STM32H523VET6, STM32H523ZCJ6, STM32H523ZCT6, STM32H523ZEJ6, STM32H523ZET6, STM32H533CET6, STM32H533CEU6, STM32H533HEY6TR, STM32H533RET6, STM32H533VEI6, STM32H533VET6, STM32H533ZEJ6, STM32H533ZET6, STM32H562AGI6, STM32H562AII6, STM32H562IGK6, STM32H562IGT6, STM32H562IIK6, STM32H562IIT6, STM32H562RGT6, STM32H562RGV6, STM32H562RIT6, STM32H562RIV6, STM32H562VGT6, STM32H562VIT6, STM32H562ZGT6, STM32H562ZIT6, STM32H563AGI6, STM32H563AII3Q, STM32H563AII6, STM32H563IGK6, STM32H563IGT6, STM32H563IIK3Q, STM32H563IIK6, STM32H563IIT3Q, STM32H563IIT6, STM32H563MIY3QTR, STM32H563RGT6, STM32H563RGV6, STM32H563RIT6, STM32H563RIV6, STM32H563VGT6, STM32H563VIT3Q, STM32H563VIT6, STM32H563ZGT6, STM32H563ZIT3Q, STM32H563ZIT6, STM32H573AII3Q, STM32H573AII6, STM32H573I-DK, STM32H573IIK3Q, STM32H573IIK6, STM32H573IIT3Q, STM32H573IIT6, STM32H573MIY3QTR, STM32H573RIT6, STM32H573RIV6, STM32H573VIT3Q, STM32H573VIT6, STM32H573ZIT3Q, STM32H573ZIT6, STM32H7R3A8I6, STM32H7R3I8K6, STM32H7R3I8T6, STM32H7R3L8H6, STM32H7R3L8H6H, STM32H7R3R8V6, STM32H7R3V8H6, STM32H7R3V8T6, STM32H7R3V8Y6TR, STM32H7R3Z8J6, STM32H7R3Z8T6, STM32H7R7A8I6, STM32H7R7I8K6, STM32H7R7I8T6, STM32H7R7L8H6, STM32H7R7L8H6H, STM32H7R7Z8J6, STM32H7S3A8I6, STM32H7S3I8K6, STM32H7S3I8T6, STM32H7S3L8H6, STM32H7S3L8H6H, STM32H7S3R8V6, STM32H7S3V8H6, STM32H7S3V8T6, STM32H7S3V8Y6TR, STM32H7S3Z8J6, STM32H7S3Z8T6, STM32H7S78-DK, STM32H7S7A8I6, STM32H7S7I8K6, STM32H7S7I8T6, STM32H7S7L8H6, STM32H7S7L8H6H, STM32H7S7Z8J6, STM32L4R5QGI6STR, STM32MP131AAE3, STM32MP131AAF3, STM32MP131AAG3, STM32MP131CAE3, STM32MP131CAF3, STM32MP131CAG3, STM32MP131DAE7, STM32MP131DAF7, STM32MP131DAG7, STM32MP131FAE7, STM32MP131FAF7, STM32MP131FAG7, STM32MP133AAE3, STM32MP133AAF3, STM32MP133AAG3, STM32MP133CAE3, STM32MP133CAF3, STM32MP133CAG3, STM32MP133DAE7, STM32MP133DAF7, STM32MP133DAG7, STM32MP133FAE7, STM32MP133FAF7, STM32MP133FAG7, STM32MP135AAE3, STM32MP135AAF3, STM32MP135AAG3, STM32MP135CAE3, STM32MP135CAF3, STM32MP135CAG3, STM32MP135DAE7, STM32MP135DAF7, STM32MP135DAG7, STM32MP135F-DK, STM32MP135FAE7, STM32MP135FAF7, STM32MP135FAF7T, STM32MP135FAF7U, STM32MP135FAG7, STM32MP211AAL3, STM32MP211AAM3, STM32MP211AAN3, STM32MP211AAO3, STM32MP211CAL3, STM32MP211CAM3, STM32MP211CAN3, STM32MP211CAO3, STM32MP211DAL3, STM32MP211DAM3, STM32MP211DAN3, STM32MP211DAO3, STM32MP211FAL3, STM32MP211FAM3, STM32MP211FAN3, STM32MP211FAO3, STM32MP213AAL3, STM32MP213AAM3, STM32MP213AAN3, STM32MP213AAO3, STM32MP213CAL3, STM32MP213CAM3, STM32MP213CAN3, STM32MP213CAO3, STM32MP213DAL3, STM32MP213DAM3, STM32MP213DAN3, STM32MP213DAO3, STM32MP213FAL3, STM32MP213FAM3, STM32MP213FAN3, STM32MP213FAO3, STM32MP215AAL3, STM32MP215AAM3, STM32MP215AAN3, STM32MP215AAO3, STM32MP215CAL3, STM32MP215CAM3, STM32MP215CAN3, STM32MP215CAO3, STM32MP215DAL3, STM32MP215DAM3, STM32MP215DAN3, STM32MP215DAO3, STM32MP215F-DK, STM32MP215FAL3, STM32MP215FAM3, STM32MP215FAN3, STM32MP215FAO3, STM32MP231AAJ3, STM32MP231AAK3, STM32MP231AAL3, STM32MP231CAJ3, STM32MP231CAK3, STM32MP231CAL3, STM32MP231DAJ3, STM32MP231DAK3, STM32MP231DAL3, STM32MP231FAJ3, STM32MP231FAK3, STM32MP231FAL3, STM32MP233AAJ3, STM32MP233AAK3, STM32MP233AAL3, STM32MP233CAJ3, STM32MP233CAK3, STM32MP233CAL3, STM32MP233DAJ3, STM32MP233DAK3, STM32MP233DAL3, STM32MP233FAJ3, STM32MP233FAK3, STM32MP233FAL3, STM32MP235AAJ3, STM32MP235AAK3, STM32MP235AAL3, STM32MP235CAJ3, STM32MP235CAK3, STM32MP235CAL3, STM32MP235DAJ3, STM32MP235DAK3, STM32MP235DAL3, STM32MP235FAJ3, STM32MP235FAK3, STM32MP235FAL3, STM32MP251AAI3, STM32MP251AAK3, STM32MP251AAL3, STM32MP251CAI3, STM32MP251CAK3, STM32MP251CAL3, STM32MP251DAI3, STM32MP251DAK3, STM32MP251DAL3, STM32MP251FAI3, STM32MP251FAK3, STM32MP251FAL3, STM32MP253AAI3, STM32MP253AAK3, STM32MP253AAL3, STM32MP253CAI3, STM32MP253CAK3, STM32MP253CAL3, STM32MP253DAI3, STM32MP253DAK3, STM32MP253DAL3, STM32MP253FAI3, STM32MP253FAK3, STM32MP253FAL3, STM32MP255AAI3, STM32MP255AAK3, STM32MP255AAL3, STM32MP255CAI3, STM32MP255CAK3, STM32MP255CAL3, STM32MP255DAI3, STM32MP255DAK3, STM32MP255DAL3, STM32MP255FAI3, STM32MP255FAK3, STM32MP255FAL3, STM32MP257AAI3, STM32MP257AAK3, STM32MP257AAL3, STM32MP257CAI3, STM32MP257CAK3, STM32MP257CAL3, STM32MP257DAI3, STM32MP257DAK3, STM32MP257DAL3, STM32MP257F-DK, STM32MP257F-EV1, STM32MP257FAI3, STM32MP257FAK3, STM32MP257FAL3, STM32N645A0H3Q, STM32N645B0H3Q, STM32N645I0H3Q, STM32N645L0H3Q, STM32N645X0H3Q, STM32N645Z0H3Q, STM32N647A0H3Q, STM32N647B0H3Q, STM32N647I0H3Q, STM32N647L0H3Q, STM32N647X0H3Q, STM32N647Z0H3Q, STM32N655A0H3Q, STM32N655B0H3Q, STM32N655I0H3Q, STM32N655L0H3Q, STM32N655X0H3Q, STM32N655Z0H3Q, STM32N6570-DK, STM32N657A0H3Q, STM32N657B0H3Q, STM32N657I0H3Q, STM32N657L0H3Q, STM32N657X0H3Q, STM32N657Z0H3Q, STM32U031C6T6, STM32U031C6U6, STM32U031C8T6, STM32U031C8U6, STM32U031F4P6, STM32U031F6P6, STM32U031F8P6, STM32U031G6Y6TR, STM32U031G8Y6TR, STM32U031K4U6, STM32U031K6U6, STM32U031K8U6, STM32U031R6I6, STM32U031R6T6, STM32U031R8I6, STM32U031R8T6, STM32U073C8T6, STM32U073C8U6, STM32U073CBT6, STM32U073CBU6, STM32U073CCT6, STM32U073CCU6, STM32U073H8Y6TR, STM32U073HBY6TR, STM32U073HCY6TR, STM32U073K8U6, STM32U073KBU6, STM32U073KCU6, STM32U073M8I6, STM32U073M8T6, STM32U073MBI6, STM32U073MBT6, STM32U073MCI6, STM32U073MCT6, STM32U073R8I6, STM32U073R8T6, STM32U073RBI6, STM32U073RBT6, STM32U073RCI6, STM32U073RCT6, STM32U083C-DK, STM32U083CCT6, STM32U083CCU6, STM32U083HCY6TR, STM32U083KCU6, STM32U083MCI6, STM32U083MCT6, STM32U083RCI6, STM32U083RCT6, STM32U375CET6, STM32U375CET6Q, STM32U375CEU6, STM32U375CEU6Q, STM32U375CEY6QTR, STM32U375CGT6, STM32U375CGT6Q, STM32U375CGU6, STM32U375CGU6Q, STM32U375CGY6QTR, STM32U375KEU6, STM32U375KGU6, STM32U375REI6, STM32U375REI6Q, STM32U375RET6, STM32U375RET6Q, STM32U375REY6GTR, STM32U375REY6QTR, STM32U375RGI6, STM32U375RGI6Q, STM32U375RGT6, STM32U375RGT6Q, STM32U375RGY6GTR, STM32U375RGY6QTR, STM32U375VEI6, STM32U375VEI6Q, STM32U375VET6, STM32U375VET6Q, STM32U375VGI6, STM32U375VGI6Q, STM32U375VGT6, STM32U375VGT6Q, STM32U385CGT6, STM32U385CGT6Q, STM32U385CGU6, STM32U385CGU6Q, STM32U385CGY6QTR, STM32U385KGU6, STM32U385RGI6, STM32U385RGI6Q, STM32U385RGT6, STM32U385RGT6Q, STM32U385RGY6GTR, STM32U385RGY6QTR, STM32U385VGI6, STM32U385VGI6Q, STM32U385VGT6, STM32U385VGT6Q, STM32U535CBT6, STM32U535CBT6Q, STM32U535CBU6, STM32U535CBU6Q, STM32U535CCT6, STM32U535CCT6Q, STM32U535CCU6, STM32U535CCU6Q, STM32U535CET6, STM32U535CET6Q, STM32U535CEU6, STM32U535CEU6Q, STM32U535JEY6QTR, STM32U535NCY6QTR, STM32U535NEY6QTR, STM32U535RBI6, STM32U535RBI6Q, STM32U535RBT6, STM32U535RBT6Q, STM32U535RCI6, STM32U535RCI6Q, STM32U535RCT6, STM32U535RCT6Q, STM32U535REI6, STM32U535REI6Q, STM32U535RET6, STM32U535RET6Q, STM32U535VCI6, STM32U535VCI6Q, STM32U535VCT6, STM32U535VCT6Q, STM32U535VEI6, STM32U535VEI6Q, STM32U535VET6, STM32U535VET6Q, STM32U545CET6, STM32U545CET6Q, STM32U545CEU6, STM32U545CEU6Q, STM32U545JEY6QTR, STM32U545NEY6QTR, STM32U545REI6, STM32U545REI6Q, STM32U545RET6, STM32U545RET6Q, STM32U545VEI6, STM32U545VEI6Q, STM32U545VET6, STM32U545VET6Q, STM32U595AIH6, STM32U595AIH6Q, STM32U595AJH6, STM32U595AJH6Q, STM32U595QII6, STM32U595QII6Q, STM32U595QJI6, STM32U595QJI6Q, STM32U595RIT6, STM32U595RIT6Q, STM32U595RJT6, STM32U595RJT6Q, STM32U595VIT6, STM32U595VIT6Q, STM32U595VJT6, STM32U595VJT6Q, STM32U595ZIT6, STM32U595ZIT6Q, STM32U595ZIY6QTR, STM32U595ZJT6, STM32U595ZJT6Q, STM32U595ZJY6QTR, STM32U599BJY6QTR, STM32U599NIH6Q, STM32U599NJH6Q, STM32U599VIT6Q, STM32U599VJT6, STM32U599VJT6Q, STM32U599ZIT6Q, STM32U599ZIY6QTR, STM32U599ZJT6Q, STM32U599ZJY6QTR, STM32U5A5AJH6, STM32U5A5AJH6Q, STM32U5A5QII3Q , STM32U5A5QJI6, STM32U5A5QJI6Q, STM32U5A5RJT6, STM32U5A5RJT6Q, STM32U5A5VJT6, STM32U5A5VJT6Q, STM32U5A5ZJT6, STM32U5A5ZJT6Q, STM32U5A5ZJY6QTR, STM32U5A9BJY6QTR, STM32U5A9J-DK, STM32U5A9NJH6Q, STM32U5A9VJT6Q, STM32U5A9ZJT6Q, STM32U5A9ZJY6QTR, STM32U5F7VIT6, STM32U5F7VIT6Q, STM32U5F7VJT6, STM32U5F7VJT6Q, STM32U5F9BJY6QTR, STM32U5F9NJH6Q, STM32U5F9VIT6Q, STM32U5F9VJT6Q, STM32U5F9ZIJ6QTR, STM32U5F9ZIT6Q, STM32U5F9ZJJ6QTR, STM32U5F9ZJT6Q, STM32U5G7VJT6, STM32U5G7VJT6Q, STM32U5G9BJY6QTR, STM32U5G9J-DK1, STM32U5G9J-DK2, STM32U5G9NJH6Q, STM32U5G9VJT6Q, STM32U5G9ZJJ6QTR, STM32U5G9ZJT6Q, STM32WB05KZV6TR, STM32WB05KZV7TR, STM32WB05TZF6TR, STM32WB05TZF7TR, STM32WB06CCF6TR, STM32WB06CCF7TR, STM32WB06CCV6TR, STM32WB06CCV7TR, STM32WB06KCV6TR, STM32WB06KCV7TR, STM32WB07CCF6TR, STM32WB07CCF7TR, STM32WB07CCV6TR, STM32WB07CCV7TR, STM32WB07KCV6TR, STM32WB07KCV7TR, STM32WB09KEV6TR, STM32WB09KEV7TR, STM32WB09TEF6TR, STM32WB09TEF7TR, STM32WB1MMCH6, STM32WBA50KGU6, STM32WBA50KGU6TR, STM32WBA52CEU6, STM32WBA52CEU6TR, STM32WBA52CEU7, STM32WBA52CEU7TR, STM32WBA52CGU6, STM32WBA52CGU6TR, STM32WBA52CGU6U, STM32WBA52CGU7, STM32WBA52CGU7TR, STM32WBA52KEU6, STM32WBA52KEU6TR, STM32WBA52KGU6, STM32WBA52KGU6TR, STM32WBA54CEU6, STM32WBA54CEU6TR, STM32WBA54CEU7, STM32WBA54CEU7TR, STM32WBA54CGU6, STM32WBA54CGU6TR, STM32WBA54CGU7, STM32WBA54CGU7TR, STM32WBA54KEU6, STM32WBA54KEU6TR, STM32WBA54KEU7, STM32WBA54KEU7TR, STM32WBA54KGU6, STM32WBA54KGU6TR, STM32WBA54KGU7, STM32WBA54KGU7TR, STM32WBA55CEU6, STM32WBA55CEU6TR, STM32WBA55CEU7, STM32WBA55CEU7TR, STM32WBA55CGU6, STM32WBA55CGU6TR, STM32WBA55CGU6U, STM32WBA55CGU7, STM32WBA55CGU7TR, STM32WBA55G-DK1, STM32WBA55HEF6, STM32WBA55HEF7, STM32WBA55HGF6, STM32WBA55HGF7, STM32WBA55UEI6, STM32WBA55UEI6TR, STM32WBA55UEI7, STM32WBA55UEI7TR, STM32WBA55UGI6, STM32WBA55UGI6TR, STM32WBA55UGI7, STM32WBA55UGI7TR, STM32WBA5MMGH6TR, STM32WBA62MGF6, STM32WBA62MIF6, STM32WBA65MGF7, STM32WBA65MIF6, STM32WBA65MIF7, STM32WL30K8V6, STM32WL30KBV6, STM32WL31C8V6, STM32WL31CBV6, STM32WL31K8V6, STM32WL31KBV6, STM32WL33C8V6, STM32WL33C8V6X, STM32WL33CBV6, STM32WL33CBV6X, STM32WL33CCV6, STM32WL33CCV6A, STM32WL33CCV6X, STM32WL33K8V7, STM32WL33K8V7X, STM32WL33KBV7 , STM32WL33KBV7X, STM32WL33KCV7, STM32WL33KCV7X, STM32WL5MOCH6, STM32WL5MOCH6TR]
2025-10-30 14:12:00,017 [INFO] DbMcus:218 - Found 4801 MCUs, 4801 are supported
2025-10-30 14:12:00,018 [INFO] ApiDb:414 - User favorites file not found: C:\Users\Song/.stm32cubeide/favorites.mcus.txt
2025-10-30 14:12:00,018 [INFO] DbMcus:224 - Set 0 / 0 favorites MCUs
2025-10-30 14:12:00,233 [ERROR] LogOutputStream:75 - [STDERR_REDIRECT] [Fatal Error] :1:1: Premature end of file.
2025-10-30 14:12:00,233 [ERROR] LogOutputStream:75 - [STDERR_REDIRECT] 
2025-10-30 14:12:00,545 [INFO] ApiDb:668 - CubeFinder database Data Model version=2.1
2025-10-30 14:12:00,545 [INFO] ApiDb:669 - CubeFinder database Configuration version=3.0.39
2025-10-30 14:12:00,545 [INFO] ApiDb:670 - CubeFinder database generation date=2025-10-27 (1761571959)
2025-10-30 14:12:00,546 [INFO] ApiDb:671 - CubeFinder database FW Pack versions=[FP-ATR-ASTRA1_V2.0.0, FP-SNS-FLIGHT1_V5.1.0, FP-SNS-MOTENV1_V5.0.0, FP-SNS-MOTENVWB1_V1.4.0, FP-SNS-SMARTAG2_V1.2.0, FP-SNS-STBOX1_V2.1.0, STM32Cube_FW_C0_V1.4.0, STM32Cube_FW_F4_V1.28.3, STM32Cube_FW_F7_V1.17.4, STM32Cube_FW_G0_V1.6.2, STM32Cube_FW_G4_V1.6.1, STM32Cube_FW_H5_V1.5.0, STM32Cube_FW_H7RS_V1.2.0, STM32Cube_FW_H7_V1.12.1, STM32Cube_FW_L0_V1.12.2, STM32Cube_FW_L4_V1.18.1, STM32Cube_FW_L5_V1.5.1, STM32Cube_FW_N6_V1.2.0, STM32Cube_FW_U0_V1.3.0, STM32Cube_FW_U3_V1.2.1, STM32Cube_FW_U5_V1.8.0, STM32Cube_FW_WB0_V1.3.0, STM32Cube_FW_WBA_V1.7.0, STM32Cube_FW_WB_V1.23.0, STM32Cube_FW_WL3_V1.2.0, STM32Cube_FW_WL_V1.3.1, X-CUBE-ALGOBUILD_V1.4.0, X-CUBE-ALS_V1.0.2, X-CUBE-AZRTOS-F4_V1.1.0, X-CUBE-AZRTOS-F7_V1.1.0, X-CUBE-AZRTOS-G0_V1.1.0, X-CUBE-AZRTOS-G4_V2.0.0, X-CUBE-AZRTOS-H7RS_V1.1.0, X-CUBE-AZRTOS-H7_V3.4.0, X-CUBE-AZRTOS-L4_V2.0.0, X-CUBE-AZRTOS-L5_V2.0.0, X-CUBE-AZRTOS-WB_V2.0.0, X-CUBE-AZRTOS-WL_V2.0.0, X-CUBE-BLE1_V7.1.0, X-CUBE-BLE2_V3.3.0, X-CUBE-BLEMGR_V4.1.0, X-CUBE-EEPRMA1_V5.2.0, X-CUBE-FREERTOS_V1.3.1, X-CUBE-GNSS1_V6.0.0, X-CUBE-MEMS1_V11.3.0, X-CUBE-NFC4_V3.0.0, X-CUBE-NFC7_V2.0.0, X-CUBE-SFXS2LP1_V4.0.0, X-CUBE-ST67W61_V1.1.0, X-CUBE-SUBG2_V5.0.0, X-CUBE-TOF1_V3.4.3]
2025-10-30 14:12:00,642 [INFO] DbBoardsSqlite:226 - include board P-NUCLEO-WB55-NUCLEO as a kit item of type 'Nucleo-64'
2025-10-30 14:12:00,643 [INFO] DbBoardsSqlite:226 - include board P-NUCLEO-WB55-USBDONGLE as a kit item of type 'Nucleo USB Dongle'
2025-10-30 14:12:00,643 [INFO] DbBoardsSqlite:226 - include board STEVAL-IDP005V1 as a kit item of type 'Evaluation Board'
2025-10-30 14:12:00,643 [INFO] DbBoardsSqlite:226 - include board STEVAL-IDP005V2 as a kit item of type 'Evaluation Board'
2025-10-30 14:12:00,798 [INFO] ApiDb:240 - Found 880 in-development CPN: [B-G473E-ZEST1S, B-WB1M-WPAN1, B-WBA5M-WPAN, B-WL5M-SUBG1, NUCLEO-C031C6, NUCLEO-C051C8, NUCLEO-C071RB, NUCLEO-C092RC, NUCLEO-H503RB, NUCLEO-H533RE, NUCLEO-H563ZI, NUCLEO-H7S3L8, NUCLEO-N657X0-Q, NUCLEO-U031R8, NUCLEO-U083RC, NUCLEO-U385RG-Q, NUCLEO-U545RE-Q, NUCLEO-U5A5ZJ-Q, NUCLEO-WB05KZ, NUCLEO-WB07CC, NUCLEO-WB09KE, NUCLEO-WBA52CG, NUCLEO-WBA55CG, NUCLEO-WL33CC1, NUCLEO-WL33CC2, STEVAL-PROTEUS1, STEVAL-SMARTAG2, STEVAL-STWINBX1, STM320518-EVAL, STM32C0116-DK, STM32C011D6Y3TR, STM32C011D6Y6TR, STM32C011F4P3, STM32C011F4P6, STM32C011F4U3, STM32C011F4U6TR, STM32C011F6P3, STM32C011F6P6, STM32C011F6U3, STM32C011F6U6TR, STM32C011J4M3, STM32C011J4M6, STM32C011J6M3, STM32C011J6M6, STM32C0316-DK, STM32C031C4T3, STM32C031C4T6, STM32C031C4U3, STM32C031C4U6, STM32C031C6T3, STM32C031C6T6, STM32C031C6U3, STM32C031C6U6, STM32C031F4P3, STM32C031F4P6, STM32C031F6P3, STM32C031F6P6, STM32C031G4U3, STM32C031G4U6, STM32C031G6U3, STM32C031G6U6, STM32C031K4T3, STM32C031K4T6, STM32C031K4U3, STM32C031K4U6, STM32C031K6T3, STM32C031K6T6, STM32C031K6U3, STM32C031K6U6, STM32C051C6T6, STM32C051C6U6, STM32C051C8T6, STM32C051C8U6, STM32C051D8Y6TR, STM32C051F6P6, STM32C051F8P6, STM32C051G6U6, STM32C051G8U6, STM32C051K6T6, STM32C051K6U6, STM32C051K8T6, STM32C071C8T6, STM32C071C8T6N, STM32C071C8U6, STM32C071C8U6N, STM32C071CBT6, STM32C071CBT6N, STM32C071CBU6, STM32C071CBU6N, STM32C071F8P6, STM32C071F8P6N, STM32C071FBP6, STM32C071FBP6N, STM32C071FBY6TR, STM32C071G8U6, STM32C071G8U6N, STM32C071GBU6, STM32C071GBU6N, STM32C071K8T6, STM32C071K8T6N, STM32C071K8U6, STM32C071K8U6N, STM32C071KBT6, STM32C071KBT6N, STM32C071KBU6, STM32C071KBU6N, STM32C071R8T6, STM32C071R8T6N, STM32C071RBI6N, STM32C071RBT6, STM32C071RBT6N, STM32C091CBT6, STM32C091CBU6, STM32C091CCT6, STM32C091CCU6, STM32C091ECY6TR, STM32C091FBP6, STM32C091FCP6, STM32C091GBU6, STM32C091GCU6, STM32C091KBT6, STM32C091KBU6, STM32C091KCT6, STM32C091KCU6, STM32C091RBT6, STM32C091RCI6, STM32C091RCT6, STM32C092CBT6, STM32C092CBU6, STM32C092CCT6, STM32C092CCU6, STM32C092ECY6TR, STM32C092FBP6, STM32C092FCP6, STM32C092GBU6, STM32C092GCU6, STM32C092KBT6, STM32C092KBU6, STM32C092KCT6, STM32C092KCU6, STM32C092RBT6, STM32C092RCI6, STM32C092RCT6, STM32G071K8TXN, STM32G071K8UXN, STM32G081GBU6N, STM32G081KBT6N, STM32G081KBUXN, STM32G0B1CCT6N, STM32G0B1KCT6, STM32G0B1NEY6TR, STM32G0B1RCT6N, STM32G0C1CCT6, STM32G0C1CCT6N, STM32G0C1CCU6N, STM32G0C1CET6N, STM32G0C1CEU6N, STM32G0C1KCT6, STM32G0C1NEY6TR, STM32G0C1RCI6N, STM32G0C1RCT6N, STM32G0C1REI6N, STM32G0C1RET6N, STM32G0C1VCI6, STM32G0C1VEI6, STM32G411C6T3, STM32G411C6T6, STM32G411C6U3, STM32G411C6U6, STM32G411C8T3, STM32G411C8T6, STM32G411C8U3, STM32G411C8U6, STM32G411CBT3, STM32G411CBT6, STM32G411CBU3, STM32G411CBU6, STM32G411K6T3, STM32G411K6T6, STM32G411K6U3, STM32G411K6U6, STM32G411K8T3, STM32G411K8T6, STM32G411K8U3, STM32G411K8U6, STM32G411KBT3, STM32G411KBT6, STM32G411KBU3, STM32G411KBU6, STM32G411M6T3, STM32G411M6T6, STM32G411M8T3, STM32G411M8T6, STM32G411MBT3, STM32G411MBT6, STM32G411R6T3, STM32G411R6T6, STM32G411R8T3, STM32G411R8T6, STM32G411RBT3, STM32G411RBT6, STM32G414CBT3, STM32G414CBT6, STM32G414CBU3, STM32G414CBU6, STM32G414CCT3, STM32G414CCT6, STM32G414CCU3, STM32G414CCU6, STM32G414MBT3, STM32G414MBT6, STM32G414MCT3, STM32G414MCT6, STM32G414RBT3, STM32G414RBT6, STM32G414RCT3, STM32G414RCT6, STM32G414VBT3, STM32G414VBT6, STM32G414VCT3, STM32G414VCT6, STM32G431CBT3Z, STM32G431RBT3Z, STM32G471CCT6, STM32G471CCU6, STM32G471CET3, STM32G471CET6, STM32G471CEU3, STM32G471CEU6, STM32G471MCT6, STM32G471MET3, STM32G471MET6, STM32G471MEY6TR, STM32G471QCT6, STM32G471QET3, STM32G471RCT6, STM32G471RET3, STM32G471RET6, STM32G471VCH6, STM32G471VCI6, STM32G471VCT6, STM32G471VEH3, STM32G471VEH6, STM32G471VEI3, STM32G471VEI6, STM32G471VET3, STM32G471VET6, STM32G473QET3Z, STM32G473RET3Z, STM32G474CCT6, STM32G491RET3Z, STM32H503CBT6, STM32H503CBU6, STM32H503EBY6TR, STM32H503KBU6, STM32H503RBT6, STM32H523CCT6, STM32H523CCU6, STM32H523CET6, STM32H523CEU6, STM32H523HEY6TR, STM32H523RCT6, STM32H523RET6, STM32H523VCI6, STM32H523VCT6, STM32H523VEI6, STM32H523VET6, STM32H523ZCJ6, STM32H523ZCT6, STM32H523ZEJ6, STM32H523ZET6, STM32H533CET6, STM32H533CEU6, STM32H533HEY6TR, STM32H533RET6, STM32H533VEI6, STM32H533VET6, STM32H533ZEJ6, STM32H533ZET6, STM32H562AGI6, STM32H562AII6, STM32H562IGK6, STM32H562IGT6, STM32H562IIK6, STM32H562IIT6, STM32H562RGT6, STM32H562RGV6, STM32H562RIT6, STM32H562RIV6, STM32H562VGT6, STM32H562VIT6, STM32H562ZGT6, STM32H562ZIT6, STM32H563AGI6, STM32H563AII3Q, STM32H563AII6, STM32H563IGK6, STM32H563IGT6, STM32H563IIK3Q, STM32H563IIK6, STM32H563IIT3Q, STM32H563IIT6, STM32H563MIY3QTR, STM32H563RGT6, STM32H563RGV6, STM32H563RIT6, STM32H563RIV6, STM32H563VGT6, STM32H563VIT3Q, STM32H563VIT6, STM32H563ZGT6, STM32H563ZIT3Q, STM32H563ZIT6, STM32H573AII3Q, STM32H573AII6, STM32H573I-DK, STM32H573IIK3Q, STM32H573IIK6, STM32H573IIT3Q, STM32H573IIT6, STM32H573MIY3QTR, STM32H573RIT6, STM32H573RIV6, STM32H573VIT3Q, STM32H573VIT6, STM32H573ZIT3Q, STM32H573ZIT6, STM32H7R3A8I6, STM32H7R3I8K6, STM32H7R3I8T6, STM32H7R3L8H6, STM32H7R3L8H6H, STM32H7R3R8V6, STM32H7R3V8H6, STM32H7R3V8T6, STM32H7R3V8Y6TR, STM32H7R3Z8J6, STM32H7R3Z8T6, STM32H7R7A8I6, STM32H7R7I8K6, STM32H7R7I8T6, STM32H7R7L8H6, STM32H7R7L8H6H, STM32H7R7Z8J6, STM32H7S3A8I6, STM32H7S3I8K6, STM32H7S3I8T6, STM32H7S3L8H6, STM32H7S3L8H6H, STM32H7S3R8V6, STM32H7S3V8H6, STM32H7S3V8T6, STM32H7S3V8Y6TR, STM32H7S3Z8J6, STM32H7S3Z8T6, STM32H7S78-DK, STM32H7S7A8I6, STM32H7S7I8K6, STM32H7S7I8T6, STM32H7S7L8H6, STM32H7S7L8H6H, STM32H7S7Z8J6, STM32L4R5QGI6STR, STM32MP131AAE3, STM32MP131AAF3, STM32MP131AAG3, STM32MP131CAE3, STM32MP131CAF3, STM32MP131CAG3, STM32MP131DAE7, STM32MP131DAF7, STM32MP131DAG7, STM32MP131FAE7, STM32MP131FAF7, STM32MP131FAG7, STM32MP133AAE3, STM32MP133AAF3, STM32MP133AAG3, STM32MP133CAE3, STM32MP133CAF3, STM32MP133CAG3, STM32MP133DAE7, STM32MP133DAF7, STM32MP133DAG7, STM32MP133FAE7, STM32MP133FAF7, STM32MP133FAG7, STM32MP135AAE3, STM32MP135AAF3, STM32MP135AAG3, STM32MP135CAE3, STM32MP135CAF3, STM32MP135CAG3, STM32MP135DAE7, STM32MP135DAF7, STM32MP135DAG7, STM32MP135F-DK, STM32MP135FAE7, STM32MP135FAF7, STM32MP135FAF7T, STM32MP135FAF7U, STM32MP135FAG7, STM32MP211AAL3, STM32MP211AAM3, STM32MP211AAN3, STM32MP211AAO3, STM32MP211CAL3, STM32MP211CAM3, STM32MP211CAN3, STM32MP211CAO3, STM32MP211DAL3, STM32MP211DAM3, STM32MP211DAN3, STM32MP211DAO3, STM32MP211FAL3, STM32MP211FAM3, STM32MP211FAN3, STM32MP211FAO3, STM32MP213AAL3, STM32MP213AAM3, STM32MP213AAN3, STM32MP213AAO3, STM32MP213CAL3, STM32MP213CAM3, STM32MP213CAN3, STM32MP213CAO3, STM32MP213DAL3, STM32MP213DAM3, STM32MP213DAN3, STM32MP213DAO3, STM32MP213FAL3, STM32MP213FAM3, STM32MP213FAN3, STM32MP213FAO3, STM32MP215AAL3, STM32MP215AAM3, STM32MP215AAN3, STM32MP215AAO3, STM32MP215CAL3, STM32MP215CAM3, STM32MP215CAN3, STM32MP215CAO3, STM32MP215DAL3, STM32MP215DAM3, STM32MP215DAN3, STM32MP215DAO3, STM32MP215F-DK, STM32MP215FAL3, STM32MP215FAM3, STM32MP215FAN3, STM32MP215FAO3, STM32MP231AAJ3, STM32MP231AAK3, STM32MP231AAL3, STM32MP231CAJ3, STM32MP231CAK3, STM32MP231CAL3, STM32MP231DAJ3, STM32MP231DAK3, STM32MP231DAL3, STM32MP231FAJ3, STM32MP231FAK3, STM32MP231FAL3, STM32MP233AAJ3, STM32MP233AAK3, STM32MP233AAL3, STM32MP233CAJ3, STM32MP233CAK3, STM32MP233CAL3, STM32MP233DAJ3, STM32MP233DAK3, STM32MP233DAL3, STM32MP233FAJ3, STM32MP233FAK3, STM32MP233FAL3, STM32MP235AAJ3, STM32MP235AAK3, STM32MP235AAL3, STM32MP235CAJ3, STM32MP235CAK3, STM32MP235CAL3, STM32MP235DAJ3, STM32MP235DAK3, STM32MP235DAL3, STM32MP235FAJ3, STM32MP235FAK3, STM32MP235FAL3, STM32MP251AAI3, STM32MP251AAK3, STM32MP251AAL3, STM32MP251CAI3, STM32MP251CAK3, STM32MP251CAL3, STM32MP251DAI3, STM32MP251DAK3, STM32MP251DAL3, STM32MP251FAI3, STM32MP251FAK3, STM32MP251FAL3, STM32MP253AAI3, STM32MP253AAK3, STM32MP253AAL3, STM32MP253CAI3, STM32MP253CAK3, STM32MP253CAL3, STM32MP253DAI3, STM32MP253DAK3, STM32MP253DAL3, STM32MP253FAI3, STM32MP253FAK3, STM32MP253FAL3, STM32MP255AAI3, STM32MP255AAK3, STM32MP255AAL3, STM32MP255CAI3, STM32MP255CAK3, STM32MP255CAL3, STM32MP255DAI3, STM32MP255DAK3, STM32MP255DAL3, STM32MP255FAI3, STM32MP255FAK3, STM32MP255FAL3, STM32MP257AAI3, STM32MP257AAK3, STM32MP257AAL3, STM32MP257CAI3, STM32MP257CAK3, STM32MP257CAL3, STM32MP257DAI3, STM32MP257DAK3, STM32MP257DAL3, STM32MP257F-DK, STM32MP257F-EV1, STM32MP257FAI3, STM32MP257FAK3, STM32MP257FAL3, STM32N645A0H3Q, STM32N645B0H3Q, STM32N645I0H3Q, STM32N645L0H3Q, STM32N645X0H3Q, STM32N645Z0H3Q, STM32N647A0H3Q, STM32N647B0H3Q, STM32N647I0H3Q, STM32N647L0H3Q, STM32N647X0H3Q, STM32N647Z0H3Q, STM32N655A0H3Q, STM32N655B0H3Q, STM32N655I0H3Q, STM32N655L0H3Q, STM32N655X0H3Q, STM32N655Z0H3Q, STM32N6570-DK, STM32N657A0H3Q, STM32N657B0H3Q, STM32N657I0H3Q, STM32N657L0H3Q, STM32N657X0H3Q, STM32N657Z0H3Q, STM32U031C6T6, STM32U031C6U6, STM32U031C8T6, STM32U031C8U6, STM32U031F4P6, STM32U031F6P6, STM32U031F8P6, STM32U031G6Y6TR, STM32U031G8Y6TR, STM32U031K4U6, STM32U031K6U6, STM32U031K8U6, STM32U031R6I6, STM32U031R6T6, STM32U031R8I6, STM32U031R8T6, STM32U073C8T6, STM32U073C8U6, STM32U073CBT6, STM32U073CBU6, STM32U073CCT6, STM32U073CCU6, STM32U073H8Y6TR, STM32U073HBY6TR, STM32U073HCY6TR, STM32U073K8U6, STM32U073KBU6, STM32U073KCU6, STM32U073M8I6, STM32U073M8T6, STM32U073MBI6, STM32U073MBT6, STM32U073MCI6, STM32U073MCT6, STM32U073R8I6, STM32U073R8T6, STM32U073RBI6, STM32U073RBT6, STM32U073RCI6, STM32U073RCT6, STM32U083C-DK, STM32U083CCT6, STM32U083CCU6, STM32U083HCY6TR, STM32U083KCU6, STM32U083MCI6, STM32U083MCT6, STM32U083RCI6, STM32U083RCT6, STM32U375CET6, STM32U375CET6Q, STM32U375CEU6, STM32U375CEU6Q, STM32U375CEY6QTR, STM32U375CGT6, STM32U375CGT6Q, STM32U375CGU6, STM32U375CGU6Q, STM32U375CGY6QTR, STM32U375KEU6, STM32U375KGU6, STM32U375REI6, STM32U375REI6Q, STM32U375RET6, STM32U375RET6Q, STM32U375REY6GTR, STM32U375REY6QTR, STM32U375RGI6, STM32U375RGI6Q, STM32U375RGT6, STM32U375RGT6Q, STM32U375RGY6GTR, STM32U375RGY6QTR, STM32U375VEI6, STM32U375VEI6Q, STM32U375VET6, STM32U375VET6Q, STM32U375VGI6, STM32U375VGI6Q, STM32U375VGT6, STM32U375VGT6Q, STM32U385CGT6, STM32U385CGT6Q, STM32U385CGU6, STM32U385CGU6Q, STM32U385CGY6QTR, STM32U385KGU6, STM32U385RGI6, STM32U385RGI6Q, STM32U385RGT6, STM32U385RGT6Q, STM32U385RGY6GTR, STM32U385RGY6QTR, STM32U385VGI6, STM32U385VGI6Q, STM32U385VGT6, STM32U385VGT6Q, STM32U535CBT6, STM32U535CBT6Q, STM32U535CBU6, STM32U535CBU6Q, STM32U535CCT6, STM32U535CCT6Q, STM32U535CCU6, STM32U535CCU6Q, STM32U535CET6, STM32U535CET6Q, STM32U535CEU6, STM32U535CEU6Q, STM32U535JEY6QTR, STM32U535NCY6QTR, STM32U535NEY6QTR, STM32U535RBI6, STM32U535RBI6Q, STM32U535RBT6, STM32U535RBT6Q, STM32U535RCI6, STM32U535RCI6Q, STM32U535RCT6, STM32U535RCT6Q, STM32U535REI6, STM32U535REI6Q, STM32U535RET6, STM32U535RET6Q, STM32U535VCI6, STM32U535VCI6Q, STM32U535VCT6, STM32U535VCT6Q, STM32U535VEI6, STM32U535VEI6Q, STM32U535VET6, STM32U535VET6Q, STM32U545CET6, STM32U545CET6Q, STM32U545CEU6, STM32U545CEU6Q, STM32U545JEY6QTR, STM32U545NEY6QTR, STM32U545REI6, STM32U545REI6Q, STM32U545RET6, STM32U545RET6Q, STM32U545VEI6, STM32U545VEI6Q, STM32U545VET6, STM32U545VET6Q, STM32U595AIH6, STM32U595AIH6Q, STM32U595AJH6, STM32U595AJH6Q, STM32U595QII6, STM32U595QII6Q, STM32U595QJI6, STM32U595QJI6Q, STM32U595RIT6, STM32U595RIT6Q, STM32U595RJT6, STM32U595RJT6Q, STM32U595VIT6, STM32U595VIT6Q, STM32U595VJT6, STM32U595VJT6Q, STM32U595ZIT6, STM32U595ZIT6Q, STM32U595ZIY6QTR, STM32U595ZJT6, STM32U595ZJT6Q, STM32U595ZJY6QTR, STM32U599BJY6QTR, STM32U599NIH6Q, STM32U599NJH6Q, STM32U599VIT6Q, STM32U599VJT6, STM32U599VJT6Q, STM32U599ZIT6Q, STM32U599ZIY6QTR, STM32U599ZJT6Q, STM32U599ZJY6QTR, STM32U5A5AJH6, STM32U5A5AJH6Q, STM32U5A5QII3Q , STM32U5A5QJI6, STM32U5A5QJI6Q, STM32U5A5RJT6, STM32U5A5RJT6Q, STM32U5A5VJT6, STM32U5A5VJT6Q, STM32U5A5ZJT6, STM32U5A5ZJT6Q, STM32U5A5ZJY6QTR, STM32U5A9BJY6QTR, STM32U5A9J-DK, STM32U5A9NJH6Q, STM32U5A9VJT6Q, STM32U5A9ZJT6Q, STM32U5A9ZJY6QTR, STM32U5F7VIT6, STM32U5F7VIT6Q, STM32U5F7VJT6, STM32U5F7VJT6Q, STM32U5F9BJY6QTR, STM32U5F9NJH6Q, STM32U5F9VIT6Q, STM32U5F9VJT6Q, STM32U5F9ZIJ6QTR, STM32U5F9ZIT6Q, STM32U5F9ZJJ6QTR, STM32U5F9ZJT6Q, STM32U5G7VJT6, STM32U5G7VJT6Q, STM32U5G9BJY6QTR, STM32U5G9J-DK1, STM32U5G9J-DK2, STM32U5G9NJH6Q, STM32U5G9VJT6Q, STM32U5G9ZJJ6QTR, STM32U5G9ZJT6Q, STM32WB05KZV6TR, STM32WB05KZV7TR, STM32WB05TZF6TR, STM32WB05TZF7TR, STM32WB06CCF6TR, STM32WB06CCF7TR, STM32WB06CCV6TR, STM32WB06CCV7TR, STM32WB06KCV6TR, STM32WB06KCV7TR, STM32WB07CCF6TR, STM32WB07CCF7TR, STM32WB07CCV6TR, STM32WB07CCV7TR, STM32WB07KCV6TR, STM32WB07KCV7TR, STM32WB09KEV6TR, STM32WB09KEV7TR, STM32WB09TEF6TR, STM32WB09TEF7TR, STM32WB1MMCH6, STM32WBA50KGU6, STM32WBA50KGU6TR, STM32WBA52CEU6, STM32WBA52CEU6TR, STM32WBA52CEU7, STM32WBA52CEU7TR, STM32WBA52CGU6, STM32WBA52CGU6TR, STM32WBA52CGU6U, STM32WBA52CGU7, STM32WBA52CGU7TR, STM32WBA52KEU6, STM32WBA52KEU6TR, STM32WBA52KGU6, STM32WBA52KGU6TR, STM32WBA54CEU6, STM32WBA54CEU6TR, STM32WBA54CEU7, STM32WBA54CEU7TR, STM32WBA54CGU6, STM32WBA54CGU6TR, STM32WBA54CGU7, STM32WBA54CGU7TR, STM32WBA54KEU6, STM32WBA54KEU6TR, STM32WBA54KEU7, STM32WBA54KEU7TR, STM32WBA54KGU6, STM32WBA54KGU6TR, STM32WBA54KGU7, STM32WBA54KGU7TR, STM32WBA55CEU6, STM32WBA55CEU6TR, STM32WBA55CEU7, STM32WBA55CEU7TR, STM32WBA55CGU6, STM32WBA55CGU6TR, STM32WBA55CGU6U, STM32WBA55CGU7, STM32WBA55CGU7TR, STM32WBA55G-DK1, STM32WBA55HEF6, STM32WBA55HEF7, STM32WBA55HGF6, STM32WBA55HGF7, STM32WBA55UEI6, STM32WBA55UEI6TR, STM32WBA55UEI7, STM32WBA55UEI7TR, STM32WBA55UGI6, STM32WBA55UGI6TR, STM32WBA55UGI7, STM32WBA55UGI7TR, STM32WBA5MMGH6TR, STM32WBA62MGF6, STM32WBA62MIF6, STM32WBA65MGF7, STM32WBA65MIF6, STM32WBA65MIF7, STM32WL30K8V6, STM32WL30KBV6, STM32WL31C8V6, STM32WL31CBV6, STM32WL31K8V6, STM32WL31KBV6, STM32WL33C8V6, STM32WL33C8V6X, STM32WL33CBV6, STM32WL33CBV6X, STM32WL33CCV6, STM32WL33CCV6A, STM32WL33CCV6X, STM32WL33K8V7, STM32WL33K8V7X, STM32WL33KBV7 , STM32WL33KBV7X, STM32WL33KCV7, STM32WL33KCV7X, STM32WL5MOCH6, STM32WL5MOCH6TR]
2025-10-30 14:12:01,129 [INFO] BoardInfo:889 - No configuration file found for board P-NUCLEO-WB55
2025-10-30 14:12:01,131 [INFO] DbBoards:161 - Kit is not supported: P-NUCLEO-WB55
2025-10-30 14:12:01,142 [INFO] BoardInfo:889 - No configuration file found for board STEVAL-BFA001V1B
2025-10-30 14:12:01,144 [INFO] DbBoards:161 - Kit is not supported: STEVAL-BFA001V1B
2025-10-30 14:12:01,145 [INFO] BoardInfo:889 - No configuration file found for board STEVAL-BFA001V2B
2025-10-30 14:12:01,147 [INFO] DbBoards:161 - Kit is not supported: STEVAL-BFA001V2B
2025-10-30 14:12:01,240 [ERROR] LogOutputStream:75 - [STDERR_REDIRECT] [Fatal Error] :1:1: Premature end of file.
2025-10-30 14:12:01,240 [ERROR] LogOutputStream:75 - [STDERR_REDIRECT] 
2025-10-30 14:12:01,481 [INFO] DbBoards:168 - Found 212 boards, 209 are supported
2025-10-30 14:12:01,482 [INFO] DbBoards:169 - Found 212 boards, 43 of them is supported for  Bsp
2025-10-30 14:12:01,485 [INFO] ApiDb:414 - User favorites file not found: C:\Users\Song/.stm32cubeide/favorites.boards.txt
2025-10-30 14:12:01,485 [INFO] DbBoards:198 - Set 0 / 0 favorites Boards
2025-10-30 14:12:01,489 [INFO] ApiDb:668 - CubeFinder database Data Model version=2.1
2025-10-30 14:12:01,489 [INFO] ApiDb:669 - CubeFinder database Configuration version=3.0.39
2025-10-30 14:12:01,489 [INFO] ApiDb:670 - CubeFinder database generation date=2025-10-27 (1761571959)
2025-10-30 14:12:01,489 [INFO] ApiDb:671 - CubeFinder database FW Pack versions=[FP-ATR-ASTRA1_V2.0.0, FP-SNS-FLIGHT1_V5.1.0, FP-SNS-MOTENV1_V5.0.0, FP-SNS-MOTENVWB1_V1.4.0, FP-SNS-SMARTAG2_V1.2.0, FP-SNS-STBOX1_V2.1.0, STM32Cube_FW_C0_V1.4.0, STM32Cube_FW_F4_V1.28.3, STM32Cube_FW_F7_V1.17.4, STM32Cube_FW_G0_V1.6.2, STM32Cube_FW_G4_V1.6.1, STM32Cube_FW_H5_V1.5.0, STM32Cube_FW_H7RS_V1.2.0, STM32Cube_FW_H7_V1.12.1, STM32Cube_FW_L0_V1.12.2, STM32Cube_FW_L4_V1.18.1, STM32Cube_FW_L5_V1.5.1, STM32Cube_FW_N6_V1.2.0, STM32Cube_FW_U0_V1.3.0, STM32Cube_FW_U3_V1.2.1, STM32Cube_FW_U5_V1.8.0, STM32Cube_FW_WB0_V1.3.0, STM32Cube_FW_WBA_V1.7.0, STM32Cube_FW_WB_V1.23.0, STM32Cube_FW_WL3_V1.2.0, STM32Cube_FW_WL_V1.3.1, X-CUBE-ALGOBUILD_V1.4.0, X-CUBE-ALS_V1.0.2, X-CUBE-AZRTOS-F4_V1.1.0, X-CUBE-AZRTOS-F7_V1.1.0, X-CUBE-AZRTOS-G0_V1.1.0, X-CUBE-AZRTOS-G4_V2.0.0, X-CUBE-AZRTOS-H7RS_V1.1.0, X-CUBE-AZRTOS-H7_V3.4.0, X-CUBE-AZRTOS-L4_V2.0.0, X-CUBE-AZRTOS-L5_V2.0.0, X-CUBE-AZRTOS-WB_V2.0.0, X-CUBE-AZRTOS-WL_V2.0.0, X-CUBE-BLE1_V7.1.0, X-CUBE-BLE2_V3.3.0, X-CUBE-BLEMGR_V4.1.0, X-CUBE-EEPRMA1_V5.2.0, X-CUBE-FREERTOS_V1.3.1, X-CUBE-GNSS1_V6.0.0, X-CUBE-MEMS1_V11.3.0, X-CUBE-NFC4_V3.0.0, X-CUBE-NFC7_V2.0.0, X-CUBE-SFXS2LP1_V4.0.0, X-CUBE-ST67W61_V1.1.0, X-CUBE-SUBG2_V5.0.0, X-CUBE-TOF1_V3.4.3]
2025-10-30 14:12:02,232 [ERROR] LogOutputStream:75 - [STDERR_REDIRECT] [Fatal Error] :1:1: Premature end of file.
2025-10-30 14:12:02,232 [ERROR] LogOutputStream:75 - [STDERR_REDIRECT] 
2025-10-30 14:12:02,475 [ERROR] DbExamplesSqlite:437 - Missing JSON key: board_cpn
2025-10-30 14:12:02,476 [ERROR] DbExamplesSqlite:437 - Missing JSON key: board_cpn
2025-10-30 14:12:02,476 [ERROR] DbExamplesSqlite:437 - Missing JSON key: board_cpn
2025-10-30 14:12:02,476 [ERROR] DbExamplesSqlite:437 - Missing JSON key: board_cpn
2025-10-30 14:12:02,866 [ERROR] DbExamplesSqlite:437 - Missing JSON key: board_cpn
2025-10-30 14:12:02,867 [ERROR] DbExamplesSqlite:437 - Missing JSON key: board_cpn
2025-10-30 14:12:02,871 [INFO] DbExamplesSqlite:395 - Ignored 33 examples not supported by CubeIDE
2025-10-30 14:12:02,872 [INFO] DbExamplesSqlite:396 - Found 10875 examples active
2025-10-30 14:12:02,872 [INFO] DbExamplesSqlite:397 - Found 0 examples obsolete
2025-10-30 14:12:02,872 [INFO] DbExamplesSqlite:398 - Found 0 examples under development
2025-10-30 14:12:02,872 [INFO] DbExamplesSqlite:399 - Found 65 examples not building
2025-10-30 14:12:02,875 [INFO] DbExamples:125 - Found 10907 examples
2025-10-30 14:12:02,896 [INFO] DbExamples:222 - Found 134 boards with related examples
2025-10-30 14:12:02,897 [INFO] DbExamples:235 - Found 111 MCUs with related examples
2025-10-30 14:12:02,927 [INFO] ApiDb:414 - User favorites file not found: C:\Users\Song/.stm32cubeide/favorites.examples.txt
2025-10-30 14:12:02,927 [INFO] DbExamples:250 - Set 0 / 0 favorites Examples
2025-10-30 14:12:03,234 [INFO] McuFinderGlobals:76 - Set McuFinderConnectedMode to true
2025-10-30 14:12:03,239 [ERROR] LogOutputStream:75 - [STDERR_REDIRECT] [Fatal Error] :1:1: Premature end of file.
2025-10-30 14:12:03,240 [ERROR] LogOutputStream:75 - [STDERR_REDIRECT] 
2025-10-30 14:12:03,246 [INFO] MultiScanPanel:200 - Auto-refresh data requested => check proxy status ongoing
2025-10-30 14:12:03,251 [INFO] FinderPluginLoader:96 - Searching for filters in installed packs
2025-10-30 14:12:04,232 [ERROR] LogOutputStream:75 - [STDERR_REDIRECT] [Fatal Error] :1:1: Premature end of file.
2025-10-30 14:12:04,232 [ERROR] LogOutputStream:75 - [STDERR_REDIRECT] 
2025-10-30 14:12:05,237 [ERROR] LogOutputStream:75 - [STDERR_REDIRECT] [Fatal Error] :1:1: Premature end of file.
2025-10-30 14:12:05,238 [ERROR] LogOutputStream:75 - [STDERR_REDIRECT] 
2025-10-30 14:12:05,633 [INFO] LoadUrlFilesThread:185 - End of LoadServerUrlFiles without Thread
2025-10-30 14:12:05,674 [INFO] DetailPanel:341 - Set advertising image to C:/Users/Song/STM32Cube/Repository/\en.mcu-finder-stm32n6dk.jpg
2025-10-30 14:12:06,244 [ERROR] LogOutputStream:75 - [STDERR_REDIRECT] [Fatal Error] :1:1: Premature end of file.
2025-10-30 14:12:06,246 [ERROR] LogOutputStream:75 - [STDERR_REDIRECT] 
2025-10-30 14:12:07,235 [ERROR] LogOutputStream:75 - [STDERR_REDIRECT] [Fatal Error] :1:1: Premature end of file.
2025-10-30 14:12:07,237 [ERROR] LogOutputStream:75 - [STDERR_REDIRECT] 
2025-10-30 14:12:08,239 [ERROR] LogOutputStream:75 - [STDERR_REDIRECT] [Fatal Error] :1:1: Premature end of file.
2025-10-30 14:12:08,240 [ERROR] LogOutputStream:75 - [STDERR_REDIRECT] 
2025-10-30 14:12:09,233 [ERROR] LogOutputStream:75 - [STDERR_REDIRECT] [Fatal Error] :1:1: Premature end of file.
2025-10-30 14:12:09,233 [ERROR] LogOutputStream:75 - [STDERR_REDIRECT] 
2025-10-30 14:12:10,232 [ERROR] LogOutputStream:75 - [STDERR_REDIRECT] [Fatal Error] :1:1: Premature end of file.
2025-10-30 14:12:10,232 [ERROR] LogOutputStream:75 - [STDERR_REDIRECT] 
2025-10-30 14:12:11,233 [ERROR] LogOutputStream:75 - [STDERR_REDIRECT] [Fatal Error] :1:1: Premature end of file.
2025-10-30 14:12:11,233 [ERROR] LogOutputStream:75 - [STDERR_REDIRECT] 
2025-10-30 14:12:12,235 [ERROR] LogOutputStream:75 - [STDERR_REDIRECT] [Fatal Error] :1:1: Premature end of file.
2025-10-30 14:12:12,235 [ERROR] LogOutputStream:75 - [STDERR_REDIRECT] 
2025-10-30 14:12:13,242 [ERROR] LogOutputStream:75 - [STDERR_REDIRECT] [Fatal Error] :1:1: Premature end of file.
2025-10-30 14:12:13,243 [ERROR] LogOutputStream:75 - [STDERR_REDIRECT] 
2025-10-30 14:12:14,232 [ERROR] LogOutputStream:75 - [STDERR_REDIRECT] [Fatal Error] :1:1: Premature end of file.
2025-10-30 14:12:14,232 [ERROR] LogOutputStream:75 - [STDERR_REDIRECT] 
2025-10-30 14:12:15,232 [ERROR] LogOutputStream:75 - [STDERR_REDIRECT] [Fatal Error] :1:1: Premature end of file.
2025-10-30 14:12:15,232 [ERROR] LogOutputStream:75 - [STDERR_REDIRECT] 
2025-10-30 14:12:16,231 [ERROR] LogOutputStream:75 - [STDERR_REDIRECT] [Fatal Error] :1:1: Premature end of file.
2025-10-30 14:12:16,232 [ERROR] LogOutputStream:75 - [STDERR_REDIRECT] 
2025-10-30 14:12:17,233 [ERROR] LogOutputStream:75 - [STDERR_REDIRECT] [Fatal Error] :1:1: Premature end of file.
2025-10-30 14:12:17,233 [ERROR] LogOutputStream:75 - [STDERR_REDIRECT] 
2025-10-30 14:12:18,232 [ERROR] LogOutputStream:75 - [STDERR_REDIRECT] [Fatal Error] :1:1: Premature end of file.
2025-10-30 14:12:18,233 [ERROR] LogOutputStream:75 - [STDERR_REDIRECT] 
2025-10-30 14:12:19,234 [ERROR] LogOutputStream:75 - [STDERR_REDIRECT] [Fatal Error] :1:1: Premature end of file.
2025-10-30 14:12:19,234 [ERROR] LogOutputStream:75 - [STDERR_REDIRECT] 
2025-10-30 14:12:20,238 [ERROR] LogOutputStream:75 - [STDERR_REDIRECT] [Fatal Error] :1:1: Premature end of file.
2025-10-30 14:12:20,238 [ERROR] LogOutputStream:75 - [STDERR_REDIRECT] 
2025-10-30 14:12:21,232 [ERROR] LogOutputStream:75 - [STDERR_REDIRECT] [Fatal Error] :1:1: Premature end of file.
2025-10-30 14:12:21,232 [ERROR] LogOutputStream:75 - [STDERR_REDIRECT] 
2025-10-30 14:12:22,233 [ERROR] LogOutputStream:75 - [STDERR_REDIRECT] [Fatal Error] :1:1: Premature end of file.
2025-10-30 14:12:22,233 [ERROR] LogOutputStream:75 - [STDERR_REDIRECT] 
2025-10-30 14:12:23,232 [ERROR] LogOutputStream:75 - [STDERR_REDIRECT] [Fatal Error] :1:1: Premature end of file.
2025-10-30 14:12:23,232 [ERROR] LogOutputStream:75 - [STDERR_REDIRECT] 
2025-10-30 14:12:24,232 [ERROR] LogOutputStream:75 - [STDERR_REDIRECT] [Fatal Error] :1:1: Premature end of file.
2025-10-30 14:12:24,232 [ERROR] LogOutputStream:75 - [STDERR_REDIRECT] 
2025-10-30 14:12:25,232 [ERROR] LogOutputStream:75 - [STDERR_REDIRECT] [Fatal Error] :1:1: Premature end of file.
2025-10-30 14:12:25,232 [ERROR] LogOutputStream:75 - [STDERR_REDIRECT] 
2025-10-30 14:12:26,237 [ERROR] LogOutputStream:75 - [STDERR_REDIRECT] [Fatal Error] :1:1: Premature end of file.
2025-10-30 14:12:26,237 [ERROR] LogOutputStream:75 - [STDERR_REDIRECT] 
2025-10-30 14:12:27,240 [ERROR] LogOutputStream:75 - [STDERR_REDIRECT] [Fatal Error] :1:1: Premature end of file.
2025-10-30 14:12:27,240 [ERROR] LogOutputStream:75 - [STDERR_REDIRECT] 
2025-10-30 14:12:28,231 [ERROR] LogOutputStream:75 - [STDERR_REDIRECT] [Fatal Error] :1:1: Premature end of file.
2025-10-30 14:12:28,232 [ERROR] LogOutputStream:75 - [STDERR_REDIRECT] 
2025-10-30 14:12:29,233 [ERROR] LogOutputStream:75 - [STDERR_REDIRECT] [Fatal Error] :1:1: Premature end of file.
2025-10-30 14:12:29,234 [ERROR] LogOutputStream:75 - [STDERR_REDIRECT] 
2025-10-30 14:12:30,232 [ERROR] LogOutputStream:75 - [STDERR_REDIRECT] [Fatal Error] :1:1: Premature end of file.
2025-10-30 14:12:30,232 [ERROR] LogOutputStream:75 - [STDERR_REDIRECT] 
2025-10-30 14:12:31,232 [ERROR] LogOutputStream:75 - [STDERR_REDIRECT] [Fatal Error] :1:1: Premature end of file.
2025-10-30 14:12:31,232 [ERROR] LogOutputStream:75 - [STDERR_REDIRECT] 
2025-10-30 14:12:32,232 [ERROR] LogOutputStream:75 - [STDERR_REDIRECT] [Fatal Error] :1:1: Premature end of file.
2025-10-30 14:12:32,232 [ERROR] LogOutputStream:75 - [STDERR_REDIRECT] 
2025-10-30 14:12:33,233 [ERROR] LogOutputStream:75 - [STDERR_REDIRECT] [Fatal Error] :1:1: Premature end of file.
2025-10-30 14:12:33,234 [ERROR] LogOutputStream:75 - [STDERR_REDIRECT] 
2025-10-30 14:12:34,239 [ERROR] LogOutputStream:75 - [STDERR_REDIRECT] [Fatal Error] :1:1: Premature end of file.
2025-10-30 14:12:34,239 [ERROR] LogOutputStream:75 - [STDERR_REDIRECT] 
2025-10-30 14:12:35,232 [ERROR] LogOutputStream:75 - [STDERR_REDIRECT] [Fatal Error] :1:1: Premature end of file.
2025-10-30 14:12:35,232 [ERROR] LogOutputStream:75 - [STDERR_REDIRECT] 
2025-10-30 14:12:36,234 [ERROR] LogOutputStream:75 - [STDERR_REDIRECT] [Fatal Error] :1:1: Premature end of file.
2025-10-30 14:12:36,234 [ERROR] LogOutputStream:75 - [STDERR_REDIRECT] 
2025-10-30 14:12:37,234 [ERROR] LogOutputStream:75 - [STDERR_REDIRECT] [Fatal Error] :1:1: Premature end of file.
2025-10-30 14:12:37,234 [ERROR] LogOutputStream:75 - [STDERR_REDIRECT] 
2025-10-30 14:12:38,232 [ERROR] LogOutputStream:75 - [STDERR_REDIRECT] [Fatal Error] :1:1: Premature end of file.
2025-10-30 14:12:38,232 [ERROR] LogOutputStream:75 - [STDERR_REDIRECT] 
2025-10-30 14:12:39,231 [ERROR] LogOutputStream:75 - [STDERR_REDIRECT] [Fatal Error] :1:1: Premature end of file.
2025-10-30 14:12:39,231 [ERROR] LogOutputStream:75 - [STDERR_REDIRECT] 
2025-10-30 14:12:40,237 [ERROR] LogOutputStream:75 - [STDERR_REDIRECT] [Fatal Error] :1:1: Premature end of file.
2025-10-30 14:12:40,237 [ERROR] LogOutputStream:75 - [STDERR_REDIRECT] 
2025-10-30 14:12:41,238 [ERROR] LogOutputStream:75 - [STDERR_REDIRECT] [Fatal Error] :1:1: Premature end of file.
2025-10-30 14:12:41,238 [ERROR] LogOutputStream:75 - [STDERR_REDIRECT] 
2025-10-30 14:12:42,232 [ERROR] LogOutputStream:75 - [STDERR_REDIRECT] [Fatal Error] :1:1: Premature end of file.
2025-10-30 14:12:42,232 [ERROR] LogOutputStream:75 - [STDERR_REDIRECT] 
2025-10-30 14:12:43,234 [ERROR] LogOutputStream:75 - [STDERR_REDIRECT] [Fatal Error] :1:1: Premature end of file.
2025-10-30 14:12:43,234 [ERROR] LogOutputStream:75 - [STDERR_REDIRECT] 
2025-10-30 14:12:44,232 [ERROR] LogOutputStream:75 - [STDERR_REDIRECT] [Fatal Error] :1:1: Premature end of file.
2025-10-30 14:12:44,232 [ERROR] LogOutputStream:75 - [STDERR_REDIRECT] 
2025-10-30 14:12:45,232 [ERROR] LogOutputStream:75 - [STDERR_REDIRECT] [Fatal Error] :1:1: Premature end of file.
2025-10-30 14:12:45,232 [ERROR] LogOutputStream:75 - [STDERR_REDIRECT] 
2025-10-30 14:12:46,232 [ERROR] LogOutputStream:75 - [STDERR_REDIRECT] [Fatal Error] :1:1: Premature end of file.
2025-10-30 14:12:46,232 [ERROR] LogOutputStream:75 - [STDERR_REDIRECT] 
2025-10-30 14:12:47,234 [ERROR] LogOutputStream:75 - [STDERR_REDIRECT] [Fatal Error] :1:1: Premature end of file.
2025-10-30 14:12:47,235 [ERROR] LogOutputStream:75 - [STDERR_REDIRECT] 
2025-10-30 14:12:48,243 [ERROR] LogOutputStream:75 - [STDERR_REDIRECT] [Fatal Error] :1:1: Premature end of file.
2025-10-30 14:12:48,244 [ERROR] LogOutputStream:75 - [STDERR_REDIRECT] 
2025-10-30 14:12:49,232 [ERROR] LogOutputStream:75 - [STDERR_REDIRECT] [Fatal Error] :1:1: Premature end of file.
2025-10-30 14:12:49,232 [ERROR] LogOutputStream:75 - [STDERR_REDIRECT] 
2025-10-30 14:12:50,233 [ERROR] LogOutputStream:75 - [STDERR_REDIRECT] [Fatal Error] :1:1: Premature end of file.
2025-10-30 14:12:50,234 [ERROR] LogOutputStream:75 - [STDERR_REDIRECT] 
2025-10-30 14:12:51,231 [ERROR] LogOutputStream:75 - [STDERR_REDIRECT] [Fatal Error] :1:1: Premature end of file.
2025-10-30 14:12:51,231 [ERROR] LogOutputStream:75 - [STDERR_REDIRECT] 
2025-10-30 14:12:52,232 [ERROR] LogOutputStream:75 - [STDERR_REDIRECT] [Fatal Error] :1:1: Premature end of file.
2025-10-30 14:12:52,232 [ERROR] LogOutputStream:75 - [STDERR_REDIRECT] 
2025-10-30 14:12:53,232 [ERROR] LogOutputStream:75 - [STDERR_REDIRECT] [Fatal Error] :1:1: Premature end of file.
2025-10-30 14:12:53,233 [ERROR] LogOutputStream:75 - [STDERR_REDIRECT] 
2025-10-30 14:12:54,234 [ERROR] LogOutputStream:75 - [STDERR_REDIRECT] [Fatal Error] :1:1: Premature end of file.
2025-10-30 14:12:54,234 [ERROR] LogOutputStream:75 - [STDERR_REDIRECT] 
2025-10-30 14:12:55,239 [ERROR] LogOutputStream:75 - [STDERR_REDIRECT] [Fatal Error] :1:1: Premature end of file.
2025-10-30 14:12:55,239 [ERROR] LogOutputStream:75 - [STDERR_REDIRECT] 
2025-10-30 14:12:56,234 [ERROR] LogOutputStream:75 - [STDERR_REDIRECT] [Fatal Error] :1:1: Premature end of file.
2025-10-30 14:12:56,235 [ERROR] LogOutputStream:75 - [STDERR_REDIRECT] 
2025-10-30 14:12:57,233 [ERROR] LogOutputStream:75 - [STDERR_REDIRECT] [Fatal Error] :1:1: Premature end of file.
2025-10-30 14:12:57,233 [ERROR] LogOutputStream:75 - [STDERR_REDIRECT] 
2025-10-30 14:12:58,232 [ERROR] LogOutputStream:75 - [STDERR_REDIRECT] [Fatal Error] :1:1: Premature end of file.
2025-10-30 14:12:58,232 [ERROR] LogOutputStream:75 - [STDERR_REDIRECT] 
2025-10-30 14:12:59,232 [ERROR] LogOutputStream:75 - [STDERR_REDIRECT] [Fatal Error] :1:1: Premature end of file.
2025-10-30 14:12:59,232 [ERROR] LogOutputStream:75 - [STDERR_REDIRECT] 
2025-10-30 14:13:00,232 [ERROR] LogOutputStream:75 - [STDERR_REDIRECT] [Fatal Error] :1:1: Premature end of file.
2025-10-30 14:13:00,232 [ERROR] LogOutputStream:75 - [STDERR_REDIRECT] 
2025-10-30 14:13:01,234 [ERROR] LogOutputStream:75 - [STDERR_REDIRECT] [Fatal Error] :1:1: Premature end of file.
2025-10-30 14:13:01,234 [ERROR] LogOutputStream:75 - [STDERR_REDIRECT] 
2025-10-30 14:13:02,240 [ERROR] LogOutputStream:75 - [STDERR_REDIRECT] [Fatal Error] :1:1: Premature end of file.
2025-10-30 14:13:02,240 [ERROR] LogOutputStream:75 - [STDERR_REDIRECT] 
2025-10-30 14:13:03,232 [ERROR] LogOutputStream:75 - [STDERR_REDIRECT] [Fatal Error] :1:1: Premature end of file.
2025-10-30 14:13:03,232 [ERROR] LogOutputStream:75 - [STDERR_REDIRECT] 
2025-10-30 14:13:04,233 [ERROR] LogOutputStream:75 - [STDERR_REDIRECT] [Fatal Error] :1:1: Premature end of file.
2025-10-30 14:13:04,233 [ERROR] LogOutputStream:75 - [STDERR_REDIRECT] 
2025-10-30 14:13:05,232 [ERROR] LogOutputStream:75 - [STDERR_REDIRECT] [Fatal Error] :1:1: Premature end of file.
2025-10-30 14:13:05,232 [ERROR] LogOutputStream:75 - [STDERR_REDIRECT] 
2025-10-30 14:13:06,232 [ERROR] LogOutputStream:75 - [STDERR_REDIRECT] [Fatal Error] :1:1: Premature end of file.
2025-10-30 14:13:06,232 [ERROR] LogOutputStream:75 - [STDERR_REDIRECT] 
2025-10-30 14:13:07,232 [ERROR] LogOutputStream:75 - [STDERR_REDIRECT] [Fatal Error] :1:1: Premature end of file.
2025-10-30 14:13:07,232 [ERROR] LogOutputStream:75 - [STDERR_REDIRECT] 
2025-10-30 14:13:08,236 [ERROR] LogOutputStream:75 - [STDERR_REDIRECT] [Fatal Error] :1:1: Premature end of file.
2025-10-30 14:13:08,236 [ERROR] LogOutputStream:75 - [STDERR_REDIRECT] 
2025-10-30 14:13:09,238 [ERROR] LogOutputStream:75 - [STDERR_REDIRECT] [Fatal Error] :1:1: Premature end of file.
2025-10-30 14:13:09,238 [ERROR] LogOutputStream:75 - [STDERR_REDIRECT] 
2025-10-30 14:13:10,232 [ERROR] LogOutputStream:75 - [STDERR_REDIRECT] [Fatal Error] :1:1: Premature end of file.
2025-10-30 14:13:10,233 [ERROR] LogOutputStream:75 - [STDERR_REDIRECT] 
2025-10-30 14:13:11,233 [ERROR] LogOutputStream:75 - [STDERR_REDIRECT] [Fatal Error] :1:1: Premature end of file.
2025-10-30 14:13:11,234 [ERROR] LogOutputStream:75 - [STDERR_REDIRECT] 
2025-10-30 14:13:12,231 [ERROR] LogOutputStream:75 - [STDERR_REDIRECT] [Fatal Error] :1:1: Premature end of file.
2025-10-30 14:13:12,231 [ERROR] LogOutputStream:75 - [STDERR_REDIRECT] 
2025-10-30 14:13:13,231 [ERROR] LogOutputStream:75 - [STDERR_REDIRECT] [Fatal Error] :1:1: Premature end of file.
2025-10-30 14:13:13,231 [ERROR] LogOutputStream:75 - [STDERR_REDIRECT] 
2025-10-30 14:13:14,231 [ERROR] LogOutputStream:75 - [STDERR_REDIRECT] [Fatal Error] :1:1: Premature end of file.
2025-10-30 14:13:14,232 [ERROR] LogOutputStream:75 - [STDERR_REDIRECT] 
2025-10-30 14:13:15,232 [ERROR] LogOutputStream:75 - [STDERR_REDIRECT] [Fatal Error] :1:1: Premature end of file.
2025-10-30 14:13:15,233 [ERROR] LogOutputStream:75 - [STDERR_REDIRECT] 
2025-10-30 14:13:16,237 [ERROR] LogOutputStream:75 - [STDERR_REDIRECT] [Fatal Error] :1:1: Premature end of file.
2025-10-30 14:13:16,237 [ERROR] LogOutputStream:75 - [STDERR_REDIRECT] 
2025-10-30 14:13:17,233 [ERROR] LogOutputStream:75 - [STDERR_REDIRECT] [Fatal Error] :1:1: Premature end of file.
2025-10-30 14:13:17,234 [ERROR] LogOutputStream:75 - [STDERR_REDIRECT] 
2025-10-30 14:13:18,233 [ERROR] LogOutputStream:75 - [STDERR_REDIRECT] [Fatal Error] :1:1: Premature end of file.
2025-10-30 14:13:18,233 [ERROR] LogOutputStream:75 - [STDERR_REDIRECT] 
2025-10-30 14:13:19,236 [ERROR] LogOutputStream:75 - [STDERR_REDIRECT] [Fatal Error] :1:1: Premature end of file.
2025-10-30 14:13:19,236 [ERROR] LogOutputStream:75 - [STDERR_REDIRECT] 
2025-10-30 14:13:20,231 [ERROR] LogOutputStream:75 - [STDERR_REDIRECT] [Fatal Error] :1:1: Premature end of file.
2025-10-30 14:13:20,231 [ERROR] LogOutputStream:75 - [STDERR_REDIRECT] 
2025-10-30 14:13:21,231 [ERROR] LogOutputStream:75 - [STDERR_REDIRECT] [Fatal Error] :1:1: Premature end of file.
2025-10-30 14:13:21,231 [ERROR] LogOutputStream:75 - [STDERR_REDIRECT] 
2025-10-30 14:13:22,235 [ERROR] LogOutputStream:75 - [STDERR_REDIRECT] [Fatal Error] :1:1: Premature end of file.
2025-10-30 14:13:22,235 [ERROR] LogOutputStream:75 - [STDERR_REDIRECT] 
2025-10-30 14:13:23,237 [ERROR] LogOutputStream:75 - [STDERR_REDIRECT] [Fatal Error] :1:1: Premature end of file.
2025-10-30 14:13:23,237 [ERROR] LogOutputStream:75 - [STDERR_REDIRECT] 
2025-10-30 14:13:24,232 [ERROR] LogOutputStream:75 - [STDERR_REDIRECT] [Fatal Error] :1:1: Premature end of file.
2025-10-30 14:13:24,232 [ERROR] LogOutputStream:75 - [STDERR_REDIRECT] 
2025-10-30 14:13:25,234 [ERROR] LogOutputStream:75 - [STDERR_REDIRECT] [Fatal Error] :1:1: Premature end of file.
2025-10-30 14:13:25,234 [ERROR] LogOutputStream:75 - [STDERR_REDIRECT] 
2025-10-30 14:13:26,232 [ERROR] LogOutputStream:75 - [STDERR_REDIRECT] [Fatal Error] :1:1: Premature end of file.
2025-10-30 14:13:26,232 [ERROR] LogOutputStream:75 - [STDERR_REDIRECT] 
2025-10-30 14:13:27,233 [ERROR] LogOutputStream:75 - [STDERR_REDIRECT] [Fatal Error] :1:1: Premature end of file.
2025-10-30 14:13:27,233 [ERROR] LogOutputStream:75 - [STDERR_REDIRECT] 
2025-10-30 14:13:28,234 [ERROR] LogOutputStream:75 - [STDERR_REDIRECT] [Fatal Error] :1:1: Premature end of file.
2025-10-30 14:13:28,235 [ERROR] LogOutputStream:75 - [STDERR_REDIRECT] 
2025-10-30 14:13:29,233 [ERROR] LogOutputStream:75 - [STDERR_REDIRECT] [Fatal Error] :1:1: Premature end of file.
2025-10-30 14:13:29,233 [ERROR] LogOutputStream:75 - [STDERR_REDIRECT] 
2025-10-30 14:13:30,238 [ERROR] LogOutputStream:75 - [STDERR_REDIRECT] [Fatal Error] :1:1: Premature end of file.
2025-10-30 14:13:30,238 [ERROR] LogOutputStream:75 - [STDERR_REDIRECT] 
2025-10-30 14:13:31,234 [ERROR] LogOutputStream:75 - [STDERR_REDIRECT] [Fatal Error] :1:1: Premature end of file.
2025-10-30 14:13:31,234 [ERROR] LogOutputStream:75 - [STDERR_REDIRECT] 
2025-10-30 14:13:32,233 [ERROR] LogOutputStream:75 - [STDERR_REDIRECT] [Fatal Error] :1:1: Premature end of file.
2025-10-30 14:13:32,233 [ERROR] LogOutputStream:75 - [STDERR_REDIRECT] 
2025-10-30 14:13:33,232 [ERROR] LogOutputStream:75 - [STDERR_REDIRECT] [Fatal Error] :1:1: Premature end of file.
2025-10-30 14:13:33,232 [ERROR] LogOutputStream:75 - [STDERR_REDIRECT] 
2025-10-30 14:13:34,232 [ERROR] LogOutputStream:75 - [STDERR_REDIRECT] [Fatal Error] :1:1: Premature end of file.
2025-10-30 14:13:34,232 [ERROR] LogOutputStream:75 - [STDERR_REDIRECT] 
2025-10-30 14:13:35,231 [ERROR] LogOutputStream:75 - [STDERR_REDIRECT] [Fatal Error] :1:1: Premature end of file.
2025-10-30 14:13:35,231 [ERROR] LogOutputStream:75 - [STDERR_REDIRECT] 
2025-10-30 14:13:36,233 [ERROR] LogOutputStream:75 - [STDERR_REDIRECT] [Fatal Error] :1:1: Premature end of file.
2025-10-30 14:13:36,233 [ERROR] LogOutputStream:75 - [STDERR_REDIRECT] 
2025-10-30 14:13:37,239 [ERROR] LogOutputStream:75 - [STDERR_REDIRECT] [Fatal Error] :1:1: Premature end of file.
2025-10-30 14:13:37,239 [ERROR] LogOutputStream:75 - [STDERR_REDIRECT] 
2025-10-30 14:13:38,232 [ERROR] LogOutputStream:75 - [STDERR_REDIRECT] [Fatal Error] :1:1: Premature end of file.
2025-10-30 14:13:38,232 [ERROR] LogOutputStream:75 - [STDERR_REDIRECT] 
2025-10-30 14:13:39,232 [ERROR] LogOutputStream:75 - [STDERR_REDIRECT] [Fatal Error] :1:1: Premature end of file.
2025-10-30 14:13:39,233 [ERROR] LogOutputStream:75 - [STDERR_REDIRECT] 
2025-10-30 14:13:40,232 [ERROR] LogOutputStream:75 - [STDERR_REDIRECT] [Fatal Error] :1:1: Premature end of file.
2025-10-30 14:13:40,233 [ERROR] LogOutputStream:75 - [STDERR_REDIRECT] 
2025-10-30 14:13:41,231 [ERROR] LogOutputStream:75 - [STDERR_REDIRECT] [Fatal Error] :1:1: Premature end of file.
2025-10-30 14:13:41,231 [ERROR] LogOutputStream:75 - [STDERR_REDIRECT] 
2025-10-30 14:13:42,231 [ERROR] LogOutputStream:75 - [STDERR_REDIRECT] [Fatal Error] :1:1: Premature end of file.
2025-10-30 14:13:42,231 [ERROR] LogOutputStream:75 - [STDERR_REDIRECT] 
2025-10-30 14:13:43,235 [ERROR] LogOutputStream:75 - [STDERR_REDIRECT] [Fatal Error] :1:1: Premature end of file.
2025-10-30 14:13:43,235 [ERROR] LogOutputStream:75 - [STDERR_REDIRECT] 
2025-10-30 14:13:44,237 [ERROR] LogOutputStream:75 - [STDERR_REDIRECT] [Fatal Error] :1:1: Premature end of file.
2025-10-30 14:13:44,237 [ERROR] LogOutputStream:75 - [STDERR_REDIRECT] 
2025-10-30 14:13:45,232 [ERROR] LogOutputStream:75 - [STDERR_REDIRECT] [Fatal Error] :1:1: Premature end of file.
2025-10-30 14:13:45,232 [ERROR] LogOutputStream:75 - [STDERR_REDIRECT] 
2025-10-30 14:13:46,234 [ERROR] LogOutputStream:75 - [STDERR_REDIRECT] [Fatal Error] :1:1: Premature end of file.
2025-10-30 14:13:46,234 [ERROR] LogOutputStream:75 - [STDERR_REDIRECT] 
2025-10-30 14:13:47,232 [ERROR] LogOutputStream:75 - [STDERR_REDIRECT] [Fatal Error] :1:1: Premature end of file.
2025-10-30 14:13:47,232 [ERROR] LogOutputStream:75 - [STDERR_REDIRECT] 
2025-10-30 14:13:48,234 [ERROR] LogOutputStream:75 - [STDERR_REDIRECT] [Fatal Error] :1:1: Premature end of file.
2025-10-30 14:13:48,234 [ERROR] LogOutputStream:75 - [STDERR_REDIRECT] 
2025-10-30 14:13:49,232 [ERROR] LogOutputStream:75 - [STDERR_REDIRECT] [Fatal Error] :1:1: Premature end of file.
2025-10-30 14:13:49,232 [ERROR] LogOutputStream:75 - [STDERR_REDIRECT] 
2025-10-30 14:13:50,235 [ERROR] LogOutputStream:75 - [STDERR_REDIRECT] [Fatal Error] :1:1: Premature end of file.
2025-10-30 14:13:50,235 [ERROR] LogOutputStream:75 - [STDERR_REDIRECT] 
2025-10-30 14:13:51,238 [ERROR] LogOutputStream:75 - [STDERR_REDIRECT] [Fatal Error] :1:1: Premature end of file.
2025-10-30 14:13:51,238 [ERROR] LogOutputStream:75 - [STDERR_REDIRECT] 
2025-10-30 14:13:52,232 [ERROR] LogOutputStream:75 - [STDERR_REDIRECT] [Fatal Error] :1:1: Premature end of file.
2025-10-30 14:13:52,232 [ERROR] LogOutputStream:75 - [STDERR_REDIRECT] 
2025-10-30 14:13:53,233 [ERROR] LogOutputStream:75 - [STDERR_REDIRECT] [Fatal Error] :1:1: Premature end of file.
2025-10-30 14:13:53,233 [ERROR] LogOutputStream:75 - [STDERR_REDIRECT] 
2025-10-30 14:13:54,232 [ERROR] LogOutputStream:75 - [STDERR_REDIRECT] [Fatal Error] :1:1: Premature end of file.
2025-10-30 14:13:54,232 [ERROR] LogOutputStream:75 - [STDERR_REDIRECT] 
2025-10-30 14:13:55,232 [ERROR] LogOutputStream:75 - [STDERR_REDIRECT] [Fatal Error] :1:1: Premature end of file.
2025-10-30 14:13:55,232 [ERROR] LogOutputStream:75 - [STDERR_REDIRECT] 
2025-10-30 14:13:56,232 [ERROR] LogOutputStream:75 - [STDERR_REDIRECT] [Fatal Error] :1:1: Premature end of file.
2025-10-30 14:13:56,232 [ERROR] LogOutputStream:75 - [STDERR_REDIRECT] 
2025-10-30 14:13:57,234 [ERROR] LogOutputStream:75 - [STDERR_REDIRECT] [Fatal Error] :1:1: Premature end of file.
2025-10-30 14:13:57,235 [ERROR] LogOutputStream:75 - [STDERR_REDIRECT] 
2025-10-30 14:13:58,241 [ERROR] LogOutputStream:75 - [STDERR_REDIRECT] [Fatal Error] :1:1: Premature end of file.
2025-10-30 14:13:58,241 [ERROR] LogOutputStream:75 - [STDERR_REDIRECT] 
2025-10-30 14:13:59,235 [ERROR] LogOutputStream:75 - [STDERR_REDIRECT] [Fatal Error] :1:1: Premature end of file.
2025-10-30 14:13:59,235 [ERROR] LogOutputStream:75 - [STDERR_REDIRECT] 
2025-10-30 14:14:00,234 [ERROR] LogOutputStream:75 - [STDERR_REDIRECT] [Fatal Error] :1:1: Premature end of file.
2025-10-30 14:14:00,235 [ERROR] LogOutputStream:75 - [STDERR_REDIRECT] 
2025-10-30 14:14:01,231 [ERROR] LogOutputStream:75 - [STDERR_REDIRECT] [Fatal Error] :1:1: Premature end of file.
2025-10-30 14:14:01,231 [ERROR] LogOutputStream:75 - [STDERR_REDIRECT] 
2025-10-30 14:14:02,231 [ERROR] LogOutputStream:75 - [STDERR_REDIRECT] [Fatal Error] :1:1: Premature end of file.
2025-10-30 14:14:02,231 [ERROR] LogOutputStream:75 - [STDERR_REDIRECT] 
2025-10-30 14:14:03,232 [ERROR] LogOutputStream:75 - [STDERR_REDIRECT] [Fatal Error] :1:1: Premature end of file.
2025-10-30 14:14:03,232 [ERROR] LogOutputStream:75 - [STDERR_REDIRECT] 
2025-10-30 14:14:04,233 [ERROR] LogOutputStream:75 - [STDERR_REDIRECT] [Fatal Error] :1:1: Premature end of file.
2025-10-30 14:14:04,234 [ERROR] LogOutputStream:75 - [STDERR_REDIRECT] 
2025-10-30 14:14:05,238 [ERROR] LogOutputStream:75 - [STDERR_REDIRECT] [Fatal Error] :1:1: Premature end of file.
2025-10-30 14:14:05,238 [ERROR] LogOutputStream:75 - [STDERR_REDIRECT] 
2025-10-30 14:14:06,233 [ERROR] LogOutputStream:75 - [STDERR_REDIRECT] [Fatal Error] :1:1: Premature end of file.
2025-10-30 14:14:06,233 [ERROR] LogOutputStream:75 - [STDERR_REDIRECT] 
2025-10-30 14:14:07,234 [ERROR] LogOutputStream:75 - [STDERR_REDIRECT] [Fatal Error] :1:1: Premature end of file.
2025-10-30 14:14:07,234 [ERROR] LogOutputStream:75 - [STDERR_REDIRECT] 
2025-10-30 14:14:08,231 [ERROR] LogOutputStream:75 - [STDERR_REDIRECT] [Fatal Error] :1:1: Premature end of file.
2025-10-30 14:14:08,231 [ERROR] LogOutputStream:75 - [STDERR_REDIRECT] 
2025-10-30 14:14:09,233 [ERROR] LogOutputStream:75 - [STDERR_REDIRECT] [Fatal Error] :1:1: Premature end of file.
2025-10-30 14:14:09,233 [ERROR] LogOutputStream:75 - [STDERR_REDIRECT] 
2025-10-30 14:14:10,235 [ERROR] LogOutputStream:75 - [STDERR_REDIRECT] [Fatal Error] :1:1: Premature end of file.
2025-10-30 14:14:10,235 [ERROR] LogOutputStream:75 - [STDERR_REDIRECT] 
2025-10-30 14:14:11,234 [ERROR] LogOutputStream:75 - [STDERR_REDIRECT] [Fatal Error] :1:1: Premature end of file.
2025-10-30 14:14:11,234 [ERROR] LogOutputStream:75 - [STDERR_REDIRECT] 
2025-10-30 14:14:12,237 [ERROR] LogOutputStream:75 - [STDERR_REDIRECT] [Fatal Error] :1:1: Premature end of file.
2025-10-30 14:14:12,237 [ERROR] LogOutputStream:75 - [STDERR_REDIRECT] 
2025-10-30 14:14:13,231 [ERROR] LogOutputStream:75 - [STDERR_REDIRECT] [Fatal Error] :1:1: Premature end of file.
2025-10-30 14:14:13,232 [ERROR] LogOutputStream:75 - [STDERR_REDIRECT] 
2025-10-30 14:14:14,233 [ERROR] LogOutputStream:75 - [STDERR_REDIRECT] [Fatal Error] :1:1: Premature end of file.
2025-10-30 14:14:14,233 [ERROR] LogOutputStream:75 - [STDERR_REDIRECT] 
2025-10-30 14:14:15,231 [ERROR] LogOutputStream:75 - [STDERR_REDIRECT] [Fatal Error] :1:1: Premature end of file.
2025-10-30 14:14:15,232 [ERROR] LogOutputStream:75 - [STDERR_REDIRECT] 
2025-10-30 14:14:16,231 [ERROR] LogOutputStream:75 - [STDERR_REDIRECT] [Fatal Error] :1:1: Premature end of file.
2025-10-30 14:14:16,231 [ERROR] LogOutputStream:75 - [STDERR_REDIRECT] 
2025-10-30 14:14:17,232 [ERROR] LogOutputStream:75 - [STDERR_REDIRECT] [Fatal Error] :1:1: Premature end of file.
2025-10-30 14:14:17,232 [ERROR] LogOutputStream:75 - [STDERR_REDIRECT] 
2025-10-30 14:14:18,232 [ERROR] LogOutputStream:75 - [STDERR_REDIRECT] [Fatal Error] :1:1: Premature end of file.
2025-10-30 14:14:18,232 [ERROR] LogOutputStream:75 - [STDERR_REDIRECT] 
2025-10-30 14:14:19,237 [ERROR] LogOutputStream:75 - [STDERR_REDIRECT] [Fatal Error] :1:1: Premature end of file.
2025-10-30 14:14:19,237 [ERROR] LogOutputStream:75 - [STDERR_REDIRECT] 
2025-10-30 14:14:20,231 [ERROR] LogOutputStream:75 - [STDERR_REDIRECT] [Fatal Error] :1:1: Premature end of file.
2025-10-30 14:14:20,231 [ERROR] LogOutputStream:75 - [STDERR_REDIRECT] 
2025-10-30 14:14:21,236 [ERROR] LogOutputStream:75 - [STDERR_REDIRECT] [Fatal Error] :1:1: Premature end of file.
2025-10-30 14:14:21,236 [ERROR] LogOutputStream:75 - [STDERR_REDIRECT] 
2025-10-30 14:14:22,232 [ERROR] LogOutputStream:75 - [STDERR_REDIRECT] [Fatal Error] :1:1: Premature end of file.
2025-10-30 14:14:22,232 [ERROR] LogOutputStream:75 - [STDERR_REDIRECT] 
2025-10-30 14:14:23,231 [ERROR] LogOutputStream:75 - [STDERR_REDIRECT] [Fatal Error] :1:1: Premature end of file.
2025-10-30 14:14:23,233 [ERROR] LogOutputStream:75 - [STDERR_REDIRECT] 
2025-10-30 14:14:24,231 [ERROR] LogOutputStream:75 - [STDERR_REDIRECT] [Fatal Error] :1:1: Premature end of file.
2025-10-30 14:14:24,231 [ERROR] LogOutputStream:75 - [STDERR_REDIRECT] 
2025-10-30 14:14:25,233 [ERROR] LogOutputStream:75 - [STDERR_REDIRECT] [Fatal Error] :1:1: Premature end of file.
2025-10-30 14:14:25,233 [ERROR] LogOutputStream:75 - [STDERR_REDIRECT] 
2025-10-30 14:14:26,239 [ERROR] LogOutputStream:75 - [STDERR_REDIRECT] [Fatal Error] :1:1: Premature end of file.
2025-10-30 14:14:26,239 [ERROR] LogOutputStream:75 - [STDERR_REDIRECT] 
2025-10-30 14:14:27,231 [ERROR] LogOutputStream:75 - [STDERR_REDIRECT] [Fatal Error] :1:1: Premature end of file.
2025-10-30 14:14:27,231 [ERROR] LogOutputStream:75 - [STDERR_REDIRECT] 
2025-10-30 14:14:28,234 [ERROR] LogOutputStream:75 - [STDERR_REDIRECT] [Fatal Error] :1:1: Premature end of file.
2025-10-30 14:14:28,234 [ERROR] LogOutputStream:75 - [STDERR_REDIRECT] 
2025-10-30 14:14:29,233 [ERROR] LogOutputStream:75 - [STDERR_REDIRECT] [Fatal Error] :1:1: Premature end of file.
2025-10-30 14:14:29,233 [ERROR] LogOutputStream:75 - [STDERR_REDIRECT] 
2025-10-30 14:14:30,234 [ERROR] LogOutputStream:75 - [STDERR_REDIRECT] [Fatal Error] :1:1: Premature end of file.
2025-10-30 14:14:30,234 [ERROR] LogOutputStream:75 - [STDERR_REDIRECT] 
2025-10-30 14:14:31,231 [ERROR] LogOutputStream:75 - [STDERR_REDIRECT] [Fatal Error] :1:1: Premature end of file.
2025-10-30 14:14:31,232 [ERROR] LogOutputStream:75 - [STDERR_REDIRECT] 
2025-10-30 14:14:32,234 [ERROR] LogOutputStream:75 - [STDERR_REDIRECT] [Fatal Error] :1:1: Premature end of file.
2025-10-30 14:14:32,234 [ERROR] LogOutputStream:75 - [STDERR_REDIRECT] 
2025-10-30 14:14:33,240 [ERROR] LogOutputStream:75 - [STDERR_REDIRECT] [Fatal Error] :1:1: Premature end of file.
2025-10-30 14:14:33,240 [ERROR] LogOutputStream:75 - [STDERR_REDIRECT] 
2025-10-30 14:14:34,233 [ERROR] LogOutputStream:75 - [STDERR_REDIRECT] [Fatal Error] :1:1: Premature end of file.
2025-10-30 14:14:34,233 [ERROR] LogOutputStream:75 - [STDERR_REDIRECT] 
2025-10-30 14:14:35,233 [ERROR] LogOutputStream:75 - [STDERR_REDIRECT] [Fatal Error] :1:1: Premature end of file.
2025-10-30 14:14:35,233 [ERROR] LogOutputStream:75 - [STDERR_REDIRECT] 
2025-10-30 14:14:36,231 [ERROR] LogOutputStream:75 - [STDERR_REDIRECT] [Fatal Error] :1:1: Premature end of file.
2025-10-30 14:14:36,231 [ERROR] LogOutputStream:75 - [STDERR_REDIRECT] 
2025-10-30 14:14:37,232 [ERROR] LogOutputStream:75 - [STDERR_REDIRECT] [Fatal Error] :1:1: Premature end of file.
2025-10-30 14:14:37,232 [ERROR] LogOutputStream:75 - [STDERR_REDIRECT] 
2025-10-30 14:14:38,232 [ERROR] LogOutputStream:75 - [STDERR_REDIRECT] [Fatal Error] :1:1: Premature end of file.
2025-10-30 14:14:38,232 [ERROR] LogOutputStream:75 - [STDERR_REDIRECT] 
2025-10-30 14:14:39,233 [ERROR] LogOutputStream:75 - [STDERR_REDIRECT] [Fatal Error] :1:1: Premature end of file.
2025-10-30 14:14:39,233 [ERROR] LogOutputStream:75 - [STDERR_REDIRECT] 
2025-10-30 14:14:40,240 [ERROR] LogOutputStream:75 - [STDERR_REDIRECT] [Fatal Error] :1:1: Premature end of file.
2025-10-30 14:14:40,240 [ERROR] LogOutputStream:75 - [STDERR_REDIRECT] 
2025-10-30 14:14:41,234 [ERROR] LogOutputStream:75 - [STDERR_REDIRECT] [Fatal Error] :1:1: Premature end of file.
2025-10-30 14:14:41,234 [ERROR] LogOutputStream:75 - [STDERR_REDIRECT] 
2025-10-30 14:14:42,233 [ERROR] LogOutputStream:75 - [STDERR_REDIRECT] [Fatal Error] :1:1: Premature end of file.
2025-10-30 14:14:42,233 [ERROR] LogOutputStream:75 - [STDERR_REDIRECT] 
2025-10-30 14:14:43,232 [ERROR] LogOutputStream:75 - [STDERR_REDIRECT] [Fatal Error] :1:1: Premature end of file.
2025-10-30 14:14:43,232 [ERROR] LogOutputStream:75 - [STDERR_REDIRECT] 
2025-10-30 14:14:44,232 [ERROR] LogOutputStream:75 - [STDERR_REDIRECT] [Fatal Error] :1:1: Premature end of file.
2025-10-30 14:14:44,232 [ERROR] LogOutputStream:75 - [STDERR_REDIRECT] 
2025-10-30 14:14:45,231 [ERROR] LogOutputStream:75 - [STDERR_REDIRECT] [Fatal Error] :1:1: Premature end of file.
2025-10-30 14:14:45,232 [ERROR] LogOutputStream:75 - [STDERR_REDIRECT] 
2025-10-30 14:14:46,233 [ERROR] LogOutputStream:75 - [STDERR_REDIRECT] [Fatal Error] :1:1: Premature end of file.
2025-10-30 14:14:46,233 [ERROR] LogOutputStream:75 - [STDERR_REDIRECT] 
2025-10-30 14:14:47,238 [ERROR] LogOutputStream:75 - [STDERR_REDIRECT] [Fatal Error] :1:1: Premature end of file.
2025-10-30 14:14:47,238 [ERROR] LogOutputStream:75 - [STDERR_REDIRECT] 
2025-10-30 14:14:48,232 [ERROR] LogOutputStream:75 - [STDERR_REDIRECT] [Fatal Error] :1:1: Premature end of file.
2025-10-30 14:14:48,232 [ERROR] LogOutputStream:75 - [STDERR_REDIRECT] 
2025-10-30 14:14:49,233 [ERROR] LogOutputStream:75 - [STDERR_REDIRECT] [Fatal Error] :1:1: Premature end of file.
2025-10-30 14:14:49,234 [ERROR] LogOutputStream:75 - [STDERR_REDIRECT] 
2025-10-30 14:14:50,230 [ERROR] LogOutputStream:75 - [STDERR_REDIRECT] [Fatal Error] :1:1: Premature end of file.
2025-10-30 14:14:50,230 [ERROR] LogOutputStream:75 - [STDERR_REDIRECT] 
2025-10-30 14:14:51,231 [ERROR] LogOutputStream:75 - [STDERR_REDIRECT] [Fatal Error] :1:1: Premature end of file.
2025-10-30 14:14:51,231 [ERROR] LogOutputStream:75 - [STDERR_REDIRECT] 
2025-10-30 14:14:52,233 [ERROR] LogOutputStream:75 - [STDERR_REDIRECT] [Fatal Error] :1:1: Premature end of file.
2025-10-30 14:14:52,233 [ERROR] LogOutputStream:75 - [STDERR_REDIRECT] 
2025-10-30 14:14:53,233 [ERROR] LogOutputStream:75 - [STDERR_REDIRECT] [Fatal Error] :1:1: Premature end of file.
2025-10-30 14:14:53,234 [ERROR] LogOutputStream:75 - [STDERR_REDIRECT] 
2025-10-30 14:14:54,238 [ERROR] LogOutputStream:75 - [STDERR_REDIRECT] [Fatal Error] :1:1: Premature end of file.
2025-10-30 14:14:54,238 [ERROR] LogOutputStream:75 - [STDERR_REDIRECT] 
2025-10-30 14:14:55,232 [ERROR] LogOutputStream:75 - [STDERR_REDIRECT] [Fatal Error] :1:1: Premature end of file.
2025-10-30 14:14:55,232 [ERROR] LogOutputStream:75 - [STDERR_REDIRECT] 
2025-10-30 14:14:56,233 [ERROR] LogOutputStream:75 - [STDERR_REDIRECT] [Fatal Error] :1:1: Premature end of file.
2025-10-30 14:14:56,233 [ERROR] LogOutputStream:75 - [STDERR_REDIRECT] 
2025-10-30 14:14:57,232 [ERROR] LogOutputStream:75 - [STDERR_REDIRECT] [Fatal Error] :1:1: Premature end of file.
2025-10-30 14:14:57,232 [ERROR] LogOutputStream:75 - [STDERR_REDIRECT] 
2025-10-30 14:14:58,232 [ERROR] LogOutputStream:75 - [STDERR_REDIRECT] [Fatal Error] :1:1: Premature end of file.
2025-10-30 14:14:58,233 [ERROR] LogOutputStream:75 - [STDERR_REDIRECT] 
2025-10-30 14:14:59,231 [ERROR] LogOutputStream:75 - [STDERR_REDIRECT] [Fatal Error] :1:1: Premature end of file.
2025-10-30 14:14:59,231 [ERROR] LogOutputStream:75 - [STDERR_REDIRECT] 
2025-10-30 14:15:00,235 [ERROR] LogOutputStream:75 - [STDERR_REDIRECT] [Fatal Error] :1:1: Premature end of file.
2025-10-30 14:15:00,235 [ERROR] LogOutputStream:75 - [STDERR_REDIRECT] 
2025-10-30 14:15:01,240 [ERROR] LogOutputStream:75 - [STDERR_REDIRECT] [Fatal Error] :1:1: Premature end of file.
2025-10-30 14:15:01,240 [ERROR] LogOutputStream:75 - [STDERR_REDIRECT] 
2025-10-30 14:15:02,232 [ERROR] LogOutputStream:75 - [STDERR_REDIRECT] [Fatal Error] :1:1: Premature end of file.
2025-10-30 14:15:02,234 [ERROR] LogOutputStream:75 - [STDERR_REDIRECT] 
2025-10-30 14:15:03,235 [ERROR] LogOutputStream:75 - [STDERR_REDIRECT] [Fatal Error] :1:1: Premature end of file.
2025-10-30 14:15:03,235 [ERROR] LogOutputStream:75 - [STDERR_REDIRECT] 
2025-10-30 14:15:04,231 [ERROR] LogOutputStream:75 - [STDERR_REDIRECT] [Fatal Error] :1:1: Premature end of file.
2025-10-30 14:15:04,232 [ERROR] LogOutputStream:75 - [STDERR_REDIRECT] 
2025-10-30 14:15:05,232 [ERROR] LogOutputStream:75 - [STDERR_REDIRECT] [Fatal Error] :1:1: Premature end of file.
2025-10-30 14:15:05,232 [ERROR] LogOutputStream:75 - [STDERR_REDIRECT] 
2025-10-30 14:15:06,232 [ERROR] LogOutputStream:75 - [STDERR_REDIRECT] [Fatal Error] :1:1: Premature end of file.
2025-10-30 14:15:06,232 [ERROR] LogOutputStream:75 - [STDERR_REDIRECT] 
2025-10-30 14:15:07,231 [ERROR] LogOutputStream:75 - [STDERR_REDIRECT] [Fatal Error] :1:1: Premature end of file.
2025-10-30 14:15:07,231 [ERROR] LogOutputStream:75 - [STDERR_REDIRECT] 
2025-10-30 14:15:08,238 [ERROR] LogOutputStream:75 - [STDERR_REDIRECT] [Fatal Error] :1:1: Premature end of file.
2025-10-30 14:15:08,238 [ERROR] LogOutputStream:75 - [STDERR_REDIRECT] 
2025-10-30 14:15:09,232 [ERROR] LogOutputStream:75 - [STDERR_REDIRECT] [Fatal Error] :1:1: Premature end of file.
2025-10-30 14:15:09,232 [ERROR] LogOutputStream:75 - [STDERR_REDIRECT] 
2025-10-30 14:15:10,233 [ERROR] LogOutputStream:75 - [STDERR_REDIRECT] [Fatal Error] :1:1: Premature end of file.
2025-10-30 14:15:10,234 [ERROR] LogOutputStream:75 - [STDERR_REDIRECT] 
2025-10-30 14:15:11,231 [ERROR] LogOutputStream:75 - [STDERR_REDIRECT] [Fatal Error] :1:1: Premature end of file.
2025-10-30 14:15:11,231 [ERROR] LogOutputStream:75 - [STDERR_REDIRECT] 
2025-10-30 14:15:12,235 [ERROR] LogOutputStream:75 - [STDERR_REDIRECT] [Fatal Error] :1:1: Premature end of file.
2025-10-30 14:15:12,235 [ERROR] LogOutputStream:75 - [STDERR_REDIRECT] 
2025-10-30 14:15:13,231 [ERROR] LogOutputStream:75 - [STDERR_REDIRECT] [Fatal Error] :1:1: Premature end of file.
2025-10-30 14:15:13,232 [ERROR] LogOutputStream:75 - [STDERR_REDIRECT] 
2025-10-30 14:15:14,234 [ERROR] LogOutputStream:75 - [STDERR_REDIRECT] [Fatal Error] :1:1: Premature end of file.
2025-10-30 14:15:14,234 [ERROR] LogOutputStream:75 - [STDERR_REDIRECT] 
2025-10-30 14:15:15,237 [ERROR] LogOutputStream:75 - [STDERR_REDIRECT] [Fatal Error] :1:1: Premature end of file.
2025-10-30 14:15:15,237 [ERROR] LogOutputStream:75 - [STDERR_REDIRECT] 
2025-10-30 14:15:16,232 [ERROR] LogOutputStream:75 - [STDERR_REDIRECT] [Fatal Error] :1:1: Premature end of file.
2025-10-30 14:15:16,232 [ERROR] LogOutputStream:75 - [STDERR_REDIRECT] 
2025-10-30 14:15:17,234 [ERROR] LogOutputStream:75 - [STDERR_REDIRECT] [Fatal Error] :1:1: Premature end of file.
2025-10-30 14:15:17,235 [ERROR] LogOutputStream:75 - [STDERR_REDIRECT] 
2025-10-30 14:15:18,232 [ERROR] LogOutputStream:75 - [STDERR_REDIRECT] [Fatal Error] :1:1: Premature end of file.
2025-10-30 14:15:18,232 [ERROR] LogOutputStream:75 - [STDERR_REDIRECT] 
2025-10-30 14:15:19,232 [ERROR] LogOutputStream:75 - [STDERR_REDIRECT] [Fatal Error] :1:1: Premature end of file.
2025-10-30 14:15:19,232 [ERROR] LogOutputStream:75 - [STDERR_REDIRECT] 
2025-10-30 14:15:20,232 [ERROR] LogOutputStream:75 - [STDERR_REDIRECT] [Fatal Error] :1:1: Premature end of file.
2025-10-30 14:15:20,232 [ERROR] LogOutputStream:75 - [STDERR_REDIRECT] 
2025-10-30 14:15:21,235 [ERROR] LogOutputStream:75 - [STDERR_REDIRECT] [Fatal Error] :1:1: Premature end of file.
2025-10-30 14:15:21,235 [ERROR] LogOutputStream:75 - [STDERR_REDIRECT] 
2025-10-30 14:15:22,240 [ERROR] LogOutputStream:75 - [STDERR_REDIRECT] [Fatal Error] :1:1: Premature end of file.
2025-10-30 14:15:22,240 [ERROR] LogOutputStream:75 - [STDERR_REDIRECT] 
2025-10-30 14:15:23,234 [ERROR] LogOutputStream:75 - [STDERR_REDIRECT] [Fatal Error] :1:1: Premature end of file.
2025-10-30 14:15:23,234 [ERROR] LogOutputStream:75 - [STDERR_REDIRECT] 
2025-10-30 14:15:24,234 [ERROR] LogOutputStream:75 - [STDERR_REDIRECT] [Fatal Error] :1:1: Premature end of file.
2025-10-30 14:15:24,234 [ERROR] LogOutputStream:75 - [STDERR_REDIRECT] 
2025-10-30 14:15:25,231 [ERROR] LogOutputStream:75 - [STDERR_REDIRECT] [Fatal Error] :1:1: Premature end of file.
2025-10-30 14:15:25,231 [ERROR] LogOutputStream:75 - [STDERR_REDIRECT] 
2025-10-30 14:15:26,231 [ERROR] LogOutputStream:75 - [STDERR_REDIRECT] [Fatal Error] :1:1: Premature end of file.
2025-10-30 14:15:26,231 [ERROR] LogOutputStream:75 - [STDERR_REDIRECT] 
2025-10-30 14:15:27,231 [ERROR] LogOutputStream:75 - [STDERR_REDIRECT] [Fatal Error] :1:1: Premature end of file.
2025-10-30 14:15:27,232 [ERROR] LogOutputStream:75 - [STDERR_REDIRECT] 
2025-10-30 14:15:28,234 [ERROR] LogOutputStream:75 - [STDERR_REDIRECT] [Fatal Error] :1:1: Premature end of file.
2025-10-30 14:15:28,234 [ERROR] LogOutputStream:75 - [STDERR_REDIRECT] 
2025-10-30 14:15:29,239 [ERROR] LogOutputStream:75 - [STDERR_REDIRECT] [Fatal Error] :1:1: Premature end of file.
2025-10-30 14:15:29,239 [ERROR] LogOutputStream:75 - [STDERR_REDIRECT] 
2025-10-30 14:15:30,232 [ERROR] LogOutputStream:75 - [STDERR_REDIRECT] [Fatal Error] :1:1: Premature end of file.
2025-10-30 14:15:30,232 [ERROR] LogOutputStream:75 - [STDERR_REDIRECT] 
2025-10-30 14:15:31,236 [ERROR] LogOutputStream:75 - [STDERR_REDIRECT] [Fatal Error] :1:1: Premature end of file.
2025-10-30 14:15:31,236 [ERROR] LogOutputStream:75 - [STDERR_REDIRECT] 
2025-10-30 14:15:32,233 [ERROR] LogOutputStream:75 - [STDERR_REDIRECT] [Fatal Error] :1:1: Premature end of file.
2025-10-30 14:15:32,233 [ERROR] LogOutputStream:75 - [STDERR_REDIRECT] 
2025-10-30 14:15:33,231 [ERROR] LogOutputStream:75 - [STDERR_REDIRECT] [Fatal Error] :1:1: Premature end of file.
2025-10-30 14:15:33,231 [ERROR] LogOutputStream:75 - [STDERR_REDIRECT] 
2025-10-30 14:15:34,232 [ERROR] LogOutputStream:75 - [STDERR_REDIRECT] [Fatal Error] :1:1: Premature end of file.
2025-10-30 14:15:34,232 [ERROR] LogOutputStream:75 - [STDERR_REDIRECT] 
2025-10-30 14:15:35,232 [ERROR] LogOutputStream:75 - [STDERR_REDIRECT] [Fatal Error] :1:1: Premature end of file.
2025-10-30 14:15:35,232 [ERROR] LogOutputStream:75 - [STDERR_REDIRECT] 
2025-10-30 14:15:36,239 [ERROR] LogOutputStream:75 - [STDERR_REDIRECT] [Fatal Error] :1:1: Premature end of file.
2025-10-30 14:15:36,239 [ERROR] LogOutputStream:75 - [STDERR_REDIRECT] 
2025-10-30 14:15:37,232 [ERROR] LogOutputStream:75 - [STDERR_REDIRECT] [Fatal Error] :1:1: Premature end of file.
2025-10-30 14:15:37,233 [ERROR] LogOutputStream:75 - [STDERR_REDIRECT] 
2025-10-30 14:15:38,232 [ERROR] LogOutputStream:75 - [STDERR_REDIRECT] [Fatal Error] :1:1: Premature end of file.
2025-10-30 14:15:38,232 [ERROR] LogOutputStream:75 - [STDERR_REDIRECT] 
2025-10-30 14:15:39,231 [ERROR] LogOutputStream:75 - [STDERR_REDIRECT] [Fatal Error] :1:1: Premature end of file.
2025-10-30 14:15:39,231 [ERROR] LogOutputStream:75 - [STDERR_REDIRECT] 
2025-10-30 14:15:40,232 [ERROR] LogOutputStream:75 - [STDERR_REDIRECT] [Fatal Error] :1:1: Premature end of file.
2025-10-30 14:15:40,232 [ERROR] LogOutputStream:75 - [STDERR_REDIRECT] 
2025-10-30 14:15:41,232 [ERROR] LogOutputStream:75 - [STDERR_REDIRECT] [Fatal Error] :1:1: Premature end of file.
2025-10-30 14:15:41,232 [ERROR] LogOutputStream:75 - [STDERR_REDIRECT] 
2025-10-30 14:15:42,232 [ERROR] LogOutputStream:75 - [STDERR_REDIRECT] [Fatal Error] :1:1: Premature end of file.
2025-10-30 14:15:42,232 [ERROR] LogOutputStream:75 - [STDERR_REDIRECT] 
2025-10-30 14:15:43,243 [ERROR] LogOutputStream:75 - [STDERR_REDIRECT] [Fatal Error] :1:1: Premature end of file.
2025-10-30 14:15:43,243 [ERROR] LogOutputStream:75 - [STDERR_REDIRECT] 
2025-10-30 14:15:44,233 [ERROR] LogOutputStream:75 - [STDERR_REDIRECT] [Fatal Error] :1:1: Premature end of file.
2025-10-30 14:15:44,233 [ERROR] LogOutputStream:75 - [STDERR_REDIRECT] 
2025-10-30 14:15:45,233 [ERROR] LogOutputStream:75 - [STDERR_REDIRECT] [Fatal Error] :1:1: Premature end of file.
2025-10-30 14:15:45,233 [ERROR] LogOutputStream:75 - [STDERR_REDIRECT] 
2025-10-30 14:15:46,232 [ERROR] LogOutputStream:75 - [STDERR_REDIRECT] [Fatal Error] :1:1: Premature end of file.
2025-10-30 14:15:46,232 [ERROR] LogOutputStream:75 - [STDERR_REDIRECT] 
2025-10-30 14:15:47,233 [ERROR] LogOutputStream:75 - [STDERR_REDIRECT] [Fatal Error] :1:1: Premature end of file.
2025-10-30 14:15:47,233 [ERROR] LogOutputStream:75 - [STDERR_REDIRECT] 
2025-10-30 14:15:48,231 [ERROR] LogOutputStream:75 - [STDERR_REDIRECT] [Fatal Error] :1:1: Premature end of file.
2025-10-30 14:15:48,232 [ERROR] LogOutputStream:75 - [STDERR_REDIRECT] 
2025-10-30 14:15:49,236 [ERROR] LogOutputStream:75 - [STDERR_REDIRECT] [Fatal Error] :1:1: Premature end of file.
2025-10-30 14:15:49,237 [ERROR] LogOutputStream:75 - [STDERR_REDIRECT] 
2025-10-30 14:15:50,243 [ERROR] LogOutputStream:75 - [STDERR_REDIRECT] [Fatal Error] :1:1: Premature end of file.
2025-10-30 14:15:50,243 [ERROR] LogOutputStream:75 - [STDERR_REDIRECT] 
2025-10-30 14:15:51,233 [ERROR] LogOutputStream:75 - [STDERR_REDIRECT] [Fatal Error] :1:1: Premature end of file.
2025-10-30 14:15:51,233 [ERROR] LogOutputStream:75 - [STDERR_REDIRECT] 
2025-10-30 14:15:52,233 [ERROR] LogOutputStream:75 - [STDERR_REDIRECT] [Fatal Error] :1:1: Premature end of file.
2025-10-30 14:15:52,233 [ERROR] LogOutputStream:75 - [STDERR_REDIRECT] 
2025-10-30 14:15:53,232 [ERROR] LogOutputStream:75 - [STDERR_REDIRECT] [Fatal Error] :1:1: Premature end of file.
2025-10-30 14:15:53,232 [ERROR] LogOutputStream:75 - [STDERR_REDIRECT] 
2025-10-30 14:15:54,238 [ERROR] LogOutputStream:75 - [STDERR_REDIRECT] [Fatal Error] :1:1: Premature end of file.
2025-10-30 14:15:54,238 [ERROR] LogOutputStream:75 - [STDERR_REDIRECT] 
2025-10-30 14:15:55,231 [ERROR] LogOutputStream:75 - [STDERR_REDIRECT] [Fatal Error] :1:1: Premature end of file.
2025-10-30 14:15:55,231 [ERROR] LogOutputStream:75 - [STDERR_REDIRECT] 
2025-10-30 14:15:56,235 [ERROR] LogOutputStream:75 - [STDERR_REDIRECT] [Fatal Error] :1:1: Premature end of file.
2025-10-30 14:15:56,235 [ERROR] LogOutputStream:75 - [STDERR_REDIRECT] 
2025-10-30 14:15:57,238 [ERROR] LogOutputStream:75 - [STDERR_REDIRECT] [Fatal Error] :1:1: Premature end of file.
2025-10-30 14:15:57,238 [ERROR] LogOutputStream:75 - [STDERR_REDIRECT] 
2025-10-30 14:15:58,232 [ERROR] LogOutputStream:75 - [STDERR_REDIRECT] [Fatal Error] :1:1: Premature end of file.
2025-10-30 14:15:58,232 [ERROR] LogOutputStream:75 - [STDERR_REDIRECT] 
2025-10-30 14:15:59,233 [ERROR] LogOutputStream:75 - [STDERR_REDIRECT] [Fatal Error] :1:1: Premature end of file.
2025-10-30 14:15:59,233 [ERROR] LogOutputStream:75 - [STDERR_REDIRECT] 
2025-10-30 14:16:00,243 [ERROR] LogOutputStream:75 - [STDERR_REDIRECT] [Fatal Error] :1:1: Premature end of file.
2025-10-30 14:16:00,243 [ERROR] LogOutputStream:75 - [STDERR_REDIRECT] 
2025-10-30 14:16:01,232 [ERROR] LogOutputStream:75 - [STDERR_REDIRECT] [Fatal Error] :1:1: Premature end of file.
2025-10-30 14:16:01,232 [ERROR] LogOutputStream:75 - [STDERR_REDIRECT] 
2025-10-30 14:16:02,231 [ERROR] LogOutputStream:75 - [STDERR_REDIRECT] [Fatal Error] :1:1: Premature end of file.
2025-10-30 14:16:02,231 [ERROR] LogOutputStream:75 - [STDERR_REDIRECT] 
2025-10-30 14:16:03,235 [ERROR] LogOutputStream:75 - [STDERR_REDIRECT] [Fatal Error] :1:1: Premature end of file.
2025-10-30 14:16:03,236 [ERROR] LogOutputStream:75 - [STDERR_REDIRECT] 
2025-10-30 14:16:04,243 [ERROR] LogOutputStream:75 - [STDERR_REDIRECT] [Fatal Error] :1:1: Premature end of file.
2025-10-30 14:16:04,245 [ERROR] LogOutputStream:75 - [STDERR_REDIRECT] 
2025-10-30 14:16:05,235 [ERROR] LogOutputStream:75 - [STDERR_REDIRECT] [Fatal Error] :1:1: Premature end of file.
2025-10-30 14:16:05,237 [ERROR] LogOutputStream:75 - [STDERR_REDIRECT] 
2025-10-30 14:16:06,234 [ERROR] LogOutputStream:75 - [STDERR_REDIRECT] [Fatal Error] :1:1: Premature end of file.
2025-10-30 14:16:06,234 [ERROR] LogOutputStream:75 - [STDERR_REDIRECT] 
2025-10-30 14:16:07,250 [ERROR] LogOutputStream:75 - [STDERR_REDIRECT] [Fatal Error] :1:1: Premature end of file.
2025-10-30 14:16:07,250 [ERROR] LogOutputStream:75 - [STDERR_REDIRECT] 
2025-10-30 14:16:08,232 [ERROR] LogOutputStream:75 - [STDERR_REDIRECT] [Fatal Error] :1:1: Premature end of file.
2025-10-30 14:16:08,233 [ERROR] LogOutputStream:75 - [STDERR_REDIRECT] 
2025-10-30 14:16:09,247 [ERROR] LogOutputStream:75 - [STDERR_REDIRECT] [Fatal Error] :1:1: Premature end of file.
2025-10-30 14:16:09,247 [ERROR] LogOutputStream:75 - [STDERR_REDIRECT] 
2025-10-30 14:16:10,244 [ERROR] LogOutputStream:75 - [STDERR_REDIRECT] [Fatal Error] :1:1: Premature end of file.
2025-10-30 14:16:10,244 [ERROR] LogOutputStream:75 - [STDERR_REDIRECT] 
2025-10-30 14:16:11,251 [ERROR] LogOutputStream:75 - [STDERR_REDIRECT] [Fatal Error] :1:1: Premature end of file.
2025-10-30 14:16:11,251 [ERROR] LogOutputStream:75 - [STDERR_REDIRECT] 
2025-10-30 14:16:12,261 [ERROR] LogOutputStream:75 - [STDERR_REDIRECT] [Fatal Error] :1:1: Premature end of file.
2025-10-30 14:16:12,261 [ERROR] LogOutputStream:75 - [STDERR_REDIRECT] 
2025-10-30 14:16:13,242 [ERROR] LogOutputStream:75 - [STDERR_REDIRECT] [Fatal Error] :1:1: Premature end of file.
2025-10-30 14:16:13,242 [ERROR] LogOutputStream:75 - [STDERR_REDIRECT] 
2025-10-30 14:16:14,238 [ERROR] LogOutputStream:75 - [STDERR_REDIRECT] [Fatal Error] :1:1: Premature end of file.
2025-10-30 14:16:14,239 [ERROR] LogOutputStream:75 - [STDERR_REDIRECT] 
2025-10-30 14:16:15,294 [ERROR] LogOutputStream:75 - [STDERR_REDIRECT] [Fatal Error] :1:1: Premature end of file.
2025-10-30 14:16:15,294 [ERROR] LogOutputStream:75 - [STDERR_REDIRECT] 
2025-10-30 14:16:16,266 [ERROR] LogOutputStream:75 - [STDERR_REDIRECT] [Fatal Error] :1:1: Premature end of file.
2025-10-30 14:16:16,266 [ERROR] LogOutputStream:75 - [STDERR_REDIRECT] 
2025-10-30 14:16:17,237 [ERROR] LogOutputStream:75 - [STDERR_REDIRECT] [Fatal Error] :1:1: Premature end of file.
2025-10-30 14:16:17,237 [ERROR] LogOutputStream:75 - [STDERR_REDIRECT] 
2025-10-30 14:16:18,247 [ERROR] LogOutputStream:75 - [STDERR_REDIRECT] [Fatal Error] :1:1: Premature end of file.
2025-10-30 14:16:18,247 [ERROR] LogOutputStream:75 - [STDERR_REDIRECT] 
2025-10-30 14:16:19,245 [ERROR] LogOutputStream:75 - [STDERR_REDIRECT] [Fatal Error] :1:1: Premature end of file.
2025-10-30 14:16:19,245 [ERROR] LogOutputStream:75 - [STDERR_REDIRECT] 
2025-10-30 14:16:20,261 [ERROR] LogOutputStream:75 - [STDERR_REDIRECT] [Fatal Error] :1:1: Premature end of file.
2025-10-30 14:16:20,262 [ERROR] LogOutputStream:75 - [STDERR_REDIRECT] 
2025-10-30 14:16:21,233 [ERROR] LogOutputStream:75 - [STDERR_REDIRECT] [Fatal Error] :1:1: Premature end of file.
2025-10-30 14:16:21,233 [ERROR] LogOutputStream:75 - [STDERR_REDIRECT] 
2025-10-30 14:16:22,232 [ERROR] LogOutputStream:75 - [STDERR_REDIRECT] [Fatal Error] :1:1: Premature end of file.
2025-10-30 14:16:22,232 [ERROR] LogOutputStream:75 - [STDERR_REDIRECT] 
2025-10-30 14:16:23,233 [ERROR] LogOutputStream:75 - [STDERR_REDIRECT] [Fatal Error] :1:1: Premature end of file.
2025-10-30 14:16:23,233 [ERROR] LogOutputStream:75 - [STDERR_REDIRECT] 
2025-10-30 14:16:24,234 [ERROR] LogOutputStream:75 - [STDERR_REDIRECT] [Fatal Error] :1:1: Premature end of file.
2025-10-30 14:16:24,234 [ERROR] LogOutputStream:75 - [STDERR_REDIRECT] 
2025-10-30 14:16:25,239 [ERROR] LogOutputStream:75 - [STDERR_REDIRECT] [Fatal Error] :1:1: Premature end of file.
2025-10-30 14:16:25,239 [ERROR] LogOutputStream:75 - [STDERR_REDIRECT] 
2025-10-30 14:16:26,232 [ERROR] LogOutputStream:75 - [STDERR_REDIRECT] [Fatal Error] :1:1: Premature end of file.
2025-10-30 14:16:26,233 [ERROR] LogOutputStream:75 - [STDERR_REDIRECT] 
2025-10-30 14:16:27,232 [ERROR] LogOutputStream:75 - [STDERR_REDIRECT] [Fatal Error] :1:1: Premature end of file.
2025-10-30 14:16:27,232 [ERROR] LogOutputStream:75 - [STDERR_REDIRECT] 
2025-10-30 14:16:28,234 [ERROR] LogOutputStream:75 - [STDERR_REDIRECT] [Fatal Error] :1:1: Premature end of file.
2025-10-30 14:16:28,234 [ERROR] LogOutputStream:75 - [STDERR_REDIRECT] 
2025-10-30 14:16:29,233 [ERROR] LogOutputStream:75 - [STDERR_REDIRECT] [Fatal Error] :1:1: Premature end of file.
2025-10-30 14:16:29,233 [ERROR] LogOutputStream:75 - [STDERR_REDIRECT] 
2025-10-30 14:16:30,234 [ERROR] LogOutputStream:75 - [STDERR_REDIRECT] [Fatal Error] :1:1: Premature end of file.
2025-10-30 14:16:30,234 [ERROR] LogOutputStream:75 - [STDERR_REDIRECT] 
2025-10-30 14:16:31,235 [ERROR] LogOutputStream:75 - [STDERR_REDIRECT] [Fatal Error] :1:1: Premature end of file.
2025-10-30 14:16:31,236 [ERROR] LogOutputStream:75 - [STDERR_REDIRECT] 
2025-10-30 14:16:32,240 [ERROR] LogOutputStream:75 - [STDERR_REDIRECT] [Fatal Error] :1:1: Premature end of file.
2025-10-30 14:16:32,240 [ERROR] LogOutputStream:75 - [STDERR_REDIRECT] 
2025-10-30 14:16:33,233 [ERROR] LogOutputStream:75 - [STDERR_REDIRECT] [Fatal Error] :1:1: Premature end of file.
2025-10-30 14:16:33,233 [ERROR] LogOutputStream:75 - [STDERR_REDIRECT] 
2025-10-30 14:16:34,233 [ERROR] LogOutputStream:75 - [STDERR_REDIRECT] [Fatal Error] :1:1: Premature end of file.
2025-10-30 14:16:34,233 [ERROR] LogOutputStream:75 - [STDERR_REDIRECT] 
2025-10-30 14:16:35,232 [ERROR] LogOutputStream:75 - [STDERR_REDIRECT] [Fatal Error] :1:1: Premature end of file.
2025-10-30 14:16:35,232 [ERROR] LogOutputStream:75 - [STDERR_REDIRECT] 
2025-10-30 14:16:36,232 [ERROR] LogOutputStream:75 - [STDERR_REDIRECT] [Fatal Error] :1:1: Premature end of file.
2025-10-30 14:16:36,232 [ERROR] LogOutputStream:75 - [STDERR_REDIRECT] 
2025-10-30 14:16:37,232 [ERROR] LogOutputStream:75 - [STDERR_REDIRECT] [Fatal Error] :1:1: Premature end of file.
2025-10-30 14:16:37,232 [ERROR] LogOutputStream:75 - [STDERR_REDIRECT] 
2025-10-30 14:16:38,234 [ERROR] LogOutputStream:75 - [STDERR_REDIRECT] [Fatal Error] :1:1: Premature end of file.
2025-10-30 14:16:38,234 [ERROR] LogOutputStream:75 - [STDERR_REDIRECT] 
2025-10-30 14:16:39,238 [ERROR] LogOutputStream:75 - [STDERR_REDIRECT] [Fatal Error] :1:1: Premature end of file.
2025-10-30 14:16:39,238 [ERROR] LogOutputStream:75 - [STDERR_REDIRECT] 
2025-10-30 14:16:40,238 [ERROR] LogOutputStream:75 - [STDERR_REDIRECT] [Fatal Error] :1:1: Premature end of file.
2025-10-30 14:16:40,238 [ERROR] LogOutputStream:75 - [STDERR_REDIRECT] 
2025-10-30 14:16:41,236 [ERROR] LogOutputStream:75 - [STDERR_REDIRECT] [Fatal Error] :1:1: Premature end of file.
2025-10-30 14:16:41,236 [ERROR] LogOutputStream:75 - [STDERR_REDIRECT] 
2025-10-30 14:16:42,232 [ERROR] LogOutputStream:75 - [STDERR_REDIRECT] [Fatal Error] :1:1: Premature end of file.
2025-10-30 14:16:42,232 [ERROR] LogOutputStream:75 - [STDERR_REDIRECT] 
2025-10-30 14:16:43,233 [ERROR] LogOutputStream:75 - [STDERR_REDIRECT] [Fatal Error] :1:1: Premature end of file.
2025-10-30 14:16:43,233 [ERROR] LogOutputStream:75 - [STDERR_REDIRECT] 
2025-10-30 14:16:44,241 [ERROR] LogOutputStream:75 - [STDERR_REDIRECT] [Fatal Error] :1:1: Premature end of file.
2025-10-30 14:16:44,241 [ERROR] LogOutputStream:75 - [STDERR_REDIRECT] 
2025-10-30 14:16:45,232 [ERROR] LogOutputStream:75 - [STDERR_REDIRECT] [Fatal Error] :1:1: Premature end of file.
2025-10-30 14:16:45,232 [ERROR] LogOutputStream:75 - [STDERR_REDIRECT] 
2025-10-30 14:16:46,241 [ERROR] LogOutputStream:75 - [STDERR_REDIRECT] [Fatal Error] :1:1: Premature end of file.
2025-10-30 14:16:46,241 [ERROR] LogOutputStream:75 - [STDERR_REDIRECT] 
2025-10-30 14:16:47,233 [ERROR] LogOutputStream:75 - [STDERR_REDIRECT] [Fatal Error] :1:1: Premature end of file.
2025-10-30 14:16:47,233 [ERROR] LogOutputStream:75 - [STDERR_REDIRECT] 
2025-10-30 14:16:48,235 [ERROR] LogOutputStream:75 - [STDERR_REDIRECT] [Fatal Error] :1:1: Premature end of file.
2025-10-30 14:16:48,235 [ERROR] LogOutputStream:75 - [STDERR_REDIRECT] 
2025-10-30 14:16:49,236 [ERROR] LogOutputStream:75 - [STDERR_REDIRECT] [Fatal Error] :1:1: Premature end of file.
2025-10-30 14:16:49,236 [ERROR] LogOutputStream:75 - [STDERR_REDIRECT] 
2025-10-30 14:16:50,232 [ERROR] LogOutputStream:75 - [STDERR_REDIRECT] [Fatal Error] :1:1: Premature end of file.
2025-10-30 14:16:50,232 [ERROR] LogOutputStream:75 - [STDERR_REDIRECT] 
2025-10-30 14:16:51,232 [ERROR] LogOutputStream:75 - [STDERR_REDIRECT] [Fatal Error] :1:1: Premature end of file.
2025-10-30 14:16:51,232 [ERROR] LogOutputStream:75 - [STDERR_REDIRECT] 
2025-10-30 14:16:52,235 [ERROR] LogOutputStream:75 - [STDERR_REDIRECT] [Fatal Error] :1:1: Premature end of file.
2025-10-30 14:16:52,235 [ERROR] LogOutputStream:75 - [STDERR_REDIRECT] 
2025-10-30 14:16:53,241 [ERROR] LogOutputStream:75 - [STDERR_REDIRECT] [Fatal Error] :1:1: Premature end of file.
2025-10-30 14:16:53,243 [ERROR] LogOutputStream:75 - [STDERR_REDIRECT] 
2025-10-30 14:16:54,232 [ERROR] LogOutputStream:75 - [STDERR_REDIRECT] [Fatal Error] :1:1: Premature end of file.
2025-10-30 14:16:54,232 [ERROR] LogOutputStream:75 - [STDERR_REDIRECT] 
2025-10-30 14:16:55,233 [ERROR] LogOutputStream:75 - [STDERR_REDIRECT] [Fatal Error] :1:1: Premature end of file.
2025-10-30 14:16:55,235 [ERROR] LogOutputStream:75 - [STDERR_REDIRECT] 
2025-10-30 14:16:56,232 [ERROR] LogOutputStream:75 - [STDERR_REDIRECT] [Fatal Error] :1:1: Premature end of file.
2025-10-30 14:16:56,232 [ERROR] LogOutputStream:75 - [STDERR_REDIRECT] 
2025-10-30 14:16:57,233 [ERROR] LogOutputStream:75 - [STDERR_REDIRECT] [Fatal Error] :1:1: Premature end of file.
2025-10-30 14:16:57,234 [ERROR] LogOutputStream:75 - [STDERR_REDIRECT] 
2025-10-30 14:16:58,234 [ERROR] LogOutputStream:75 - [STDERR_REDIRECT] [Fatal Error] :1:1: Premature end of file.
2025-10-30 14:16:58,234 [ERROR] LogOutputStream:75 - [STDERR_REDIRECT] 
2025-10-30 14:16:59,232 [ERROR] LogOutputStream:75 - [STDERR_REDIRECT] [Fatal Error] :1:1: Premature end of file.
2025-10-30 14:16:59,232 [ERROR] LogOutputStream:75 - [STDERR_REDIRECT] 
2025-10-30 14:17:00,238 [ERROR] LogOutputStream:75 - [STDERR_REDIRECT] [Fatal Error] :1:1: Premature end of file.
2025-10-30 14:17:00,238 [ERROR] LogOutputStream:75 - [STDERR_REDIRECT] 
2025-10-30 14:17:01,234 [ERROR] LogOutputStream:75 - [STDERR_REDIRECT] [Fatal Error] :1:1: Premature end of file.
2025-10-30 14:17:01,234 [ERROR] LogOutputStream:75 - [STDERR_REDIRECT] 
2025-10-30 14:17:02,235 [ERROR] LogOutputStream:75 - [STDERR_REDIRECT] [Fatal Error] :1:1: Premature end of file.
2025-10-30 14:17:02,235 [ERROR] LogOutputStream:75 - [STDERR_REDIRECT] 
2025-10-30 14:17:03,237 [ERROR] LogOutputStream:75 - [STDERR_REDIRECT] [Fatal Error] :1:1: Premature end of file.
2025-10-30 14:17:03,237 [ERROR] LogOutputStream:75 - [STDERR_REDIRECT] 
2025-10-30 14:17:04,235 [ERROR] LogOutputStream:75 - [STDERR_REDIRECT] [Fatal Error] :1:1: Premature end of file.
2025-10-30 14:17:04,235 [ERROR] LogOutputStream:75 - [STDERR_REDIRECT] 
2025-10-30 14:17:05,237 [ERROR] LogOutputStream:75 - [STDERR_REDIRECT] [Fatal Error] :1:1: Premature end of file.
2025-10-30 14:17:05,237 [ERROR] LogOutputStream:75 - [STDERR_REDIRECT] 
2025-10-30 14:17:06,236 [ERROR] LogOutputStream:75 - [STDERR_REDIRECT] [Fatal Error] :1:1: Premature end of file.
2025-10-30 14:17:06,237 [ERROR] LogOutputStream:75 - [STDERR_REDIRECT] 
2025-10-30 14:17:07,248 [ERROR] LogOutputStream:75 - [STDERR_REDIRECT] [Fatal Error] :1:1: Premature end of file.
2025-10-30 14:17:07,248 [ERROR] LogOutputStream:75 - [STDERR_REDIRECT] 
2025-10-30 14:17:08,233 [ERROR] LogOutputStream:75 - [STDERR_REDIRECT] [Fatal Error] :1:1: Premature end of file.
2025-10-30 14:17:08,233 [ERROR] LogOutputStream:75 - [STDERR_REDIRECT] 
2025-10-30 14:17:09,234 [ERROR] LogOutputStream:75 - [STDERR_REDIRECT] [Fatal Error] :1:1: Premature end of file.
2025-10-30 14:17:09,234 [ERROR] LogOutputStream:75 - [STDERR_REDIRECT] 
2025-10-30 14:17:10,232 [ERROR] LogOutputStream:75 - [STDERR_REDIRECT] [Fatal Error] :1:1: Premature end of file.
2025-10-30 14:17:10,233 [ERROR] LogOutputStream:75 - [STDERR_REDIRECT] 
2025-10-30 14:17:11,233 [ERROR] LogOutputStream:75 - [STDERR_REDIRECT] [Fatal Error] :1:1: Premature end of file.
2025-10-30 14:17:11,233 [ERROR] LogOutputStream:75 - [STDERR_REDIRECT] 
2025-10-30 14:17:12,236 [ERROR] LogOutputStream:75 - [STDERR_REDIRECT] [Fatal Error] :1:1: Premature end of file.
2025-10-30 14:17:12,236 [ERROR] LogOutputStream:75 - [STDERR_REDIRECT] 
2025-10-30 14:17:13,234 [ERROR] LogOutputStream:75 - [STDERR_REDIRECT] [Fatal Error] :1:1: Premature end of file.
2025-10-30 14:17:13,235 [ERROR] LogOutputStream:75 - [STDERR_REDIRECT] 
2025-10-30 14:17:14,247 [ERROR] LogOutputStream:75 - [STDERR_REDIRECT] [Fatal Error] :1:1: Premature end of file.
2025-10-30 14:17:14,247 [ERROR] LogOutputStream:75 - [STDERR_REDIRECT] 
2025-10-30 14:17:15,246 [ERROR] LogOutputStream:75 - [STDERR_REDIRECT] [Fatal Error] :1:1: Premature end of file.
2025-10-30 14:17:15,246 [ERROR] LogOutputStream:75 - [STDERR_REDIRECT] 
2025-10-30 14:17:16,235 [ERROR] LogOutputStream:75 - [STDERR_REDIRECT] [Fatal Error] :1:1: Premature end of file.
2025-10-30 14:17:16,235 [ERROR] LogOutputStream:75 - [STDERR_REDIRECT] 
2025-10-30 14:17:17,233 [ERROR] LogOutputStream:75 - [STDERR_REDIRECT] [Fatal Error] :1:1: Premature end of file.
2025-10-30 14:17:17,233 [ERROR] LogOutputStream:75 - [STDERR_REDIRECT] 
2025-10-30 14:17:18,233 [ERROR] LogOutputStream:75 - [STDERR_REDIRECT] [Fatal Error] :1:1: Premature end of file.
2025-10-30 14:17:18,233 [ERROR] LogOutputStream:75 - [STDERR_REDIRECT] 
2025-10-30 14:17:19,233 [ERROR] LogOutputStream:75 - [STDERR_REDIRECT] [Fatal Error] :1:1: Premature end of file.
2025-10-30 14:17:19,233 [ERROR] LogOutputStream:75 - [STDERR_REDIRECT] 
2025-10-30 14:17:20,234 [ERROR] LogOutputStream:75 - [STDERR_REDIRECT] [Fatal Error] :1:1: Premature end of file.
2025-10-30 14:17:20,234 [ERROR] LogOutputStream:75 - [STDERR_REDIRECT] 
2025-10-30 14:17:21,263 [ERROR] LogOutputStream:75 - [STDERR_REDIRECT] [Fatal Error] :1:1: Premature end of file.
2025-10-30 14:17:21,263 [ERROR] LogOutputStream:75 - [STDERR_REDIRECT] 
2025-10-30 14:17:22,233 [ERROR] LogOutputStream:75 - [STDERR_REDIRECT] [Fatal Error] :1:1: Premature end of file.
2025-10-30 14:17:22,233 [ERROR] LogOutputStream:75 - [STDERR_REDIRECT] 
2025-10-30 14:17:23,234 [ERROR] LogOutputStream:75 - [STDERR_REDIRECT] [Fatal Error] :1:1: Premature end of file.
2025-10-30 14:17:23,234 [ERROR] LogOutputStream:75 - [STDERR_REDIRECT] 
2025-10-30 14:17:24,238 [ERROR] LogOutputStream:75 - [STDERR_REDIRECT] [Fatal Error] :1:1: Premature end of file.
2025-10-30 14:17:24,238 [ERROR] LogOutputStream:75 - [STDERR_REDIRECT] 
2025-10-30 14:17:25,233 [ERROR] LogOutputStream:75 - [STDERR_REDIRECT] [Fatal Error] :1:1: Premature end of file.
2025-10-30 14:17:25,233 [ERROR] LogOutputStream:75 - [STDERR_REDIRECT] 
2025-10-30 14:17:26,236 [ERROR] LogOutputStream:75 - [STDERR_REDIRECT] [Fatal Error] :1:1: Premature end of file.
2025-10-30 14:17:26,236 [ERROR] LogOutputStream:75 - [STDERR_REDIRECT] 
2025-10-30 14:17:27,237 [ERROR] LogOutputStream:75 - [STDERR_REDIRECT] [Fatal Error] :1:1: Premature end of file.
2025-10-30 14:17:27,237 [ERROR] LogOutputStream:75 - [STDERR_REDIRECT] 
2025-10-30 14:17:28,245 [ERROR] LogOutputStream:75 - [STDERR_REDIRECT] [Fatal Error] :1:1: Premature end of file.
2025-10-30 14:17:28,245 [ERROR] LogOutputStream:75 - [STDERR_REDIRECT] 
2025-10-30 14:17:29,234 [ERROR] LogOutputStream:75 - [STDERR_REDIRECT] [Fatal Error] :1:1: Premature end of file.
2025-10-30 14:17:29,234 [ERROR] LogOutputStream:75 - [STDERR_REDIRECT] 
2025-10-30 14:17:30,245 [ERROR] LogOutputStream:75 - [STDERR_REDIRECT] [Fatal Error] :1:1: Premature end of file.
2025-10-30 14:17:30,245 [ERROR] LogOutputStream:75 - [STDERR_REDIRECT] 
2025-10-30 14:17:31,233 [ERROR] LogOutputStream:75 - [STDERR_REDIRECT] [Fatal Error] :1:1: Premature end of file.
2025-10-30 14:17:31,233 [ERROR] LogOutputStream:75 - [STDERR_REDIRECT] 
2025-10-30 14:17:32,233 [ERROR] LogOutputStream:75 - [STDERR_REDIRECT] [Fatal Error] :1:1: Premature end of file.
2025-10-30 14:17:32,233 [ERROR] LogOutputStream:75 - [STDERR_REDIRECT] 
2025-10-30 14:17:33,236 [ERROR] LogOutputStream:75 - [STDERR_REDIRECT] [Fatal Error] :1:1: Premature end of file.
2025-10-30 14:17:33,238 [ERROR] LogOutputStream:75 - [STDERR_REDIRECT] 
2025-10-30 14:17:34,234 [ERROR] LogOutputStream:75 - [STDERR_REDIRECT] [Fatal Error] :1:1: Premature end of file.
2025-10-30 14:17:34,234 [ERROR] LogOutputStream:75 - [STDERR_REDIRECT] 
2025-10-30 14:17:35,070 [INFO] MainUpdater:2872 - connection check result : 10
2025-10-30 14:17:35,070 [INFO] MainUpdater:2872 - connection check result : 10
2025-10-30 14:17:35,100 [INFO] MicroXplorer:468 - Change Database Path : 
2025-10-30 14:17:35,100 [INFO] MicroXplorer:498 - Change Database Version : DB.6.0.150
2025-10-30 14:17:35,106 [WARN] ThirdParty:871 - waiting for thirdparty lock release [close project]
2025-10-30 14:17:35,106 [INFO] ThirdParty:873 - entering critical section [close project]
2025-10-30 14:17:35,107 [INFO] ThirdParty:883 - exiting critical section [close project]
2025-10-30 14:17:35,114 [INFO] PinOutPanel:1589 - setPackage(No Configuration,No Configuration)
2025-10-30 14:17:35,116 [INFO] UtilMem:75 - Begin LoadConfig() Used Memory: 730801920 Bytes (866123776)
2025-10-30 14:17:35,118 [INFO] MicroXplorer:468 - Change Database Path : 
2025-10-30 14:17:35,119 [INFO] MicroXplorer:498 - Change Database Version : DB.6.0.150
2025-10-30 14:17:35,119 [INFO] OpenFileManager:355 - Change cursor
2025-10-30 14:17:35,222 [INFO] Mcu:2029 - Initializing MCU STM32F103C8Tx STM32F103C8Tx STM32F103C8T6
2025-10-30 14:17:35,272 [ERROR] LogOutputStream:75 - [STDERR_REDIRECT] [Fatal Error] :1:1: Premature end of file.
2025-10-30 14:17:35,275 [ERROR] LogOutputStream:75 - [STDERR_REDIRECT] 
2025-10-30 14:17:36,242 [ERROR] LogOutputStream:75 - [STDERR_REDIRECT] [Fatal Error] :1:1: Premature end of file.
2025-10-30 14:17:36,244 [ERROR] LogOutputStream:75 - [STDERR_REDIRECT] 
2025-10-30 14:17:37,236 [ERROR] LogOutputStream:75 - [STDERR_REDIRECT] [Fatal Error] :1:1: Premature end of file.
2025-10-30 14:17:37,239 [ERROR] LogOutputStream:75 - [STDERR_REDIRECT] 
2025-10-30 14:17:38,058 [INFO] Context:786 - Trying to add GPIOservice into a context  which must be forbidden
2025-10-30 14:17:38,237 [ERROR] LogOutputStream:75 - [STDERR_REDIRECT] [Fatal Error] :1:1: Premature end of file.
2025-10-30 14:17:38,239 [ERROR] LogOutputStream:75 - [STDERR_REDIRECT] 
2025-10-30 14:17:38,488 [INFO] ImportTextPane:234 - (OptionalMessage_ERROR) Unable to find key (Mcu.ThirdPartyNb) in loaded IOC file
2025-10-30 14:17:38,488 [INFO] ImportTextPane:234 - (OptionalMessage_ERROR) Unable to find key (Mcu.PinsNb) in loaded IOC file
2025-10-30 14:17:38,489 [INFO] ImportTextPane:234 - (OptionalMessage_ERROR) Pin0 (VP_RIF_VS_RIF1) cannot be retrieved for this MCU
2025-10-30 14:17:38,489 [INFO] ImportTextPane:234 - (OptionalMessage_ERROR) Unable to find key (Mcu.IPNb) in loaded IOC file
2025-10-30 14:17:38,764 [INFO] RtosManager:558 - Registered RTOS mode: class=CMSIS, group=RTOS, mode=CMSIS_V1, owner=FREERTOS
2025-10-30 14:17:38,764 [INFO] RtosManager:558 - Registered RTOS mode: class=CMSIS, group=RTOS2, mode=CMSIS_V2, owner=FREERTOS
2025-10-30 14:17:38,764 [INFO] RtosManager:558 - Registered RTOS mode: class=RTOS, group=Core, mode=CMSIS_V1, owner=FREERTOS
2025-10-30 14:17:38,764 [INFO] RtosManager:558 - Registered RTOS mode: class=RTOS, group=Core, mode=CMSIS_V2, owner=FREERTOS
2025-10-30 14:17:38,764 [WARN] ModelIntegratedComponent:184 - Missing modes for component STMicroelectronics:FreeRTOS:0.0.1:STMicroelectronics:RTOS:FreeRTOS:Core:::10.2.0:
2025-10-30 14:17:38,792 [WARN] ModelIntegratedComponent:63 - No mode defined for component null
2025-10-30 14:17:38,792 [WARN] ModelIntegratedComponent:63 - No mode defined for component null
2025-10-30 14:17:38,792 [WARN] ModelIntegratedComponent:63 - No mode defined for component null
2025-10-30 14:17:38,792 [WARN] ModelIntegratedComponent:63 - No mode defined for component null
2025-10-30 14:17:38,792 [WARN] ModelIntegratedComponent:63 - No mode defined for component null
2025-10-30 14:17:38,792 [WARN] ModelIntegratedComponent:63 - No mode defined for component null
2025-10-30 14:17:38,793 [WARN] ModelIntegratedComponent:63 - No mode defined for component null
2025-10-30 14:17:38,793 [WARN] ModelIntegratedComponent:63 - No mode defined for component null
2025-10-30 14:17:38,793 [WARN] ModelIntegratedComponent:63 - No mode defined for component null
2025-10-30 14:17:38,793 [WARN] ModelIntegratedComponent:63 - No mode defined for component null
2025-10-30 14:17:38,793 [WARN] ModelIntegratedComponent:63 - No mode defined for component null
2025-10-30 14:17:38,793 [WARN] ModelIntegratedComponent:63 - No mode defined for component null
2025-10-30 14:17:38,793 [WARN] ModelIntegratedComponent:63 - No mode defined for component null
2025-10-30 14:17:38,793 [WARN] ModelIntegratedComponent:63 - No mode defined for component null
2025-10-30 14:17:38,793 [WARN] ModelIntegratedComponent:63 - No mode defined for component null
2025-10-30 14:17:38,793 [WARN] ModelIntegratedComponent:63 - No mode defined for component null
2025-10-30 14:17:38,793 [WARN] ModelIntegratedComponent:63 - No mode defined for component null
2025-10-30 14:17:38,793 [WARN] ModelIntegratedComponent:63 - No mode defined for component null
2025-10-30 14:17:38,793 [WARN] ModelIntegratedComponent:63 - No mode defined for component null
2025-10-30 14:17:38,793 [WARN] ModelIntegratedComponent:63 - No mode defined for component null
2025-10-30 14:17:38,793 [WARN] ModelIntegratedComponent:63 - No mode defined for component null
2025-10-30 14:17:38,793 [WARN] ModelIntegratedComponent:63 - No mode defined for component null
2025-10-30 14:17:38,793 [WARN] ModelIntegratedComponent:63 - No mode defined for component null
2025-10-30 14:17:38,793 [WARN] ModelIntegratedComponent:63 - No mode defined for component null
2025-10-30 14:17:38,793 [WARN] ModelIntegratedComponent:63 - No mode defined for component null
2025-10-30 14:17:38,793 [WARN] ModelIntegratedComponent:63 - No mode defined for component null
2025-10-30 14:17:38,793 [WARN] ModelIntegratedComponent:63 - No mode defined for component null
2025-10-30 14:17:38,793 [WARN] ModelIntegratedComponent:63 - No mode defined for component null
2025-10-30 14:17:38,793 [WARN] ModelIntegratedComponent:63 - No mode defined for component null
2025-10-30 14:17:38,793 [WARN] ModelIntegratedComponent:63 - No mode defined for component null
2025-10-30 14:17:38,793 [WARN] ModelIntegratedComponent:63 - No mode defined for component null
2025-10-30 14:17:38,793 [WARN] ModelIntegratedComponent:63 - No mode defined for component null
2025-10-30 14:17:38,793 [WARN] ModelIntegratedComponent:63 - No mode defined for component null
2025-10-30 14:17:38,793 [WARN] ModelIntegratedComponent:63 - No mode defined for component null
2025-10-30 14:17:38,793 [WARN] ModelIntegratedComponent:63 - No mode defined for component null
2025-10-30 14:17:38,793 [WARN] ModelPack:524 - Component already loaded: STMicroelectronics:HAL Drivers:0.0.0:STMicroelectronics:Device:STMicro_Driver:XSPI:HAL::0.0.1:HAL_XSPI
2025-10-30 14:17:39,015 [INFO] ThirdPartyModel:298 - Start build external matchings
2025-10-30 14:17:39,276 [ERROR] LogOutputStream:75 - [STDERR_REDIRECT] [Fatal Error] :1:1: Premature end of file.
2025-10-30 14:17:39,279 [ERROR] LogOutputStream:75 - [STDERR_REDIRECT] 
2025-10-30 14:17:39,528 [INFO] ThirdPartyModel:316 - End build external matchings
2025-10-30 14:17:39,947 [INFO] UtilMem:75 - End LoadConfig() Used Memory: 633816864 Bytes (866123776)
2025-10-30 14:17:40,075 [WARN] ThirdParty:833 - waiting for thirdparty lock release [change project]
2025-10-30 14:17:40,075 [INFO] ThirdParty:835 - entering critical section [change project]
2025-10-30 14:17:40,075 [INFO] ThirdParty:1030 - CMSIS Pack Vendor :STMicroelectronics X-CUBE-PM33A1 1.0.0
2025-10-30 14:17:40,075 [INFO] ThirdParty:1030 - CMSIS Pack Vendor :STMicroelectronics USBPD 4.1
2025-10-30 14:17:40,075 [INFO] ThirdParty:1030 - CMSIS Pack Vendor :STMicroelectronics X-CUBE-NFC9 1.0.0
2025-10-30 14:17:40,076 [INFO] ThirdParty:1030 - CMSIS Pack Vendor :STMicroelectronics USB_HOST 2.0.0
2025-10-30 14:17:40,076 [INFO] ThirdParty:1030 - CMSIS Pack Vendor :STMicroelectronics FP-SNS-MOTENVWB1 1.4.0
2025-10-30 14:17:40,076 [INFO] ThirdParty:1030 - CMSIS Pack Vendor :STMicroelectronics X-CUBE-AZRTOS-F4 1.1.0
2025-10-30 14:17:40,076 [INFO] ThirdParty:1030 - CMSIS Pack Vendor :STMicroelectronics LIBJPEG 8.0.0
2025-10-30 14:17:40,076 [INFO] ThirdParty:1030 - CMSIS Pack Vendor :STMicroelectronics FP-ATR-ASTRA1 2.0.2
2025-10-30 14:17:40,076 [INFO] ThirdParty:1030 - CMSIS Pack Vendor :STMicroelectronics X-CUBE-BLE1 7.1.0
2025-10-30 14:17:40,076 [INFO] ThirdParty:1030 - CMSIS Pack Vendor :STMicroelectronics X-CUBE-SMBUS 2.1.0
2025-10-30 14:17:40,076 [INFO] ThirdParty:1030 - CMSIS Pack Vendor :STMicroelectronics USB_DEVICE 3.0.0
2025-10-30 14:17:40,076 [INFO] ThirdParty:1030 - CMSIS Pack Vendor :STMicroelectronics X-CUBE-ISPU 2.1.0
2025-10-30 14:17:40,076 [INFO] ThirdParty:1030 - CMSIS Pack Vendor :STMicroelectronics X-CUBE-AZRTOS-WB 2.0.0
2025-10-30 14:17:40,076 [INFO] ThirdParty:1030 - CMSIS Pack Vendor :STMicroelectronics X-CUBE-AZRTOS-F7 1.1.0
2025-10-30 14:17:40,076 [INFO] ThirdParty:1030 - CMSIS Pack Vendor :STMicroelectronics X-CUBE-AZRTOS-L5 2.0.0
2025-10-30 14:17:40,076 [INFO] ThirdParty:1030 - CMSIS Pack Vendor :STMicroelectronics USB_DEVICE 2.0.0
2025-10-30 14:17:40,076 [INFO] ThirdParty:1030 - CMSIS Pack Vendor :STMicroelectronics X-CUBE-NFC6 3.1.0
2025-10-30 14:17:40,076 [INFO] ThirdParty:1030 - CMSIS Pack Vendor :STMicroelectronics FreeRTOS 0.0.1
2025-10-30 14:17:40,076 [INFO] ThirdParty:1030 - CMSIS Pack Vendor :STMicroelectronics X-CUBE-AZRTOS-G0 1.1.0
2025-10-30 14:17:40,076 [INFO] ThirdParty:1030 - CMSIS Pack Vendor :STMicroelectronics X-CUBE-SAFEA1 1.2.2
2025-10-30 14:17:40,076 [INFO] ThirdParty:1030 - CMSIS Pack Vendor :STMicroelectronics X-CUBE-NFC4 3.0.0
2025-10-30 14:17:40,076 [INFO] ThirdParty:1030 - CMSIS Pack Vendor :STMicroelectronics X-CUBE-SUBG2 5.0.0
2025-10-30 14:17:40,076 [INFO] ThirdParty:1030 - CMSIS Pack Vendor :STMicroelectronics X-CUBE-AZRTOS-H7RS 1.1.0
2025-10-30 14:17:40,076 [INFO] ThirdParty:1030 - CMSIS Pack Vendor :STMicroelectronics STM32_WPAN 1.0.0
2025-10-30 14:17:40,076 [INFO] ThirdParty:1030 - CMSIS Pack Vendor :STMicroelectronics lwIP 2.0.3
2025-10-30 14:17:40,076 [INFO] ThirdParty:1030 - CMSIS Pack Vendor :STMicroelectronics USB_HOST 1.0.0
2025-10-30 14:17:40,076 [INFO] ThirdParty:1030 - CMSIS Pack Vendor :STMicroelectronics X-CUBE-AZRTOS-G4 2.0.0
2025-10-30 14:17:40,077 [INFO] ThirdParty:1030 - CMSIS Pack Vendor :STMicroelectronics X-CUBE-WB05N 2.0.0
2025-10-30 14:17:40,077 [INFO] ThirdParty:1030 - CMSIS Pack Vendor :STMicroelectronics PDM2PCM 3.1.0
2025-10-30 14:17:40,077 [INFO] ThirdParty:1030 - CMSIS Pack Vendor :STMicroelectronics PDM2PCM 3.3.0
2025-10-30 14:17:40,077 [INFO] ThirdParty:1030 - CMSIS Pack Vendor :STMicroelectronics X-CUBE-DISPLAY 3.0.0
2025-10-30 14:17:40,077 [INFO] ThirdParty:1030 - CMSIS Pack Vendor :STMicroelectronics X-CUBE-NFC7 2.0.0
2025-10-30 14:17:40,077 [INFO] ThirdParty:1030 - CMSIS Pack Vendor :STMicroelectronics X-CUBE-TCPP 4.2.0
2025-10-30 14:17:40,077 [INFO] ThirdParty:1030 - CMSIS Pack Vendor :RealThread X-CUBE-RT-Thread_Nano 4.1.1
2025-10-30 14:17:40,077 [INFO] ThirdParty:1030 - CMSIS Pack Vendor :STMicroelectronics FP-ATR-SIGFOX1 3.2.0
2025-10-30 14:17:40,077 [INFO] ThirdParty:1030 - CMSIS Pack Vendor :STMicroelectronics X-CUBE-NFC10 1.0.0
2025-10-30 14:17:40,077 [INFO] ThirdParty:1030 - CMSIS Pack Vendor :STMicroelectronics X-CUBE-FREERTOS 1.3.1
2025-10-30 14:17:40,077 [INFO] ThirdParty:1030 - CMSIS Pack Vendor :STMicroelectronics HAL Drivers 0.0.0
2025-10-30 14:17:40,077 [INFO] ThirdParty:1030 - CMSIS Pack Vendor :STMicroelectronics MBEDTLS 2.16.2
2025-10-30 14:17:40,077 [INFO] ThirdParty:1030 - CMSIS Pack Vendor :STMicroelectronics X-CUBE-ALS 1.0.2
2025-10-30 14:17:40,077 [INFO] ThirdParty:1030 - CMSIS Pack Vendor :STMicroelectronics MBEDTLS 2.14.1
2025-10-30 14:17:40,077 [INFO] ThirdParty:1030 - CMSIS Pack Vendor :STMicroelectronics ThreadX 1.0.0
2025-10-30 14:17:40,078 [INFO] ThirdParty:1030 - CMSIS Pack Vendor :STMicroelectronics FP-SNS-SMARTAG2 1.2.0
2025-10-30 14:17:40,078 [INFO] ThirdParty:1030 - CMSIS Pack Vendor :STMicroelectronics FP-SNS-FLIGHT1 5.1.0
2025-10-30 14:17:40,078 [INFO] ThirdParty:1030 - CMSIS Pack Vendor :STMicroelectronics X-CUBE-AZRTOS-WL 2.0.0
2025-10-30 14:17:40,078 [INFO] ThirdParty:1030 - CMSIS Pack Vendor :SEGGER I-CUBE-embOS 1.3.1
2025-10-30 14:17:40,078 [INFO] ThirdParty:1030 - CMSIS Pack Vendor :STMicroelectronics X-CUBE-ALGOBUILD 1.4.0
2025-10-30 14:17:40,078 [INFO] ThirdParty:1030 - CMSIS Pack Vendor :STMicroelectronics X-CUBE-DPower 1.3.0
2025-10-30 14:17:40,078 [INFO] ThirdParty:1030 - CMSIS Pack Vendor :STMicroelectronics X-CUBE-MEMS1 11.3.0
2025-10-30 14:17:40,078 [INFO] ThirdParty:1030 - CMSIS Pack Vendor :STMicroelectronics USB_DEVICE 1.0.0
2025-10-30 14:17:40,078 [INFO] ThirdParty:1030 - CMSIS Pack Vendor :STMicroelectronics X-CUBE-AZRTOS-L4 2.0.0
2025-10-30 14:17:40,078 [INFO] ThirdParty:1030 - CMSIS Pack Vendor :STMicroelectronics ThreadX 0.0.2
2025-10-30 14:17:40,078 [INFO] ThirdParty:1030 - CMSIS Pack Vendor :STMicroelectronics lwIP 2.1.2
2025-10-30 14:17:40,078 [INFO] ThirdParty:1030 - CMSIS Pack Vendor :STMicroelectronics X-CUBE-SFXS2LP1 4.0.0
2025-10-30 14:17:40,078 [INFO] ThirdParty:1030 - CMSIS Pack Vendor :STMicroelectronics X-CUBE-BLE2 3.3.0
2025-10-30 14:17:40,078 [INFO] ThirdParty:1030 - CMSIS Pack Vendor :STMicroelectronics X-CUBE-TOF1 3.4.3
2025-10-30 14:17:40,078 [INFO] ThirdParty:1030 - CMSIS Pack Vendor :STMicroelectronics PDM2PCM 3.2.0
2025-10-30 14:17:40,078 [INFO] ThirdParty:841 - exiting critical section [change project]
2025-10-30 14:17:40,234 [ERROR] LogOutputStream:75 - [STDERR_REDIRECT] [Fatal Error] :1:1: Premature end of file.
2025-10-30 14:17:40,235 [ERROR] LogOutputStream:75 - [STDERR_REDIRECT] 
2025-10-30 14:17:40,556 [INFO] PinOutPanel:1589 - setPackage(No Configuration,No Configuration)
2025-10-30 14:17:40,558 [INFO] PinOutPanel:1589 - setPackage(STM32F103C8Tx,LQFP48)
2025-10-30 14:17:41,238 [ERROR] LogOutputStream:75 - [STDERR_REDIRECT] [Fatal Error] :1:1: Premature end of file.
2025-10-30 14:17:41,240 [ERROR] LogOutputStream:75 - [STDERR_REDIRECT] 
2025-10-30 14:17:41,809 [INFO] UtilMem:75 - Before build in PCC Used Memory: 730790200 Bytes (866123776)
2025-10-30 14:17:42,246 [ERROR] LogOutputStream:75 - [STDERR_REDIRECT] [Fatal Error] :1:1: Premature end of file.
2025-10-30 14:17:42,248 [ERROR] LogOutputStream:75 - [STDERR_REDIRECT] 
2025-10-30 14:17:43,238 [ERROR] LogOutputStream:75 - [STDERR_REDIRECT] [Fatal Error] :1:1: Premature end of file.
2025-10-30 14:17:43,241 [ERROR] LogOutputStream:75 - [STDERR_REDIRECT] 
2025-10-30 14:17:44,235 [ERROR] LogOutputStream:75 - [STDERR_REDIRECT] [Fatal Error] :1:1: Premature end of file.
2025-10-30 14:17:44,237 [ERROR] LogOutputStream:75 - [STDERR_REDIRECT] 
2025-10-30 14:17:44,565 [INFO] UtilMem:75 - After build in PCC Used Memory: 295165992 Bytes (866123776)
2025-10-30 14:17:44,625 [INFO] IPUIPlugin:80 - create IPUIPlugin
2025-10-30 14:17:44,625 [INFO] IPUIPlugin:80 - create IPUIPlugin
2025-10-30 14:17:44,625 [INFO] IPUIPlugin:80 - create IPUIPlugin
2025-10-30 14:17:44,625 [INFO] IPUIPlugin:80 - create IPUIPlugin
2025-10-30 14:17:44,625 [INFO] IPUIPlugin:80 - create IPUIPlugin
2025-10-30 14:17:44,625 [INFO] IPUIPlugin:80 - create IPUIPlugin
2025-10-30 14:17:44,625 [INFO] IPUIPlugin:80 - create IPUIPlugin
2025-10-30 14:17:44,625 [INFO] IPUIPlugin:80 - create IPUIPlugin
2025-10-30 14:17:44,626 [INFO] IPUIPlugin:80 - create IPUIPlugin
2025-10-30 14:17:44,626 [INFO] IPUIPlugin:80 - create IPUIPlugin
2025-10-30 14:17:44,626 [INFO] IPUIPlugin:80 - create IPUIPlugin
2025-10-30 14:17:44,626 [INFO] IPUIPlugin:80 - create IPUIPlugin
2025-10-30 14:17:44,626 [INFO] IPUIPlugin:80 - create IPUIPlugin
2025-10-30 14:17:44,627 [INFO] IPUIPlugin:80 - create IPUIPlugin
2025-10-30 14:17:44,627 [INFO] IPUIPlugin:80 - create IPUIPlugin
2025-10-30 14:17:44,627 [INFO] IPUIPlugin:80 - create IPUIPlugin
2025-10-30 14:17:44,627 [INFO] IPUIPlugin:80 - create IPUIPlugin
2025-10-30 14:17:44,627 [INFO] IPUIPlugin:80 - create IPUIPlugin
2025-10-30 14:17:44,628 [INFO] IPUIPlugin:80 - create IPUIPlugin
2025-10-30 14:17:44,628 [INFO] IPUIPlugin:80 - create IPUIPlugin
2025-10-30 14:17:44,628 [INFO] IPUIPlugin:80 - create IPUIPlugin
2025-10-30 14:17:44,628 [INFO] IPUIPlugin:80 - create IPUIPlugin
2025-10-30 14:17:44,628 [INFO] IPUIPlugin:80 - create IPUIPlugin
2025-10-30 14:17:44,628 [INFO] IPUIPlugin:80 - create IPUIPlugin
2025-10-30 14:17:44,629 [INFO] IPUIPlugin:80 - create IPUIPlugin
2025-10-30 14:17:44,629 [INFO] IPUIPlugin:80 - create IPUIPlugin
2025-10-30 14:17:44,629 [INFO] IPUIPlugin:80 - create IPUIPlugin
2025-10-30 14:17:45,234 [ERROR] LogOutputStream:75 - [STDERR_REDIRECT] [Fatal Error] :1:1: Premature end of file.
2025-10-30 14:17:45,235 [ERROR] LogOutputStream:75 - [STDERR_REDIRECT] 
2025-10-30 14:17:45,386 [INFO] CADModel:165 - CPN selected for project levelSTM32F103C8T6
2025-10-30 14:17:45,388 [INFO] CADModel:114 - Register for checkConnection events
2025-10-30 14:17:45,477 [INFO] OpenFileManager:386 - Restore cursor
2025-10-30 14:17:46,236 [ERROR] LogOutputStream:75 - [STDERR_REDIRECT] [Fatal Error] :1:1: Premature end of file.
2025-10-30 14:17:46,238 [ERROR] LogOutputStream:75 - [STDERR_REDIRECT] 
2025-10-30 14:17:46,788 [INFO] UtilMem:75 - End SaveConfig() Used Memory: 357051024 Bytes (866123776)
2025-10-30 14:17:47,220 [INFO] ServerAccessManage:452 - Complete download http(s) 200
2025-10-30 14:17:47,234 [ERROR] LogOutputStream:75 - [STDERR_REDIRECT] [Fatal Error] :1:1: Premature end of file.
2025-10-30 14:17:47,234 [ERROR] LogOutputStream:75 - [STDERR_REDIRECT] 
2025-10-30 14:17:47,236 [INFO] ServerAccessManage:509 - Download File stm32cube_fw_f1_v180.zip
2025-10-30 14:17:48,238 [ERROR] LogOutputStream:75 - [STDERR_REDIRECT] [Fatal Error] :1:1: Premature end of file.
2025-10-30 14:17:48,238 [ERROR] LogOutputStream:75 - [STDERR_REDIRECT] 
2025-10-30 14:17:49,263 [ERROR] LogOutputStream:75 - [STDERR_REDIRECT] [Fatal Error] :1:1: Premature end of file.
2025-10-30 14:17:49,263 [ERROR] LogOutputStream:75 - [STDERR_REDIRECT] 
2025-10-30 14:17:50,235 [ERROR] LogOutputStream:75 - [STDERR_REDIRECT] [Fatal Error] :1:1: Premature end of file.
2025-10-30 14:17:50,235 [ERROR] LogOutputStream:75 - [STDERR_REDIRECT] 
2025-10-30 14:17:51,233 [ERROR] LogOutputStream:75 - [STDERR_REDIRECT] [Fatal Error] :1:1: Premature end of file.
2025-10-30 14:17:51,233 [ERROR] LogOutputStream:75 - [STDERR_REDIRECT] 
2025-10-30 14:17:52,232 [ERROR] LogOutputStream:75 - [STDERR_REDIRECT] [Fatal Error] :1:1: Premature end of file.
2025-10-30 14:17:52,232 [ERROR] LogOutputStream:75 - [STDERR_REDIRECT] 
2025-10-30 14:17:53,232 [ERROR] LogOutputStream:75 - [STDERR_REDIRECT] [Fatal Error] :1:1: Premature end of file.
2025-10-30 14:17:53,232 [ERROR] LogOutputStream:75 - [STDERR_REDIRECT] 
2025-10-30 14:17:54,232 [ERROR] LogOutputStream:75 - [STDERR_REDIRECT] [Fatal Error] :1:1: Premature end of file.
2025-10-30 14:17:54,233 [ERROR] LogOutputStream:75 - [STDERR_REDIRECT] 
2025-10-30 14:17:55,239 [ERROR] LogOutputStream:75 - [STDERR_REDIRECT] [Fatal Error] :1:1: Premature end of file.
2025-10-30 14:17:55,239 [ERROR] LogOutputStream:75 - [STDERR_REDIRECT] 
2025-10-30 14:17:56,239 [ERROR] LogOutputStream:75 - [STDERR_REDIRECT] [Fatal Error] :1:1: Premature end of file.
2025-10-30 14:17:56,240 [ERROR] LogOutputStream:75 - [STDERR_REDIRECT] 
2025-10-30 14:17:57,232 [ERROR] LogOutputStream:75 - [STDERR_REDIRECT] [Fatal Error] :1:1: Premature end of file.
2025-10-30 14:17:57,232 [ERROR] LogOutputStream:75 - [STDERR_REDIRECT] 
2025-10-30 14:17:58,232 [ERROR] LogOutputStream:75 - [STDERR_REDIRECT] [Fatal Error] :1:1: Premature end of file.
2025-10-30 14:17:58,232 [ERROR] LogOutputStream:75 - [STDERR_REDIRECT] 
2025-10-30 14:17:59,233 [ERROR] LogOutputStream:75 - [STDERR_REDIRECT] [Fatal Error] :1:1: Premature end of file.
2025-10-30 14:17:59,233 [ERROR] LogOutputStream:75 - [STDERR_REDIRECT] 
2025-10-30 14:18:00,232 [ERROR] LogOutputStream:75 - [STDERR_REDIRECT] [Fatal Error] :1:1: Premature end of file.
2025-10-30 14:18:00,233 [ERROR] LogOutputStream:75 - [STDERR_REDIRECT] 
2025-10-30 14:18:01,232 [ERROR] LogOutputStream:75 - [STDERR_REDIRECT] [Fatal Error] :1:1: Premature end of file.
2025-10-30 14:18:01,232 [ERROR] LogOutputStream:75 - [STDERR_REDIRECT] 
2025-10-30 14:18:02,236 [ERROR] LogOutputStream:75 - [STDERR_REDIRECT] [Fatal Error] :1:1: Premature end of file.
2025-10-30 14:18:02,237 [ERROR] LogOutputStream:75 - [STDERR_REDIRECT] 
2025-10-30 14:18:03,239 [ERROR] LogOutputStream:75 - [STDERR_REDIRECT] [Fatal Error] :1:1: Premature end of file.
2025-10-30 14:18:03,239 [ERROR] LogOutputStream:75 - [STDERR_REDIRECT] 
2025-10-30 14:18:04,236 [ERROR] LogOutputStream:75 - [STDERR_REDIRECT] [Fatal Error] :1:1: Premature end of file.
2025-10-30 14:18:04,236 [ERROR] LogOutputStream:75 - [STDERR_REDIRECT] 
2025-10-30 14:18:05,234 [ERROR] LogOutputStream:75 - [STDERR_REDIRECT] [Fatal Error] :1:1: Premature end of file.
2025-10-30 14:18:05,234 [ERROR] LogOutputStream:75 - [STDERR_REDIRECT] 
2025-10-30 14:18:06,232 [ERROR] LogOutputStream:75 - [STDERR_REDIRECT] [Fatal Error] :1:1: Premature end of file.
2025-10-30 14:18:06,232 [ERROR] LogOutputStream:75 - [STDERR_REDIRECT] 
2025-10-30 14:18:07,231 [ERROR] LogOutputStream:75 - [STDERR_REDIRECT] [Fatal Error] :1:1: Premature end of file.
2025-10-30 14:18:07,231 [ERROR] LogOutputStream:75 - [STDERR_REDIRECT] 
2025-10-30 14:18:08,233 [ERROR] LogOutputStream:75 - [STDERR_REDIRECT] [Fatal Error] :1:1: Premature end of file.
2025-10-30 14:18:08,233 [ERROR] LogOutputStream:75 - [STDERR_REDIRECT] 
2025-10-30 14:18:09,236 [ERROR] LogOutputStream:75 - [STDERR_REDIRECT] [Fatal Error] :1:1: Premature end of file.
2025-10-30 14:18:09,236 [ERROR] LogOutputStream:75 - [STDERR_REDIRECT] 
2025-10-30 14:18:10,244 [ERROR] LogOutputStream:75 - [STDERR_REDIRECT] [Fatal Error] :1:1: Premature end of file.
2025-10-30 14:18:10,245 [ERROR] LogOutputStream:75 - [STDERR_REDIRECT] 
2025-10-30 14:18:11,232 [ERROR] LogOutputStream:75 - [STDERR_REDIRECT] [Fatal Error] :1:1: Premature end of file.
2025-10-30 14:18:11,233 [ERROR] LogOutputStream:75 - [STDERR_REDIRECT] 
2025-10-30 14:18:12,234 [ERROR] LogOutputStream:75 - [STDERR_REDIRECT] [Fatal Error] :1:1: Premature end of file.
2025-10-30 14:18:12,234 [ERROR] LogOutputStream:75 - [STDERR_REDIRECT] 
2025-10-30 14:18:12,367 [WARN] FileExtend:469 - File entry not found
2025-10-30 14:18:12,368 [INFO] FileExtend:248 - Unzip File : stm32cube_fw_f1_v180.zip
2025-10-30 14:18:12,368 [INFO] FileExtend:263 - Standard Zip Deflate
2025-10-30 14:18:13,249 [ERROR] LogOutputStream:75 - [STDERR_REDIRECT] [Fatal Error] :1:1: Premature end of file.
2025-10-30 14:18:13,250 [ERROR] LogOutputStream:75 - [STDERR_REDIRECT] 
2025-10-30 14:18:14,236 [ERROR] LogOutputStream:75 - [STDERR_REDIRECT] [Fatal Error] :1:1: Premature end of file.
2025-10-30 14:18:14,236 [ERROR] LogOutputStream:75 - [STDERR_REDIRECT] 
2025-10-30 14:18:15,236 [ERROR] LogOutputStream:75 - [STDERR_REDIRECT] [Fatal Error] :1:1: Premature end of file.
2025-10-30 14:18:15,236 [ERROR] LogOutputStream:75 - [STDERR_REDIRECT] 
2025-10-30 14:18:16,239 [ERROR] LogOutputStream:75 - [STDERR_REDIRECT] [Fatal Error] :1:1: Premature end of file.
2025-10-30 14:18:16,240 [ERROR] LogOutputStream:75 - [STDERR_REDIRECT] 
2025-10-30 14:18:17,245 [ERROR] LogOutputStream:75 - [STDERR_REDIRECT] [Fatal Error] :1:1: Premature end of file.
2025-10-30 14:18:17,245 [ERROR] LogOutputStream:75 - [STDERR_REDIRECT] 
2025-10-30 14:18:18,237 [ERROR] LogOutputStream:75 - [STDERR_REDIRECT] [Fatal Error] :1:1: Premature end of file.
2025-10-30 14:18:18,238 [ERROR] LogOutputStream:75 - [STDERR_REDIRECT] 
2025-10-30 14:18:19,236 [ERROR] LogOutputStream:75 - [STDERR_REDIRECT] [Fatal Error] :1:1: Premature end of file.
2025-10-30 14:18:19,236 [ERROR] LogOutputStream:75 - [STDERR_REDIRECT] 
2025-10-30 14:18:20,235 [ERROR] LogOutputStream:75 - [STDERR_REDIRECT] [Fatal Error] :1:1: Premature end of file.
2025-10-30 14:18:20,236 [ERROR] LogOutputStream:75 - [STDERR_REDIRECT] 
2025-10-30 14:18:21,237 [ERROR] LogOutputStream:75 - [STDERR_REDIRECT] [Fatal Error] :1:1: Premature end of file.
2025-10-30 14:18:21,238 [ERROR] LogOutputStream:75 - [STDERR_REDIRECT] 
2025-10-30 14:18:22,236 [ERROR] LogOutputStream:75 - [STDERR_REDIRECT] [Fatal Error] :1:1: Premature end of file.
2025-10-30 14:18:22,236 [ERROR] LogOutputStream:75 - [STDERR_REDIRECT] 
2025-10-30 14:18:23,237 [ERROR] LogOutputStream:75 - [STDERR_REDIRECT] [Fatal Error] :1:1: Premature end of file.
2025-10-30 14:18:23,238 [ERROR] LogOutputStream:75 - [STDERR_REDIRECT] 
2025-10-30 14:18:24,243 [ERROR] LogOutputStream:75 - [STDERR_REDIRECT] [Fatal Error] :1:1: Premature end of file.
2025-10-30 14:18:24,243 [ERROR] LogOutputStream:75 - [STDERR_REDIRECT] 
2025-10-30 14:18:25,234 [ERROR] LogOutputStream:75 - [STDERR_REDIRECT] [Fatal Error] :1:1: Premature end of file.
2025-10-30 14:18:25,235 [ERROR] LogOutputStream:75 - [STDERR_REDIRECT] 
2025-10-30 14:18:26,235 [ERROR] LogOutputStream:75 - [STDERR_REDIRECT] [Fatal Error] :1:1: Premature end of file.
2025-10-30 14:18:26,235 [ERROR] LogOutputStream:75 - [STDERR_REDIRECT] 
2025-10-30 14:18:27,222 [INFO] ServerAccessManage:452 - Complete download http(s) 200
2025-10-30 14:18:27,223 [INFO] ServerAccessManage:509 - Download File stm32cube_fw_f1_v186.zip
2025-10-30 14:18:27,239 [ERROR] LogOutputStream:75 - [STDERR_REDIRECT] [Fatal Error] :1:1: Premature end of file.
2025-10-30 14:18:27,243 [ERROR] LogOutputStream:75 - [STDERR_REDIRECT] 
2025-10-30 14:18:28,237 [ERROR] LogOutputStream:75 - [STDERR_REDIRECT] [Fatal Error] :1:1: Premature end of file.
2025-10-30 14:18:28,239 [ERROR] LogOutputStream:75 - [STDERR_REDIRECT] 
2025-10-30 14:18:29,235 [ERROR] LogOutputStream:75 - [STDERR_REDIRECT] [Fatal Error] :1:1: Premature end of file.
2025-10-30 14:18:29,235 [ERROR] LogOutputStream:75 - [STDERR_REDIRECT] 
2025-10-30 14:18:30,236 [ERROR] LogOutputStream:75 - [STDERR_REDIRECT] [Fatal Error] :1:1: Premature end of file.
2025-10-30 14:18:30,236 [ERROR] LogOutputStream:75 - [STDERR_REDIRECT] 
2025-10-30 14:18:31,244 [ERROR] LogOutputStream:75 - [STDERR_REDIRECT] [Fatal Error] :1:1: Premature end of file.
2025-10-30 14:18:31,244 [ERROR] LogOutputStream:75 - [STDERR_REDIRECT] 
2025-10-30 14:18:32,236 [ERROR] LogOutputStream:75 - [STDERR_REDIRECT] [Fatal Error] :1:1: Premature end of file.
2025-10-30 14:18:32,236 [ERROR] LogOutputStream:75 - [STDERR_REDIRECT] 
2025-10-30 14:18:33,234 [ERROR] LogOutputStream:75 - [STDERR_REDIRECT] [Fatal Error] :1:1: Premature end of file.
2025-10-30 14:18:33,234 [ERROR] LogOutputStream:75 - [STDERR_REDIRECT] 
2025-10-30 14:18:34,234 [ERROR] LogOutputStream:75 - [STDERR_REDIRECT] [Fatal Error] :1:1: Premature end of file.
2025-10-30 14:18:34,234 [ERROR] LogOutputStream:75 - [STDERR_REDIRECT] 
2025-10-30 14:18:35,234 [ERROR] LogOutputStream:75 - [STDERR_REDIRECT] [Fatal Error] :1:1: Premature end of file.
2025-10-30 14:18:35,234 [ERROR] LogOutputStream:75 - [STDERR_REDIRECT] 
2025-10-30 14:18:36,236 [ERROR] LogOutputStream:75 - [STDERR_REDIRECT] [Fatal Error] :1:1: Premature end of file.
2025-10-30 14:18:36,236 [ERROR] LogOutputStream:75 - [STDERR_REDIRECT] 
2025-10-30 14:18:37,233 [ERROR] LogOutputStream:75 - [STDERR_REDIRECT] [Fatal Error] :1:1: Premature end of file.
2025-10-30 14:18:37,233 [ERROR] LogOutputStream:75 - [STDERR_REDIRECT] 
2025-10-30 14:18:37,487 [INFO] FileExtend:248 - Unzip File : stm32cube_fw_f1_v186.zip
2025-10-30 14:18:37,487 [INFO] FileExtend:263 - Standard Zip Deflate
2025-10-30 14:18:38,243 [ERROR] LogOutputStream:75 - [STDERR_REDIRECT] [Fatal Error] :1:1: Premature end of file.
2025-10-30 14:18:38,244 [ERROR] LogOutputStream:75 - [STDERR_REDIRECT] 
2025-10-30 14:18:39,233 [ERROR] LogOutputStream:75 - [STDERR_REDIRECT] [Fatal Error] :1:1: Premature end of file.
2025-10-30 14:18:39,233 [ERROR] LogOutputStream:75 - [STDERR_REDIRECT] 
2025-10-30 14:18:40,237 [ERROR] LogOutputStream:75 - [STDERR_REDIRECT] [Fatal Error] :1:1: Premature end of file.
2025-10-30 14:18:40,237 [ERROR] LogOutputStream:75 - [STDERR_REDIRECT] 
2025-10-30 14:18:41,235 [ERROR] LogOutputStream:75 - [STDERR_REDIRECT] [Fatal Error] :1:1: Premature end of file.
2025-10-30 14:18:41,235 [ERROR] LogOutputStream:75 - [STDERR_REDIRECT] 
2025-10-30 14:18:42,237 [ERROR] LogOutputStream:75 - [STDERR_REDIRECT] [Fatal Error] :1:1: Premature end of file.
2025-10-30 14:18:42,239 [ERROR] LogOutputStream:75 - [STDERR_REDIRECT] 
2025-10-30 14:18:43,236 [ERROR] LogOutputStream:75 - [STDERR_REDIRECT] [Fatal Error] :1:1: Premature end of file.
2025-10-30 14:18:43,237 [ERROR] LogOutputStream:75 - [STDERR_REDIRECT] 
2025-10-30 14:18:43,676 [INFO] LoadServerPackagesThread:196 - End of LoadServerPackages Thread
2025-10-30 14:18:44,169 [INFO] ThirdPartyModel:298 - Start build external matchings
2025-10-30 14:18:44,195 [INFO] UtilMem:75 - End SaveConfig() Used Memory: 843602432 Bytes (1073741824)
2025-10-30 14:18:44,241 [ERROR] LogOutputStream:75 - [STDERR_REDIRECT] [Fatal Error] :1:1: Premature end of file.
2025-10-30 14:18:44,245 [ERROR] LogOutputStream:75 - [STDERR_REDIRECT] 
2025-10-30 14:18:45,251 [ERROR] LogOutputStream:75 - [STDERR_REDIRECT] [Fatal Error] :1:1: Premature end of file.
2025-10-30 14:18:45,253 [ERROR] LogOutputStream:75 - [STDERR_REDIRECT] 
2025-10-30 14:18:45,509 [INFO] ThirdPartyModel:316 - End build external matchings
2025-10-30 14:18:45,532 [INFO] CheckServerUpdateThread:120 - End of CheckServer Thread
2025-10-30 14:18:46,182 [INFO] BlockDiagram:2775 - set Specific Code input for plugin: NVIC
2025-10-30 14:18:46,182 [INFO] BlockDiagram:2775 - set Specific Code input for plugin: RCC
2025-10-30 14:18:46,185 [INFO] CodeGenerator:892 - code generatio: config db path: C:\ST\STM32CubeIDE_1.19.0\STM32CubeIDE\plugins\com.st.stm32cube.common.mx_6.15.0.202507011659\\db\
2025-10-30 14:18:46,244 [ERROR] LogOutputStream:75 - [STDERR_REDIRECT] [Fatal Error] :1:1: Premature end of file.
2025-10-30 14:18:46,247 [ERROR] LogOutputStream:75 - [STDERR_REDIRECT] 
2025-10-30 14:18:46,742 [INFO] CodeEngine:265 - oldGeneratedFile, D:\STM32\hello\MXTmpFiles\license.tmp_save
2025-10-30 14:18:47,239 [ERROR] LogOutputStream:75 - [STDERR_REDIRECT] [Fatal Error] :1:1: Premature end of file.
2025-10-30 14:18:47,241 [ERROR] LogOutputStream:75 - [STDERR_REDIRECT] 
2025-10-30 14:18:48,237 [ERROR] LogOutputStream:75 - [STDERR_REDIRECT] [Fatal Error] :1:1: Premature end of file.
2025-10-30 14:18:48,241 [ERROR] LogOutputStream:75 - [STDERR_REDIRECT] 
2025-10-30 14:18:48,793 [INFO] CodeEngine:289 - Generated code: D:\STM32\hello\MXTmpFiles\license.tmp
2025-10-30 14:18:48,936 [INFO] CodeEngine:265 - oldGeneratedFile, D:\STM32\hello\Core\Src\stm32f1xx_it.c_save
2025-10-30 14:18:49,239 [ERROR] LogOutputStream:75 - [STDERR_REDIRECT] [Fatal Error] :1:1: Premature end of file.
2025-10-30 14:18:49,241 [ERROR] LogOutputStream:75 - [STDERR_REDIRECT] 
2025-10-30 14:18:49,375 [INFO] CodeEngine:289 - Generated code: D:\STM32\hello\Core\Src\stm32f1xx_it.c
2025-10-30 14:18:49,383 [INFO] CodeEngine:265 - oldGeneratedFile, D:\STM32\hello\Core\Inc\stm32f1xx_it.h_save
2025-10-30 14:18:49,537 [INFO] CodeEngine:289 - Generated code: D:\STM32\hello\Core\Inc\stm32f1xx_it.h
2025-10-30 14:18:50,238 [ERROR] LogOutputStream:75 - [STDERR_REDIRECT] [Fatal Error] :1:1: Premature end of file.
2025-10-30 14:18:50,240 [ERROR] LogOutputStream:75 - [STDERR_REDIRECT] 
2025-10-30 14:18:50,622 [INFO] CodeEngine:265 - oldGeneratedFile, D:\STM32\hello\Core\Src\stm32f1xx_hal_msp.c_save
2025-10-30 14:18:50,846 [INFO] CodeEngine:289 - Generated code: D:\STM32\hello\Core\Src\stm32f1xx_hal_msp.c
2025-10-30 14:18:50,856 [INFO] CodeEngine:265 - oldGeneratedFile, D:\STM32\hello\MXTmpFiles\system.tmp_save
2025-10-30 14:18:50,993 [INFO] CodeEngine:289 - Generated code: D:\STM32\hello\MXTmpFiles\system.tmp
2025-10-30 14:18:51,013 [INFO] CodeEngine:321 - oldGeneratedFile, D:\STM32\hello\Core\Inc\stm32f1xx_hal_conf.h_save
2025-10-30 14:18:51,196 [INFO] CodeEngine:345 - Generated code: D:\STM32\hello\Core\Inc\stm32f1xx_hal_conf.h
2025-10-30 14:18:51,242 [ERROR] LogOutputStream:75 - [STDERR_REDIRECT] [Fatal Error] :1:1: Premature end of file.
2025-10-30 14:18:51,246 [ERROR] LogOutputStream:75 - [STDERR_REDIRECT] 
2025-10-30 14:18:51,385 [INFO] ApiDbMcu:532 - Load IP Config File for RCC
2025-10-30 14:18:51,407 [INFO] CodeEngine:265 - oldGeneratedFile, D:\STM32\hello\Core\Inc\main.h_save
2025-10-30 14:18:51,609 [INFO] CodeEngine:289 - Generated code: D:\STM32\hello\Core\Inc\main.h
2025-10-30 14:18:51,618 [INFO] CodeEngine:265 - oldGeneratedFile, D:\STM32\hello\Core\Src\main.c_save
2025-10-30 14:18:51,917 [INFO] CodeEngine:289 - Generated code: D:\STM32\hello\Core\Src\main.c
2025-10-30 14:18:52,246 [ERROR] LogOutputStream:75 - [STDERR_REDIRECT] [Fatal Error] :1:1: Premature end of file.
2025-10-30 14:18:52,248 [ERROR] LogOutputStream:75 - [STDERR_REDIRECT] 
2025-10-30 14:18:52,685 [INFO] ProjectBuilder:3606 - Time for Copy HAL[1] : 204mS.
2025-10-30 14:18:52,724 [INFO] ProjectBuilder:5216 - Project Generator version: 4.7.0-B52
2025-10-30 14:18:52,925 [INFO] ConfigFileManager:1595 - The Die is : DIE410
2025-10-30 14:18:53,078 [INFO] ApiDbMcu:532 - Load IP Config File for FATFS
2025-10-30 14:18:53,091 [INFO] ApiDbMcu:532 - Load IP Config File for FREERTOS
2025-10-30 14:18:53,106 [INFO] ApiDbMcu:532 - Load IP Config File for USB_DEVICE
2025-10-30 14:18:53,239 [ERROR] LogOutputStream:75 - [STDERR_REDIRECT] [Fatal Error] :1:1: Premature end of file.
2025-10-30 14:18:53,241 [ERROR] LogOutputStream:75 - [STDERR_REDIRECT] 
2025-10-30 14:18:54,229 [INFO] LogOutputStream:77 - [STDOUT_REDIRECT] 
2025-10-30 14:18:54,240 [ERROR] LogOutputStream:75 - [STDERR_REDIRECT] [Fatal Error] :1:1: Premature end of file.
2025-10-30 14:18:54,244 [ERROR] LogOutputStream:75 - [STDERR_REDIRECT] 
2025-10-30 14:18:55,237 [ERROR] LogOutputStream:75 - [STDERR_REDIRECT] [Fatal Error] :1:1: Premature end of file.
2025-10-30 14:18:55,242 [ERROR] LogOutputStream:75 - [STDERR_REDIRECT] 
2025-10-30 14:18:56,236 [ERROR] LogOutputStream:75 - [STDERR_REDIRECT] [Fatal Error] :1:1: Premature end of file.
2025-10-30 14:18:56,237 [ERROR] LogOutputStream:75 - [STDERR_REDIRECT] 
2025-10-30 14:18:57,238 [ERROR] LogOutputStream:75 - [STDERR_REDIRECT] [Fatal Error] :1:1: Premature end of file.
2025-10-30 14:18:57,239 [ERROR] LogOutputStream:75 - [STDERR_REDIRECT] 
2025-10-30 14:18:58,239 [ERROR] LogOutputStream:75 - [STDERR_REDIRECT] [Fatal Error] :1:1: Premature end of file.
2025-10-30 14:18:58,240 [ERROR] LogOutputStream:75 - [STDERR_REDIRECT] 
2025-10-30 14:18:59,242 [ERROR] LogOutputStream:75 - [STDERR_REDIRECT] [Fatal Error] :1:1: Premature end of file.
2025-10-30 14:18:59,243 [ERROR] LogOutputStream:75 - [STDERR_REDIRECT] 
2025-10-30 14:19:00,233 [ERROR] LogOutputStream:75 - [STDERR_REDIRECT] [Fatal Error] :1:1: Premature end of file.
2025-10-30 14:19:00,233 [ERROR] LogOutputStream:75 - [STDERR_REDIRECT] 
2025-10-30 14:19:01,236 [ERROR] LogOutputStream:75 - [STDERR_REDIRECT] [Fatal Error] :1:1: Premature end of file.
2025-10-30 14:19:01,236 [ERROR] LogOutputStream:75 - [STDERR_REDIRECT] 
2025-10-30 14:19:02,232 [ERROR] LogOutputStream:75 - [STDERR_REDIRECT] [Fatal Error] :1:1: Premature end of file.
2025-10-30 14:19:02,233 [ERROR] LogOutputStream:75 - [STDERR_REDIRECT] 
2025-10-30 14:19:03,241 [ERROR] LogOutputStream:75 - [STDERR_REDIRECT] [Fatal Error] :1:1: Premature end of file.
2025-10-30 14:19:03,244 [ERROR] LogOutputStream:75 - [STDERR_REDIRECT] 
2025-10-30 14:19:04,249 [ERROR] LogOutputStream:75 - [STDERR_REDIRECT] [Fatal Error] :1:1: Premature end of file.
2025-10-30 14:19:04,252 [ERROR] LogOutputStream:75 - [STDERR_REDIRECT] 
2025-10-30 14:19:04,830 [INFO] ProjectBuilder:5496 - Time for Generating toolchain IDE Files: 12105mS.
2025-10-30 14:19:04,831 [INFO] ProjectBuilder:3463 - Time for Copy CMSIS : 1mS.
2025-10-30 14:19:04,834 [INFO] ProjectBuilder:3463 - Time for Copy CMSIS : 0mS.
2025-10-30 14:19:05,271 [ERROR] LogOutputStream:75 - [STDERR_REDIRECT] [Fatal Error] :1:1: Premature end of file.
2025-10-30 14:19:05,274 [ERROR] LogOutputStream:75 - [STDERR_REDIRECT] 
2025-10-30 14:19:06,262 [ERROR] LogOutputStream:75 - [STDERR_REDIRECT] [Fatal Error] :1:1: Premature end of file.
2025-10-30 14:19:06,264 [ERROR] LogOutputStream:75 - [STDERR_REDIRECT] 
2025-10-30 14:19:07,177 [INFO] McuFinderGlobals:76 - Set McuFinderConnectedMode to true
2025-10-30 14:19:07,185 [INFO] ApiDb:448 - Save user favorites file C:\Users\Song/.stm32cubeide/favorites.mcus.txt: 0 item(s)
2025-10-30 14:19:07,185 [INFO] ApiDb:452 - User favorites MCUs=[]
2025-10-30 14:19:07,390 [ERROR] LogOutputStream:75 - [STDERR_REDIRECT] [Fatal Error] :1:1: Premature end of file.
2025-10-30 14:19:07,394 [ERROR] LogOutputStream:75 - [STDERR_REDIRECT] 
2025-10-30 14:19:08,255 [ERROR] LogOutputStream:75 - [STDERR_REDIRECT] [Fatal Error] :1:1: Premature end of file.
2025-10-30 14:19:08,258 [ERROR] LogOutputStream:75 - [STDERR_REDIRECT] 
2025-10-30 14:19:09,249 [ERROR] LogOutputStream:75 - [STDERR_REDIRECT] [Fatal Error] :1:1: Premature end of file.
2025-10-30 14:19:09,253 [ERROR] LogOutputStream:75 - [STDERR_REDIRECT] 
2025-10-30 14:19:10,236 [ERROR] LogOutputStream:75 - [STDERR_REDIRECT] [Fatal Error] :1:1: Premature end of file.
2025-10-30 14:19:10,238 [ERROR] LogOutputStream:75 - [STDERR_REDIRECT] 
2025-10-30 14:19:11,240 [ERROR] LogOutputStream:75 - [STDERR_REDIRECT] [Fatal Error] :1:1: Premature end of file.
2025-10-30 14:19:11,244 [ERROR] LogOutputStream:75 - [STDERR_REDIRECT] 
2025-10-30 14:19:12,245 [ERROR] LogOutputStream:75 - [STDERR_REDIRECT] [Fatal Error] :1:1: Premature end of file.
2025-10-30 14:19:12,247 [ERROR] LogOutputStream:75 - [STDERR_REDIRECT] 
2025-10-30 14:19:13,250 [ERROR] LogOutputStream:75 - [STDERR_REDIRECT] [Fatal Error] :1:1: Premature end of file.
2025-10-30 14:19:13,252 [ERROR] LogOutputStream:75 - [STDERR_REDIRECT] 
2025-10-30 14:19:14,235 [ERROR] LogOutputStream:75 - [STDERR_REDIRECT] [Fatal Error] :1:1: Premature end of file.
2025-10-30 14:19:14,235 [ERROR] LogOutputStream:75 - [STDERR_REDIRECT] 
2025-10-30 14:19:15,237 [ERROR] LogOutputStream:75 - [STDERR_REDIRECT] [Fatal Error] :1:1: Premature end of file.
2025-10-30 14:19:15,237 [ERROR] LogOutputStream:75 - [STDERR_REDIRECT] 
2025-10-30 14:19:16,234 [ERROR] LogOutputStream:75 - [STDERR_REDIRECT] [Fatal Error] :1:1: Premature end of file.
2025-10-30 14:19:16,234 [ERROR] LogOutputStream:75 - [STDERR_REDIRECT] 
2025-10-30 14:19:17,237 [ERROR] LogOutputStream:75 - [STDERR_REDIRECT] [Fatal Error] :1:1: Premature end of file.
2025-10-30 14:19:17,237 [ERROR] LogOutputStream:75 - [STDERR_REDIRECT] 
2025-10-30 14:19:18,240 [ERROR] LogOutputStream:75 - [STDERR_REDIRECT] [Fatal Error] :1:1: Premature end of file.
2025-10-30 14:19:18,241 [ERROR] LogOutputStream:75 - [STDERR_REDIRECT] 
2025-10-30 14:19:19,234 [ERROR] LogOutputStream:75 - [STDERR_REDIRECT] [Fatal Error] :1:1: Premature end of file.
2025-10-30 14:19:19,234 [ERROR] LogOutputStream:75 - [STDERR_REDIRECT] 
2025-10-30 14:19:20,255 [ERROR] LogOutputStream:75 - [STDERR_REDIRECT] [Fatal Error] :1:1: Premature end of file.
2025-10-30 14:19:20,255 [ERROR] LogOutputStream:75 - [STDERR_REDIRECT] 
2025-10-30 14:19:21,232 [ERROR] LogOutputStream:75 - [STDERR_REDIRECT] [Fatal Error] :1:1: Premature end of file.
2025-10-30 14:19:21,232 [ERROR] LogOutputStream:75 - [STDERR_REDIRECT] 
2025-10-30 14:19:22,721 [ERROR] LogOutputStream:75 - [STDERR_REDIRECT] [Fatal Error] :1:1: Premature end of file.
2025-10-30 14:19:22,721 [ERROR] LogOutputStream:75 - [STDERR_REDIRECT] 
2025-10-30 14:19:23,237 [ERROR] LogOutputStream:75 - [STDERR_REDIRECT] [Fatal Error] :1:1: Premature end of file.
2025-10-30 14:19:23,237 [ERROR] LogOutputStream:75 - [STDERR_REDIRECT] 
2025-10-30 14:19:24,231 [ERROR] LogOutputStream:75 - [STDERR_REDIRECT] [Fatal Error] :1:1: Premature end of file.
2025-10-30 14:19:24,232 [ERROR] LogOutputStream:75 - [STDERR_REDIRECT] 
2025-10-30 14:19:25,235 [ERROR] LogOutputStream:75 - [STDERR_REDIRECT] [Fatal Error] :1:1: Premature end of file.
2025-10-30 14:19:25,235 [ERROR] LogOutputStream:75 - [STDERR_REDIRECT] 
2025-10-30 14:19:26,278 [ERROR] LogOutputStream:75 - [STDERR_REDIRECT] [Fatal Error] :1:1: Premature end of file.
2025-10-30 14:19:26,278 [ERROR] LogOutputStream:75 - [STDERR_REDIRECT] 
2025-10-30 14:19:27,235 [ERROR] LogOutputStream:75 - [STDERR_REDIRECT] [Fatal Error] :1:1: Premature end of file.
2025-10-30 14:19:27,235 [ERROR] LogOutputStream:75 - [STDERR_REDIRECT] 
2025-10-30 14:19:28,233 [ERROR] LogOutputStream:75 - [STDERR_REDIRECT] [Fatal Error] :1:1: Premature end of file.
2025-10-30 14:19:28,233 [ERROR] LogOutputStream:75 - [STDERR_REDIRECT] 
2025-10-30 14:19:29,234 [ERROR] LogOutputStream:75 - [STDERR_REDIRECT] [Fatal Error] :1:1: Premature end of file.
2025-10-30 14:19:29,234 [ERROR] LogOutputStream:75 - [STDERR_REDIRECT] 
2025-10-30 14:19:30,234 [ERROR] LogOutputStream:75 - [STDERR_REDIRECT] [Fatal Error] :1:1: Premature end of file.
2025-10-30 14:19:30,234 [ERROR] LogOutputStream:75 - [STDERR_REDIRECT] 
2025-10-30 14:19:31,245 [ERROR] LogOutputStream:75 - [STDERR_REDIRECT] [Fatal Error] :1:1: Premature end of file.
2025-10-30 14:19:31,245 [ERROR] LogOutputStream:75 - [STDERR_REDIRECT] 
2025-10-30 14:19:32,234 [ERROR] LogOutputStream:75 - [STDERR_REDIRECT] [Fatal Error] :1:1: Premature end of file.
2025-10-30 14:19:32,234 [ERROR] LogOutputStream:75 - [STDERR_REDIRECT] 
2025-10-30 14:19:33,235 [ERROR] LogOutputStream:75 - [STDERR_REDIRECT] [Fatal Error] :1:1: Premature end of file.
2025-10-30 14:19:33,235 [ERROR] LogOutputStream:75 - [STDERR_REDIRECT] 
2025-10-30 14:19:34,234 [ERROR] LogOutputStream:75 - [STDERR_REDIRECT] [Fatal Error] :1:1: Premature end of file.
2025-10-30 14:19:34,235 [ERROR] LogOutputStream:75 - [STDERR_REDIRECT] 
2025-10-30 14:19:35,234 [ERROR] LogOutputStream:75 - [STDERR_REDIRECT] [Fatal Error] :1:1: Premature end of file.
2025-10-30 14:19:35,234 [ERROR] LogOutputStream:75 - [STDERR_REDIRECT] 
2025-10-30 14:19:36,235 [ERROR] LogOutputStream:75 - [STDERR_REDIRECT] [Fatal Error] :1:1: Premature end of file.
2025-10-30 14:19:36,236 [ERROR] LogOutputStream:75 - [STDERR_REDIRECT] 
2025-10-30 14:19:37,230 [ERROR] LogOutputStream:75 - [STDERR_REDIRECT] [Fatal Error] :1:1: Premature end of file.
2025-10-30 14:19:37,230 [ERROR] LogOutputStream:75 - [STDERR_REDIRECT] 
2025-10-30 14:19:38,241 [ERROR] LogOutputStream:75 - [STDERR_REDIRECT] [Fatal Error] :1:1: Premature end of file.
2025-10-30 14:19:38,241 [ERROR] LogOutputStream:75 - [STDERR_REDIRECT] 
2025-10-30 14:19:39,250 [ERROR] LogOutputStream:75 - [STDERR_REDIRECT] [Fatal Error] :1:1: Premature end of file.
2025-10-30 14:19:39,250 [ERROR] LogOutputStream:75 - [STDERR_REDIRECT] 
2025-10-30 14:19:40,232 [ERROR] LogOutputStream:75 - [STDERR_REDIRECT] [Fatal Error] :1:1: Premature end of file.
2025-10-30 14:19:40,233 [ERROR] LogOutputStream:75 - [STDERR_REDIRECT] 
2025-10-30 14:19:41,236 [ERROR] LogOutputStream:75 - [STDERR_REDIRECT] [Fatal Error] :1:1: Premature end of file.
2025-10-30 14:19:41,236 [ERROR] LogOutputStream:75 - [STDERR_REDIRECT] 
2025-10-30 14:19:42,232 [ERROR] LogOutputStream:75 - [STDERR_REDIRECT] [Fatal Error] :1:1: Premature end of file.
2025-10-30 14:19:42,233 [ERROR] LogOutputStream:75 - [STDERR_REDIRECT] 
2025-10-30 14:19:43,233 [ERROR] LogOutputStream:75 - [STDERR_REDIRECT] [Fatal Error] :1:1: Premature end of file.
2025-10-30 14:19:43,234 [ERROR] LogOutputStream:75 - [STDERR_REDIRECT] 
2025-10-30 14:19:44,235 [ERROR] LogOutputStream:75 - [STDERR_REDIRECT] [Fatal Error] :1:1: Premature end of file.
2025-10-30 14:19:44,235 [ERROR] LogOutputStream:75 - [STDERR_REDIRECT] 
2025-10-30 14:19:45,233 [ERROR] LogOutputStream:75 - [STDERR_REDIRECT] [Fatal Error] :1:1: Premature end of file.
2025-10-30 14:19:45,233 [ERROR] LogOutputStream:75 - [STDERR_REDIRECT] 
2025-10-30 14:19:46,232 [ERROR] LogOutputStream:75 - [STDERR_REDIRECT] [Fatal Error] :1:1: Premature end of file.
2025-10-30 14:19:46,233 [ERROR] LogOutputStream:75 - [STDERR_REDIRECT] 
2025-10-30 14:19:47,235 [ERROR] LogOutputStream:75 - [STDERR_REDIRECT] [Fatal Error] :1:1: Premature end of file.
2025-10-30 14:19:47,235 [ERROR] LogOutputStream:75 - [STDERR_REDIRECT] 
2025-10-30 14:19:48,235 [ERROR] LogOutputStream:75 - [STDERR_REDIRECT] [Fatal Error] :1:1: Premature end of file.
2025-10-30 14:19:48,235 [ERROR] LogOutputStream:75 - [STDERR_REDIRECT] 
2025-10-30 14:19:49,233 [ERROR] LogOutputStream:75 - [STDERR_REDIRECT] [Fatal Error] :1:1: Premature end of file.
2025-10-30 14:19:49,233 [ERROR] LogOutputStream:75 - [STDERR_REDIRECT] 
2025-10-30 14:19:50,235 [ERROR] LogOutputStream:75 - [STDERR_REDIRECT] [Fatal Error] :1:1: Premature end of file.
2025-10-30 14:19:50,235 [ERROR] LogOutputStream:75 - [STDERR_REDIRECT] 
2025-10-30 14:19:51,234 [ERROR] LogOutputStream:75 - [STDERR_REDIRECT] [Fatal Error] :1:1: Premature end of file.
2025-10-30 14:19:51,234 [ERROR] LogOutputStream:75 - [STDERR_REDIRECT] 
2025-10-30 14:19:52,232 [ERROR] LogOutputStream:75 - [STDERR_REDIRECT] [Fatal Error] :1:1: Premature end of file.
2025-10-30 14:19:52,232 [ERROR] LogOutputStream:75 - [STDERR_REDIRECT] 
2025-10-30 14:19:53,234 [ERROR] LogOutputStream:75 - [STDERR_REDIRECT] [Fatal Error] :1:1: Premature end of file.
2025-10-30 14:19:53,234 [ERROR] LogOutputStream:75 - [STDERR_REDIRECT] 
2025-10-30 14:19:54,241 [ERROR] LogOutputStream:75 - [STDERR_REDIRECT] [Fatal Error] :1:1: Premature end of file.
2025-10-30 14:19:54,241 [ERROR] LogOutputStream:75 - [STDERR_REDIRECT] 
2025-10-30 14:19:55,239 [ERROR] LogOutputStream:75 - [STDERR_REDIRECT] [Fatal Error] :1:1: Premature end of file.
2025-10-30 14:19:55,239 [ERROR] LogOutputStream:75 - [STDERR_REDIRECT] 
2025-10-30 14:19:56,284 [ERROR] LogOutputStream:75 - [STDERR_REDIRECT] [Fatal Error] :1:1: Premature end of file.
2025-10-30 14:19:56,285 [ERROR] LogOutputStream:75 - [STDERR_REDIRECT] 
2025-10-30 14:19:57,232 [ERROR] LogOutputStream:75 - [STDERR_REDIRECT] [Fatal Error] :1:1: Premature end of file.
2025-10-30 14:19:57,232 [ERROR] LogOutputStream:75 - [STDERR_REDIRECT] 
2025-10-30 14:19:58,233 [ERROR] LogOutputStream:75 - [STDERR_REDIRECT] [Fatal Error] :1:1: Premature end of file.
2025-10-30 14:19:58,233 [ERROR] LogOutputStream:75 - [STDERR_REDIRECT] 
2025-10-30 14:19:59,232 [ERROR] LogOutputStream:75 - [STDERR_REDIRECT] [Fatal Error] :1:1: Premature end of file.
2025-10-30 14:19:59,232 [ERROR] LogOutputStream:75 - [STDERR_REDIRECT] 
2025-10-30 14:20:00,248 [ERROR] LogOutputStream:75 - [STDERR_REDIRECT] [Fatal Error] :1:1: Premature end of file.
2025-10-30 14:20:00,248 [ERROR] LogOutputStream:75 - [STDERR_REDIRECT] 
2025-10-30 14:20:01,235 [ERROR] LogOutputStream:75 - [STDERR_REDIRECT] [Fatal Error] :1:1: Premature end of file.
2025-10-30 14:20:01,238 [ERROR] LogOutputStream:75 - [STDERR_REDIRECT] 
2025-10-30 14:20:02,239 [ERROR] LogOutputStream:75 - [STDERR_REDIRECT] [Fatal Error] :1:1: Premature end of file.
2025-10-30 14:20:02,241 [ERROR] LogOutputStream:75 - [STDERR_REDIRECT] 
2025-10-30 14:20:03,236 [ERROR] LogOutputStream:75 - [STDERR_REDIRECT] [Fatal Error] :1:1: Premature end of file.
2025-10-30 14:20:03,238 [ERROR] LogOutputStream:75 - [STDERR_REDIRECT] 
2025-10-30 14:20:04,231 [ERROR] LogOutputStream:75 - [STDERR_REDIRECT] [Fatal Error] :1:1: Premature end of file.
2025-10-30 14:20:04,231 [ERROR] LogOutputStream:75 - [STDERR_REDIRECT] 
2025-10-30 14:20:05,234 [ERROR] LogOutputStream:75 - [STDERR_REDIRECT] [Fatal Error] :1:1: Premature end of file.
2025-10-30 14:20:05,234 [ERROR] LogOutputStream:75 - [STDERR_REDIRECT] 
2025-10-30 14:20:06,231 [ERROR] LogOutputStream:75 - [STDERR_REDIRECT] [Fatal Error] :1:1: Premature end of file.
2025-10-30 14:20:06,231 [ERROR] LogOutputStream:75 - [STDERR_REDIRECT] 
2025-10-30 14:20:07,232 [ERROR] LogOutputStream:75 - [STDERR_REDIRECT] [Fatal Error] :1:1: Premature end of file.
2025-10-30 14:20:07,232 [ERROR] LogOutputStream:75 - [STDERR_REDIRECT] 
2025-10-30 14:20:08,233 [ERROR] LogOutputStream:75 - [STDERR_REDIRECT] [Fatal Error] :1:1: Premature end of file.
2025-10-30 14:20:08,233 [ERROR] LogOutputStream:75 - [STDERR_REDIRECT] 
2025-10-30 14:20:09,245 [ERROR] LogOutputStream:75 - [STDERR_REDIRECT] [Fatal Error] :1:1: Premature end of file.
2025-10-30 14:20:09,245 [ERROR] LogOutputStream:75 - [STDERR_REDIRECT] 
2025-10-30 14:20:10,236 [ERROR] LogOutputStream:75 - [STDERR_REDIRECT] [Fatal Error] :1:1: Premature end of file.
2025-10-30 14:20:10,236 [ERROR] LogOutputStream:75 - [STDERR_REDIRECT] 
2025-10-30 14:20:11,240 [ERROR] LogOutputStream:75 - [STDERR_REDIRECT] [Fatal Error] :1:1: Premature end of file.
2025-10-30 14:20:11,241 [ERROR] LogOutputStream:75 - [STDERR_REDIRECT] 
2025-10-30 14:20:12,233 [ERROR] LogOutputStream:75 - [STDERR_REDIRECT] [Fatal Error] :1:1: Premature end of file.
2025-10-30 14:20:12,233 [ERROR] LogOutputStream:75 - [STDERR_REDIRECT] 
2025-10-30 14:20:13,218 [INFO] Gpio:278 - dependency for GPIO []
2025-10-30 14:20:13,237 [ERROR] LogOutputStream:75 - [STDERR_REDIRECT] [Fatal Error] :1:1: Premature end of file.
2025-10-30 14:20:13,240 [ERROR] LogOutputStream:75 - [STDERR_REDIRECT] 
2025-10-30 14:20:14,235 [ERROR] LogOutputStream:75 - [STDERR_REDIRECT] [Fatal Error] :1:1: Premature end of file.
2025-10-30 14:20:14,236 [ERROR] LogOutputStream:75 - [STDERR_REDIRECT] 
2025-10-30 14:20:15,234 [ERROR] LogOutputStream:75 - [STDERR_REDIRECT] [Fatal Error] :1:1: Premature end of file.
2025-10-30 14:20:15,234 [ERROR] LogOutputStream:75 - [STDERR_REDIRECT] 
2025-10-30 14:20:16,250 [ERROR] LogOutputStream:75 - [STDERR_REDIRECT] [Fatal Error] :1:1: Premature end of file.
2025-10-30 14:20:16,250 [ERROR] LogOutputStream:75 - [STDERR_REDIRECT] 
2025-10-30 14:20:17,232 [ERROR] LogOutputStream:75 - [STDERR_REDIRECT] [Fatal Error] :1:1: Premature end of file.
2025-10-30 14:20:17,233 [ERROR] LogOutputStream:75 - [STDERR_REDIRECT] 
2025-10-30 14:20:18,237 [ERROR] LogOutputStream:75 - [STDERR_REDIRECT] [Fatal Error] :1:1: Premature end of file.
2025-10-30 14:20:18,237 [ERROR] LogOutputStream:75 - [STDERR_REDIRECT] 
2025-10-30 14:20:19,234 [ERROR] LogOutputStream:75 - [STDERR_REDIRECT] [Fatal Error] :1:1: Premature end of file.
2025-10-30 14:20:19,234 [ERROR] LogOutputStream:75 - [STDERR_REDIRECT] 
2025-10-30 14:20:20,232 [ERROR] LogOutputStream:75 - [STDERR_REDIRECT] [Fatal Error] :1:1: Premature end of file.
2025-10-30 14:20:20,233 [ERROR] LogOutputStream:75 - [STDERR_REDIRECT] 
2025-10-30 14:20:21,232 [ERROR] LogOutputStream:75 - [STDERR_REDIRECT] [Fatal Error] :1:1: Premature end of file.
2025-10-30 14:20:21,232 [ERROR] LogOutputStream:75 - [STDERR_REDIRECT] 
2025-10-30 14:20:22,235 [ERROR] LogOutputStream:75 - [STDERR_REDIRECT] [Fatal Error] :1:1: Premature end of file.
2025-10-30 14:20:22,235 [ERROR] LogOutputStream:75 - [STDERR_REDIRECT] 
2025-10-30 14:20:23,234 [ERROR] LogOutputStream:75 - [STDERR_REDIRECT] [Fatal Error] :1:1: Premature end of file.
2025-10-30 14:20:23,234 [ERROR] LogOutputStream:75 - [STDERR_REDIRECT] 
2025-10-30 14:20:24,231 [ERROR] LogOutputStream:75 - [STDERR_REDIRECT] [Fatal Error] :1:1: Premature end of file.
2025-10-30 14:20:24,232 [ERROR] LogOutputStream:75 - [STDERR_REDIRECT] 
2025-10-30 14:20:25,238 [ERROR] LogOutputStream:75 - [STDERR_REDIRECT] [Fatal Error] :1:1: Premature end of file.
2025-10-30 14:20:25,238 [ERROR] LogOutputStream:75 - [STDERR_REDIRECT] 
2025-10-30 14:20:26,232 [ERROR] LogOutputStream:75 - [STDERR_REDIRECT] [Fatal Error] :1:1: Premature end of file.
2025-10-30 14:20:26,232 [ERROR] LogOutputStream:75 - [STDERR_REDIRECT] 
2025-10-30 14:20:27,236 [ERROR] LogOutputStream:75 - [STDERR_REDIRECT] [Fatal Error] :1:1: Premature end of file.
2025-10-30 14:20:27,237 [ERROR] LogOutputStream:75 - [STDERR_REDIRECT] 
2025-10-30 14:20:28,238 [ERROR] LogOutputStream:75 - [STDERR_REDIRECT] [Fatal Error] :1:1: Premature end of file.
2025-10-30 14:20:28,238 [ERROR] LogOutputStream:75 - [STDERR_REDIRECT] 
2025-10-30 14:20:29,232 [ERROR] LogOutputStream:75 - [STDERR_REDIRECT] [Fatal Error] :1:1: Premature end of file.
2025-10-30 14:20:29,232 [ERROR] LogOutputStream:75 - [STDERR_REDIRECT] 
2025-10-30 14:20:30,232 [ERROR] LogOutputStream:75 - [STDERR_REDIRECT] [Fatal Error] :1:1: Premature end of file.
2025-10-30 14:20:30,232 [ERROR] LogOutputStream:75 - [STDERR_REDIRECT] 
2025-10-30 14:20:31,233 [ERROR] LogOutputStream:75 - [STDERR_REDIRECT] [Fatal Error] :1:1: Premature end of file.
2025-10-30 14:20:31,233 [ERROR] LogOutputStream:75 - [STDERR_REDIRECT] 
2025-10-30 14:20:32,231 [ERROR] LogOutputStream:75 - [STDERR_REDIRECT] [Fatal Error] :1:1: Premature end of file.
2025-10-30 14:20:32,231 [ERROR] LogOutputStream:75 - [STDERR_REDIRECT] 
2025-10-30 14:20:33,231 [ERROR] LogOutputStream:75 - [STDERR_REDIRECT] [Fatal Error] :1:1: Premature end of file.
2025-10-30 14:20:33,231 [ERROR] LogOutputStream:75 - [STDERR_REDIRECT] 
2025-10-30 14:20:34,237 [ERROR] LogOutputStream:75 - [STDERR_REDIRECT] [Fatal Error] :1:1: Premature end of file.
2025-10-30 14:20:34,237 [ERROR] LogOutputStream:75 - [STDERR_REDIRECT] 
2025-10-30 14:20:35,234 [ERROR] LogOutputStream:75 - [STDERR_REDIRECT] [Fatal Error] :1:1: Premature end of file.
2025-10-30 14:20:35,234 [ERROR] LogOutputStream:75 - [STDERR_REDIRECT] 
2025-10-30 14:20:36,232 [ERROR] LogOutputStream:75 - [STDERR_REDIRECT] [Fatal Error] :1:1: Premature end of file.
2025-10-30 14:20:36,232 [ERROR] LogOutputStream:75 - [STDERR_REDIRECT] 
2025-10-30 14:20:37,233 [ERROR] LogOutputStream:75 - [STDERR_REDIRECT] [Fatal Error] :1:1: Premature end of file.
2025-10-30 14:20:37,233 [ERROR] LogOutputStream:75 - [STDERR_REDIRECT] 
2025-10-30 14:20:38,231 [ERROR] LogOutputStream:75 - [STDERR_REDIRECT] [Fatal Error] :1:1: Premature end of file.
2025-10-30 14:20:38,231 [ERROR] LogOutputStream:75 - [STDERR_REDIRECT] 
2025-10-30 14:20:39,231 [ERROR] LogOutputStream:75 - [STDERR_REDIRECT] [Fatal Error] :1:1: Premature end of file.
2025-10-30 14:20:39,231 [ERROR] LogOutputStream:75 - [STDERR_REDIRECT] 
2025-10-30 14:20:40,232 [ERROR] LogOutputStream:75 - [STDERR_REDIRECT] [Fatal Error] :1:1: Premature end of file.
2025-10-30 14:20:40,232 [ERROR] LogOutputStream:75 - [STDERR_REDIRECT] 
2025-10-30 14:20:41,236 [ERROR] LogOutputStream:75 - [STDERR_REDIRECT] [Fatal Error] :1:1: Premature end of file.
2025-10-30 14:20:41,236 [ERROR] LogOutputStream:75 - [STDERR_REDIRECT] 
2025-10-30 14:20:42,235 [ERROR] LogOutputStream:75 - [STDERR_REDIRECT] [Fatal Error] :1:1: Premature end of file.
2025-10-30 14:20:42,235 [ERROR] LogOutputStream:75 - [STDERR_REDIRECT] 
2025-10-30 14:20:43,236 [ERROR] LogOutputStream:75 - [STDERR_REDIRECT] [Fatal Error] :1:1: Premature end of file.
2025-10-30 14:20:43,236 [ERROR] LogOutputStream:75 - [STDERR_REDIRECT] 
2025-10-30 14:20:44,233 [ERROR] LogOutputStream:75 - [STDERR_REDIRECT] [Fatal Error] :1:1: Premature end of file.
2025-10-30 14:20:44,233 [ERROR] LogOutputStream:75 - [STDERR_REDIRECT] 
2025-10-30 14:20:45,232 [ERROR] LogOutputStream:75 - [STDERR_REDIRECT] [Fatal Error] :1:1: Premature end of file.
2025-10-30 14:20:45,232 [ERROR] LogOutputStream:75 - [STDERR_REDIRECT] 
2025-10-30 14:20:46,254 [ERROR] LogOutputStream:75 - [STDERR_REDIRECT] [Fatal Error] :1:1: Premature end of file.
2025-10-30 14:20:46,254 [ERROR] LogOutputStream:75 - [STDERR_REDIRECT] 
2025-10-30 14:20:46,691 [INFO] UtilMem:75 - End SaveConfig() Used Memory: 277634792 Bytes (720371712)
2025-10-30 14:20:47,234 [ERROR] LogOutputStream:75 - [STDERR_REDIRECT] [Fatal Error] :1:1: Premature end of file.
2025-10-30 14:20:47,234 [ERROR] LogOutputStream:75 - [STDERR_REDIRECT] 
2025-10-30 14:20:48,233 [ERROR] LogOutputStream:75 - [STDERR_REDIRECT] [Fatal Error] :1:1: Premature end of file.
2025-10-30 14:20:48,233 [ERROR] LogOutputStream:75 - [STDERR_REDIRECT] 
2025-10-30 14:20:49,232 [ERROR] LogOutputStream:75 - [STDERR_REDIRECT] [Fatal Error] :1:1: Premature end of file.
2025-10-30 14:20:49,232 [ERROR] LogOutputStream:75 - [STDERR_REDIRECT] 
2025-10-30 14:20:50,236 [ERROR] LogOutputStream:75 - [STDERR_REDIRECT] [Fatal Error] :1:1: Premature end of file.
2025-10-30 14:20:50,236 [ERROR] LogOutputStream:75 - [STDERR_REDIRECT] 
2025-10-30 14:20:51,235 [ERROR] LogOutputStream:75 - [STDERR_REDIRECT] [Fatal Error] :1:1: Premature end of file.
2025-10-30 14:20:51,235 [ERROR] LogOutputStream:75 - [STDERR_REDIRECT] 
2025-10-30 14:20:52,244 [ERROR] LogOutputStream:75 - [STDERR_REDIRECT] [Fatal Error] :1:1: Premature end of file.
2025-10-30 14:20:52,244 [ERROR] LogOutputStream:75 - [STDERR_REDIRECT] 
2025-10-30 14:20:53,232 [ERROR] LogOutputStream:75 - [STDERR_REDIRECT] [Fatal Error] :1:1: Premature end of file.
2025-10-30 14:20:53,232 [ERROR] LogOutputStream:75 - [STDERR_REDIRECT] 
2025-10-30 14:20:54,232 [ERROR] LogOutputStream:75 - [STDERR_REDIRECT] [Fatal Error] :1:1: Premature end of file.
2025-10-30 14:20:54,233 [ERROR] LogOutputStream:75 - [STDERR_REDIRECT] 
2025-10-30 14:20:54,769 [INFO] UtilMem:75 - End SaveConfig() Used Memory: 307696656 Bytes (720371712)
2025-10-30 14:20:55,236 [ERROR] LogOutputStream:75 - [STDERR_REDIRECT] [Fatal Error] :1:1: Premature end of file.
2025-10-30 14:20:55,237 [ERROR] LogOutputStream:75 - [STDERR_REDIRECT] 
2025-10-30 14:20:56,232 [ERROR] LogOutputStream:75 - [STDERR_REDIRECT] [Fatal Error] :1:1: Premature end of file.
2025-10-30 14:20:56,232 [ERROR] LogOutputStream:75 - [STDERR_REDIRECT] 
2025-10-30 14:20:57,232 [ERROR] LogOutputStream:75 - [STDERR_REDIRECT] [Fatal Error] :1:1: Premature end of file.
2025-10-30 14:20:57,232 [ERROR] LogOutputStream:75 - [STDERR_REDIRECT] 
2025-10-30 14:20:58,230 [ERROR] LogOutputStream:75 - [STDERR_REDIRECT] [Fatal Error] :1:1: Premature end of file.
2025-10-30 14:20:58,232 [ERROR] LogOutputStream:75 - [STDERR_REDIRECT] 
2025-10-30 14:20:59,232 [ERROR] LogOutputStream:75 - [STDERR_REDIRECT] [Fatal Error] :1:1: Premature end of file.
2025-10-30 14:20:59,232 [ERROR] LogOutputStream:75 - [STDERR_REDIRECT] 
2025-10-30 14:21:00,232 [ERROR] LogOutputStream:75 - [STDERR_REDIRECT] [Fatal Error] :1:1: Premature end of file.
2025-10-30 14:21:00,232 [ERROR] LogOutputStream:75 - [STDERR_REDIRECT] 
2025-10-30 14:21:01,256 [ERROR] LogOutputStream:75 - [STDERR_REDIRECT] [Fatal Error] :1:1: Premature end of file.
2025-10-30 14:21:01,256 [ERROR] LogOutputStream:75 - [STDERR_REDIRECT] 
2025-10-30 14:21:02,241 [ERROR] LogOutputStream:75 - [STDERR_REDIRECT] [Fatal Error] :1:1: Premature end of file.
2025-10-30 14:21:02,241 [ERROR] LogOutputStream:75 - [STDERR_REDIRECT] 
2025-10-30 14:21:03,239 [ERROR] LogOutputStream:75 - [STDERR_REDIRECT] [Fatal Error] :1:1: Premature end of file.
2025-10-30 14:21:03,239 [ERROR] LogOutputStream:75 - [STDERR_REDIRECT] 
2025-10-30 14:21:04,233 [ERROR] LogOutputStream:75 - [STDERR_REDIRECT] [Fatal Error] :1:1: Premature end of file.
2025-10-30 14:21:04,233 [ERROR] LogOutputStream:75 - [STDERR_REDIRECT] 
2025-10-30 14:21:05,245 [ERROR] LogOutputStream:75 - [STDERR_REDIRECT] [Fatal Error] :1:1: Premature end of file.
2025-10-30 14:21:05,245 [ERROR] LogOutputStream:75 - [STDERR_REDIRECT] 
2025-10-30 14:21:06,256 [ERROR] LogOutputStream:75 - [STDERR_REDIRECT] [Fatal Error] :1:1: Premature end of file.
2025-10-30 14:21:06,256 [ERROR] LogOutputStream:75 - [STDERR_REDIRECT] 
2025-10-30 14:21:07,232 [ERROR] LogOutputStream:75 - [STDERR_REDIRECT] [Fatal Error] :1:1: Premature end of file.
2025-10-30 14:21:07,232 [ERROR] LogOutputStream:75 - [STDERR_REDIRECT] 
2025-10-30 14:21:08,238 [ERROR] LogOutputStream:75 - [STDERR_REDIRECT] [Fatal Error] :1:1: Premature end of file.
2025-10-30 14:21:08,238 [ERROR] LogOutputStream:75 - [STDERR_REDIRECT] 
2025-10-30 14:21:09,239 [ERROR] LogOutputStream:75 - [STDERR_REDIRECT] [Fatal Error] :1:1: Premature end of file.
2025-10-30 14:21:09,239 [ERROR] LogOutputStream:75 - [STDERR_REDIRECT] 
2025-10-30 14:21:10,233 [ERROR] LogOutputStream:75 - [STDERR_REDIRECT] [Fatal Error] :1:1: Premature end of file.
2025-10-30 14:21:10,233 [ERROR] LogOutputStream:75 - [STDERR_REDIRECT] 
2025-10-30 14:21:11,233 [ERROR] LogOutputStream:75 - [STDERR_REDIRECT] [Fatal Error] :1:1: Premature end of file.
2025-10-30 14:21:11,233 [ERROR] LogOutputStream:75 - [STDERR_REDIRECT] 
2025-10-30 14:21:12,237 [ERROR] LogOutputStream:75 - [STDERR_REDIRECT] [Fatal Error] :1:1: Premature end of file.
2025-10-30 14:21:12,237 [ERROR] LogOutputStream:75 - [STDERR_REDIRECT] 
2025-10-30 14:21:13,235 [ERROR] LogOutputStream:75 - [STDERR_REDIRECT] [Fatal Error] :1:1: Premature end of file.
2025-10-30 14:21:13,235 [ERROR] LogOutputStream:75 - [STDERR_REDIRECT] 
2025-10-30 14:21:14,233 [ERROR] LogOutputStream:75 - [STDERR_REDIRECT] [Fatal Error] :1:1: Premature end of file.
2025-10-30 14:21:14,233 [ERROR] LogOutputStream:75 - [STDERR_REDIRECT] 
2025-10-30 14:21:15,233 [ERROR] LogOutputStream:75 - [STDERR_REDIRECT] [Fatal Error] :1:1: Premature end of file.
2025-10-30 14:21:15,233 [ERROR] LogOutputStream:75 - [STDERR_REDIRECT] 
2025-10-30 14:21:16,233 [ERROR] LogOutputStream:75 - [STDERR_REDIRECT] [Fatal Error] :1:1: Premature end of file.
2025-10-30 14:21:16,234 [ERROR] LogOutputStream:75 - [STDERR_REDIRECT] 
2025-10-30 14:21:17,234 [ERROR] LogOutputStream:75 - [STDERR_REDIRECT] [Fatal Error] :1:1: Premature end of file.
2025-10-30 14:21:17,234 [ERROR] LogOutputStream:75 - [STDERR_REDIRECT] 
2025-10-30 14:21:18,233 [ERROR] LogOutputStream:75 - [STDERR_REDIRECT] [Fatal Error] :1:1: Premature end of file.
2025-10-30 14:21:18,233 [ERROR] LogOutputStream:75 - [STDERR_REDIRECT] 
2025-10-30 14:21:19,247 [ERROR] LogOutputStream:75 - [STDERR_REDIRECT] [Fatal Error] :1:1: Premature end of file.
2025-10-30 14:21:19,247 [ERROR] LogOutputStream:75 - [STDERR_REDIRECT] 
2025-10-30 14:21:20,234 [ERROR] LogOutputStream:75 - [STDERR_REDIRECT] [Fatal Error] :1:1: Premature end of file.
2025-10-30 14:21:20,236 [ERROR] LogOutputStream:75 - [STDERR_REDIRECT] 
2025-10-30 14:21:21,234 [ERROR] LogOutputStream:75 - [STDERR_REDIRECT] [Fatal Error] :1:1: Premature end of file.
2025-10-30 14:21:21,235 [ERROR] LogOutputStream:75 - [STDERR_REDIRECT] 
2025-10-30 14:21:22,236 [ERROR] LogOutputStream:75 - [STDERR_REDIRECT] [Fatal Error] :1:1: Premature end of file.
2025-10-30 14:21:22,239 [ERROR] LogOutputStream:75 - [STDERR_REDIRECT] 
2025-10-30 14:21:23,267 [ERROR] LogOutputStream:75 - [STDERR_REDIRECT] [Fatal Error] :1:1: Premature end of file.
2025-10-30 14:21:23,269 [ERROR] LogOutputStream:75 - [STDERR_REDIRECT] 
2025-10-30 14:21:24,240 [ERROR] LogOutputStream:75 - [STDERR_REDIRECT] [Fatal Error] :1:1: Premature end of file.
2025-10-30 14:21:24,243 [ERROR] LogOutputStream:75 - [STDERR_REDIRECT] 
2025-10-30 14:21:24,447 [INFO] UtilMem:75 - End SaveConfig() Used Memory: 452248912 Bytes (720371712)
2025-10-30 14:21:25,287 [ERROR] LogOutputStream:75 - [STDERR_REDIRECT] [Fatal Error] :1:1: Premature end of file.
2025-10-30 14:21:25,289 [ERROR] LogOutputStream:75 - [STDERR_REDIRECT] 
2025-10-30 14:21:25,575 [INFO] BlockDiagram:2775 - set Specific Code input for plugin: NVIC
2025-10-30 14:21:25,576 [INFO] BlockDiagram:2775 - set Specific Code input for plugin: GPIO
2025-10-30 14:21:25,576 [INFO] BlockDiagram:2775 - set Specific Code input for plugin: RCC
2025-10-30 14:21:25,577 [INFO] CodeGenerator:892 - code generatio: config db path: C:\ST\STM32CubeIDE_1.19.0\STM32CubeIDE\plugins\com.st.stm32cube.common.mx_6.15.0.202507011659\\db\
2025-10-30 14:21:25,975 [INFO] CodeEngine:265 - oldGeneratedFile, D:\STM32\hello\MXTmpFiles\license.tmp_save
2025-10-30 14:21:26,243 [INFO] CodeEngine:289 - Generated code: D:\STM32\hello\MXTmpFiles\license.tmp
2025-10-30 14:21:26,248 [ERROR] LogOutputStream:75 - [STDERR_REDIRECT] [Fatal Error] :1:1: Premature end of file.
2025-10-30 14:21:26,251 [ERROR] LogOutputStream:75 - [STDERR_REDIRECT] 
2025-10-30 14:21:26,334 [INFO] CodeEngine:265 - oldGeneratedFile, D:\STM32\hello\MXTmpFiles\gpio.tmp_save
2025-10-30 14:21:26,534 [INFO] CodeEngine:289 - Generated code: D:\STM32\hello\MXTmpFiles\gpio.tmp
2025-10-30 14:21:26,547 [INFO] CodeEngine:265 - oldGeneratedFile, D:\STM32\hello\Core\Src\stm32f1xx_it.c_save
2025-10-30 14:21:26,721 [INFO] CodeEngine:289 - Generated code: D:\STM32\hello\Core\Src\stm32f1xx_it.c
2025-10-30 14:21:26,728 [INFO] CodeEngine:265 - oldGeneratedFile, D:\STM32\hello\Core\Inc\stm32f1xx_it.h_save
2025-10-30 14:21:26,842 [INFO] CodeEngine:289 - Generated code: D:\STM32\hello\Core\Inc\stm32f1xx_it.h
2025-10-30 14:21:26,867 [INFO] CodeEngine:265 - oldGeneratedFile, D:\STM32\hello\Core\Src\stm32f1xx_hal_msp.c_save
2025-10-30 14:21:27,026 [INFO] CodeEngine:289 - Generated code: D:\STM32\hello\Core\Src\stm32f1xx_hal_msp.c
2025-10-30 14:21:27,032 [INFO] CodeEngine:265 - oldGeneratedFile, D:\STM32\hello\MXTmpFiles\system.tmp_save
2025-10-30 14:21:27,129 [INFO] CodeEngine:289 - Generated code: D:\STM32\hello\MXTmpFiles\system.tmp
2025-10-30 14:21:27,143 [INFO] CodeEngine:321 - oldGeneratedFile, D:\STM32\hello\Core\Inc\stm32f1xx_hal_conf.h_save
2025-10-30 14:21:27,238 [ERROR] LogOutputStream:75 - [STDERR_REDIRECT] [Fatal Error] :1:1: Premature end of file.
2025-10-30 14:21:27,240 [ERROR] LogOutputStream:75 - [STDERR_REDIRECT] 
2025-10-30 14:21:27,278 [INFO] CodeEngine:345 - Generated code: D:\STM32\hello\Core\Inc\stm32f1xx_hal_conf.h
2025-10-30 14:21:27,327 [INFO] CodeEngine:265 - oldGeneratedFile, D:\STM32\hello\Core\Inc\main.h_save
2025-10-30 14:21:27,441 [INFO] CodeEngine:289 - Generated code: D:\STM32\hello\Core\Inc\main.h
2025-10-30 14:21:27,449 [INFO] CodeEngine:265 - oldGeneratedFile, D:\STM32\hello\Core\Src\main.c_save
2025-10-30 14:21:27,600 [INFO] CodeEngine:289 - Generated code: D:\STM32\hello\Core\Src\main.c
2025-10-30 14:21:27,942 [INFO] ProjectBuilder:3606 - Time for Copy HAL[1] : 148mS.
2025-10-30 14:21:27,948 [INFO] ProjectBuilder:5216 - Project Generator version: 4.7.0-B52
2025-10-30 14:21:28,054 [INFO] ConfigFileManager:1595 - The Die is : DIE410
2025-10-30 14:21:28,310 [ERROR] LogOutputStream:75 - [STDERR_REDIRECT] [Fatal Error] :1:1: Premature end of file.
2025-10-30 14:21:28,314 [ERROR] LogOutputStream:75 - [STDERR_REDIRECT] 
2025-10-30 14:21:29,243 [ERROR] LogOutputStream:75 - [STDERR_REDIRECT] [Fatal Error] :1:1: Premature end of file.
2025-10-30 14:21:29,246 [ERROR] LogOutputStream:75 - [STDERR_REDIRECT] 
2025-10-30 14:21:29,435 [INFO] ProjectBuilder:5496 - Time for Generating toolchain IDE Files: 1488mS.
2025-10-30 14:21:29,436 [INFO] ProjectBuilder:3463 - Time for Copy CMSIS : 1mS.
2025-10-30 14:21:29,438 [INFO] ProjectBuilder:3463 - Time for Copy CMSIS : 0mS.
2025-10-30 14:21:30,235 [ERROR] LogOutputStream:75 - [STDERR_REDIRECT] [Fatal Error] :1:1: Premature end of file.
2025-10-30 14:21:30,237 [ERROR] LogOutputStream:75 - [STDERR_REDIRECT] 
2025-10-30 14:21:31,235 [ERROR] LogOutputStream:75 - [STDERR_REDIRECT] [Fatal Error] :1:1: Premature end of file.
2025-10-30 14:21:31,237 [ERROR] LogOutputStream:75 - [STDERR_REDIRECT] 
2025-10-30 14:21:32,235 [ERROR] LogOutputStream:75 - [STDERR_REDIRECT] [Fatal Error] :1:1: Premature end of file.
2025-10-30 14:21:32,237 [ERROR] LogOutputStream:75 - [STDERR_REDIRECT] 
2025-10-30 14:21:33,235 [ERROR] LogOutputStream:75 - [STDERR_REDIRECT] [Fatal Error] :1:1: Premature end of file.
2025-10-30 14:21:33,237 [ERROR] LogOutputStream:75 - [STDERR_REDIRECT] 
2025-10-30 14:21:34,238 [ERROR] LogOutputStream:75 - [STDERR_REDIRECT] [Fatal Error] :1:1: Premature end of file.
2025-10-30 14:21:34,238 [ERROR] LogOutputStream:75 - [STDERR_REDIRECT] 
2025-10-30 14:21:35,233 [ERROR] LogOutputStream:75 - [STDERR_REDIRECT] [Fatal Error] :1:1: Premature end of file.
2025-10-30 14:21:35,233 [ERROR] LogOutputStream:75 - [STDERR_REDIRECT] 
2025-10-30 14:21:36,231 [ERROR] LogOutputStream:75 - [STDERR_REDIRECT] [Fatal Error] :1:1: Premature end of file.
2025-10-30 14:21:36,231 [ERROR] LogOutputStream:75 - [STDERR_REDIRECT] 
2025-10-30 14:21:37,234 [ERROR] LogOutputStream:75 - [STDERR_REDIRECT] [Fatal Error] :1:1: Premature end of file.
2025-10-30 14:21:37,235 [ERROR] LogOutputStream:75 - [STDERR_REDIRECT] 
2025-10-30 14:21:38,234 [ERROR] LogOutputStream:75 - [STDERR_REDIRECT] [Fatal Error] :1:1: Premature end of file.
2025-10-30 14:21:38,234 [ERROR] LogOutputStream:75 - [STDERR_REDIRECT] 
2025-10-30 14:21:39,236 [ERROR] LogOutputStream:75 - [STDERR_REDIRECT] [Fatal Error] :1:1: Premature end of file.
2025-10-30 14:21:39,237 [ERROR] LogOutputStream:75 - [STDERR_REDIRECT] 
2025-10-30 14:21:40,244 [ERROR] LogOutputStream:75 - [STDERR_REDIRECT] [Fatal Error] :1:1: Premature end of file.
2025-10-30 14:21:40,244 [ERROR] LogOutputStream:75 - [STDERR_REDIRECT] 
2025-10-30 14:21:41,235 [ERROR] LogOutputStream:75 - [STDERR_REDIRECT] [Fatal Error] :1:1: Premature end of file.
2025-10-30 14:21:41,235 [ERROR] LogOutputStream:75 - [STDERR_REDIRECT] 
2025-10-30 14:21:42,238 [ERROR] LogOutputStream:75 - [STDERR_REDIRECT] [Fatal Error] :1:1: Premature end of file.
2025-10-30 14:21:42,238 [ERROR] LogOutputStream:75 - [STDERR_REDIRECT] 
2025-10-30 14:21:43,234 [ERROR] LogOutputStream:75 - [STDERR_REDIRECT] [Fatal Error] :1:1: Premature end of file.
2025-10-30 14:21:43,234 [ERROR] LogOutputStream:75 - [STDERR_REDIRECT] 
2025-10-30 14:21:44,234 [ERROR] LogOutputStream:75 - [STDERR_REDIRECT] [Fatal Error] :1:1: Premature end of file.
2025-10-30 14:21:44,234 [ERROR] LogOutputStream:75 - [STDERR_REDIRECT] 
2025-10-30 14:21:45,234 [ERROR] LogOutputStream:75 - [STDERR_REDIRECT] [Fatal Error] :1:1: Premature end of file.
2025-10-30 14:21:45,234 [ERROR] LogOutputStream:75 - [STDERR_REDIRECT] 
2025-10-30 14:21:46,235 [ERROR] LogOutputStream:75 - [STDERR_REDIRECT] [Fatal Error] :1:1: Premature end of file.
2025-10-30 14:21:46,235 [ERROR] LogOutputStream:75 - [STDERR_REDIRECT] 
2025-10-30 14:21:47,234 [ERROR] LogOutputStream:75 - [STDERR_REDIRECT] [Fatal Error] :1:1: Premature end of file.
2025-10-30 14:21:47,234 [ERROR] LogOutputStream:75 - [STDERR_REDIRECT] 
2025-10-30 14:21:48,233 [ERROR] LogOutputStream:75 - [STDERR_REDIRECT] [Fatal Error] :1:1: Premature end of file.
2025-10-30 14:21:48,233 [ERROR] LogOutputStream:75 - [STDERR_REDIRECT] 
2025-10-30 14:21:49,233 [ERROR] LogOutputStream:75 - [STDERR_REDIRECT] [Fatal Error] :1:1: Premature end of file.
2025-10-30 14:21:49,233 [ERROR] LogOutputStream:75 - [STDERR_REDIRECT] 
2025-10-30 14:21:50,233 [ERROR] LogOutputStream:75 - [STDERR_REDIRECT] [Fatal Error] :1:1: Premature end of file.
2025-10-30 14:21:50,233 [ERROR] LogOutputStream:75 - [STDERR_REDIRECT] 
2025-10-30 14:21:51,234 [ERROR] LogOutputStream:75 - [STDERR_REDIRECT] [Fatal Error] :1:1: Premature end of file.
2025-10-30 14:21:51,234 [ERROR] LogOutputStream:75 - [STDERR_REDIRECT] 
2025-10-30 14:21:52,233 [ERROR] LogOutputStream:75 - [STDERR_REDIRECT] [Fatal Error] :1:1: Premature end of file.
2025-10-30 14:21:52,233 [ERROR] LogOutputStream:75 - [STDERR_REDIRECT] 
2025-10-30 14:21:53,240 [ERROR] LogOutputStream:75 - [STDERR_REDIRECT] [Fatal Error] :1:1: Premature end of file.
2025-10-30 14:21:53,240 [ERROR] LogOutputStream:75 - [STDERR_REDIRECT] 
2025-10-30 14:21:54,237 [ERROR] LogOutputStream:75 - [STDERR_REDIRECT] [Fatal Error] :1:1: Premature end of file.
2025-10-30 14:21:54,238 [ERROR] LogOutputStream:75 - [STDERR_REDIRECT] 
2025-10-30 14:21:55,233 [ERROR] LogOutputStream:75 - [STDERR_REDIRECT] [Fatal Error] :1:1: Premature end of file.
2025-10-30 14:21:55,234 [ERROR] LogOutputStream:75 - [STDERR_REDIRECT] 
2025-10-30 14:21:56,236 [ERROR] LogOutputStream:75 - [STDERR_REDIRECT] [Fatal Error] :1:1: Premature end of file.
2025-10-30 14:21:56,238 [ERROR] LogOutputStream:75 - [STDERR_REDIRECT] 
2025-10-30 14:21:57,248 [ERROR] LogOutputStream:75 - [STDERR_REDIRECT] [Fatal Error] :1:1: Premature end of file.
2025-10-30 14:21:57,248 [ERROR] LogOutputStream:75 - [STDERR_REDIRECT] 
2025-10-30 14:21:58,240 [ERROR] LogOutputStream:75 - [STDERR_REDIRECT] [Fatal Error] :1:1: Premature end of file.
2025-10-30 14:21:58,240 [ERROR] LogOutputStream:75 - [STDERR_REDIRECT] 
2025-10-30 14:21:59,253 [ERROR] LogOutputStream:75 - [STDERR_REDIRECT] [Fatal Error] :1:1: Premature end of file.
2025-10-30 14:21:59,253 [ERROR] LogOutputStream:75 - [STDERR_REDIRECT] 
2025-10-30 14:22:00,238 [ERROR] LogOutputStream:75 - [STDERR_REDIRECT] [Fatal Error] :1:1: Premature end of file.
2025-10-30 14:22:00,238 [ERROR] LogOutputStream:75 - [STDERR_REDIRECT] 
2025-10-30 14:22:01,305 [ERROR] LogOutputStream:75 - [STDERR_REDIRECT] [Fatal Error] :1:1: Premature end of file.
2025-10-30 14:22:01,305 [ERROR] LogOutputStream:75 - [STDERR_REDIRECT] 
2025-10-30 14:22:02,249 [ERROR] LogOutputStream:75 - [STDERR_REDIRECT] [Fatal Error] :1:1: Premature end of file.
2025-10-30 14:22:02,250 [ERROR] LogOutputStream:75 - [STDERR_REDIRECT] 
2025-10-30 14:22:03,235 [ERROR] LogOutputStream:75 - [STDERR_REDIRECT] [Fatal Error] :1:1: Premature end of file.
2025-10-30 14:22:03,235 [ERROR] LogOutputStream:75 - [STDERR_REDIRECT] 
2025-10-30 14:22:04,232 [ERROR] LogOutputStream:75 - [STDERR_REDIRECT] [Fatal Error] :1:1: Premature end of file.
2025-10-30 14:22:04,232 [ERROR] LogOutputStream:75 - [STDERR_REDIRECT] 
2025-10-30 14:22:05,232 [ERROR] LogOutputStream:75 - [STDERR_REDIRECT] [Fatal Error] :1:1: Premature end of file.
2025-10-30 14:22:05,232 [ERROR] LogOutputStream:75 - [STDERR_REDIRECT] 
2025-10-30 14:22:06,232 [ERROR] LogOutputStream:75 - [STDERR_REDIRECT] [Fatal Error] :1:1: Premature end of file.
2025-10-30 14:22:06,232 [ERROR] LogOutputStream:75 - [STDERR_REDIRECT] 
2025-10-30 14:22:07,234 [ERROR] LogOutputStream:75 - [STDERR_REDIRECT] [Fatal Error] :1:1: Premature end of file.
2025-10-30 14:22:07,234 [ERROR] LogOutputStream:75 - [STDERR_REDIRECT] 
2025-10-30 14:22:08,232 [ERROR] LogOutputStream:75 - [STDERR_REDIRECT] [Fatal Error] :1:1: Premature end of file.
2025-10-30 14:22:08,232 [ERROR] LogOutputStream:75 - [STDERR_REDIRECT] 
2025-10-30 14:22:09,233 [ERROR] LogOutputStream:75 - [STDERR_REDIRECT] [Fatal Error] :1:1: Premature end of file.
2025-10-30 14:22:09,233 [ERROR] LogOutputStream:75 - [STDERR_REDIRECT] 
2025-10-30 14:22:10,234 [ERROR] LogOutputStream:75 - [STDERR_REDIRECT] [Fatal Error] :1:1: Premature end of file.
2025-10-30 14:22:10,235 [ERROR] LogOutputStream:75 - [STDERR_REDIRECT] 
2025-10-30 14:22:11,235 [ERROR] LogOutputStream:75 - [STDERR_REDIRECT] [Fatal Error] :1:1: Premature end of file.
2025-10-30 14:22:11,235 [ERROR] LogOutputStream:75 - [STDERR_REDIRECT] 
2025-10-30 14:22:12,235 [ERROR] LogOutputStream:75 - [STDERR_REDIRECT] [Fatal Error] :1:1: Premature end of file.
2025-10-30 14:22:12,235 [ERROR] LogOutputStream:75 - [STDERR_REDIRECT] 
2025-10-30 14:22:13,233 [ERROR] LogOutputStream:75 - [STDERR_REDIRECT] [Fatal Error] :1:1: Premature end of file.
2025-10-30 14:22:13,234 [ERROR] LogOutputStream:75 - [STDERR_REDIRECT] 
2025-10-30 14:22:14,234 [ERROR] LogOutputStream:75 - [STDERR_REDIRECT] [Fatal Error] :1:1: Premature end of file.
2025-10-30 14:22:14,234 [ERROR] LogOutputStream:75 - [STDERR_REDIRECT] 
2025-10-30 14:22:15,232 [ERROR] LogOutputStream:75 - [STDERR_REDIRECT] [Fatal Error] :1:1: Premature end of file.
2025-10-30 14:22:15,232 [ERROR] LogOutputStream:75 - [STDERR_REDIRECT] 
2025-10-30 14:22:16,233 [ERROR] LogOutputStream:75 - [STDERR_REDIRECT] [Fatal Error] :1:1: Premature end of file.
2025-10-30 14:22:16,235 [ERROR] LogOutputStream:75 - [STDERR_REDIRECT] 
2025-10-30 14:22:17,232 [ERROR] LogOutputStream:75 - [STDERR_REDIRECT] [Fatal Error] :1:1: Premature end of file.
2025-10-30 14:22:17,232 [ERROR] LogOutputStream:75 - [STDERR_REDIRECT] 
2025-10-30 14:22:18,234 [ERROR] LogOutputStream:75 - [STDERR_REDIRECT] [Fatal Error] :1:1: Premature end of file.
2025-10-30 14:22:18,234 [ERROR] LogOutputStream:75 - [STDERR_REDIRECT] 
2025-10-30 14:22:19,235 [ERROR] LogOutputStream:75 - [STDERR_REDIRECT] [Fatal Error] :1:1: Premature end of file.
2025-10-30 14:22:19,236 [ERROR] LogOutputStream:75 - [STDERR_REDIRECT] 
2025-10-30 14:22:20,234 [ERROR] LogOutputStream:75 - [STDERR_REDIRECT] [Fatal Error] :1:1: Premature end of file.
2025-10-30 14:22:20,234 [ERROR] LogOutputStream:75 - [STDERR_REDIRECT] 
2025-10-30 14:22:21,234 [ERROR] LogOutputStream:75 - [STDERR_REDIRECT] [Fatal Error] :1:1: Premature end of file.
2025-10-30 14:22:21,234 [ERROR] LogOutputStream:75 - [STDERR_REDIRECT] 
2025-10-30 14:22:22,234 [ERROR] LogOutputStream:75 - [STDERR_REDIRECT] [Fatal Error] :1:1: Premature end of file.
2025-10-30 14:22:22,235 [ERROR] LogOutputStream:75 - [STDERR_REDIRECT] 
2025-10-30 14:22:23,234 [ERROR] LogOutputStream:75 - [STDERR_REDIRECT] [Fatal Error] :1:1: Premature end of file.
2025-10-30 14:22:23,234 [ERROR] LogOutputStream:75 - [STDERR_REDIRECT] 
2025-10-30 14:22:24,235 [ERROR] LogOutputStream:75 - [STDERR_REDIRECT] [Fatal Error] :1:1: Premature end of file.
2025-10-30 14:22:24,235 [ERROR] LogOutputStream:75 - [STDERR_REDIRECT] 
2025-10-30 14:22:25,235 [ERROR] LogOutputStream:75 - [STDERR_REDIRECT] [Fatal Error] :1:1: Premature end of file.
2025-10-30 14:22:25,235 [ERROR] LogOutputStream:75 - [STDERR_REDIRECT] 
2025-10-30 14:22:26,233 [ERROR] LogOutputStream:75 - [STDERR_REDIRECT] [Fatal Error] :1:1: Premature end of file.
2025-10-30 14:22:26,233 [ERROR] LogOutputStream:75 - [STDERR_REDIRECT] 
2025-10-30 14:22:27,233 [ERROR] LogOutputStream:75 - [STDERR_REDIRECT] [Fatal Error] :1:1: Premature end of file.
2025-10-30 14:22:27,233 [ERROR] LogOutputStream:75 - [STDERR_REDIRECT] 
2025-10-30 14:22:28,234 [ERROR] LogOutputStream:75 - [STDERR_REDIRECT] [Fatal Error] :1:1: Premature end of file.
2025-10-30 14:22:28,235 [ERROR] LogOutputStream:75 - [STDERR_REDIRECT] 
2025-10-30 14:22:29,232 [ERROR] LogOutputStream:75 - [STDERR_REDIRECT] [Fatal Error] :1:1: Premature end of file.
2025-10-30 14:22:29,232 [ERROR] LogOutputStream:75 - [STDERR_REDIRECT] 
2025-10-30 14:22:30,234 [ERROR] LogOutputStream:75 - [STDERR_REDIRECT] [Fatal Error] :1:1: Premature end of file.
2025-10-30 14:22:30,234 [ERROR] LogOutputStream:75 - [STDERR_REDIRECT] 
2025-10-30 14:22:31,232 [ERROR] LogOutputStream:75 - [STDERR_REDIRECT] [Fatal Error] :1:1: Premature end of file.
2025-10-30 14:22:31,233 [ERROR] LogOutputStream:75 - [STDERR_REDIRECT] 
2025-10-30 14:22:32,235 [ERROR] LogOutputStream:75 - [STDERR_REDIRECT] [Fatal Error] :1:1: Premature end of file.
2025-10-30 14:22:32,235 [ERROR] LogOutputStream:75 - [STDERR_REDIRECT] 
2025-10-30 14:22:33,232 [ERROR] LogOutputStream:75 - [STDERR_REDIRECT] [Fatal Error] :1:1: Premature end of file.
2025-10-30 14:22:33,232 [ERROR] LogOutputStream:75 - [STDERR_REDIRECT] 
2025-10-30 14:22:34,236 [ERROR] LogOutputStream:75 - [STDERR_REDIRECT] [Fatal Error] :1:1: Premature end of file.
2025-10-30 14:22:34,236 [ERROR] LogOutputStream:75 - [STDERR_REDIRECT] 
2025-10-30 14:22:35,234 [ERROR] LogOutputStream:75 - [STDERR_REDIRECT] [Fatal Error] :1:1: Premature end of file.
2025-10-30 14:22:35,234 [ERROR] LogOutputStream:75 - [STDERR_REDIRECT] 
2025-10-30 14:22:36,235 [ERROR] LogOutputStream:75 - [STDERR_REDIRECT] [Fatal Error] :1:1: Premature end of file.
2025-10-30 14:22:36,236 [ERROR] LogOutputStream:75 - [STDERR_REDIRECT] 
2025-10-30 14:22:37,231 [ERROR] LogOutputStream:75 - [STDERR_REDIRECT] [Fatal Error] :1:1: Premature end of file.
2025-10-30 14:22:37,231 [ERROR] LogOutputStream:75 - [STDERR_REDIRECT] 
2025-10-30 14:22:38,235 [ERROR] LogOutputStream:75 - [STDERR_REDIRECT] [Fatal Error] :1:1: Premature end of file.
2025-10-30 14:22:38,235 [ERROR] LogOutputStream:75 - [STDERR_REDIRECT] 
2025-10-30 14:22:39,232 [ERROR] LogOutputStream:75 - [STDERR_REDIRECT] [Fatal Error] :1:1: Premature end of file.
2025-10-30 14:22:39,232 [ERROR] LogOutputStream:75 - [STDERR_REDIRECT] 
2025-10-30 14:22:40,234 [ERROR] LogOutputStream:75 - [STDERR_REDIRECT] [Fatal Error] :1:1: Premature end of file.
2025-10-30 14:22:40,234 [ERROR] LogOutputStream:75 - [STDERR_REDIRECT] 
2025-10-30 14:22:41,234 [ERROR] LogOutputStream:75 - [STDERR_REDIRECT] [Fatal Error] :1:1: Premature end of file.
2025-10-30 14:22:41,235 [ERROR] LogOutputStream:75 - [STDERR_REDIRECT] 
2025-10-30 14:22:42,233 [ERROR] LogOutputStream:75 - [STDERR_REDIRECT] [Fatal Error] :1:1: Premature end of file.
2025-10-30 14:22:42,234 [ERROR] LogOutputStream:75 - [STDERR_REDIRECT] 
2025-10-30 14:22:43,232 [ERROR] LogOutputStream:75 - [STDERR_REDIRECT] [Fatal Error] :1:1: Premature end of file.
2025-10-30 14:22:43,233 [ERROR] LogOutputStream:75 - [STDERR_REDIRECT] 
2025-10-30 14:22:44,234 [ERROR] LogOutputStream:75 - [STDERR_REDIRECT] [Fatal Error] :1:1: Premature end of file.
2025-10-30 14:22:44,234 [ERROR] LogOutputStream:75 - [STDERR_REDIRECT] 
2025-10-30 14:22:45,232 [ERROR] LogOutputStream:75 - [STDERR_REDIRECT] [Fatal Error] :1:1: Premature end of file.
2025-10-30 14:22:45,232 [ERROR] LogOutputStream:75 - [STDERR_REDIRECT] 
2025-10-30 14:22:46,234 [ERROR] LogOutputStream:75 - [STDERR_REDIRECT] [Fatal Error] :1:1: Premature end of file.
2025-10-30 14:22:46,234 [ERROR] LogOutputStream:75 - [STDERR_REDIRECT] 
2025-10-30 14:22:47,236 [ERROR] LogOutputStream:75 - [STDERR_REDIRECT] [Fatal Error] :1:1: Premature end of file.
2025-10-30 14:22:47,236 [ERROR] LogOutputStream:75 - [STDERR_REDIRECT] 
2025-10-30 14:22:48,236 [ERROR] LogOutputStream:75 - [STDERR_REDIRECT] [Fatal Error] :1:1: Premature end of file.
2025-10-30 14:22:48,236 [ERROR] LogOutputStream:75 - [STDERR_REDIRECT] 
2025-10-30 14:22:49,236 [ERROR] LogOutputStream:75 - [STDERR_REDIRECT] [Fatal Error] :1:1: Premature end of file.
2025-10-30 14:22:49,236 [ERROR] LogOutputStream:75 - [STDERR_REDIRECT] 
2025-10-30 14:22:50,233 [ERROR] LogOutputStream:75 - [STDERR_REDIRECT] [Fatal Error] :1:1: Premature end of file.
2025-10-30 14:22:50,233 [ERROR] LogOutputStream:75 - [STDERR_REDIRECT] 
2025-10-30 14:22:51,233 [ERROR] LogOutputStream:75 - [STDERR_REDIRECT] [Fatal Error] :1:1: Premature end of file.
2025-10-30 14:22:51,233 [ERROR] LogOutputStream:75 - [STDERR_REDIRECT] 
2025-10-30 14:22:52,233 [ERROR] LogOutputStream:75 - [STDERR_REDIRECT] [Fatal Error] :1:1: Premature end of file.
2025-10-30 14:22:52,233 [ERROR] LogOutputStream:75 - [STDERR_REDIRECT] 
2025-10-30 14:22:53,235 [ERROR] LogOutputStream:75 - [STDERR_REDIRECT] [Fatal Error] :1:1: Premature end of file.
2025-10-30 14:22:53,235 [ERROR] LogOutputStream:75 - [STDERR_REDIRECT] 
2025-10-30 14:22:54,234 [ERROR] LogOutputStream:75 - [STDERR_REDIRECT] [Fatal Error] :1:1: Premature end of file.
2025-10-30 14:22:54,234 [ERROR] LogOutputStream:75 - [STDERR_REDIRECT] 
2025-10-30 14:22:55,235 [ERROR] LogOutputStream:75 - [STDERR_REDIRECT] [Fatal Error] :1:1: Premature end of file.
2025-10-30 14:22:55,235 [ERROR] LogOutputStream:75 - [STDERR_REDIRECT] 
2025-10-30 14:22:56,233 [ERROR] LogOutputStream:75 - [STDERR_REDIRECT] [Fatal Error] :1:1: Premature end of file.
2025-10-30 14:22:56,235 [ERROR] LogOutputStream:75 - [STDERR_REDIRECT] 
2025-10-30 14:22:57,235 [ERROR] LogOutputStream:75 - [STDERR_REDIRECT] [Fatal Error] :1:1: Premature end of file.
2025-10-30 14:22:57,235 [ERROR] LogOutputStream:75 - [STDERR_REDIRECT] 
2025-10-30 14:22:58,235 [ERROR] LogOutputStream:75 - [STDERR_REDIRECT] [Fatal Error] :1:1: Premature end of file.
2025-10-30 14:22:58,235 [ERROR] LogOutputStream:75 - [STDERR_REDIRECT] 
2025-10-30 14:22:59,234 [ERROR] LogOutputStream:75 - [STDERR_REDIRECT] [Fatal Error] :1:1: Premature end of file.
2025-10-30 14:22:59,234 [ERROR] LogOutputStream:75 - [STDERR_REDIRECT] 
2025-10-30 14:23:00,235 [ERROR] LogOutputStream:75 - [STDERR_REDIRECT] [Fatal Error] :1:1: Premature end of file.
2025-10-30 14:23:00,236 [ERROR] LogOutputStream:75 - [STDERR_REDIRECT] 
2025-10-30 14:23:01,233 [ERROR] LogOutputStream:75 - [STDERR_REDIRECT] [Fatal Error] :1:1: Premature end of file.
2025-10-30 14:23:01,233 [ERROR] LogOutputStream:75 - [STDERR_REDIRECT] 
2025-10-30 14:23:02,235 [ERROR] LogOutputStream:75 - [STDERR_REDIRECT] [Fatal Error] :1:1: Premature end of file.
2025-10-30 14:23:02,235 [ERROR] LogOutputStream:75 - [STDERR_REDIRECT] 
2025-10-30 14:23:03,236 [ERROR] LogOutputStream:75 - [STDERR_REDIRECT] [Fatal Error] :1:1: Premature end of file.
2025-10-30 14:23:03,236 [ERROR] LogOutputStream:75 - [STDERR_REDIRECT] 
2025-10-30 14:23:04,232 [ERROR] LogOutputStream:75 - [STDERR_REDIRECT] [Fatal Error] :1:1: Premature end of file.
2025-10-30 14:23:04,232 [ERROR] LogOutputStream:75 - [STDERR_REDIRECT] 
2025-10-30 14:23:05,235 [ERROR] LogOutputStream:75 - [STDERR_REDIRECT] [Fatal Error] :1:1: Premature end of file.
2025-10-30 14:23:05,235 [ERROR] LogOutputStream:75 - [STDERR_REDIRECT] 
2025-10-30 14:23:06,234 [ERROR] LogOutputStream:75 - [STDERR_REDIRECT] [Fatal Error] :1:1: Premature end of file.
2025-10-30 14:23:06,234 [ERROR] LogOutputStream:75 - [STDERR_REDIRECT] 
2025-10-30 14:23:07,243 [ERROR] LogOutputStream:75 - [STDERR_REDIRECT] [Fatal Error] :1:1: Premature end of file.
2025-10-30 14:23:07,243 [ERROR] LogOutputStream:75 - [STDERR_REDIRECT] 
2025-10-30 14:23:08,235 [ERROR] LogOutputStream:75 - [STDERR_REDIRECT] [Fatal Error] :1:1: Premature end of file.
2025-10-30 14:23:08,235 [ERROR] LogOutputStream:75 - [STDERR_REDIRECT] 
2025-10-30 14:23:09,233 [ERROR] LogOutputStream:75 - [STDERR_REDIRECT] [Fatal Error] :1:1: Premature end of file.
2025-10-30 14:23:09,233 [ERROR] LogOutputStream:75 - [STDERR_REDIRECT] 
2025-10-30 14:23:10,237 [ERROR] LogOutputStream:75 - [STDERR_REDIRECT] [Fatal Error] :1:1: Premature end of file.
2025-10-30 14:23:10,237 [ERROR] LogOutputStream:75 - [STDERR_REDIRECT] 
2025-10-30 14:23:11,244 [ERROR] LogOutputStream:75 - [STDERR_REDIRECT] [Fatal Error] :1:1: Premature end of file.
2025-10-30 14:23:11,244 [ERROR] LogOutputStream:75 - [STDERR_REDIRECT] 
2025-10-30 14:23:12,233 [ERROR] LogOutputStream:75 - [STDERR_REDIRECT] [Fatal Error] :1:1: Premature end of file.
2025-10-30 14:23:12,233 [ERROR] LogOutputStream:75 - [STDERR_REDIRECT] 
2025-10-30 14:23:13,241 [ERROR] LogOutputStream:75 - [STDERR_REDIRECT] [Fatal Error] :1:1: Premature end of file.
2025-10-30 14:23:13,241 [ERROR] LogOutputStream:75 - [STDERR_REDIRECT] 
2025-10-30 14:23:14,235 [ERROR] LogOutputStream:75 - [STDERR_REDIRECT] [Fatal Error] :1:1: Premature end of file.
2025-10-30 14:23:14,235 [ERROR] LogOutputStream:75 - [STDERR_REDIRECT] 
2025-10-30 14:23:15,235 [ERROR] LogOutputStream:75 - [STDERR_REDIRECT] [Fatal Error] :1:1: Premature end of file.
2025-10-30 14:23:15,235 [ERROR] LogOutputStream:75 - [STDERR_REDIRECT] 
2025-10-30 14:23:16,238 [ERROR] LogOutputStream:75 - [STDERR_REDIRECT] [Fatal Error] :1:1: Premature end of file.
2025-10-30 14:23:16,239 [ERROR] LogOutputStream:75 - [STDERR_REDIRECT] 
2025-10-30 14:23:17,238 [ERROR] LogOutputStream:75 - [STDERR_REDIRECT] [Fatal Error] :1:1: Premature end of file.
2025-10-30 14:23:17,238 [ERROR] LogOutputStream:75 - [STDERR_REDIRECT] 
2025-10-30 14:23:18,241 [ERROR] LogOutputStream:75 - [STDERR_REDIRECT] [Fatal Error] :1:1: Premature end of file.
2025-10-30 14:23:18,242 [ERROR] LogOutputStream:75 - [STDERR_REDIRECT] 
2025-10-30 14:23:19,239 [ERROR] LogOutputStream:75 - [STDERR_REDIRECT] [Fatal Error] :1:1: Premature end of file.
2025-10-30 14:23:19,240 [ERROR] LogOutputStream:75 - [STDERR_REDIRECT] 
2025-10-30 14:23:20,243 [ERROR] LogOutputStream:75 - [STDERR_REDIRECT] [Fatal Error] :1:1: Premature end of file.
2025-10-30 14:23:20,245 [ERROR] LogOutputStream:75 - [STDERR_REDIRECT] 
2025-10-30 14:23:21,238 [ERROR] LogOutputStream:75 - [STDERR_REDIRECT] [Fatal Error] :1:1: Premature end of file.
2025-10-30 14:23:21,239 [ERROR] LogOutputStream:75 - [STDERR_REDIRECT] 
2025-10-30 14:23:22,241 [ERROR] LogOutputStream:75 - [STDERR_REDIRECT] [Fatal Error] :1:1: Premature end of file.
2025-10-30 14:23:22,242 [ERROR] LogOutputStream:75 - [STDERR_REDIRECT] 
2025-10-30 14:23:23,234 [ERROR] LogOutputStream:75 - [STDERR_REDIRECT] [Fatal Error] :1:1: Premature end of file.
2025-10-30 14:23:23,234 [ERROR] LogOutputStream:75 - [STDERR_REDIRECT] 
2025-10-30 14:23:24,232 [ERROR] LogOutputStream:75 - [STDERR_REDIRECT] [Fatal Error] :1:1: Premature end of file.
2025-10-30 14:23:24,232 [ERROR] LogOutputStream:75 - [STDERR_REDIRECT] 
2025-10-30 14:23:25,233 [ERROR] LogOutputStream:75 - [STDERR_REDIRECT] [Fatal Error] :1:1: Premature end of file.
2025-10-30 14:23:25,233 [ERROR] LogOutputStream:75 - [STDERR_REDIRECT] 
2025-10-30 14:23:26,232 [ERROR] LogOutputStream:75 - [STDERR_REDIRECT] [Fatal Error] :1:1: Premature end of file.
2025-10-30 14:23:26,232 [ERROR] LogOutputStream:75 - [STDERR_REDIRECT] 
2025-10-30 14:23:27,235 [ERROR] LogOutputStream:75 - [STDERR_REDIRECT] [Fatal Error] :1:1: Premature end of file.
2025-10-30 14:23:27,235 [ERROR] LogOutputStream:75 - [STDERR_REDIRECT] 
2025-10-30 14:23:28,232 [ERROR] LogOutputStream:75 - [STDERR_REDIRECT] [Fatal Error] :1:1: Premature end of file.
2025-10-30 14:23:28,232 [ERROR] LogOutputStream:75 - [STDERR_REDIRECT] 
2025-10-30 14:23:29,233 [ERROR] LogOutputStream:75 - [STDERR_REDIRECT] [Fatal Error] :1:1: Premature end of file.
2025-10-30 14:23:29,233 [ERROR] LogOutputStream:75 - [STDERR_REDIRECT] 
2025-10-30 14:23:30,238 [ERROR] LogOutputStream:75 - [STDERR_REDIRECT] [Fatal Error] :1:1: Premature end of file.
2025-10-30 14:23:30,238 [ERROR] LogOutputStream:75 - [STDERR_REDIRECT] 
2025-10-30 14:23:31,233 [ERROR] LogOutputStream:75 - [STDERR_REDIRECT] [Fatal Error] :1:1: Premature end of file.
2025-10-30 14:23:31,233 [ERROR] LogOutputStream:75 - [STDERR_REDIRECT] 
2025-10-30 14:23:32,237 [ERROR] LogOutputStream:75 - [STDERR_REDIRECT] [Fatal Error] :1:1: Premature end of file.
2025-10-30 14:23:32,237 [ERROR] LogOutputStream:75 - [STDERR_REDIRECT] 
2025-10-30 14:23:33,253 [ERROR] LogOutputStream:75 - [STDERR_REDIRECT] [Fatal Error] :1:1: Premature end of file.
2025-10-30 14:23:33,253 [ERROR] LogOutputStream:75 - [STDERR_REDIRECT] 
2025-10-30 14:23:34,232 [ERROR] LogOutputStream:75 - [STDERR_REDIRECT] [Fatal Error] :1:1: Premature end of file.
2025-10-30 14:23:34,233 [ERROR] LogOutputStream:75 - [STDERR_REDIRECT] 
2025-10-30 14:23:35,236 [ERROR] LogOutputStream:75 - [STDERR_REDIRECT] [Fatal Error] :1:1: Premature end of file.
2025-10-30 14:23:35,236 [ERROR] LogOutputStream:75 - [STDERR_REDIRECT] 
2025-10-30 14:23:36,234 [ERROR] LogOutputStream:75 - [STDERR_REDIRECT] [Fatal Error] :1:1: Premature end of file.
2025-10-30 14:23:36,234 [ERROR] LogOutputStream:75 - [STDERR_REDIRECT] 
2025-10-30 14:23:37,232 [ERROR] LogOutputStream:75 - [STDERR_REDIRECT] [Fatal Error] :1:1: Premature end of file.
2025-10-30 14:23:37,232 [ERROR] LogOutputStream:75 - [STDERR_REDIRECT] 
2025-10-30 14:23:38,469 [ERROR] LogOutputStream:75 - [STDERR_REDIRECT] [Fatal Error] :1:1: Premature end of file.
2025-10-30 14:23:38,469 [ERROR] LogOutputStream:75 - [STDERR_REDIRECT] 
2025-10-30 14:23:39,252 [ERROR] LogOutputStream:75 - [STDERR_REDIRECT] [Fatal Error] :1:1: Premature end of file.
2025-10-30 14:23:39,252 [ERROR] LogOutputStream:75 - [STDERR_REDIRECT] 
2025-10-30 14:23:40,235 [ERROR] LogOutputStream:75 - [STDERR_REDIRECT] [Fatal Error] :1:1: Premature end of file.
2025-10-30 14:23:40,235 [ERROR] LogOutputStream:75 - [STDERR_REDIRECT] 
2025-10-30 14:23:41,456 [ERROR] LogOutputStream:75 - [STDERR_REDIRECT] [Fatal Error] :1:1: Premature end of file.
2025-10-30 14:23:41,456 [ERROR] LogOutputStream:75 - [STDERR_REDIRECT] 
2025-10-30 14:23:42,232 [ERROR] LogOutputStream:75 - [STDERR_REDIRECT] [Fatal Error] :1:1: Premature end of file.
2025-10-30 14:23:42,232 [ERROR] LogOutputStream:75 - [STDERR_REDIRECT] 
2025-10-30 14:23:43,236 [ERROR] LogOutputStream:75 - [STDERR_REDIRECT] [Fatal Error] :1:1: Premature end of file.
2025-10-30 14:23:43,236 [ERROR] LogOutputStream:75 - [STDERR_REDIRECT] 
2025-10-30 14:23:44,262 [ERROR] LogOutputStream:75 - [STDERR_REDIRECT] [Fatal Error] :1:1: Premature end of file.
2025-10-30 14:23:44,262 [ERROR] LogOutputStream:75 - [STDERR_REDIRECT] 
2025-10-30 14:23:45,239 [ERROR] LogOutputStream:75 - [STDERR_REDIRECT] [Fatal Error] :1:1: Premature end of file.
2025-10-30 14:23:45,240 [ERROR] LogOutputStream:75 - [STDERR_REDIRECT] 
2025-10-30 14:23:46,235 [ERROR] LogOutputStream:75 - [STDERR_REDIRECT] [Fatal Error] :1:1: Premature end of file.
2025-10-30 14:23:46,235 [ERROR] LogOutputStream:75 - [STDERR_REDIRECT] 
2025-10-30 14:23:47,262 [ERROR] LogOutputStream:75 - [STDERR_REDIRECT] [Fatal Error] :1:1: Premature end of file.
2025-10-30 14:23:47,262 [ERROR] LogOutputStream:75 - [STDERR_REDIRECT] 
2025-10-30 14:23:48,263 [ERROR] LogOutputStream:75 - [STDERR_REDIRECT] [Fatal Error] :1:1: Premature end of file.
2025-10-30 14:23:48,263 [ERROR] LogOutputStream:75 - [STDERR_REDIRECT] 
2025-10-30 14:23:49,251 [ERROR] LogOutputStream:75 - [STDERR_REDIRECT] [Fatal Error] :1:1: Premature end of file.
2025-10-30 14:23:49,251 [ERROR] LogOutputStream:75 - [STDERR_REDIRECT] 
2025-10-30 14:23:50,233 [ERROR] LogOutputStream:75 - [STDERR_REDIRECT] [Fatal Error] :1:1: Premature end of file.
2025-10-30 14:23:50,233 [ERROR] LogOutputStream:75 - [STDERR_REDIRECT] 
2025-10-30 14:23:51,233 [ERROR] LogOutputStream:75 - [STDERR_REDIRECT] [Fatal Error] :1:1: Premature end of file.
2025-10-30 14:23:51,234 [ERROR] LogOutputStream:75 - [STDERR_REDIRECT] 
2025-10-30 14:23:52,235 [ERROR] LogOutputStream:75 - [STDERR_REDIRECT] [Fatal Error] :1:1: Premature end of file.
2025-10-30 14:23:52,235 [ERROR] LogOutputStream:75 - [STDERR_REDIRECT] 
2025-10-30 14:23:53,237 [ERROR] LogOutputStream:75 - [STDERR_REDIRECT] [Fatal Error] :1:1: Premature end of file.
2025-10-30 14:23:53,237 [ERROR] LogOutputStream:75 - [STDERR_REDIRECT] 
2025-10-30 14:23:54,235 [ERROR] LogOutputStream:75 - [STDERR_REDIRECT] [Fatal Error] :1:1: Premature end of file.
2025-10-30 14:23:54,235 [ERROR] LogOutputStream:75 - [STDERR_REDIRECT] 
2025-10-30 14:23:55,235 [ERROR] LogOutputStream:75 - [STDERR_REDIRECT] [Fatal Error] :1:1: Premature end of file.
2025-10-30 14:23:55,236 [ERROR] LogOutputStream:75 - [STDERR_REDIRECT] 
2025-10-30 14:23:56,233 [ERROR] LogOutputStream:75 - [STDERR_REDIRECT] [Fatal Error] :1:1: Premature end of file.
2025-10-30 14:23:56,233 [ERROR] LogOutputStream:75 - [STDERR_REDIRECT] 
2025-10-30 14:23:57,234 [ERROR] LogOutputStream:75 - [STDERR_REDIRECT] [Fatal Error] :1:1: Premature end of file.
2025-10-30 14:23:57,234 [ERROR] LogOutputStream:75 - [STDERR_REDIRECT] 
2025-10-30 14:23:58,244 [ERROR] LogOutputStream:75 - [STDERR_REDIRECT] [Fatal Error] :1:1: Premature end of file.
2025-10-30 14:23:58,245 [ERROR] LogOutputStream:75 - [STDERR_REDIRECT] 
2025-10-30 14:23:59,234 [ERROR] LogOutputStream:75 - [STDERR_REDIRECT] [Fatal Error] :1:1: Premature end of file.
2025-10-30 14:23:59,234 [ERROR] LogOutputStream:75 - [STDERR_REDIRECT] 
2025-10-30 14:24:00,241 [ERROR] LogOutputStream:75 - [STDERR_REDIRECT] [Fatal Error] :1:1: Premature end of file.
2025-10-30 14:24:00,241 [ERROR] LogOutputStream:75 - [STDERR_REDIRECT] 
2025-10-30 14:24:01,243 [ERROR] LogOutputStream:75 - [STDERR_REDIRECT] [Fatal Error] :1:1: Premature end of file.
2025-10-30 14:24:01,243 [ERROR] LogOutputStream:75 - [STDERR_REDIRECT] 
2025-10-30 14:24:02,248 [ERROR] LogOutputStream:75 - [STDERR_REDIRECT] [Fatal Error] :1:1: Premature end of file.
2025-10-30 14:24:02,248 [ERROR] LogOutputStream:75 - [STDERR_REDIRECT] 
2025-10-30 14:24:03,237 [ERROR] LogOutputStream:75 - [STDERR_REDIRECT] [Fatal Error] :1:1: Premature end of file.
2025-10-30 14:24:03,237 [ERROR] LogOutputStream:75 - [STDERR_REDIRECT] 
2025-10-30 14:24:04,233 [ERROR] LogOutputStream:75 - [STDERR_REDIRECT] [Fatal Error] :1:1: Premature end of file.
2025-10-30 14:24:04,233 [ERROR] LogOutputStream:75 - [STDERR_REDIRECT] 
2025-10-30 14:24:05,235 [ERROR] LogOutputStream:75 - [STDERR_REDIRECT] [Fatal Error] :1:1: Premature end of file.
2025-10-30 14:24:05,235 [ERROR] LogOutputStream:75 - [STDERR_REDIRECT] 
2025-10-30 14:24:06,235 [ERROR] LogOutputStream:75 - [STDERR_REDIRECT] [Fatal Error] :1:1: Premature end of file.
2025-10-30 14:24:06,235 [ERROR] LogOutputStream:75 - [STDERR_REDIRECT] 
2025-10-30 14:24:07,236 [ERROR] LogOutputStream:75 - [STDERR_REDIRECT] [Fatal Error] :1:1: Premature end of file.
2025-10-30 14:24:07,236 [ERROR] LogOutputStream:75 - [STDERR_REDIRECT] 
2025-10-30 14:24:08,233 [ERROR] LogOutputStream:75 - [STDERR_REDIRECT] [Fatal Error] :1:1: Premature end of file.
2025-10-30 14:24:08,234 [ERROR] LogOutputStream:75 - [STDERR_REDIRECT] 
2025-10-30 14:24:09,234 [ERROR] LogOutputStream:75 - [STDERR_REDIRECT] [Fatal Error] :1:1: Premature end of file.
2025-10-30 14:24:09,234 [ERROR] LogOutputStream:75 - [STDERR_REDIRECT] 
2025-10-30 14:24:10,233 [ERROR] LogOutputStream:75 - [STDERR_REDIRECT] [Fatal Error] :1:1: Premature end of file.
2025-10-30 14:24:10,233 [ERROR] LogOutputStream:75 - [STDERR_REDIRECT] 
2025-10-30 14:24:11,238 [ERROR] LogOutputStream:75 - [STDERR_REDIRECT] [Fatal Error] :1:1: Premature end of file.
2025-10-30 14:24:11,238 [ERROR] LogOutputStream:75 - [STDERR_REDIRECT] 
2025-10-30 14:24:12,234 [ERROR] LogOutputStream:75 - [STDERR_REDIRECT] [Fatal Error] :1:1: Premature end of file.
2025-10-30 14:24:12,234 [ERROR] LogOutputStream:75 - [STDERR_REDIRECT] 
2025-10-30 14:24:13,234 [ERROR] LogOutputStream:75 - [STDERR_REDIRECT] [Fatal Error] :1:1: Premature end of file.
2025-10-30 14:24:13,234 [ERROR] LogOutputStream:75 - [STDERR_REDIRECT] 
2025-10-30 14:24:14,241 [ERROR] LogOutputStream:75 - [STDERR_REDIRECT] [Fatal Error] :1:1: Premature end of file.
2025-10-30 14:24:14,241 [ERROR] LogOutputStream:75 - [STDERR_REDIRECT] 
2025-10-30 14:24:15,231 [ERROR] LogOutputStream:75 - [STDERR_REDIRECT] [Fatal Error] :1:1: Premature end of file.
2025-10-30 14:24:15,231 [ERROR] LogOutputStream:75 - [STDERR_REDIRECT] 
2025-10-30 14:24:16,233 [ERROR] LogOutputStream:75 - [STDERR_REDIRECT] [Fatal Error] :1:1: Premature end of file.
2025-10-30 14:24:16,233 [ERROR] LogOutputStream:75 - [STDERR_REDIRECT] 
2025-10-30 14:24:17,234 [ERROR] LogOutputStream:75 - [STDERR_REDIRECT] [Fatal Error] :1:1: Premature end of file.
2025-10-30 14:24:17,234 [ERROR] LogOutputStream:75 - [STDERR_REDIRECT] 
2025-10-30 14:24:18,237 [ERROR] LogOutputStream:75 - [STDERR_REDIRECT] [Fatal Error] :1:1: Premature end of file.
2025-10-30 14:24:18,237 [ERROR] LogOutputStream:75 - [STDERR_REDIRECT] 
2025-10-30 14:24:19,238 [ERROR] LogOutputStream:75 - [STDERR_REDIRECT] [Fatal Error] :1:1: Premature end of file.
2025-10-30 14:24:19,238 [ERROR] LogOutputStream:75 - [STDERR_REDIRECT] 
2025-10-30 14:24:20,234 [ERROR] LogOutputStream:75 - [STDERR_REDIRECT] [Fatal Error] :1:1: Premature end of file.
2025-10-30 14:24:20,234 [ERROR] LogOutputStream:75 - [STDERR_REDIRECT] 
2025-10-30 14:24:21,232 [ERROR] LogOutputStream:75 - [STDERR_REDIRECT] [Fatal Error] :1:1: Premature end of file.
2025-10-30 14:24:21,232 [ERROR] LogOutputStream:75 - [STDERR_REDIRECT] 
2025-10-30 14:24:22,233 [ERROR] LogOutputStream:75 - [STDERR_REDIRECT] [Fatal Error] :1:1: Premature end of file.
2025-10-30 14:24:22,233 [ERROR] LogOutputStream:75 - [STDERR_REDIRECT] 
2025-10-30 14:24:23,231 [ERROR] LogOutputStream:75 - [STDERR_REDIRECT] [Fatal Error] :1:1: Premature end of file.
2025-10-30 14:24:23,231 [ERROR] LogOutputStream:75 - [STDERR_REDIRECT] 
2025-10-30 14:24:24,232 [ERROR] LogOutputStream:75 - [STDERR_REDIRECT] [Fatal Error] :1:1: Premature end of file.
2025-10-30 14:24:24,232 [ERROR] LogOutputStream:75 - [STDERR_REDIRECT] 
2025-10-30 14:24:25,233 [ERROR] LogOutputStream:75 - [STDERR_REDIRECT] [Fatal Error] :1:1: Premature end of file.
2025-10-30 14:24:25,233 [ERROR] LogOutputStream:75 - [STDERR_REDIRECT] 
2025-10-30 14:24:26,232 [ERROR] LogOutputStream:75 - [STDERR_REDIRECT] [Fatal Error] :1:1: Premature end of file.
2025-10-30 14:24:26,232 [ERROR] LogOutputStream:75 - [STDERR_REDIRECT] 
2025-10-30 14:24:27,232 [ERROR] LogOutputStream:75 - [STDERR_REDIRECT] [Fatal Error] :1:1: Premature end of file.
2025-10-30 14:24:27,232 [ERROR] LogOutputStream:75 - [STDERR_REDIRECT] 
2025-10-30 14:24:28,231 [ERROR] LogOutputStream:75 - [STDERR_REDIRECT] [Fatal Error] :1:1: Premature end of file.
2025-10-30 14:24:28,231 [ERROR] LogOutputStream:75 - [STDERR_REDIRECT] 
2025-10-30 14:24:29,233 [ERROR] LogOutputStream:75 - [STDERR_REDIRECT] [Fatal Error] :1:1: Premature end of file.
2025-10-30 14:24:29,233 [ERROR] LogOutputStream:75 - [STDERR_REDIRECT] 
2025-10-30 14:24:30,231 [ERROR] LogOutputStream:75 - [STDERR_REDIRECT] [Fatal Error] :1:1: Premature end of file.
2025-10-30 14:24:30,231 [ERROR] LogOutputStream:75 - [STDERR_REDIRECT] 
2025-10-30 14:24:31,230 [ERROR] LogOutputStream:75 - [STDERR_REDIRECT] [Fatal Error] :1:1: Premature end of file.
2025-10-30 14:24:31,230 [ERROR] LogOutputStream:75 - [STDERR_REDIRECT] 
2025-10-30 14:24:32,233 [ERROR] LogOutputStream:75 - [STDERR_REDIRECT] [Fatal Error] :1:1: Premature end of file.
2025-10-30 14:24:32,233 [ERROR] LogOutputStream:75 - [STDERR_REDIRECT] 
2025-10-30 14:24:33,232 [ERROR] LogOutputStream:75 - [STDERR_REDIRECT] [Fatal Error] :1:1: Premature end of file.
2025-10-30 14:24:33,232 [ERROR] LogOutputStream:75 - [STDERR_REDIRECT] 
2025-10-30 14:24:34,231 [ERROR] LogOutputStream:75 - [STDERR_REDIRECT] [Fatal Error] :1:1: Premature end of file.
2025-10-30 14:24:34,232 [ERROR] LogOutputStream:75 - [STDERR_REDIRECT] 
2025-10-30 14:24:35,231 [ERROR] LogOutputStream:75 - [STDERR_REDIRECT] [Fatal Error] :1:1: Premature end of file.
2025-10-30 14:24:35,231 [ERROR] LogOutputStream:75 - [STDERR_REDIRECT] 
2025-10-30 14:24:36,232 [ERROR] LogOutputStream:75 - [STDERR_REDIRECT] [Fatal Error] :1:1: Premature end of file.
2025-10-30 14:24:36,232 [ERROR] LogOutputStream:75 - [STDERR_REDIRECT] 
2025-10-30 14:24:37,234 [ERROR] LogOutputStream:75 - [STDERR_REDIRECT] [Fatal Error] :1:1: Premature end of file.
2025-10-30 14:24:37,235 [ERROR] LogOutputStream:75 - [STDERR_REDIRECT] 
2025-10-30 14:24:38,233 [ERROR] LogOutputStream:75 - [STDERR_REDIRECT] [Fatal Error] :1:1: Premature end of file.
2025-10-30 14:24:38,233 [ERROR] LogOutputStream:75 - [STDERR_REDIRECT] 
2025-10-30 14:24:39,232 [ERROR] LogOutputStream:75 - [STDERR_REDIRECT] [Fatal Error] :1:1: Premature end of file.
2025-10-30 14:24:39,232 [ERROR] LogOutputStream:75 - [STDERR_REDIRECT] 
2025-10-30 14:24:40,232 [ERROR] LogOutputStream:75 - [STDERR_REDIRECT] [Fatal Error] :1:1: Premature end of file.
2025-10-30 14:24:40,232 [ERROR] LogOutputStream:75 - [STDERR_REDIRECT] 
2025-10-30 14:24:41,236 [ERROR] LogOutputStream:75 - [STDERR_REDIRECT] [Fatal Error] :1:1: Premature end of file.
2025-10-30 14:24:41,236 [ERROR] LogOutputStream:75 - [STDERR_REDIRECT] 
2025-10-30 14:24:42,238 [ERROR] LogOutputStream:75 - [STDERR_REDIRECT] [Fatal Error] :1:1: Premature end of file.
2025-10-30 14:24:42,238 [ERROR] LogOutputStream:75 - [STDERR_REDIRECT] 
2025-10-30 14:24:43,233 [ERROR] LogOutputStream:75 - [STDERR_REDIRECT] [Fatal Error] :1:1: Premature end of file.
2025-10-30 14:24:43,233 [ERROR] LogOutputStream:75 - [STDERR_REDIRECT] 
2025-10-30 14:24:44,234 [ERROR] LogOutputStream:75 - [STDERR_REDIRECT] [Fatal Error] :1:1: Premature end of file.
2025-10-30 14:24:44,234 [ERROR] LogOutputStream:75 - [STDERR_REDIRECT] 
2025-10-30 14:24:45,233 [ERROR] LogOutputStream:75 - [STDERR_REDIRECT] [Fatal Error] :1:1: Premature end of file.
2025-10-30 14:24:45,234 [ERROR] LogOutputStream:75 - [STDERR_REDIRECT] 
2025-10-30 14:24:46,235 [ERROR] LogOutputStream:75 - [STDERR_REDIRECT] [Fatal Error] :1:1: Premature end of file.
2025-10-30 14:24:46,235 [ERROR] LogOutputStream:75 - [STDERR_REDIRECT] 
2025-10-30 14:24:47,235 [ERROR] LogOutputStream:75 - [STDERR_REDIRECT] [Fatal Error] :1:1: Premature end of file.
2025-10-30 14:24:47,236 [ERROR] LogOutputStream:75 - [STDERR_REDIRECT] 
2025-10-30 14:24:48,233 [ERROR] LogOutputStream:75 - [STDERR_REDIRECT] [Fatal Error] :1:1: Premature end of file.
2025-10-30 14:24:48,234 [ERROR] LogOutputStream:75 - [STDERR_REDIRECT] 
2025-10-30 14:24:49,233 [ERROR] LogOutputStream:75 - [STDERR_REDIRECT] [Fatal Error] :1:1: Premature end of file.
2025-10-30 14:24:49,233 [ERROR] LogOutputStream:75 - [STDERR_REDIRECT] 
2025-10-30 14:24:50,233 [ERROR] LogOutputStream:75 - [STDERR_REDIRECT] [Fatal Error] :1:1: Premature end of file.
2025-10-30 14:24:50,233 [ERROR] LogOutputStream:75 - [STDERR_REDIRECT] 
2025-10-30 14:24:51,233 [ERROR] LogOutputStream:75 - [STDERR_REDIRECT] [Fatal Error] :1:1: Premature end of file.
2025-10-30 14:24:51,233 [ERROR] LogOutputStream:75 - [STDERR_REDIRECT] 
2025-10-30 14:24:52,233 [ERROR] LogOutputStream:75 - [STDERR_REDIRECT] [Fatal Error] :1:1: Premature end of file.
2025-10-30 14:24:52,233 [ERROR] LogOutputStream:75 - [STDERR_REDIRECT] 
2025-10-30 14:24:53,234 [ERROR] LogOutputStream:75 - [STDERR_REDIRECT] [Fatal Error] :1:1: Premature end of file.
2025-10-30 14:24:53,234 [ERROR] LogOutputStream:75 - [STDERR_REDIRECT] 
2025-10-30 14:24:54,232 [ERROR] LogOutputStream:75 - [STDERR_REDIRECT] [Fatal Error] :1:1: Premature end of file.
2025-10-30 14:24:54,232 [ERROR] LogOutputStream:75 - [STDERR_REDIRECT] 
2025-10-30 14:24:55,235 [ERROR] LogOutputStream:75 - [STDERR_REDIRECT] [Fatal Error] :1:1: Premature end of file.
2025-10-30 14:24:55,235 [ERROR] LogOutputStream:75 - [STDERR_REDIRECT] 
2025-10-30 14:24:56,236 [ERROR] LogOutputStream:75 - [STDERR_REDIRECT] [Fatal Error] :1:1: Premature end of file.
2025-10-30 14:24:56,236 [ERROR] LogOutputStream:75 - [STDERR_REDIRECT] 
2025-10-30 14:24:57,234 [ERROR] LogOutputStream:75 - [STDERR_REDIRECT] [Fatal Error] :1:1: Premature end of file.
2025-10-30 14:24:57,234 [ERROR] LogOutputStream:75 - [STDERR_REDIRECT] 
2025-10-30 14:24:58,233 [ERROR] LogOutputStream:75 - [STDERR_REDIRECT] [Fatal Error] :1:1: Premature end of file.
2025-10-30 14:24:58,233 [ERROR] LogOutputStream:75 - [STDERR_REDIRECT] 
2025-10-30 14:24:59,240 [ERROR] LogOutputStream:75 - [STDERR_REDIRECT] [Fatal Error] :1:1: Premature end of file.
2025-10-30 14:24:59,240 [ERROR] LogOutputStream:75 - [STDERR_REDIRECT] 
2025-10-30 14:25:00,232 [ERROR] LogOutputStream:75 - [STDERR_REDIRECT] [Fatal Error] :1:1: Premature end of file.
2025-10-30 14:25:00,232 [ERROR] LogOutputStream:75 - [STDERR_REDIRECT] 
2025-10-30 14:25:01,233 [ERROR] LogOutputStream:75 - [STDERR_REDIRECT] [Fatal Error] :1:1: Premature end of file.
2025-10-30 14:25:01,233 [ERROR] LogOutputStream:75 - [STDERR_REDIRECT] 
2025-10-30 14:25:02,234 [ERROR] LogOutputStream:75 - [STDERR_REDIRECT] [Fatal Error] :1:1: Premature end of file.
2025-10-30 14:25:02,234 [ERROR] LogOutputStream:75 - [STDERR_REDIRECT] 
2025-10-30 14:25:03,235 [ERROR] LogOutputStream:75 - [STDERR_REDIRECT] [Fatal Error] :1:1: Premature end of file.
2025-10-30 14:25:03,235 [ERROR] LogOutputStream:75 - [STDERR_REDIRECT] 
2025-10-30 14:25:04,241 [ERROR] LogOutputStream:75 - [STDERR_REDIRECT] [Fatal Error] :1:1: Premature end of file.
2025-10-30 14:25:04,242 [ERROR] LogOutputStream:75 - [STDERR_REDIRECT] 
2025-10-30 14:25:05,234 [ERROR] LogOutputStream:75 - [STDERR_REDIRECT] [Fatal Error] :1:1: Premature end of file.
2025-10-30 14:25:05,234 [ERROR] LogOutputStream:75 - [STDERR_REDIRECT] 
2025-10-30 14:25:06,233 [ERROR] LogOutputStream:75 - [STDERR_REDIRECT] [Fatal Error] :1:1: Premature end of file.
2025-10-30 14:25:06,233 [ERROR] LogOutputStream:75 - [STDERR_REDIRECT] 
2025-10-30 14:25:07,232 [ERROR] LogOutputStream:75 - [STDERR_REDIRECT] [Fatal Error] :1:1: Premature end of file.
2025-10-30 14:25:07,232 [ERROR] LogOutputStream:75 - [STDERR_REDIRECT] 
2025-10-30 14:25:08,233 [ERROR] LogOutputStream:75 - [STDERR_REDIRECT] [Fatal Error] :1:1: Premature end of file.
2025-10-30 14:25:08,233 [ERROR] LogOutputStream:75 - [STDERR_REDIRECT] 
2025-10-30 14:25:09,232 [ERROR] LogOutputStream:75 - [STDERR_REDIRECT] [Fatal Error] :1:1: Premature end of file.
2025-10-30 14:25:09,232 [ERROR] LogOutputStream:75 - [STDERR_REDIRECT] 
2025-10-30 14:25:10,232 [ERROR] LogOutputStream:75 - [STDERR_REDIRECT] [Fatal Error] :1:1: Premature end of file.
2025-10-30 14:25:10,232 [ERROR] LogOutputStream:75 - [STDERR_REDIRECT] 
2025-10-30 14:25:11,232 [ERROR] LogOutputStream:75 - [STDERR_REDIRECT] [Fatal Error] :1:1: Premature end of file.
2025-10-30 14:25:11,233 [ERROR] LogOutputStream:75 - [STDERR_REDIRECT] 
2025-10-30 14:25:12,231 [ERROR] LogOutputStream:75 - [STDERR_REDIRECT] [Fatal Error] :1:1: Premature end of file.
2025-10-30 14:25:12,232 [ERROR] LogOutputStream:75 - [STDERR_REDIRECT] 
2025-10-30 14:25:13,233 [ERROR] LogOutputStream:75 - [STDERR_REDIRECT] [Fatal Error] :1:1: Premature end of file.
2025-10-30 14:25:13,234 [ERROR] LogOutputStream:75 - [STDERR_REDIRECT] 
2025-10-30 14:25:14,231 [ERROR] LogOutputStream:75 - [STDERR_REDIRECT] [Fatal Error] :1:1: Premature end of file.
2025-10-30 14:25:14,232 [ERROR] LogOutputStream:75 - [STDERR_REDIRECT] 
2025-10-30 14:25:15,233 [ERROR] LogOutputStream:75 - [STDERR_REDIRECT] [Fatal Error] :1:1: Premature end of file.
2025-10-30 14:25:15,233 [ERROR] LogOutputStream:75 - [STDERR_REDIRECT] 
2025-10-30 14:25:16,239 [ERROR] LogOutputStream:75 - [STDERR_REDIRECT] [Fatal Error] :1:1: Premature end of file.
2025-10-30 14:25:16,239 [ERROR] LogOutputStream:75 - [STDERR_REDIRECT] 
2025-10-30 14:25:17,232 [ERROR] LogOutputStream:75 - [STDERR_REDIRECT] [Fatal Error] :1:1: Premature end of file.
2025-10-30 14:25:17,232 [ERROR] LogOutputStream:75 - [STDERR_REDIRECT] 
2025-10-30 14:25:18,231 [ERROR] LogOutputStream:75 - [STDERR_REDIRECT] [Fatal Error] :1:1: Premature end of file.
2025-10-30 14:25:18,232 [ERROR] LogOutputStream:75 - [STDERR_REDIRECT] 
2025-10-30 14:25:19,234 [ERROR] LogOutputStream:75 - [STDERR_REDIRECT] [Fatal Error] :1:1: Premature end of file.
2025-10-30 14:25:19,234 [ERROR] LogOutputStream:75 - [STDERR_REDIRECT] 
2025-10-30 14:25:20,237 [ERROR] LogOutputStream:75 - [STDERR_REDIRECT] [Fatal Error] :1:1: Premature end of file.
2025-10-30 14:25:20,237 [ERROR] LogOutputStream:75 - [STDERR_REDIRECT] 
2025-10-30 14:25:21,233 [ERROR] LogOutputStream:75 - [STDERR_REDIRECT] [Fatal Error] :1:1: Premature end of file.
2025-10-30 14:25:21,233 [ERROR] LogOutputStream:75 - [STDERR_REDIRECT] 
2025-10-30 14:25:22,232 [ERROR] LogOutputStream:75 - [STDERR_REDIRECT] [Fatal Error] :1:1: Premature end of file.
2025-10-30 14:25:22,232 [ERROR] LogOutputStream:75 - [STDERR_REDIRECT] 
2025-10-30 14:25:23,233 [ERROR] LogOutputStream:75 - [STDERR_REDIRECT] [Fatal Error] :1:1: Premature end of file.
2025-10-30 14:25:23,234 [ERROR] LogOutputStream:75 - [STDERR_REDIRECT] 
2025-10-30 14:25:24,233 [ERROR] LogOutputStream:75 - [STDERR_REDIRECT] [Fatal Error] :1:1: Premature end of file.
2025-10-30 14:25:24,233 [ERROR] LogOutputStream:75 - [STDERR_REDIRECT] 
2025-10-30 14:25:25,235 [ERROR] LogOutputStream:75 - [STDERR_REDIRECT] [Fatal Error] :1:1: Premature end of file.
2025-10-30 14:25:25,235 [ERROR] LogOutputStream:75 - [STDERR_REDIRECT] 
2025-10-30 14:25:26,238 [ERROR] LogOutputStream:75 - [STDERR_REDIRECT] [Fatal Error] :1:1: Premature end of file.
2025-10-30 14:25:26,238 [ERROR] LogOutputStream:75 - [STDERR_REDIRECT] 
2025-10-30 14:25:27,239 [ERROR] LogOutputStream:75 - [STDERR_REDIRECT] [Fatal Error] :1:1: Premature end of file.
2025-10-30 14:25:27,239 [ERROR] LogOutputStream:75 - [STDERR_REDIRECT] 
2025-10-30 14:25:28,233 [ERROR] LogOutputStream:75 - [STDERR_REDIRECT] [Fatal Error] :1:1: Premature end of file.
2025-10-30 14:25:28,233 [ERROR] LogOutputStream:75 - [STDERR_REDIRECT] 
2025-10-30 14:25:29,235 [ERROR] LogOutputStream:75 - [STDERR_REDIRECT] [Fatal Error] :1:1: Premature end of file.
2025-10-30 14:25:29,235 [ERROR] LogOutputStream:75 - [STDERR_REDIRECT] 
2025-10-30 14:25:30,234 [ERROR] LogOutputStream:75 - [STDERR_REDIRECT] [Fatal Error] :1:1: Premature end of file.
2025-10-30 14:25:30,234 [ERROR] LogOutputStream:75 - [STDERR_REDIRECT] 
2025-10-30 14:25:31,241 [ERROR] LogOutputStream:75 - [STDERR_REDIRECT] [Fatal Error] :1:1: Premature end of file.
2025-10-30 14:25:31,241 [ERROR] LogOutputStream:75 - [STDERR_REDIRECT] 
2025-10-30 14:25:32,234 [ERROR] LogOutputStream:75 - [STDERR_REDIRECT] [Fatal Error] :1:1: Premature end of file.
2025-10-30 14:25:32,234 [ERROR] LogOutputStream:75 - [STDERR_REDIRECT] 
2025-10-30 14:25:33,235 [ERROR] LogOutputStream:75 - [STDERR_REDIRECT] [Fatal Error] :1:1: Premature end of file.
2025-10-30 14:25:33,235 [ERROR] LogOutputStream:75 - [STDERR_REDIRECT] 
2025-10-30 14:25:34,233 [ERROR] LogOutputStream:75 - [STDERR_REDIRECT] [Fatal Error] :1:1: Premature end of file.
2025-10-30 14:25:34,233 [ERROR] LogOutputStream:75 - [STDERR_REDIRECT] 
2025-10-30 14:25:35,233 [ERROR] LogOutputStream:75 - [STDERR_REDIRECT] [Fatal Error] :1:1: Premature end of file.
2025-10-30 14:25:35,234 [ERROR] LogOutputStream:75 - [STDERR_REDIRECT] 
2025-10-30 14:25:36,238 [ERROR] LogOutputStream:75 - [STDERR_REDIRECT] [Fatal Error] :1:1: Premature end of file.
2025-10-30 14:25:36,239 [ERROR] LogOutputStream:75 - [STDERR_REDIRECT] 
2025-10-30 14:25:37,233 [ERROR] LogOutputStream:75 - [STDERR_REDIRECT] [Fatal Error] :1:1: Premature end of file.
2025-10-30 14:25:37,233 [ERROR] LogOutputStream:75 - [STDERR_REDIRECT] 
2025-10-30 14:25:38,239 [ERROR] LogOutputStream:75 - [STDERR_REDIRECT] [Fatal Error] :1:1: Premature end of file.
2025-10-30 14:25:38,239 [ERROR] LogOutputStream:75 - [STDERR_REDIRECT] 
2025-10-30 14:25:39,236 [ERROR] LogOutputStream:75 - [STDERR_REDIRECT] [Fatal Error] :1:1: Premature end of file.
2025-10-30 14:25:39,236 [ERROR] LogOutputStream:75 - [STDERR_REDIRECT] 
2025-10-30 14:25:40,234 [ERROR] LogOutputStream:75 - [STDERR_REDIRECT] [Fatal Error] :1:1: Premature end of file.
2025-10-30 14:25:40,234 [ERROR] LogOutputStream:75 - [STDERR_REDIRECT] 
2025-10-30 14:25:41,239 [ERROR] LogOutputStream:75 - [STDERR_REDIRECT] [Fatal Error] :1:1: Premature end of file.
2025-10-30 14:25:41,239 [ERROR] LogOutputStream:75 - [STDERR_REDIRECT] 
2025-10-30 14:25:42,245 [ERROR] LogOutputStream:75 - [STDERR_REDIRECT] [Fatal Error] :1:1: Premature end of file.
2025-10-30 14:25:42,245 [ERROR] LogOutputStream:75 - [STDERR_REDIRECT] 
2025-10-30 14:25:43,237 [ERROR] LogOutputStream:75 - [STDERR_REDIRECT] [Fatal Error] :1:1: Premature end of file.
2025-10-30 14:25:43,237 [ERROR] LogOutputStream:75 - [STDERR_REDIRECT] 
2025-10-30 14:25:44,237 [ERROR] LogOutputStream:75 - [STDERR_REDIRECT] [Fatal Error] :1:1: Premature end of file.
2025-10-30 14:25:44,239 [ERROR] LogOutputStream:75 - [STDERR_REDIRECT] 
2025-10-30 14:25:45,235 [ERROR] LogOutputStream:75 - [STDERR_REDIRECT] [Fatal Error] :1:1: Premature end of file.
2025-10-30 14:25:45,235 [ERROR] LogOutputStream:75 - [STDERR_REDIRECT] 
2025-10-30 14:25:46,252 [ERROR] LogOutputStream:75 - [STDERR_REDIRECT] [Fatal Error] :1:1: Premature end of file.
2025-10-30 14:25:46,252 [ERROR] LogOutputStream:75 - [STDERR_REDIRECT] 
2025-10-30 14:25:47,239 [ERROR] LogOutputStream:75 - [STDERR_REDIRECT] [Fatal Error] :1:1: Premature end of file.
2025-10-30 14:25:47,239 [ERROR] LogOutputStream:75 - [STDERR_REDIRECT] 
2025-10-30 14:25:48,234 [ERROR] LogOutputStream:75 - [STDERR_REDIRECT] [Fatal Error] :1:1: Premature end of file.
2025-10-30 14:25:48,234 [ERROR] LogOutputStream:75 - [STDERR_REDIRECT] 
2025-10-30 14:25:49,238 [ERROR] LogOutputStream:75 - [STDERR_REDIRECT] [Fatal Error] :1:1: Premature end of file.
2025-10-30 14:25:49,239 [ERROR] LogOutputStream:75 - [STDERR_REDIRECT] 
2025-10-30 14:25:50,235 [ERROR] LogOutputStream:75 - [STDERR_REDIRECT] [Fatal Error] :1:1: Premature end of file.
2025-10-30 14:25:50,235 [ERROR] LogOutputStream:75 - [STDERR_REDIRECT] 
2025-10-30 14:25:51,234 [ERROR] LogOutputStream:75 - [STDERR_REDIRECT] [Fatal Error] :1:1: Premature end of file.
2025-10-30 14:25:51,234 [ERROR] LogOutputStream:75 - [STDERR_REDIRECT] 
2025-10-30 14:25:52,234 [ERROR] LogOutputStream:75 - [STDERR_REDIRECT] [Fatal Error] :1:1: Premature end of file.
2025-10-30 14:25:52,234 [ERROR] LogOutputStream:75 - [STDERR_REDIRECT] 
2025-10-30 14:25:53,239 [ERROR] LogOutputStream:75 - [STDERR_REDIRECT] [Fatal Error] :1:1: Premature end of file.
2025-10-30 14:25:53,239 [ERROR] LogOutputStream:75 - [STDERR_REDIRECT] 
2025-10-30 14:25:54,233 [ERROR] LogOutputStream:75 - [STDERR_REDIRECT] [Fatal Error] :1:1: Premature end of file.
2025-10-30 14:25:54,233 [ERROR] LogOutputStream:75 - [STDERR_REDIRECT] 
2025-10-30 14:25:55,238 [ERROR] LogOutputStream:75 - [STDERR_REDIRECT] [Fatal Error] :1:1: Premature end of file.
2025-10-30 14:25:55,238 [ERROR] LogOutputStream:75 - [STDERR_REDIRECT] 
2025-10-30 14:25:56,233 [ERROR] LogOutputStream:75 - [STDERR_REDIRECT] [Fatal Error] :1:1: Premature end of file.
2025-10-30 14:25:56,233 [ERROR] LogOutputStream:75 - [STDERR_REDIRECT] 
2025-10-30 14:25:57,239 [ERROR] LogOutputStream:75 - [STDERR_REDIRECT] [Fatal Error] :1:1: Premature end of file.
2025-10-30 14:25:57,239 [ERROR] LogOutputStream:75 - [STDERR_REDIRECT] 
2025-10-30 14:25:58,235 [ERROR] LogOutputStream:75 - [STDERR_REDIRECT] [Fatal Error] :1:1: Premature end of file.
2025-10-30 14:25:58,235 [ERROR] LogOutputStream:75 - [STDERR_REDIRECT] 
2025-10-30 14:25:59,230 [ERROR] LogOutputStream:75 - [STDERR_REDIRECT] [Fatal Error] :1:1: Premature end of file.
2025-10-30 14:25:59,230 [ERROR] LogOutputStream:75 - [STDERR_REDIRECT] 
2025-10-30 14:26:00,247 [ERROR] LogOutputStream:75 - [STDERR_REDIRECT] [Fatal Error] :1:1: Premature end of file.
2025-10-30 14:26:00,247 [ERROR] LogOutputStream:75 - [STDERR_REDIRECT] 
2025-10-30 14:26:01,239 [ERROR] LogOutputStream:75 - [STDERR_REDIRECT] [Fatal Error] :1:1: Premature end of file.
2025-10-30 14:26:01,239 [ERROR] LogOutputStream:75 - [STDERR_REDIRECT] 
2025-10-30 14:26:02,233 [ERROR] LogOutputStream:75 - [STDERR_REDIRECT] [Fatal Error] :1:1: Premature end of file.
2025-10-30 14:26:02,233 [ERROR] LogOutputStream:75 - [STDERR_REDIRECT] 
2025-10-30 14:26:03,235 [ERROR] LogOutputStream:75 - [STDERR_REDIRECT] [Fatal Error] :1:1: Premature end of file.
2025-10-30 14:26:03,235 [ERROR] LogOutputStream:75 - [STDERR_REDIRECT] 
2025-10-30 14:26:04,239 [ERROR] LogOutputStream:75 - [STDERR_REDIRECT] [Fatal Error] :1:1: Premature end of file.
2025-10-30 14:26:04,239 [ERROR] LogOutputStream:75 - [STDERR_REDIRECT] 
2025-10-30 14:26:05,229 [ERROR] LogOutputStream:75 - [STDERR_REDIRECT] [Fatal Error] :1:1: Premature end of file.
2025-10-30 14:26:05,229 [ERROR] LogOutputStream:75 - [STDERR_REDIRECT] 
2025-10-30 14:26:06,240 [ERROR] LogOutputStream:75 - [STDERR_REDIRECT] [Fatal Error] :1:1: Premature end of file.
2025-10-30 14:26:06,240 [ERROR] LogOutputStream:75 - [STDERR_REDIRECT] 
2025-10-30 14:26:07,247 [ERROR] LogOutputStream:75 - [STDERR_REDIRECT] [Fatal Error] :1:1: Premature end of file.
2025-10-30 14:26:07,248 [ERROR] LogOutputStream:75 - [STDERR_REDIRECT] 
2025-10-30 14:26:08,232 [ERROR] LogOutputStream:75 - [STDERR_REDIRECT] [Fatal Error] :1:1: Premature end of file.
2025-10-30 14:26:08,232 [ERROR] LogOutputStream:75 - [STDERR_REDIRECT] 
2025-10-30 14:26:09,234 [ERROR] LogOutputStream:75 - [STDERR_REDIRECT] [Fatal Error] :1:1: Premature end of file.
2025-10-30 14:26:09,234 [ERROR] LogOutputStream:75 - [STDERR_REDIRECT] 
2025-10-30 14:26:10,234 [ERROR] LogOutputStream:75 - [STDERR_REDIRECT] [Fatal Error] :1:1: Premature end of file.
2025-10-30 14:26:10,234 [ERROR] LogOutputStream:75 - [STDERR_REDIRECT] 
2025-10-30 14:26:11,234 [ERROR] LogOutputStream:75 - [STDERR_REDIRECT] [Fatal Error] :1:1: Premature end of file.
2025-10-30 14:26:11,234 [ERROR] LogOutputStream:75 - [STDERR_REDIRECT] 
2025-10-30 14:26:12,235 [ERROR] LogOutputStream:75 - [STDERR_REDIRECT] [Fatal Error] :1:1: Premature end of file.
2025-10-30 14:26:12,235 [ERROR] LogOutputStream:75 - [STDERR_REDIRECT] 
2025-10-30 14:26:13,232 [ERROR] LogOutputStream:75 - [STDERR_REDIRECT] [Fatal Error] :1:1: Premature end of file.
2025-10-30 14:26:13,232 [ERROR] LogOutputStream:75 - [STDERR_REDIRECT] 
2025-10-30 14:26:14,233 [ERROR] LogOutputStream:75 - [STDERR_REDIRECT] [Fatal Error] :1:1: Premature end of file.
2025-10-30 14:26:14,233 [ERROR] LogOutputStream:75 - [STDERR_REDIRECT] 
2025-10-30 14:26:15,233 [ERROR] LogOutputStream:75 - [STDERR_REDIRECT] [Fatal Error] :1:1: Premature end of file.
2025-10-30 14:26:15,233 [ERROR] LogOutputStream:75 - [STDERR_REDIRECT] 
2025-10-30 14:26:16,238 [ERROR] LogOutputStream:75 - [STDERR_REDIRECT] [Fatal Error] :1:1: Premature end of file.
2025-10-30 14:26:16,238 [ERROR] LogOutputStream:75 - [STDERR_REDIRECT] 
2025-10-30 14:26:17,251 [ERROR] LogOutputStream:75 - [STDERR_REDIRECT] [Fatal Error] :1:1: Premature end of file.
2025-10-30 14:26:17,251 [ERROR] LogOutputStream:75 - [STDERR_REDIRECT] 
2025-10-30 14:26:18,237 [ERROR] LogOutputStream:75 - [STDERR_REDIRECT] [Fatal Error] :1:1: Premature end of file.
2025-10-30 14:26:18,237 [ERROR] LogOutputStream:75 - [STDERR_REDIRECT] 
2025-10-30 14:26:19,239 [ERROR] LogOutputStream:75 - [STDERR_REDIRECT] [Fatal Error] :1:1: Premature end of file.
2025-10-30 14:26:19,239 [ERROR] LogOutputStream:75 - [STDERR_REDIRECT] 
2025-10-30 14:26:20,231 [ERROR] LogOutputStream:75 - [STDERR_REDIRECT] [Fatal Error] :1:1: Premature end of file.
2025-10-30 14:26:20,231 [ERROR] LogOutputStream:75 - [STDERR_REDIRECT] 
2025-10-30 14:26:21,232 [ERROR] LogOutputStream:75 - [STDERR_REDIRECT] [Fatal Error] :1:1: Premature end of file.
2025-10-30 14:26:21,232 [ERROR] LogOutputStream:75 - [STDERR_REDIRECT] 
2025-10-30 14:26:22,231 [ERROR] LogOutputStream:75 - [STDERR_REDIRECT] [Fatal Error] :1:1: Premature end of file.
2025-10-30 14:26:22,231 [ERROR] LogOutputStream:75 - [STDERR_REDIRECT] 
2025-10-30 14:26:23,235 [ERROR] LogOutputStream:75 - [STDERR_REDIRECT] [Fatal Error] :1:1: Premature end of file.
2025-10-30 14:26:23,236 [ERROR] LogOutputStream:75 - [STDERR_REDIRECT] 
2025-10-30 14:26:24,233 [ERROR] LogOutputStream:75 - [STDERR_REDIRECT] [Fatal Error] :1:1: Premature end of file.
2025-10-30 14:26:24,234 [ERROR] LogOutputStream:75 - [STDERR_REDIRECT] 
2025-10-30 14:26:25,235 [ERROR] LogOutputStream:75 - [STDERR_REDIRECT] [Fatal Error] :1:1: Premature end of file.
2025-10-30 14:26:25,235 [ERROR] LogOutputStream:75 - [STDERR_REDIRECT] 
2025-10-30 14:26:26,235 [ERROR] LogOutputStream:75 - [STDERR_REDIRECT] [Fatal Error] :1:1: Premature end of file.
2025-10-30 14:26:26,235 [ERROR] LogOutputStream:75 - [STDERR_REDIRECT] 
2025-10-30 14:26:27,234 [ERROR] LogOutputStream:75 - [STDERR_REDIRECT] [Fatal Error] :1:1: Premature end of file.
2025-10-30 14:26:27,234 [ERROR] LogOutputStream:75 - [STDERR_REDIRECT] 
2025-10-30 14:26:28,237 [ERROR] LogOutputStream:75 - [STDERR_REDIRECT] [Fatal Error] :1:1: Premature end of file.
2025-10-30 14:26:28,237 [ERROR] LogOutputStream:75 - [STDERR_REDIRECT] 
2025-10-30 14:26:29,234 [ERROR] LogOutputStream:75 - [STDERR_REDIRECT] [Fatal Error] :1:1: Premature end of file.
2025-10-30 14:26:29,234 [ERROR] LogOutputStream:75 - [STDERR_REDIRECT] 
2025-10-30 14:26:30,235 [ERROR] LogOutputStream:75 - [STDERR_REDIRECT] [Fatal Error] :1:1: Premature end of file.
2025-10-30 14:26:30,235 [ERROR] LogOutputStream:75 - [STDERR_REDIRECT] 
2025-10-30 14:26:31,235 [ERROR] LogOutputStream:75 - [STDERR_REDIRECT] [Fatal Error] :1:1: Premature end of file.
2025-10-30 14:26:31,235 [ERROR] LogOutputStream:75 - [STDERR_REDIRECT] 
2025-10-30 14:26:32,234 [ERROR] LogOutputStream:75 - [STDERR_REDIRECT] [Fatal Error] :1:1: Premature end of file.
2025-10-30 14:26:32,234 [ERROR] LogOutputStream:75 - [STDERR_REDIRECT] 
2025-10-30 14:26:33,233 [ERROR] LogOutputStream:75 - [STDERR_REDIRECT] [Fatal Error] :1:1: Premature end of file.
2025-10-30 14:26:33,233 [ERROR] LogOutputStream:75 - [STDERR_REDIRECT] 
2025-10-30 14:26:34,233 [ERROR] LogOutputStream:75 - [STDERR_REDIRECT] [Fatal Error] :1:1: Premature end of file.
2025-10-30 14:26:34,234 [ERROR] LogOutputStream:75 - [STDERR_REDIRECT] 
2025-10-30 14:26:35,242 [ERROR] LogOutputStream:75 - [STDERR_REDIRECT] [Fatal Error] :1:1: Premature end of file.
2025-10-30 14:26:35,242 [ERROR] LogOutputStream:75 - [STDERR_REDIRECT] 
2025-10-30 14:26:36,246 [ERROR] LogOutputStream:75 - [STDERR_REDIRECT] [Fatal Error] :1:1: Premature end of file.
2025-10-30 14:26:36,246 [ERROR] LogOutputStream:75 - [STDERR_REDIRECT] 
2025-10-30 14:26:37,232 [ERROR] LogOutputStream:75 - [STDERR_REDIRECT] [Fatal Error] :1:1: Premature end of file.
2025-10-30 14:26:37,232 [ERROR] LogOutputStream:75 - [STDERR_REDIRECT] 
2025-10-30 14:26:38,236 [ERROR] LogOutputStream:75 - [STDERR_REDIRECT] [Fatal Error] :1:1: Premature end of file.
2025-10-30 14:26:38,236 [ERROR] LogOutputStream:75 - [STDERR_REDIRECT] 
2025-10-30 14:26:39,234 [ERROR] LogOutputStream:75 - [STDERR_REDIRECT] [Fatal Error] :1:1: Premature end of file.
2025-10-30 14:26:39,234 [ERROR] LogOutputStream:75 - [STDERR_REDIRECT] 
2025-10-30 14:26:40,232 [ERROR] LogOutputStream:75 - [STDERR_REDIRECT] [Fatal Error] :1:1: Premature end of file.
2025-10-30 14:26:40,232 [ERROR] LogOutputStream:75 - [STDERR_REDIRECT] 
2025-10-30 14:26:41,234 [ERROR] LogOutputStream:75 - [STDERR_REDIRECT] [Fatal Error] :1:1: Premature end of file.
2025-10-30 14:26:41,234 [ERROR] LogOutputStream:75 - [STDERR_REDIRECT] 
2025-10-30 14:26:42,246 [ERROR] LogOutputStream:75 - [STDERR_REDIRECT] [Fatal Error] :1:1: Premature end of file.
2025-10-30 14:26:42,246 [ERROR] LogOutputStream:75 - [STDERR_REDIRECT] 
2025-10-30 14:26:43,233 [ERROR] LogOutputStream:75 - [STDERR_REDIRECT] [Fatal Error] :1:1: Premature end of file.
2025-10-30 14:26:43,233 [ERROR] LogOutputStream:75 - [STDERR_REDIRECT] 
2025-10-30 14:26:44,231 [ERROR] LogOutputStream:75 - [STDERR_REDIRECT] [Fatal Error] :1:1: Premature end of file.
2025-10-30 14:26:44,232 [ERROR] LogOutputStream:75 - [STDERR_REDIRECT] 
2025-10-30 14:26:45,240 [ERROR] LogOutputStream:75 - [STDERR_REDIRECT] [Fatal Error] :1:1: Premature end of file.
2025-10-30 14:26:45,240 [ERROR] LogOutputStream:75 - [STDERR_REDIRECT] 
2025-10-30 14:26:46,237 [ERROR] LogOutputStream:75 - [STDERR_REDIRECT] [Fatal Error] :1:1: Premature end of file.
2025-10-30 14:26:46,237 [ERROR] LogOutputStream:75 - [STDERR_REDIRECT] 
2025-10-30 14:26:47,234 [ERROR] LogOutputStream:75 - [STDERR_REDIRECT] [Fatal Error] :1:1: Premature end of file.
2025-10-30 14:26:47,234 [ERROR] LogOutputStream:75 - [STDERR_REDIRECT] 
2025-10-30 14:26:48,250 [ERROR] LogOutputStream:75 - [STDERR_REDIRECT] [Fatal Error] :1:1: Premature end of file.
2025-10-30 14:26:48,251 [ERROR] LogOutputStream:75 - [STDERR_REDIRECT] 
2025-10-30 14:26:49,238 [ERROR] LogOutputStream:75 - [STDERR_REDIRECT] [Fatal Error] :1:1: Premature end of file.
2025-10-30 14:26:49,238 [ERROR] LogOutputStream:75 - [STDERR_REDIRECT] 
2025-10-30 14:26:50,235 [ERROR] LogOutputStream:75 - [STDERR_REDIRECT] [Fatal Error] :1:1: Premature end of file.
2025-10-30 14:26:50,235 [ERROR] LogOutputStream:75 - [STDERR_REDIRECT] 
2025-10-30 14:26:51,238 [ERROR] LogOutputStream:75 - [STDERR_REDIRECT] [Fatal Error] :1:1: Premature end of file.
2025-10-30 14:26:51,238 [ERROR] LogOutputStream:75 - [STDERR_REDIRECT] 
2025-10-30 14:26:52,239 [ERROR] LogOutputStream:75 - [STDERR_REDIRECT] [Fatal Error] :1:1: Premature end of file.
2025-10-30 14:26:52,239 [ERROR] LogOutputStream:75 - [STDERR_REDIRECT] 
2025-10-30 14:26:53,242 [ERROR] LogOutputStream:75 - [STDERR_REDIRECT] [Fatal Error] :1:1: Premature end of file.
2025-10-30 14:26:53,242 [ERROR] LogOutputStream:75 - [STDERR_REDIRECT] 
2025-10-30 14:26:54,242 [ERROR] LogOutputStream:75 - [STDERR_REDIRECT] [Fatal Error] :1:1: Premature end of file.
2025-10-30 14:26:54,242 [ERROR] LogOutputStream:75 - [STDERR_REDIRECT] 
2025-10-30 14:26:55,241 [ERROR] LogOutputStream:75 - [STDERR_REDIRECT] [Fatal Error] :1:1: Premature end of file.
2025-10-30 14:26:55,242 [ERROR] LogOutputStream:75 - [STDERR_REDIRECT] 
2025-10-30 14:26:56,234 [ERROR] LogOutputStream:75 - [STDERR_REDIRECT] [Fatal Error] :1:1: Premature end of file.
2025-10-30 14:26:56,234 [ERROR] LogOutputStream:75 - [STDERR_REDIRECT] 
2025-10-30 14:26:57,239 [ERROR] LogOutputStream:75 - [STDERR_REDIRECT] [Fatal Error] :1:1: Premature end of file.
2025-10-30 14:26:57,240 [ERROR] LogOutputStream:75 - [STDERR_REDIRECT] 
2025-10-30 14:26:58,238 [ERROR] LogOutputStream:75 - [STDERR_REDIRECT] [Fatal Error] :1:1: Premature end of file.
2025-10-30 14:26:58,239 [ERROR] LogOutputStream:75 - [STDERR_REDIRECT] 
2025-10-30 14:26:59,238 [ERROR] LogOutputStream:75 - [STDERR_REDIRECT] [Fatal Error] :1:1: Premature end of file.
2025-10-30 14:26:59,238 [ERROR] LogOutputStream:75 - [STDERR_REDIRECT] 
2025-10-30 14:27:00,238 [ERROR] LogOutputStream:75 - [STDERR_REDIRECT] [Fatal Error] :1:1: Premature end of file.
2025-10-30 14:27:00,238 [ERROR] LogOutputStream:75 - [STDERR_REDIRECT] 
2025-10-30 14:27:01,235 [ERROR] LogOutputStream:75 - [STDERR_REDIRECT] [Fatal Error] :1:1: Premature end of file.
2025-10-30 14:27:01,235 [ERROR] LogOutputStream:75 - [STDERR_REDIRECT] 
2025-10-30 14:27:02,235 [ERROR] LogOutputStream:75 - [STDERR_REDIRECT] [Fatal Error] :1:1: Premature end of file.
2025-10-30 14:27:02,235 [ERROR] LogOutputStream:75 - [STDERR_REDIRECT] 
2025-10-30 14:27:03,240 [ERROR] LogOutputStream:75 - [STDERR_REDIRECT] [Fatal Error] :1:1: Premature end of file.
2025-10-30 14:27:03,240 [ERROR] LogOutputStream:75 - [STDERR_REDIRECT] 
2025-10-30 14:27:04,235 [ERROR] LogOutputStream:75 - [STDERR_REDIRECT] [Fatal Error] :1:1: Premature end of file.
2025-10-30 14:27:04,236 [ERROR] LogOutputStream:75 - [STDERR_REDIRECT] 
2025-10-30 14:27:05,267 [ERROR] LogOutputStream:75 - [STDERR_REDIRECT] [Fatal Error] :1:1: Premature end of file.
2025-10-30 14:27:05,267 [ERROR] LogOutputStream:75 - [STDERR_REDIRECT] 
2025-10-30 14:27:06,238 [ERROR] LogOutputStream:75 - [STDERR_REDIRECT] [Fatal Error] :1:1: Premature end of file.
2025-10-30 14:27:06,238 [ERROR] LogOutputStream:75 - [STDERR_REDIRECT] 
2025-10-30 14:27:07,356 [ERROR] LogOutputStream:75 - [STDERR_REDIRECT] [Fatal Error] :1:1: Premature end of file.
2025-10-30 14:27:07,356 [ERROR] LogOutputStream:75 - [STDERR_REDIRECT] 
2025-10-30 14:27:08,241 [ERROR] LogOutputStream:75 - [STDERR_REDIRECT] [Fatal Error] :1:1: Premature end of file.
2025-10-30 14:27:08,241 [ERROR] LogOutputStream:75 - [STDERR_REDIRECT] 
2025-10-30 14:27:09,237 [ERROR] LogOutputStream:75 - [STDERR_REDIRECT] [Fatal Error] :1:1: Premature end of file.
2025-10-30 14:27:09,237 [ERROR] LogOutputStream:75 - [STDERR_REDIRECT] 
2025-10-30 14:27:10,234 [ERROR] LogOutputStream:75 - [STDERR_REDIRECT] [Fatal Error] :1:1: Premature end of file.
2025-10-30 14:27:10,234 [ERROR] LogOutputStream:75 - [STDERR_REDIRECT] 
2025-10-30 14:27:11,237 [ERROR] LogOutputStream:75 - [STDERR_REDIRECT] [Fatal Error] :1:1: Premature end of file.
2025-10-30 14:27:11,237 [ERROR] LogOutputStream:75 - [STDERR_REDIRECT] 
2025-10-30 14:27:12,236 [ERROR] LogOutputStream:75 - [STDERR_REDIRECT] [Fatal Error] :1:1: Premature end of file.
2025-10-30 14:27:12,236 [ERROR] LogOutputStream:75 - [STDERR_REDIRECT] 
2025-10-30 14:27:13,238 [ERROR] LogOutputStream:75 - [STDERR_REDIRECT] [Fatal Error] :1:1: Premature end of file.
2025-10-30 14:27:13,238 [ERROR] LogOutputStream:75 - [STDERR_REDIRECT] 
2025-10-30 14:27:14,235 [ERROR] LogOutputStream:75 - [STDERR_REDIRECT] [Fatal Error] :1:1: Premature end of file.
2025-10-30 14:27:14,235 [ERROR] LogOutputStream:75 - [STDERR_REDIRECT] 
2025-10-30 14:27:15,235 [ERROR] LogOutputStream:75 - [STDERR_REDIRECT] [Fatal Error] :1:1: Premature end of file.
2025-10-30 14:27:15,235 [ERROR] LogOutputStream:75 - [STDERR_REDIRECT] 
2025-10-30 14:27:16,233 [ERROR] LogOutputStream:75 - [STDERR_REDIRECT] [Fatal Error] :1:1: Premature end of file.
2025-10-30 14:27:16,233 [ERROR] LogOutputStream:75 - [STDERR_REDIRECT] 
2025-10-30 14:27:17,236 [ERROR] LogOutputStream:75 - [STDERR_REDIRECT] [Fatal Error] :1:1: Premature end of file.
2025-10-30 14:27:17,236 [ERROR] LogOutputStream:75 - [STDERR_REDIRECT] 
2025-10-30 14:27:18,235 [ERROR] LogOutputStream:75 - [STDERR_REDIRECT] [Fatal Error] :1:1: Premature end of file.
2025-10-30 14:27:18,235 [ERROR] LogOutputStream:75 - [STDERR_REDIRECT] 
2025-10-30 14:27:19,236 [ERROR] LogOutputStream:75 - [STDERR_REDIRECT] [Fatal Error] :1:1: Premature end of file.
2025-10-30 14:27:19,236 [ERROR] LogOutputStream:75 - [STDERR_REDIRECT] 
2025-10-30 14:27:20,236 [ERROR] LogOutputStream:75 - [STDERR_REDIRECT] [Fatal Error] :1:1: Premature end of file.
2025-10-30 14:27:20,236 [ERROR] LogOutputStream:75 - [STDERR_REDIRECT] 
2025-10-30 14:27:21,235 [ERROR] LogOutputStream:75 - [STDERR_REDIRECT] [Fatal Error] :1:1: Premature end of file.
2025-10-30 14:27:21,236 [ERROR] LogOutputStream:75 - [STDERR_REDIRECT] 
2025-10-30 14:27:22,233 [ERROR] LogOutputStream:75 - [STDERR_REDIRECT] [Fatal Error] :1:1: Premature end of file.
2025-10-30 14:27:22,233 [ERROR] LogOutputStream:75 - [STDERR_REDIRECT] 
2025-10-30 14:27:23,235 [ERROR] LogOutputStream:75 - [STDERR_REDIRECT] [Fatal Error] :1:1: Premature end of file.
2025-10-30 14:27:23,235 [ERROR] LogOutputStream:75 - [STDERR_REDIRECT] 
2025-10-30 14:27:24,235 [ERROR] LogOutputStream:75 - [STDERR_REDIRECT] [Fatal Error] :1:1: Premature end of file.
2025-10-30 14:27:24,235 [ERROR] LogOutputStream:75 - [STDERR_REDIRECT] 
2025-10-30 14:27:25,234 [ERROR] LogOutputStream:75 - [STDERR_REDIRECT] [Fatal Error] :1:1: Premature end of file.
2025-10-30 14:27:25,234 [ERROR] LogOutputStream:75 - [STDERR_REDIRECT] 
2025-10-30 14:27:26,235 [ERROR] LogOutputStream:75 - [STDERR_REDIRECT] [Fatal Error] :1:1: Premature end of file.
2025-10-30 14:27:26,235 [ERROR] LogOutputStream:75 - [STDERR_REDIRECT] 
2025-10-30 14:27:27,235 [ERROR] LogOutputStream:75 - [STDERR_REDIRECT] [Fatal Error] :1:1: Premature end of file.
2025-10-30 14:27:27,235 [ERROR] LogOutputStream:75 - [STDERR_REDIRECT] 
2025-10-30 14:27:28,233 [ERROR] LogOutputStream:75 - [STDERR_REDIRECT] [Fatal Error] :1:1: Premature end of file.
2025-10-30 14:27:28,233 [ERROR] LogOutputStream:75 - [STDERR_REDIRECT] 
2025-10-30 14:27:29,234 [ERROR] LogOutputStream:75 - [STDERR_REDIRECT] [Fatal Error] :1:1: Premature end of file.
2025-10-30 14:27:29,234 [ERROR] LogOutputStream:75 - [STDERR_REDIRECT] 
2025-10-30 14:27:30,235 [ERROR] LogOutputStream:75 - [STDERR_REDIRECT] [Fatal Error] :1:1: Premature end of file.
2025-10-30 14:27:30,235 [ERROR] LogOutputStream:75 - [STDERR_REDIRECT] 
2025-10-30 14:27:31,237 [ERROR] LogOutputStream:75 - [STDERR_REDIRECT] [Fatal Error] :1:1: Premature end of file.
2025-10-30 14:27:31,237 [ERROR] LogOutputStream:75 - [STDERR_REDIRECT] 
2025-10-30 14:27:32,233 [ERROR] LogOutputStream:75 - [STDERR_REDIRECT] [Fatal Error] :1:1: Premature end of file.
2025-10-30 14:27:32,233 [ERROR] LogOutputStream:75 - [STDERR_REDIRECT] 
2025-10-30 14:27:33,236 [ERROR] LogOutputStream:75 - [STDERR_REDIRECT] [Fatal Error] :1:1: Premature end of file.
2025-10-30 14:27:33,236 [ERROR] LogOutputStream:75 - [STDERR_REDIRECT] 
2025-10-30 14:27:34,249 [ERROR] LogOutputStream:75 - [STDERR_REDIRECT] [Fatal Error] :1:1: Premature end of file.
2025-10-30 14:27:34,249 [ERROR] LogOutputStream:75 - [STDERR_REDIRECT] 
2025-10-30 14:27:35,247 [ERROR] LogOutputStream:75 - [STDERR_REDIRECT] [Fatal Error] :1:1: Premature end of file.
2025-10-30 14:27:35,247 [ERROR] LogOutputStream:75 - [STDERR_REDIRECT] 
2025-10-30 14:27:36,234 [ERROR] LogOutputStream:75 - [STDERR_REDIRECT] [Fatal Error] :1:1: Premature end of file.
2025-10-30 14:27:36,234 [ERROR] LogOutputStream:75 - [STDERR_REDIRECT] 
2025-10-30 14:27:37,232 [ERROR] LogOutputStream:75 - [STDERR_REDIRECT] [Fatal Error] :1:1: Premature end of file.
2025-10-30 14:27:37,233 [ERROR] LogOutputStream:75 - [STDERR_REDIRECT] 
2025-10-30 14:27:38,236 [ERROR] LogOutputStream:75 - [STDERR_REDIRECT] [Fatal Error] :1:1: Premature end of file.
2025-10-30 14:27:38,236 [ERROR] LogOutputStream:75 - [STDERR_REDIRECT] 
2025-10-30 14:27:39,234 [ERROR] LogOutputStream:75 - [STDERR_REDIRECT] [Fatal Error] :1:1: Premature end of file.
2025-10-30 14:27:39,234 [ERROR] LogOutputStream:75 - [STDERR_REDIRECT] 
2025-10-30 14:27:40,239 [ERROR] LogOutputStream:75 - [STDERR_REDIRECT] [Fatal Error] :1:1: Premature end of file.
2025-10-30 14:27:40,239 [ERROR] LogOutputStream:75 - [STDERR_REDIRECT] 
2025-10-30 14:27:41,233 [ERROR] LogOutputStream:75 - [STDERR_REDIRECT] [Fatal Error] :1:1: Premature end of file.
2025-10-30 14:27:41,234 [ERROR] LogOutputStream:75 - [STDERR_REDIRECT] 
2025-10-30 14:27:42,235 [ERROR] LogOutputStream:75 - [STDERR_REDIRECT] [Fatal Error] :1:1: Premature end of file.
2025-10-30 14:27:42,235 [ERROR] LogOutputStream:75 - [STDERR_REDIRECT] 
2025-10-30 14:27:43,235 [ERROR] LogOutputStream:75 - [STDERR_REDIRECT] [Fatal Error] :1:1: Premature end of file.
2025-10-30 14:27:43,235 [ERROR] LogOutputStream:75 - [STDERR_REDIRECT] 
2025-10-30 14:27:44,249 [ERROR] LogOutputStream:75 - [STDERR_REDIRECT] [Fatal Error] :1:1: Premature end of file.
2025-10-30 14:27:44,249 [ERROR] LogOutputStream:75 - [STDERR_REDIRECT] 
2025-10-30 14:27:45,234 [ERROR] LogOutputStream:75 - [STDERR_REDIRECT] [Fatal Error] :1:1: Premature end of file.
2025-10-30 14:27:45,235 [ERROR] LogOutputStream:75 - [STDERR_REDIRECT] 
2025-10-30 14:27:46,235 [ERROR] LogOutputStream:75 - [STDERR_REDIRECT] [Fatal Error] :1:1: Premature end of file.
2025-10-30 14:27:46,235 [ERROR] LogOutputStream:75 - [STDERR_REDIRECT] 
2025-10-30 14:27:47,235 [ERROR] LogOutputStream:75 - [STDERR_REDIRECT] [Fatal Error] :1:1: Premature end of file.
2025-10-30 14:27:47,235 [ERROR] LogOutputStream:75 - [STDERR_REDIRECT] 
2025-10-30 14:27:48,236 [ERROR] LogOutputStream:75 - [STDERR_REDIRECT] [Fatal Error] :1:1: Premature end of file.
2025-10-30 14:27:48,236 [ERROR] LogOutputStream:75 - [STDERR_REDIRECT] 
2025-10-30 14:27:49,234 [ERROR] LogOutputStream:75 - [STDERR_REDIRECT] [Fatal Error] :1:1: Premature end of file.
2025-10-30 14:27:49,235 [ERROR] LogOutputStream:75 - [STDERR_REDIRECT] 
2025-10-30 14:27:50,234 [ERROR] LogOutputStream:75 - [STDERR_REDIRECT] [Fatal Error] :1:1: Premature end of file.
2025-10-30 14:27:50,234 [ERROR] LogOutputStream:75 - [STDERR_REDIRECT] 
2025-10-30 14:27:51,237 [ERROR] LogOutputStream:75 - [STDERR_REDIRECT] [Fatal Error] :1:1: Premature end of file.
2025-10-30 14:27:51,237 [ERROR] LogOutputStream:75 - [STDERR_REDIRECT] 
2025-10-30 14:27:52,235 [ERROR] LogOutputStream:75 - [STDERR_REDIRECT] [Fatal Error] :1:1: Premature end of file.
2025-10-30 14:27:52,235 [ERROR] LogOutputStream:75 - [STDERR_REDIRECT] 
2025-10-30 14:27:53,250 [ERROR] LogOutputStream:75 - [STDERR_REDIRECT] [Fatal Error] :1:1: Premature end of file.
2025-10-30 14:27:53,251 [ERROR] LogOutputStream:75 - [STDERR_REDIRECT] 
2025-10-30 14:27:54,235 [ERROR] LogOutputStream:75 - [STDERR_REDIRECT] [Fatal Error] :1:1: Premature end of file.
2025-10-30 14:27:54,235 [ERROR] LogOutputStream:75 - [STDERR_REDIRECT] 
2025-10-30 14:27:55,272 [ERROR] LogOutputStream:75 - [STDERR_REDIRECT] [Fatal Error] :1:1: Premature end of file.
2025-10-30 14:27:55,272 [ERROR] LogOutputStream:75 - [STDERR_REDIRECT] 
2025-10-30 14:27:56,251 [ERROR] LogOutputStream:75 - [STDERR_REDIRECT] [Fatal Error] :1:1: Premature end of file.
2025-10-30 14:27:56,251 [ERROR] LogOutputStream:75 - [STDERR_REDIRECT] 
2025-10-30 14:27:57,260 [ERROR] LogOutputStream:75 - [STDERR_REDIRECT] [Fatal Error] :1:1: Premature end of file.
2025-10-30 14:27:57,260 [ERROR] LogOutputStream:75 - [STDERR_REDIRECT] 
2025-10-30 14:27:58,245 [ERROR] LogOutputStream:75 - [STDERR_REDIRECT] [Fatal Error] :1:1: Premature end of file.
2025-10-30 14:27:58,246 [ERROR] LogOutputStream:75 - [STDERR_REDIRECT] 
2025-10-30 14:27:59,237 [ERROR] LogOutputStream:75 - [STDERR_REDIRECT] [Fatal Error] :1:1: Premature end of file.
2025-10-30 14:27:59,237 [ERROR] LogOutputStream:75 - [STDERR_REDIRECT] 
2025-10-30 14:28:00,267 [ERROR] LogOutputStream:75 - [STDERR_REDIRECT] [Fatal Error] :1:1: Premature end of file.
2025-10-30 14:28:00,267 [ERROR] LogOutputStream:75 - [STDERR_REDIRECT] 
2025-10-30 14:28:01,242 [ERROR] LogOutputStream:75 - [STDERR_REDIRECT] [Fatal Error] :1:1: Premature end of file.
2025-10-30 14:28:01,242 [ERROR] LogOutputStream:75 - [STDERR_REDIRECT] 
2025-10-30 14:28:02,236 [ERROR] LogOutputStream:75 - [STDERR_REDIRECT] [Fatal Error] :1:1: Premature end of file.
2025-10-30 14:28:02,236 [ERROR] LogOutputStream:75 - [STDERR_REDIRECT] 
2025-10-30 14:28:03,243 [ERROR] LogOutputStream:75 - [STDERR_REDIRECT] [Fatal Error] :1:1: Premature end of file.
2025-10-30 14:28:03,243 [ERROR] LogOutputStream:75 - [STDERR_REDIRECT] 
2025-10-30 14:28:04,237 [ERROR] LogOutputStream:75 - [STDERR_REDIRECT] [Fatal Error] :1:1: Premature end of file.
2025-10-30 14:28:04,237 [ERROR] LogOutputStream:75 - [STDERR_REDIRECT] 
2025-10-30 14:28:05,244 [ERROR] LogOutputStream:75 - [STDERR_REDIRECT] [Fatal Error] :1:1: Premature end of file.
2025-10-30 14:28:05,245 [ERROR] LogOutputStream:75 - [STDERR_REDIRECT] 
2025-10-30 14:28:06,234 [ERROR] LogOutputStream:75 - [STDERR_REDIRECT] [Fatal Error] :1:1: Premature end of file.
2025-10-30 14:28:06,234 [ERROR] LogOutputStream:75 - [STDERR_REDIRECT] 
2025-10-30 14:28:07,233 [ERROR] LogOutputStream:75 - [STDERR_REDIRECT] [Fatal Error] :1:1: Premature end of file.
2025-10-30 14:28:07,233 [ERROR] LogOutputStream:75 - [STDERR_REDIRECT] 
2025-10-30 14:28:08,236 [ERROR] LogOutputStream:75 - [STDERR_REDIRECT] [Fatal Error] :1:1: Premature end of file.
2025-10-30 14:28:08,236 [ERROR] LogOutputStream:75 - [STDERR_REDIRECT] 
2025-10-30 14:28:09,234 [ERROR] LogOutputStream:75 - [STDERR_REDIRECT] [Fatal Error] :1:1: Premature end of file.
2025-10-30 14:28:09,234 [ERROR] LogOutputStream:75 - [STDERR_REDIRECT] 
2025-10-30 14:28:10,234 [ERROR] LogOutputStream:75 - [STDERR_REDIRECT] [Fatal Error] :1:1: Premature end of file.
2025-10-30 14:28:10,235 [ERROR] LogOutputStream:75 - [STDERR_REDIRECT] 
2025-10-30 14:28:11,234 [ERROR] LogOutputStream:75 - [STDERR_REDIRECT] [Fatal Error] :1:1: Premature end of file.
2025-10-30 14:28:11,234 [ERROR] LogOutputStream:75 - [STDERR_REDIRECT] 
2025-10-30 14:28:12,236 [ERROR] LogOutputStream:75 - [STDERR_REDIRECT] [Fatal Error] :1:1: Premature end of file.
2025-10-30 14:28:12,236 [ERROR] LogOutputStream:75 - [STDERR_REDIRECT] 
2025-10-30 14:28:13,238 [ERROR] LogOutputStream:75 - [STDERR_REDIRECT] [Fatal Error] :1:1: Premature end of file.
2025-10-30 14:28:13,238 [ERROR] LogOutputStream:75 - [STDERR_REDIRECT] 
2025-10-30 14:28:14,235 [ERROR] LogOutputStream:75 - [STDERR_REDIRECT] [Fatal Error] :1:1: Premature end of file.
2025-10-30 14:28:14,235 [ERROR] LogOutputStream:75 - [STDERR_REDIRECT] 
2025-10-30 14:28:15,234 [ERROR] LogOutputStream:75 - [STDERR_REDIRECT] [Fatal Error] :1:1: Premature end of file.
2025-10-30 14:28:15,234 [ERROR] LogOutputStream:75 - [STDERR_REDIRECT] 
2025-10-30 14:28:16,237 [ERROR] LogOutputStream:75 - [STDERR_REDIRECT] [Fatal Error] :1:1: Premature end of file.
2025-10-30 14:28:16,237 [ERROR] LogOutputStream:75 - [STDERR_REDIRECT] 
2025-10-30 14:28:17,231 [ERROR] LogOutputStream:75 - [STDERR_REDIRECT] [Fatal Error] :1:1: Premature end of file.
2025-10-30 14:28:17,231 [ERROR] LogOutputStream:75 - [STDERR_REDIRECT] 
2025-10-30 14:28:18,235 [ERROR] LogOutputStream:75 - [STDERR_REDIRECT] [Fatal Error] :1:1: Premature end of file.
2025-10-30 14:28:18,235 [ERROR] LogOutputStream:75 - [STDERR_REDIRECT] 
2025-10-30 14:28:19,232 [ERROR] LogOutputStream:75 - [STDERR_REDIRECT] [Fatal Error] :1:1: Premature end of file.
2025-10-30 14:28:19,232 [ERROR] LogOutputStream:75 - [STDERR_REDIRECT] 
2025-10-30 14:28:20,234 [ERROR] LogOutputStream:75 - [STDERR_REDIRECT] [Fatal Error] :1:1: Premature end of file.
2025-10-30 14:28:20,234 [ERROR] LogOutputStream:75 - [STDERR_REDIRECT] 
2025-10-30 14:28:21,233 [ERROR] LogOutputStream:75 - [STDERR_REDIRECT] [Fatal Error] :1:1: Premature end of file.
2025-10-30 14:28:21,233 [ERROR] LogOutputStream:75 - [STDERR_REDIRECT] 
2025-10-30 14:28:22,240 [ERROR] LogOutputStream:75 - [STDERR_REDIRECT] [Fatal Error] :1:1: Premature end of file.
2025-10-30 14:28:22,240 [ERROR] LogOutputStream:75 - [STDERR_REDIRECT] 
2025-10-30 14:28:23,236 [ERROR] LogOutputStream:75 - [STDERR_REDIRECT] [Fatal Error] :1:1: Premature end of file.
2025-10-30 14:28:23,236 [ERROR] LogOutputStream:75 - [STDERR_REDIRECT] 
2025-10-30 14:28:24,235 [ERROR] LogOutputStream:75 - [STDERR_REDIRECT] [Fatal Error] :1:1: Premature end of file.
2025-10-30 14:28:24,235 [ERROR] LogOutputStream:75 - [STDERR_REDIRECT] 
2025-10-30 14:28:25,234 [ERROR] LogOutputStream:75 - [STDERR_REDIRECT] [Fatal Error] :1:1: Premature end of file.
2025-10-30 14:28:25,234 [ERROR] LogOutputStream:75 - [STDERR_REDIRECT] 
2025-10-30 14:28:26,237 [ERROR] LogOutputStream:75 - [STDERR_REDIRECT] [Fatal Error] :1:1: Premature end of file.
2025-10-30 14:28:26,238 [ERROR] LogOutputStream:75 - [STDERR_REDIRECT] 
2025-10-30 14:28:27,233 [ERROR] LogOutputStream:75 - [STDERR_REDIRECT] [Fatal Error] :1:1: Premature end of file.
2025-10-30 14:28:27,233 [ERROR] LogOutputStream:75 - [STDERR_REDIRECT] 
2025-10-30 14:28:28,234 [ERROR] LogOutputStream:75 - [STDERR_REDIRECT] [Fatal Error] :1:1: Premature end of file.
2025-10-30 14:28:28,234 [ERROR] LogOutputStream:75 - [STDERR_REDIRECT] 
2025-10-30 14:28:29,239 [ERROR] LogOutputStream:75 - [STDERR_REDIRECT] [Fatal Error] :1:1: Premature end of file.
2025-10-30 14:28:29,239 [ERROR] LogOutputStream:75 - [STDERR_REDIRECT] 
2025-10-30 14:28:30,233 [ERROR] LogOutputStream:75 - [STDERR_REDIRECT] [Fatal Error] :1:1: Premature end of file.
2025-10-30 14:28:30,233 [ERROR] LogOutputStream:75 - [STDERR_REDIRECT] 
2025-10-30 14:28:31,231 [ERROR] LogOutputStream:75 - [STDERR_REDIRECT] [Fatal Error] :1:1: Premature end of file.
2025-10-30 14:28:31,232 [ERROR] LogOutputStream:75 - [STDERR_REDIRECT] 
2025-10-30 14:28:32,231 [ERROR] LogOutputStream:75 - [STDERR_REDIRECT] [Fatal Error] :1:1: Premature end of file.
2025-10-30 14:28:32,231 [ERROR] LogOutputStream:75 - [STDERR_REDIRECT] 
2025-10-30 14:28:33,233 [ERROR] LogOutputStream:75 - [STDERR_REDIRECT] [Fatal Error] :1:1: Premature end of file.
2025-10-30 14:28:33,233 [ERROR] LogOutputStream:75 - [STDERR_REDIRECT] 
2025-10-30 14:28:34,233 [ERROR] LogOutputStream:75 - [STDERR_REDIRECT] [Fatal Error] :1:1: Premature end of file.
2025-10-30 14:28:34,233 [ERROR] LogOutputStream:75 - [STDERR_REDIRECT] 
2025-10-30 14:28:35,233 [ERROR] LogOutputStream:75 - [STDERR_REDIRECT] [Fatal Error] :1:1: Premature end of file.
2025-10-30 14:28:35,234 [ERROR] LogOutputStream:75 - [STDERR_REDIRECT] 
2025-10-30 14:28:36,235 [ERROR] LogOutputStream:75 - [STDERR_REDIRECT] [Fatal Error] :1:1: Premature end of file.
2025-10-30 14:28:36,235 [ERROR] LogOutputStream:75 - [STDERR_REDIRECT] 
2025-10-30 14:28:37,233 [ERROR] LogOutputStream:75 - [STDERR_REDIRECT] [Fatal Error] :1:1: Premature end of file.
2025-10-30 14:28:37,233 [ERROR] LogOutputStream:75 - [STDERR_REDIRECT] 
2025-10-30 14:28:38,234 [ERROR] LogOutputStream:75 - [STDERR_REDIRECT] [Fatal Error] :1:1: Premature end of file.
2025-10-30 14:28:38,235 [ERROR] LogOutputStream:75 - [STDERR_REDIRECT] 
2025-10-30 14:28:39,234 [ERROR] LogOutputStream:75 - [STDERR_REDIRECT] [Fatal Error] :1:1: Premature end of file.
2025-10-30 14:28:39,234 [ERROR] LogOutputStream:75 - [STDERR_REDIRECT] 
2025-10-30 14:28:40,253 [ERROR] LogOutputStream:75 - [STDERR_REDIRECT] [Fatal Error] :1:1: Premature end of file.
2025-10-30 14:28:40,253 [ERROR] LogOutputStream:75 - [STDERR_REDIRECT] 
2025-10-30 14:28:41,251 [ERROR] LogOutputStream:75 - [STDERR_REDIRECT] [Fatal Error] :1:1: Premature end of file.
2025-10-30 14:28:41,251 [ERROR] LogOutputStream:75 - [STDERR_REDIRECT] 
2025-10-30 14:28:42,234 [ERROR] LogOutputStream:75 - [STDERR_REDIRECT] [Fatal Error] :1:1: Premature end of file.
2025-10-30 14:28:42,234 [ERROR] LogOutputStream:75 - [STDERR_REDIRECT] 
2025-10-30 14:28:43,233 [ERROR] LogOutputStream:75 - [STDERR_REDIRECT] [Fatal Error] :1:1: Premature end of file.
2025-10-30 14:28:43,233 [ERROR] LogOutputStream:75 - [STDERR_REDIRECT] 
2025-10-30 14:28:44,242 [ERROR] LogOutputStream:75 - [STDERR_REDIRECT] [Fatal Error] :1:1: Premature end of file.
2025-10-30 14:28:44,244 [ERROR] LogOutputStream:75 - [STDERR_REDIRECT] 
2025-10-30 14:28:45,233 [ERROR] LogOutputStream:75 - [STDERR_REDIRECT] [Fatal Error] :1:1: Premature end of file.
2025-10-30 14:28:45,233 [ERROR] LogOutputStream:75 - [STDERR_REDIRECT] 
2025-10-30 14:28:46,233 [ERROR] LogOutputStream:75 - [STDERR_REDIRECT] [Fatal Error] :1:1: Premature end of file.
2025-10-30 14:28:46,233 [ERROR] LogOutputStream:75 - [STDERR_REDIRECT] 
2025-10-30 14:28:47,235 [ERROR] LogOutputStream:75 - [STDERR_REDIRECT] [Fatal Error] :1:1: Premature end of file.
2025-10-30 14:28:47,235 [ERROR] LogOutputStream:75 - [STDERR_REDIRECT] 
2025-10-30 14:28:48,234 [ERROR] LogOutputStream:75 - [STDERR_REDIRECT] [Fatal Error] :1:1: Premature end of file.
2025-10-30 14:28:48,236 [ERROR] LogOutputStream:75 - [STDERR_REDIRECT] 
2025-10-30 14:28:48,558 [ERROR] LogOutputStream:75 - [STDERR_REDIRECT] 
2025-10-30 18:44:47,133 [INFO] Activator:176 - 


2025-10-30 18:44:47,142 [INFO] Activator:177 - !SESSION log4j initialized
2025-10-30 18:44:59,890 [INFO] LogOutputStream:77 - [STDOUT_REDIRECT] 
2025-10-30 18:45:03,320 [INFO] ApplicationProperties:184 - Using Application install path: C:\ST\STM32CubeIDE_1.19.0\STM32CubeIDE\plugins\com.st.stm32cube.common.mx_6.15.0.202507011659
2025-10-30 18:45:03,344 [INFO] DbMcusXml:78 - Set database path to: C:\ST\STM32CubeIDE_1.19.0\STM32CubeIDE\plugins\com.st.stm32cube.common.mx_6.15.0.202507011659\\db\/mcu/
2025-10-30 18:45:03,344 [INFO] ApiDb:274 - Set plugin database path to: C:\ST\STM32CubeIDE_1.19.0\STM32CubeIDE\plugins\com.st.stm32cube.common.mx_6.15.0.202507011659\\db\/plugins/boardmanager/
2025-10-30 18:45:03,345 [WARN] ApiDb:259 - Overriding images path with different value:  => C:\ST\STM32CubeIDE_1.19.0\STM32CubeIDE\plugins\com.st.stm32cube.common.mx_6.15.0.202507011659\\db\/plugins/mcufinder/images/
2025-10-30 18:45:03,357 [INFO] ApiDb:250 - Set database path to: C:\Users\Song\.stmcufinder\plugins\mcufinder//mcu/
2025-10-30 18:45:03,358 [INFO] DbMcusAds:125 - Set database path to: C:\Users\Song\.stmcufinder\plugins\mcufinder//mcu/
2025-10-30 18:45:03,362 [INFO] CrossReferenceDbSqlite:203 - Set database path to: C:\Users\Song\.stmcufinder\plugins\mcufinder//mcu/cs/
2025-10-30 18:45:03,551 [INFO] RulesReader:64 - Compatibility file has been processed (317 Rules)
2025-10-30 18:45:03,767 [INFO] DbMcusXml:78 - Set database path to: C:\ST\STM32CubeIDE_1.19.0\STM32CubeIDE\plugins\com.st.stm32cube.common.mx_6.15.0.202507011659\\db\/mcu/
2025-10-30 18:45:03,767 [INFO] ApiDb:274 - Set plugin database path to: C:\ST\STM32CubeIDE_1.19.0\STM32CubeIDE\plugins\com.st.stm32cube.common.mx_6.15.0.202507011659\\db\/plugins/boardmanager/
2025-10-30 18:45:03,767 [INFO] ApiDb:261 - Set plugin images path to: C:\ST\STM32CubeIDE_1.19.0\STM32CubeIDE\plugins\com.st.stm32cube.common.mx_6.15.0.202507011659\\db\/plugins/mcufinder/images/
2025-10-30 18:45:03,768 [WARN] DbFile:41 - Overriding database path with different value: C:\Users\Song\.stmcufinder\plugins\mcufinder/ => C:\Users\Song\.stmcufinder\plugins\mcufinder
2025-10-30 18:45:03,768 [INFO] ApiDb:250 - Set database path to: C:\Users\Song\.stmcufinder\plugins\mcufinder//mcu/
2025-10-30 18:45:03,768 [WARN] DbFile:41 - Overriding database path with different value: C:\Users\Song\.stmcufinder\plugins\mcufinder/ => C:\Users\Song\.stmcufinder\plugins\mcufinder
2025-10-30 18:45:03,768 [INFO] DbMcusAds:125 - Set database path to: C:\Users\Song\.stmcufinder\plugins\mcufinder//mcu/
2025-10-30 18:45:03,768 [WARN] DbFile:41 - Overriding database path with different value: C:\Users\Song\.stmcufinder\plugins\mcufinder/ => C:\Users\Song\.stmcufinder\plugins\mcufinder
2025-10-30 18:45:03,768 [WARN] DbFile:41 - Overriding database path with different value: C:\Users\Song\.stmcufinder\plugins\mcufinder/ => C:\Users\Song\.stmcufinder\plugins\mcufinder
2025-10-30 18:45:03,768 [INFO] CrossReferenceDbSqlite:203 - Set database path to: C:\Users\Song\.stmcufinder\plugins\mcufinder//mcu/cs/
2025-10-30 18:45:03,886 [INFO] MainPanel:274 - HeapMemory: 268435456
2025-10-30 18:45:04,050 [INFO] DbMcusXml:78 - Set database path to: C:\ST\STM32CubeIDE_1.19.0\STM32CubeIDE\plugins\com.st.stm32cube.common.mx_6.15.0.202507011659\\db\/mcu/
2025-10-30 18:45:04,050 [INFO] ApiDb:274 - Set plugin database path to: C:\ST\STM32CubeIDE_1.19.0\STM32CubeIDE\plugins\com.st.stm32cube.common.mx_6.15.0.202507011659\\db\/plugins/boardmanager/
2025-10-30 18:45:04,050 [INFO] ApiDb:261 - Set plugin images path to: C:\ST\STM32CubeIDE_1.19.0\STM32CubeIDE\plugins\com.st.stm32cube.common.mx_6.15.0.202507011659\\db\/plugins/mcufinder/images/
2025-10-30 18:45:04,051 [WARN] DbFile:41 - Overriding database path with different value: C:\Users\Song\.stmcufinder\plugins\mcufinder/ => C:\Users\Song\.stmcufinder\plugins\mcufinder
2025-10-30 18:45:04,051 [INFO] ApiDb:250 - Set database path to: C:\Users\Song\.stmcufinder\plugins\mcufinder//mcu/
2025-10-30 18:45:04,051 [WARN] DbFile:41 - Overriding database path with different value: C:\Users\Song\.stmcufinder\plugins\mcufinder/ => C:\Users\Song\.stmcufinder\plugins\mcufinder
2025-10-30 18:45:04,051 [INFO] DbMcusAds:125 - Set database path to: C:\Users\Song\.stmcufinder\plugins\mcufinder//mcu/
2025-10-30 18:45:04,051 [WARN] DbFile:41 - Overriding database path with different value: C:\Users\Song\.stmcufinder\plugins\mcufinder/ => C:\Users\Song\.stmcufinder\plugins\mcufinder
2025-10-30 18:45:04,052 [WARN] DbFile:41 - Overriding database path with different value: C:\Users\Song\.stmcufinder\plugins\mcufinder/ => C:\Users\Song\.stmcufinder\plugins\mcufinder
2025-10-30 18:45:04,052 [INFO] CrossReferenceDbSqlite:203 - Set database path to: C:\Users\Song\.stmcufinder\plugins\mcufinder//mcu/cs/
2025-10-30 18:45:04,079 [INFO] ApplicationProperties:184 - Using Application install path: C:\ST\STM32CubeIDE_1.19.0\STM32CubeIDE\plugins\com.st.stm32cube.common.mx_6.15.0.202507011659
2025-10-30 18:45:04,080 [INFO] PluginManage:196 - Search for loadable plugins [exclusion list=, ]
2025-10-30 18:45:04,082 [INFO] PluginManage:310 - Check plugin analytics
2025-10-30 18:45:04,690 [INFO] AnalyticsPlugin:253 - Accepted Software Licenses: 
2025-10-30 18:45:04,690 [INFO] AnalyticsPlugin:255 - Accepted CMSIS Pack Licenses: 
2025-10-30 18:45:04,691 [INFO] AnalyticsPlugin:257 - Accepted Firmware Licenses: 
2025-10-30 18:45:04,706 [INFO] PluginManage:359 - Loaded plugin analytics (category:tool,tabindex:-1)
2025-10-30 18:45:04,706 [INFO] PluginManage:310 - Check plugin cadmodel
2025-10-30 18:45:04,723 [INFO] CADModel:105 - Init CAD model plugin
2025-10-30 18:45:04,723 [INFO] PluginManage:359 - Loaded plugin cadmodel (category:power,tabindex:5)
2025-10-30 18:45:04,725 [INFO] PluginManage:310 - Check plugin clock
2025-10-30 18:45:04,765 [INFO] PluginManage:359 - Loaded plugin clock (category:base,tabindex:2)
2025-10-30 18:45:04,766 [INFO] PluginManage:310 - Check plugin ddr
2025-10-30 18:45:04,780 [INFO] PluginManage:359 - Loaded plugin ddr (category:tool,tabindex:6)
2025-10-30 18:45:04,782 [INFO] PluginManage:310 - Check plugin filemanager
2025-10-30 18:45:05,185 [INFO] PluginManage:359 - Loaded plugin filemanager (category:base,tabindex:10)
2025-10-30 18:45:05,185 [INFO] PluginManage:310 - Check plugin ipmanager
2025-10-30 18:45:05,197 [INFO] PluginManage:359 - Loaded plugin ipmanager (category:base,tabindex:5)
2025-10-30 18:45:05,197 [INFO] PluginManage:310 - Check plugin lpbam
2025-10-30 18:45:05,209 [INFO] PluginManage:359 - Loaded plugin lpbam (category:base,tabindex:0)
2025-10-30 18:45:05,209 [INFO] PluginManage:310 - Check plugin memorymap
2025-10-30 18:45:05,234 [INFO] PluginManage:359 - Loaded plugin memorymap (category:base,tabindex:4)
2025-10-30 18:45:05,234 [INFO] PluginManage:310 - Check plugin pinoutandconfiguration
2025-10-30 18:45:05,252 [INFO] PluginManage:359 - Loaded plugin pinoutandconfiguration (category:base,tabindex:1)
2025-10-30 18:45:05,252 [INFO] PluginManage:310 - Check plugin pinoutconfig
2025-10-30 18:45:05,382 [WARN] SupportedApi:132 - Cannot load RTOS API schema: s4s-elt-must-match.1: The content of 'definitions' must match (annotation?, (simpleType | complexType)?, (unique | key | keyref)*)). A problem was found starting at: attribute.
2025-10-30 18:45:05,570 [INFO] PluginManage:359 - Loaded plugin pinoutconfig (category:base,tabindex:0)
2025-10-30 18:45:05,570 [INFO] PluginManage:310 - Check plugin power
2025-10-30 18:45:05,582 [INFO] PluginManage:359 - Loaded plugin power (category:power,tabindex:4)
2025-10-30 18:45:05,582 [INFO] PluginManage:310 - Check plugin projectmanager
2025-10-30 18:45:05,604 [INFO] PluginManage:359 - Loaded plugin projectmanager (category:projectmanager,tabindex:4)
2025-10-30 18:45:05,604 [INFO] PluginManage:310 - Check plugin rif
2025-10-30 18:45:05,620 [INFO] PluginManage:359 - Loaded plugin rif (category:base,tabindex:3)
2025-10-30 18:45:05,620 [INFO] PluginManage:310 - Check plugin thirdparty
2025-10-30 18:45:05,873 [INFO] PluginManage:359 - Loaded plugin thirdparty (category:base,tabindex:-1)
2025-10-30 18:45:05,873 [WARN] IntegrityCheckThread:84 - waiting for thirdparty lock release [integrity check]
2025-10-30 18:45:05,873 [INFO] PluginManage:310 - Check plugin tools
2025-10-30 18:45:05,874 [INFO] IntegrityCheckThread:86 - entering critical section [integrity check]
2025-10-30 18:45:05,874 [INFO] ThirdPartyUpdaterWithRetryManager:70 - Updater plugin not ready yet. [1/15]
2025-10-30 18:45:05,878 [INFO] PluginManage:359 - Loaded plugin tools (category:base,tabindex:7)
2025-10-30 18:45:05,878 [INFO] PluginManage:310 - Check plugin tutovideos
2025-10-30 18:45:06,296 [INFO] PluginManage:359 - Loaded plugin tutovideos (category:base,tabindex:-1)
2025-10-30 18:45:06,296 [INFO] PluginManage:310 - Check plugin updater
2025-10-30 18:45:06,335 [INFO] PluginManage:359 - Loaded plugin updater (category:base,tabindex:12)
2025-10-30 18:45:06,336 [INFO] PluginManage:310 - Check plugin userauth
2025-10-30 18:45:06,342 [INFO] UserAuth:118 - Init User Auth plugin
2025-10-30 18:45:06,342 [INFO] PluginManage:359 - Loaded plugin userauth (category:base,tabindex:14)
2025-10-30 18:45:06,344 [INFO] PluginManage:283 - PluginManage : Loaded plugins [18]
2025-10-30 18:45:06,744 [INFO] PinOutPanel:1589 - setPackage(No Configuration,No Configuration)
2025-10-30 18:45:06,895 [INFO] CADModel:165 - CPN selected for project level
2025-10-30 18:45:06,896 [INFO] CADModel:114 - Register for checkConnection events
2025-10-30 18:45:06,924 [INFO] IPUIPlugin:80 - create IPUIPlugin
2025-10-30 18:45:06,924 [INFO] PluginManager:220 - loadIPPluginJar : add adc
2025-10-30 18:45:06,928 [INFO] IPUIPlugin:80 - create IPUIPlugin
2025-10-30 18:45:06,928 [INFO] PluginManager:220 - loadIPPluginJar : add aes
2025-10-30 18:45:06,931 [INFO] IPUIPlugin:80 - create IPUIPlugin
2025-10-30 18:45:06,932 [INFO] PluginManager:220 - loadIPPluginJar : add can
2025-10-30 18:45:06,934 [INFO] IPUIPlugin:80 - create IPUIPlugin
2025-10-30 18:45:06,934 [INFO] PluginManager:220 - loadIPPluginJar : add comp
2025-10-30 18:45:06,938 [INFO] IPUIPlugin:80 - create IPUIPlugin
2025-10-30 18:45:06,938 [INFO] PluginManager:220 - loadIPPluginJar : add cryp
2025-10-30 18:45:06,944 [INFO] IPUIPlugin:80 - create IPUIPlugin
2025-10-30 18:45:06,945 [INFO] PluginManager:220 - loadIPPluginJar : add ddr_ctrl_phy
2025-10-30 18:45:06,949 [INFO] IPUIPlugin:80 - create IPUIPlugin
2025-10-30 18:45:06,950 [INFO] PluginManager:220 - loadIPPluginJar : add dfsdm
2025-10-30 18:45:06,956 [INFO] IPUIPlugin:80 - create IPUIPlugin
2025-10-30 18:45:06,956 [INFO] PluginManager:220 - loadIPPluginJar : add dma
2025-10-30 18:45:06,960 [INFO] IPUIPlugin:80 - create IPUIPlugin
2025-10-30 18:45:06,960 [INFO] PluginManager:220 - loadIPPluginJar : add dma3
2025-10-30 18:45:06,966 [INFO] IPUIPlugin:80 - create IPUIPlugin
2025-10-30 18:45:06,966 [INFO] PluginManager:220 - loadIPPluginJar : add extmemmanager
2025-10-30 18:45:06,968 [INFO] IPUIPlugin:80 - create IPUIPlugin
2025-10-30 18:45:06,968 [INFO] PluginManager:220 - loadIPPluginJar : add fatfs
2025-10-30 18:45:06,976 [INFO] IPUIPlugin:80 - create IPUIPlugin
2025-10-30 18:45:06,976 [INFO] PluginManager:220 - loadIPPluginJar : add fmc
2025-10-30 18:45:06,986 [INFO] IPUIPlugin:80 - create IPUIPlugin
2025-10-30 18:45:06,986 [INFO] PluginManager:220 - loadIPPluginJar : add freertos
2025-10-30 18:45:06,989 [INFO] IPUIPlugin:80 - create IPUIPlugin
2025-10-30 18:45:06,989 [INFO] PluginManager:220 - loadIPPluginJar : add genericplugin
2025-10-30 18:45:06,993 [INFO] IPUIPlugin:80 - create IPUIPlugin
2025-10-30 18:45:06,993 [INFO] PluginManager:220 - loadIPPluginJar : add gfxmmu
2025-10-30 18:45:07,000 [INFO] IPUIPlugin:80 - create IPUIPlugin
2025-10-30 18:45:07,000 [INFO] PluginManager:220 - loadIPPluginJar : add gic
2025-10-30 18:45:07,006 [INFO] IPUIPlugin:80 - create IPUIPlugin
2025-10-30 18:45:07,006 [INFO] PluginManager:220 - loadIPPluginJar : add gpio
2025-10-30 18:45:07,010 [INFO] IPUIPlugin:80 - create IPUIPlugin
2025-10-30 18:45:07,010 [INFO] PluginManager:220 - loadIPPluginJar : add gtzc
2025-10-30 18:45:07,015 [INFO] IPUIPlugin:80 - create IPUIPlugin
2025-10-30 18:45:07,015 [INFO] PluginManager:220 - loadIPPluginJar : add hash
2025-10-30 18:45:07,019 [INFO] IPUIPlugin:80 - create IPUIPlugin
2025-10-30 18:45:07,019 [INFO] PluginManager:220 - loadIPPluginJar : add i2c
2025-10-30 18:45:07,022 [INFO] IPUIPlugin:80 - create IPUIPlugin
2025-10-30 18:45:07,022 [INFO] PluginManager:220 - loadIPPluginJar : add i2s
2025-10-30 18:45:07,027 [INFO] IPUIPlugin:80 - create IPUIPlugin
2025-10-30 18:45:07,027 [INFO] PluginManager:220 - loadIPPluginJar : add i3c
2025-10-30 18:45:07,033 [INFO] IPUIPlugin:80 - create IPUIPlugin
2025-10-30 18:45:07,033 [INFO] PluginManager:220 - loadIPPluginJar : add ipddr
2025-10-30 18:45:07,043 [INFO] IPUIPlugin:80 - create IPUIPlugin
2025-10-30 18:45:07,044 [INFO] PluginManager:220 - loadIPPluginJar : add linkedlist
2025-10-30 18:45:07,053 [INFO] IPUIPlugin:80 - create IPUIPlugin
2025-10-30 18:45:07,054 [INFO] PluginManager:220 - loadIPPluginJar : add lorawan
2025-10-30 18:45:07,057 [INFO] IPUIPlugin:80 - create IPUIPlugin
2025-10-30 18:45:07,057 [INFO] PluginManager:220 - loadIPPluginJar : add ltdc
2025-10-30 18:45:07,066 [INFO] IPUIPlugin:80 - create IPUIPlugin
2025-10-30 18:45:07,066 [INFO] PluginManager:220 - loadIPPluginJar : add mdma
2025-10-30 18:45:07,071 [INFO] IPUIPlugin:80 - create IPUIPlugin
2025-10-30 18:45:07,071 [INFO] PluginManager:220 - loadIPPluginJar : add nvic
2025-10-30 18:45:07,076 [INFO] IPUIPlugin:80 - create IPUIPlugin
2025-10-30 18:45:07,076 [INFO] PluginManager:220 - loadIPPluginJar : add opamp
2025-10-30 18:45:07,080 [INFO] IPUIPlugin:80 - create IPUIPlugin
2025-10-30 18:45:07,081 [INFO] PluginManager:220 - loadIPPluginJar : add openamp
2025-10-30 18:45:07,086 [INFO] IPUIPlugin:80 - create IPUIPlugin
2025-10-30 18:45:07,086 [INFO] PluginManager:220 - loadIPPluginJar : add pdm2pcm
2025-10-30 18:45:07,094 [INFO] IPUIPlugin:80 - create IPUIPlugin
2025-10-30 18:45:07,098 [INFO] PluginManager:220 - loadIPPluginJar : add plateformsettings
2025-10-30 18:45:07,100 [INFO] IPUIPlugin:80 - create IPUIPlugin
2025-10-30 18:45:07,100 [INFO] PluginManager:220 - loadIPPluginJar : add quadspi
2025-10-30 18:45:07,103 [INFO] IPUIPlugin:80 - create IPUIPlugin
2025-10-30 18:45:07,104 [INFO] PluginManager:220 - loadIPPluginJar : add radio
2025-10-30 18:45:07,110 [INFO] IPUIPlugin:80 - create IPUIPlugin
2025-10-30 18:45:07,110 [INFO] PluginManager:220 - loadIPPluginJar : add resmgrutility
2025-10-30 18:45:07,115 [INFO] IPUIPlugin:80 - create IPUIPlugin
2025-10-30 18:45:07,115 [INFO] PluginManager:220 - loadIPPluginJar : add sai
2025-10-30 18:45:07,119 [INFO] IPUIPlugin:80 - create IPUIPlugin
2025-10-30 18:45:07,119 [INFO] PluginManager:220 - loadIPPluginJar : add spi
2025-10-30 18:45:07,130 [INFO] IPUIPlugin:80 - create IPUIPlugin
2025-10-30 18:45:07,130 [INFO] PluginManager:220 - loadIPPluginJar : add stm32_wpan
2025-10-30 18:45:07,132 [INFO] IPUIPlugin:80 - create IPUIPlugin
2025-10-30 18:45:07,133 [INFO] PluginManager:220 - loadIPPluginJar : add tim
2025-10-30 18:45:07,138 [INFO] IPUIPlugin:80 - create IPUIPlugin
2025-10-30 18:45:07,138 [INFO] PluginManager:220 - loadIPPluginJar : add touchsensing
2025-10-30 18:45:07,142 [INFO] IPUIPlugin:80 - create IPUIPlugin
2025-10-30 18:45:07,143 [INFO] PluginManager:220 - loadIPPluginJar : add tracer_emb
2025-10-30 18:45:07,146 [INFO] IPUIPlugin:80 - create IPUIPlugin
2025-10-30 18:45:07,146 [INFO] PluginManager:220 - loadIPPluginJar : add ts
2025-10-30 18:45:07,149 [INFO] IPUIPlugin:80 - create IPUIPlugin
2025-10-30 18:45:07,149 [INFO] PluginManager:220 - loadIPPluginJar : add tsc
2025-10-30 18:45:07,153 [INFO] IPUIPlugin:80 - create IPUIPlugin
2025-10-30 18:45:07,153 [INFO] PluginManager:220 - loadIPPluginJar : add ucpd
2025-10-30 18:45:07,157 [INFO] IPUIPlugin:80 - create IPUIPlugin
2025-10-30 18:45:07,157 [INFO] PluginManager:220 - loadIPPluginJar : add usart
2025-10-30 18:45:07,163 [INFO] IPUIPlugin:80 - create IPUIPlugin
2025-10-30 18:45:07,163 [INFO] PluginManager:220 - loadIPPluginJar : add usbx
2025-10-30 18:45:07,341 [FATAL] Updater:351 - Updater called before beeing initialized
2025-10-30 18:45:07,389 [INFO] RulesReader:64 - Compatibility file has been processed (317 Rules)
2025-10-30 18:45:07,417 [INFO] RulesReader:64 - Compatibility file has been processed (317 Rules)
2025-10-30 18:45:07,449 [INFO] CADModel:165 - CPN selected for project level
2025-10-30 18:45:07,450 [INFO] CADModel:114 - Register for checkConnection events
2025-10-30 18:45:07,450 [FATAL] Updater:351 - Updater called before beeing initialized
2025-10-30 18:45:07,450 [ERROR] CADModel:125 - Updater not yet initialized, retry later 
2025-10-30 18:45:07,921 [FATAL] Updater:351 - Updater called before beeing initialized
2025-10-30 18:45:07,924 [INFO] CADModel:165 - CPN selected for project level
2025-10-30 18:45:07,924 [INFO] CADModel:114 - Register for checkConnection events
2025-10-30 18:45:07,924 [FATAL] Updater:351 - Updater called before beeing initialized
2025-10-30 18:45:07,924 [ERROR] CADModel:125 - Updater not yet initialized, retry later 
2025-10-30 18:45:07,930 [FATAL] Updater:351 - Updater called before beeing initialized
2025-10-30 18:45:08,179 [FATAL] Updater:351 - Updater called before beeing initialized
2025-10-30 18:45:08,208 [INFO] DbMcusAds:53 - JSON generation date=Thu Oct 02 17:36:05 HKT 2025 (1759397765645)
2025-10-30 18:45:08,208 [FATAL] Updater:351 - Updater called before beeing initialized
2025-10-30 18:45:08,297 [WARN] DetailPanel:346 - Failed to get advertising image, set to default
2025-10-30 18:45:08,474 [FATAL] Updater:351 - Updater called before beeing initialized
2025-10-30 18:45:08,476 [FATAL] Updater:351 - Updater called before beeing initialized
2025-10-30 18:45:08,477 [FATAL] Updater:351 - Updater called before beeing initialized
2025-10-30 18:45:08,477 [WARN] DetailPanel:346 - Failed to get advertising image, set to default
2025-10-30 18:45:08,478 [FATAL] Updater:351 - Updater called before beeing initialized
2025-10-30 18:45:08,587 [ERROR] Updater:1198 - MainUpdater not yet initialized. External WinMGr cannot be set.
2025-10-30 18:45:08,590 [INFO] Updater:1134 - Updater Version found : 6.15.0
2025-10-30 18:45:08,634 [INFO] ApplicationProperties:184 - Using Application install path: C:\ST\STM32CubeIDE_1.19.0\STM32CubeIDE\plugins\com.st.stm32cube.common.mx_6.15.0.202507011659
2025-10-30 18:45:08,876 [INFO] ThirdPartyUpdaterWithRetryManager:70 - Updater plugin not ready yet. [2/15]
2025-10-30 18:45:10,219 [ERROR] LogOutputStream:75 - [STDERR_REDIRECT] Oct 30, 2025 6:45:10 PM java.util.prefs.WindowsPreferences <init>
2025-10-30 18:45:10,222 [ERROR] LogOutputStream:75 - [STDERR_REDIRECT] WARNING: Could not open/create prefs root node Software\JavaSoft\Prefs at root 0xffffffff80000002. Windows RegCreateKeyEx(...) returned error code 5.
2025-10-30 18:45:10,222 [ERROR] LogOutputStream:75 - [STDERR_REDIRECT] 
2025-10-30 18:45:11,283 [INFO] MainUpdater:2872 - connection check result : 10
2025-10-30 18:45:11,284 [INFO] MainUpdater:289 - Updater Check For Update Now.
2025-10-30 18:45:11,284 [INFO] MicroXplorer:498 - Change Database Version : DB.6.0.150
2025-10-30 18:45:11,310 [INFO] McuFinderGlobals:63 - Set McuFinder mode to 2 (CubeIDE integrated)
2025-10-30 18:45:11,312 [INFO] UserAuth:487 - Internet connection configuration mode: 1
2025-10-30 18:45:11,459 [INFO] JxBrowserEngine:152 - Initiate JxBrowser Engine with user profile folder
2025-10-30 18:45:11,616 [INFO] CheckServerUpdateThread:120 - End of CheckServer Thread
2025-10-30 18:45:12,347 [WARN] PackLoader:240 - Cannot read IP mode file for STMicroelectronics.FP-SNS-MOTENVWB1.1.4.0
2025-10-30 18:45:12,369 [WARN] PackLoader:240 - Cannot read IP mode file for STMicroelectronics.FP-ATR-ASTRA1.2.0.2
2025-10-30 18:45:12,410 [WARN] PackLoader:240 - Cannot read IP mode file for STMicroelectronics.X-CUBE-SMBUS.2.1.0
2025-10-30 18:45:12,481 [WARN] PackLoader:240 - Cannot read IP mode file for STMicroelectronics.X-CUBE-AZRTOS-F7.1.1.0
2025-10-30 18:45:12,513 [WARN] PackLoader:240 - Cannot read IP mode file for STMicroelectronics.X-CUBE-DISPLAY.3.0.0
2025-10-30 18:45:12,557 [WARN] PackLoader:240 - Cannot read IP mode file for STMicroelectronics.X-CUBE-NFC10.1.0.0
2025-10-30 18:45:12,572 [WARN] PackLoader:240 - Cannot read IP mode file for STMicroelectronics.FP-SNS-SMARTAG2.1.2.0
2025-10-30 18:45:12,582 [WARN] PackLoader:240 - Cannot read IP mode file for STMicroelectronics.FP-SNS-FLIGHT1.5.1.0
2025-10-30 18:45:12,619 [INFO] LogOutputStream:77 - [STDOUT_REDIRECT] 1 : Invalid condition id : UX_CORESTACK_Condition cause : null
2025-10-30 18:45:12,623 [INFO] LogOutputStream:77 - [STDOUT_REDIRECT] 1 : Invalid condition id : UX_CORESTACK_Condition cause : null
2025-10-30 18:45:12,627 [INFO] LogOutputStream:77 - [STDOUT_REDIRECT] 1 : Invalid condition id : UX_CORESTACK_Condition cause : null
2025-10-30 18:45:12,632 [INFO] LogOutputStream:77 - [STDOUT_REDIRECT] 1 : Invalid condition id : UX_CORESTACK_Condition cause : null
2025-10-30 18:45:12,636 [INFO] LogOutputStream:77 - [STDOUT_REDIRECT] 1 : Invalid condition id : UX_CORESTACK_Condition cause : null
2025-10-30 18:45:12,643 [WARN] PackLoader:240 - Cannot read IP mode file for STMicroelectronics.X-CUBE-AZRTOS-WL.2.0.0
2025-10-30 18:45:12,663 [WARN] PackLoader:240 - Cannot read IP mode file for STMicroelectronics.X-CUBE-BLE2.3.3.0
2025-10-30 18:45:12,678 [WARN] PackLoader:240 - Cannot read IP mode file for STMicroelectronics.X-CUBE-NFC9.1.0.0
2025-10-30 18:45:12,692 [WARN] PackLoader:240 - Cannot read IP mode file for STMicroelectronics.X-CUBE-BLE1.7.1.0
2025-10-30 18:45:12,742 [WARN] PackLoader:240 - Cannot read IP mode file for STMicroelectronics.X-CUBE-AZRTOS-G0.1.1.0
2025-10-30 18:45:12,764 [WARN] PackLoader:240 - Cannot read IP mode file for STMicroelectronics.X-CUBE-SAFEA1.1.2.2
2025-10-30 18:45:12,777 [WARN] PackLoader:240 - Cannot read IP mode file for STMicroelectronics.X-CUBE-NFC4.3.0.0
2025-10-30 18:45:12,806 [WARN] PackLoader:240 - Cannot read IP mode file for STMicroelectronics.X-CUBE-WB05N.2.0.0
2025-10-30 18:45:12,823 [WARN] PackLoader:240 - Cannot read IP mode file for STMicroelectronics.X-CUBE-TCPP.4.2.0
2025-10-30 18:45:12,838 [WARN] PackLoader:240 - Cannot read IP mode file for RealThread.X-CUBE-RT-Thread_Nano.4.1.1
2025-10-30 18:45:12,847 [WARN] PackLoader:240 - Cannot read IP mode file for STMicroelectronics.FP-ATR-SIGFOX1.3.2.0
2025-10-30 18:45:12,969 [WARN] PackLoader:240 - Cannot read IP mode file for SEGGER.I-CUBE-embOS.1.3.1
2025-10-30 18:45:13,043 [WARN] PackLoader:240 - Cannot read IP mode file for STMicroelectronics.X-CUBE-ALGOBUILD.1.4.0
2025-10-30 18:45:13,119 [WARN] PackLoader:240 - Cannot read IP mode file for STMicroelectronics.X-CUBE-MEMS1.11.3.0
2025-10-30 18:45:13,399 [WARN] PackLoader:240 - Cannot read IP mode file for STMicroelectronics.X-CUBE-PM33A1.1.0.0
2025-10-30 18:45:13,423 [WARN] PackLoader:240 - Cannot read IP mode file for STMicroelectronics.X-CUBE-AZRTOS-F4.1.1.0
2025-10-30 18:45:13,445 [WARN] PackLoader:240 - Cannot read IP mode file for STMicroelectronics.X-CUBE-ISPU.2.1.0
2025-10-30 18:45:13,477 [WARN] PackLoader:240 - Cannot read IP mode file for STMicroelectronics.X-CUBE-AZRTOS-L5.2.0.0
2025-10-30 18:45:13,492 [WARN] PackLoader:240 - Cannot read IP mode file for STMicroelectronics.X-CUBE-NFC6.3.1.0
2025-10-30 18:45:13,514 [WARN] PackLoader:240 - Cannot read IP mode file for STMicroelectronics.X-CUBE-FREERTOS.1.3.1
2025-10-30 18:45:13,524 [WARN] PackLoader:240 - Cannot read IP mode file for STMicroelectronics.X-CUBE-DPower.1.3.0
2025-10-30 18:45:13,554 [WARN] ConditionMgr:438 - getConditionDescription Invalid condition id : LAN8742 Phy interface Condition cause : null
2025-10-30 18:45:13,555 [WARN] PackLoader:240 - Cannot read IP mode file for STMicroelectronics.X-CUBE-AZRTOS-L4.2.0.0
2025-10-30 18:45:13,558 [WARN] ConditionMgr:1044 - genDependencies : Invalid condition id : LAN8742 Phy interface Condition cause : null
2025-10-30 18:45:13,558 [WARN] ConditionMgr:1044 - genDependencies : Invalid condition id : LAN8742 Phy interface Condition cause : null
2025-10-30 18:45:13,559 [WARN] ConditionMgr:1044 - genDependencies : Invalid condition id : LAN8742 Phy interface Condition cause : null
2025-10-30 18:45:13,583 [WARN] PackLoader:240 - Cannot read IP mode file for STMicroelectronics.X-CUBE-SFXS2LP1.4.0.0
2025-10-30 18:45:13,605 [WARN] ConditionMgr:438 - getConditionDescription Invalid condition id : UX DEVICE CLASS RTOS Condition cause : null
2025-10-30 18:45:13,606 [WARN] ConditionMgr:438 - getConditionDescription Invalid condition id : UX DEVICE CLASS RTOS Condition cause : null
2025-10-30 18:45:13,609 [WARN] PackLoader:240 - Cannot read IP mode file for STMicroelectronics.X-CUBE-AZRTOS-WB.2.0.0
2025-10-30 18:45:13,610 [WARN] ConditionMgr:1044 - genDependencies : Invalid condition id : UX DEVICE CLASS RTOS Condition cause : null
2025-10-30 18:45:13,610 [WARN] ConditionMgr:1044 - genDependencies : Invalid condition id : UX DEVICE CLASS RTOS Condition cause : null
2025-10-30 18:45:13,611 [WARN] ConditionMgr:1044 - genDependencies : Invalid condition id : UX DEVICE CLASS RTOS Condition cause : null
2025-10-30 18:45:13,611 [WARN] ConditionMgr:1044 - genDependencies : Invalid condition id : UX DEVICE CLASS RTOS Condition cause : null
2025-10-30 18:45:13,611 [WARN] ConditionMgr:1044 - genDependencies : Invalid condition id : UX DEVICE CLASS RTOS Condition cause : null
2025-10-30 18:45:13,629 [WARN] PackLoader:240 - Cannot read IP mode file for STMicroelectronics.X-CUBE-SUBG2.5.0.0
2025-10-30 18:45:13,664 [WARN] PackLoader:240 - Cannot read IP mode file for STMicroelectronics.X-CUBE-AZRTOS-H7RS.1.1.0
2025-10-30 18:45:13,689 [WARN] PackLoader:240 - Cannot read IP mode file for STMicroelectronics.X-CUBE-AZRTOS-G4.2.0.0
2025-10-30 18:45:13,700 [WARN] PackLoader:240 - Cannot read IP mode file for STMicroelectronics.X-CUBE-NFC7.2.0.0
2025-10-30 18:45:13,709 [WARN] PackLoader:240 - Cannot read IP mode file for STMicroelectronics.X-CUBE-ALS.1.0.2
2025-10-30 18:45:13,725 [WARN] PackLoader:240 - Cannot read IP mode file for STMicroelectronics.X-CUBE-TOF1.3.4.3
2025-10-30 18:45:13,750 [INFO] ThirdParty:978 - Integrity check success = true
2025-10-30 18:45:13,750 [INFO] IntegrityCheckThread:100 - exiting critical section [integrity check]
2025-10-30 18:45:13,750 [INFO] IntegrityCheckThread:103 - End integrity checks thread
2025-10-30 18:45:15,649 [INFO] WebApp:169 - Instantiating new browser for Auth
2025-10-30 18:45:16,809 [INFO] WebApp:463 - Apply proxy settings
2025-10-30 18:45:16,810 [INFO] WebApp:548 - Chromium requires no authentication
2025-10-30 18:45:16,826 [INFO] WebApp:491 - Direct internet connection detected
2025-10-30 18:45:16,956 [INFO] WebApp:900 - Register for checkConnection events
2025-10-30 18:45:16,957 [INFO] WebApp:463 - Apply proxy settings
2025-10-30 18:45:16,957 [INFO] WebApp:548 - Chromium requires no authentication
2025-10-30 18:45:16,958 [INFO] WebApp:491 - Direct internet connection detected
2025-10-30 18:45:17,260 [INFO] WebApp:225 - Starting web application
2025-10-30 18:45:17,262 [INFO] WebApp:593 - Web application path used C:\ST\STM32CubeIDE_1.19.0\STM32CubeIDE\plugins\com.st.stm32cube.common.mx_6.15.0.202507011659\db\plugins\mcufinder\reactClient1\index.html
2025-10-30 18:45:17,376 [INFO] UserAuth:487 - Internet connection configuration mode: 1
2025-10-30 18:45:17,860 [ERROR] LogOutputStream:75 - [STDERR_REDIRECT] [Fatal Error] :1:1: Premature end of file.
2025-10-30 18:45:17,861 [ERROR] LogOutputStream:75 - [STDERR_REDIRECT] 
2025-10-30 18:45:18,476 [ERROR] LogOutputStream:75 - [STDERR_REDIRECT] [Fatal Error] :1:1: Premature end of file.
2025-10-30 18:45:18,476 [ERROR] LogOutputStream:75 - [STDERR_REDIRECT] 
2025-10-30 18:45:19,483 [ERROR] LogOutputStream:75 - [STDERR_REDIRECT] [Fatal Error] :1:1: Premature end of file.
2025-10-30 18:45:19,485 [ERROR] LogOutputStream:75 - [STDERR_REDIRECT] 
2025-10-30 18:45:20,476 [ERROR] LogOutputStream:75 - [STDERR_REDIRECT] [Fatal Error] :1:1: Premature end of file.
2025-10-30 18:45:20,477 [ERROR] LogOutputStream:75 - [STDERR_REDIRECT] 
2025-10-30 18:45:21,480 [ERROR] LogOutputStream:75 - [STDERR_REDIRECT] [Fatal Error] :1:1: Premature end of file.
2025-10-30 18:45:21,480 [ERROR] LogOutputStream:75 - [STDERR_REDIRECT] 
2025-10-30 18:45:22,522 [ERROR] LogOutputStream:75 - [STDERR_REDIRECT] [Fatal Error] :1:1: Premature end of file.
2025-10-30 18:45:22,523 [ERROR] LogOutputStream:75 - [STDERR_REDIRECT] 
2025-10-30 18:45:23,475 [ERROR] LogOutputStream:75 - [STDERR_REDIRECT] [Fatal Error] :1:1: Premature end of file.
2025-10-30 18:45:23,475 [ERROR] LogOutputStream:75 - [STDERR_REDIRECT] 
2025-10-30 18:45:24,476 [ERROR] LogOutputStream:75 - [STDERR_REDIRECT] [Fatal Error] :1:1: Premature end of file.
2025-10-30 18:45:24,476 [ERROR] LogOutputStream:75 - [STDERR_REDIRECT] 
2025-10-30 18:45:25,476 [ERROR] LogOutputStream:75 - [STDERR_REDIRECT] [Fatal Error] :1:1: Premature end of file.
2025-10-30 18:45:25,477 [ERROR] LogOutputStream:75 - [STDERR_REDIRECT] 
2025-10-30 18:45:26,475 [ERROR] LogOutputStream:75 - [STDERR_REDIRECT] [Fatal Error] :1:1: Premature end of file.
2025-10-30 18:45:26,475 [ERROR] LogOutputStream:75 - [STDERR_REDIRECT] 
2025-10-30 18:45:27,477 [ERROR] LogOutputStream:75 - [STDERR_REDIRECT] [Fatal Error] :1:1: Premature end of file.
2025-10-30 18:45:27,477 [ERROR] LogOutputStream:75 - [STDERR_REDIRECT] 
2025-10-30 18:45:28,473 [ERROR] LogOutputStream:75 - [STDERR_REDIRECT] [Fatal Error] :1:1: Premature end of file.
2025-10-30 18:45:28,474 [ERROR] LogOutputStream:75 - [STDERR_REDIRECT] 
2025-10-30 18:45:29,478 [ERROR] LogOutputStream:75 - [STDERR_REDIRECT] [Fatal Error] :1:1: Premature end of file.
2025-10-30 18:45:29,478 [ERROR] LogOutputStream:75 - [STDERR_REDIRECT] 
2025-10-30 18:45:30,476 [ERROR] LogOutputStream:75 - [STDERR_REDIRECT] [Fatal Error] :1:1: Premature end of file.
2025-10-30 18:45:30,477 [ERROR] LogOutputStream:75 - [STDERR_REDIRECT] 
2025-10-30 18:45:31,475 [ERROR] LogOutputStream:75 - [STDERR_REDIRECT] [Fatal Error] :1:1: Premature end of file.
2025-10-30 18:45:31,475 [ERROR] LogOutputStream:75 - [STDERR_REDIRECT] 
2025-10-30 18:45:32,477 [ERROR] LogOutputStream:75 - [STDERR_REDIRECT] [Fatal Error] :1:1: Premature end of file.
2025-10-30 18:45:32,477 [ERROR] LogOutputStream:75 - [STDERR_REDIRECT] 
2025-10-30 18:45:33,475 [ERROR] LogOutputStream:75 - [STDERR_REDIRECT] [Fatal Error] :1:1: Premature end of file.
2025-10-30 18:45:33,476 [ERROR] LogOutputStream:75 - [STDERR_REDIRECT] 
2025-10-30 18:45:34,477 [ERROR] LogOutputStream:75 - [STDERR_REDIRECT] [Fatal Error] :1:1: Premature end of file.
2025-10-30 18:45:34,477 [ERROR] LogOutputStream:75 - [STDERR_REDIRECT] 
2025-10-30 18:45:35,477 [ERROR] LogOutputStream:75 - [STDERR_REDIRECT] [Fatal Error] :1:1: Premature end of file.
2025-10-30 18:45:35,478 [ERROR] LogOutputStream:75 - [STDERR_REDIRECT] 
2025-10-30 18:45:36,478 [ERROR] LogOutputStream:75 - [STDERR_REDIRECT] [Fatal Error] :1:1: Premature end of file.
2025-10-30 18:45:36,479 [ERROR] LogOutputStream:75 - [STDERR_REDIRECT] 
2025-10-30 18:45:37,480 [ERROR] LogOutputStream:75 - [STDERR_REDIRECT] [Fatal Error] :1:1: Premature end of file.
2025-10-30 18:45:37,480 [ERROR] LogOutputStream:75 - [STDERR_REDIRECT] 
2025-10-30 18:45:38,483 [ERROR] LogOutputStream:75 - [STDERR_REDIRECT] [Fatal Error] :1:1: Premature end of file.
2025-10-30 18:45:38,486 [ERROR] LogOutputStream:75 - [STDERR_REDIRECT] 
2025-10-30 18:45:39,475 [ERROR] LogOutputStream:75 - [STDERR_REDIRECT] [Fatal Error] :1:1: Premature end of file.
2025-10-30 18:45:39,475 [ERROR] LogOutputStream:75 - [STDERR_REDIRECT] 
2025-10-30 18:45:40,478 [ERROR] LogOutputStream:75 - [STDERR_REDIRECT] [Fatal Error] :1:1: Premature end of file.
2025-10-30 18:45:40,480 [ERROR] LogOutputStream:75 - [STDERR_REDIRECT] 
2025-10-30 18:45:41,476 [ERROR] LogOutputStream:75 - [STDERR_REDIRECT] [Fatal Error] :1:1: Premature end of file.
2025-10-30 18:45:41,477 [ERROR] LogOutputStream:75 - [STDERR_REDIRECT] 
2025-10-30 18:45:42,475 [ERROR] LogOutputStream:75 - [STDERR_REDIRECT] [Fatal Error] :1:1: Premature end of file.
2025-10-30 18:45:42,476 [ERROR] LogOutputStream:75 - [STDERR_REDIRECT] 
2025-10-30 18:45:43,479 [ERROR] LogOutputStream:75 - [STDERR_REDIRECT] [Fatal Error] :1:1: Premature end of file.
2025-10-30 18:45:43,480 [ERROR] LogOutputStream:75 - [STDERR_REDIRECT] 
2025-10-30 18:45:44,477 [ERROR] LogOutputStream:75 - [STDERR_REDIRECT] [Fatal Error] :1:1: Premature end of file.
2025-10-30 18:45:44,477 [ERROR] LogOutputStream:75 - [STDERR_REDIRECT] 
2025-10-30 18:45:45,479 [ERROR] LogOutputStream:75 - [STDERR_REDIRECT] [Fatal Error] :1:1: Premature end of file.
2025-10-30 18:45:45,479 [ERROR] LogOutputStream:75 - [STDERR_REDIRECT] 
2025-10-30 18:45:46,479 [ERROR] LogOutputStream:75 - [STDERR_REDIRECT] [Fatal Error] :1:1: Premature end of file.
2025-10-30 18:45:46,480 [ERROR] LogOutputStream:75 - [STDERR_REDIRECT] 
2025-10-30 18:45:47,478 [ERROR] LogOutputStream:75 - [STDERR_REDIRECT] [Fatal Error] :1:1: Premature end of file.
2025-10-30 18:45:47,479 [ERROR] LogOutputStream:75 - [STDERR_REDIRECT] 
2025-10-30 18:45:48,473 [ERROR] LogOutputStream:75 - [STDERR_REDIRECT] [Fatal Error] :1:1: Premature end of file.
2025-10-30 18:45:48,473 [ERROR] LogOutputStream:75 - [STDERR_REDIRECT] 
2025-10-30 18:45:49,477 [ERROR] LogOutputStream:75 - [STDERR_REDIRECT] [Fatal Error] :1:1: Premature end of file.
2025-10-30 18:45:49,478 [ERROR] LogOutputStream:75 - [STDERR_REDIRECT] 
2025-10-30 18:45:50,475 [ERROR] LogOutputStream:75 - [STDERR_REDIRECT] [Fatal Error] :1:1: Premature end of file.
2025-10-30 18:45:50,475 [ERROR] LogOutputStream:75 - [STDERR_REDIRECT] 
2025-10-30 18:45:51,474 [ERROR] LogOutputStream:75 - [STDERR_REDIRECT] [Fatal Error] :1:1: Premature end of file.
2025-10-30 18:45:51,474 [ERROR] LogOutputStream:75 - [STDERR_REDIRECT] 
2025-10-30 18:45:52,480 [ERROR] LogOutputStream:75 - [STDERR_REDIRECT] [Fatal Error] :1:1: Premature end of file.
2025-10-30 18:45:52,480 [ERROR] LogOutputStream:75 - [STDERR_REDIRECT] 
2025-10-30 18:45:53,478 [ERROR] LogOutputStream:75 - [STDERR_REDIRECT] [Fatal Error] :1:1: Premature end of file.
2025-10-30 18:45:53,479 [ERROR] LogOutputStream:75 - [STDERR_REDIRECT] 
2025-10-30 18:45:54,482 [ERROR] LogOutputStream:75 - [STDERR_REDIRECT] [Fatal Error] :1:1: Premature end of file.
2025-10-30 18:45:54,482 [ERROR] LogOutputStream:75 - [STDERR_REDIRECT] 
2025-10-30 18:45:55,478 [ERROR] LogOutputStream:75 - [STDERR_REDIRECT] [Fatal Error] :1:1: Premature end of file.
2025-10-30 18:45:55,479 [ERROR] LogOutputStream:75 - [STDERR_REDIRECT] 
2025-10-30 18:45:56,478 [ERROR] LogOutputStream:75 - [STDERR_REDIRECT] [Fatal Error] :1:1: Premature end of file.
2025-10-30 18:45:56,479 [ERROR] LogOutputStream:75 - [STDERR_REDIRECT] 
2025-10-30 18:45:57,475 [ERROR] LogOutputStream:75 - [STDERR_REDIRECT] [Fatal Error] :1:1: Premature end of file.
2025-10-30 18:45:57,475 [ERROR] LogOutputStream:75 - [STDERR_REDIRECT] 
2025-10-30 18:45:58,478 [ERROR] LogOutputStream:75 - [STDERR_REDIRECT] [Fatal Error] :1:1: Premature end of file.
2025-10-30 18:45:58,479 [ERROR] LogOutputStream:75 - [STDERR_REDIRECT] 
2025-10-30 18:45:59,475 [ERROR] LogOutputStream:75 - [STDERR_REDIRECT] [Fatal Error] :1:1: Premature end of file.
2025-10-30 18:45:59,475 [ERROR] LogOutputStream:75 - [STDERR_REDIRECT] 
2025-10-30 18:46:00,478 [ERROR] LogOutputStream:75 - [STDERR_REDIRECT] [Fatal Error] :1:1: Premature end of file.
2025-10-30 18:46:00,478 [ERROR] LogOutputStream:75 - [STDERR_REDIRECT] 
2025-10-30 18:46:01,479 [ERROR] LogOutputStream:75 - [STDERR_REDIRECT] [Fatal Error] :1:1: Premature end of file.
2025-10-30 18:46:01,479 [ERROR] LogOutputStream:75 - [STDERR_REDIRECT] 
2025-10-30 18:46:02,477 [ERROR] LogOutputStream:75 - [STDERR_REDIRECT] [Fatal Error] :1:1: Premature end of file.
2025-10-30 18:46:02,477 [ERROR] LogOutputStream:75 - [STDERR_REDIRECT] 
2025-10-30 18:46:03,476 [ERROR] LogOutputStream:75 - [STDERR_REDIRECT] [Fatal Error] :1:1: Premature end of file.
2025-10-30 18:46:03,477 [ERROR] LogOutputStream:75 - [STDERR_REDIRECT] 
2025-10-30 18:46:04,476 [ERROR] LogOutputStream:75 - [STDERR_REDIRECT] [Fatal Error] :1:1: Premature end of file.
2025-10-30 18:46:04,476 [ERROR] LogOutputStream:75 - [STDERR_REDIRECT] 
2025-10-30 18:46:05,476 [ERROR] LogOutputStream:75 - [STDERR_REDIRECT] [Fatal Error] :1:1: Premature end of file.
2025-10-30 18:46:05,476 [ERROR] LogOutputStream:75 - [STDERR_REDIRECT] 
2025-10-30 18:46:06,475 [ERROR] LogOutputStream:75 - [STDERR_REDIRECT] [Fatal Error] :1:1: Premature end of file.
2025-10-30 18:46:06,476 [ERROR] LogOutputStream:75 - [STDERR_REDIRECT] 
2025-10-30 18:46:07,476 [ERROR] LogOutputStream:75 - [STDERR_REDIRECT] [Fatal Error] :1:1: Premature end of file.
2025-10-30 18:46:07,477 [ERROR] LogOutputStream:75 - [STDERR_REDIRECT] 
2025-10-30 18:46:08,475 [ERROR] LogOutputStream:75 - [STDERR_REDIRECT] [Fatal Error] :1:1: Premature end of file.
2025-10-30 18:46:08,475 [ERROR] LogOutputStream:75 - [STDERR_REDIRECT] 
2025-10-30 18:46:09,475 [ERROR] LogOutputStream:75 - [STDERR_REDIRECT] [Fatal Error] :1:1: Premature end of file.
2025-10-30 18:46:09,476 [ERROR] LogOutputStream:75 - [STDERR_REDIRECT] 
2025-10-30 18:46:10,475 [ERROR] LogOutputStream:75 - [STDERR_REDIRECT] [Fatal Error] :1:1: Premature end of file.
2025-10-30 18:46:10,475 [ERROR] LogOutputStream:75 - [STDERR_REDIRECT] 
2025-10-30 18:46:11,480 [ERROR] LogOutputStream:75 - [STDERR_REDIRECT] [Fatal Error] :1:1: Premature end of file.
2025-10-30 18:46:11,480 [ERROR] LogOutputStream:75 - [STDERR_REDIRECT] 
2025-10-30 18:46:12,475 [ERROR] LogOutputStream:75 - [STDERR_REDIRECT] [Fatal Error] :1:1: Premature end of file.
2025-10-30 18:46:12,475 [ERROR] LogOutputStream:75 - [STDERR_REDIRECT] 
2025-10-30 18:46:13,473 [ERROR] LogOutputStream:75 - [STDERR_REDIRECT] [Fatal Error] :1:1: Premature end of file.
2025-10-30 18:46:13,474 [ERROR] LogOutputStream:75 - [STDERR_REDIRECT] 
2025-10-30 18:46:14,475 [ERROR] LogOutputStream:75 - [STDERR_REDIRECT] [Fatal Error] :1:1: Premature end of file.
2025-10-30 18:46:14,476 [ERROR] LogOutputStream:75 - [STDERR_REDIRECT] 
2025-10-30 18:46:15,474 [ERROR] LogOutputStream:75 - [STDERR_REDIRECT] [Fatal Error] :1:1: Premature end of file.
2025-10-30 18:46:15,475 [ERROR] LogOutputStream:75 - [STDERR_REDIRECT] 
2025-10-30 18:46:16,476 [ERROR] LogOutputStream:75 - [STDERR_REDIRECT] [Fatal Error] :1:1: Premature end of file.
2025-10-30 18:46:16,476 [ERROR] LogOutputStream:75 - [STDERR_REDIRECT] 
2025-10-30 18:46:17,476 [ERROR] LogOutputStream:75 - [STDERR_REDIRECT] [Fatal Error] :1:1: Premature end of file.
2025-10-30 18:46:17,476 [ERROR] LogOutputStream:75 - [STDERR_REDIRECT] 
2025-10-30 18:46:18,474 [ERROR] LogOutputStream:75 - [STDERR_REDIRECT] [Fatal Error] :1:1: Premature end of file.
2025-10-30 18:46:18,475 [ERROR] LogOutputStream:75 - [STDERR_REDIRECT] 
2025-10-30 18:46:19,477 [ERROR] LogOutputStream:75 - [STDERR_REDIRECT] [Fatal Error] :1:1: Premature end of file.
2025-10-30 18:46:19,478 [ERROR] LogOutputStream:75 - [STDERR_REDIRECT] 
2025-10-30 18:46:20,479 [ERROR] LogOutputStream:75 - [STDERR_REDIRECT] [Fatal Error] :1:1: Premature end of file.
2025-10-30 18:46:20,479 [ERROR] LogOutputStream:75 - [STDERR_REDIRECT] 
2025-10-30 18:46:21,477 [ERROR] LogOutputStream:75 - [STDERR_REDIRECT] [Fatal Error] :1:1: Premature end of file.
2025-10-30 18:46:21,477 [ERROR] LogOutputStream:75 - [STDERR_REDIRECT] 
2025-10-30 18:46:22,476 [ERROR] LogOutputStream:75 - [STDERR_REDIRECT] [Fatal Error] :1:1: Premature end of file.
2025-10-30 18:46:22,476 [ERROR] LogOutputStream:75 - [STDERR_REDIRECT] 
2025-10-30 18:46:23,478 [ERROR] LogOutputStream:75 - [STDERR_REDIRECT] [Fatal Error] :1:1: Premature end of file.
2025-10-30 18:46:23,478 [ERROR] LogOutputStream:75 - [STDERR_REDIRECT] 
2025-10-30 18:46:24,477 [ERROR] LogOutputStream:75 - [STDERR_REDIRECT] [Fatal Error] :1:1: Premature end of file.
2025-10-30 18:46:24,477 [ERROR] LogOutputStream:75 - [STDERR_REDIRECT] 
2025-10-30 18:46:25,475 [ERROR] LogOutputStream:75 - [STDERR_REDIRECT] [Fatal Error] :1:1: Premature end of file.
2025-10-30 18:46:25,475 [ERROR] LogOutputStream:75 - [STDERR_REDIRECT] 
2025-10-30 18:46:26,478 [ERROR] LogOutputStream:75 - [STDERR_REDIRECT] [Fatal Error] :1:1: Premature end of file.
2025-10-30 18:46:26,478 [ERROR] LogOutputStream:75 - [STDERR_REDIRECT] 
2025-10-30 18:46:27,476 [ERROR] LogOutputStream:75 - [STDERR_REDIRECT] [Fatal Error] :1:1: Premature end of file.
2025-10-30 18:46:27,476 [ERROR] LogOutputStream:75 - [STDERR_REDIRECT] 
2025-10-30 18:46:28,478 [ERROR] LogOutputStream:75 - [STDERR_REDIRECT] [Fatal Error] :1:1: Premature end of file.
2025-10-30 18:46:28,479 [ERROR] LogOutputStream:75 - [STDERR_REDIRECT] 
2025-10-30 18:46:29,476 [ERROR] LogOutputStream:75 - [STDERR_REDIRECT] [Fatal Error] :1:1: Premature end of file.
2025-10-30 18:46:29,477 [ERROR] LogOutputStream:75 - [STDERR_REDIRECT] 
2025-10-30 18:46:30,482 [ERROR] LogOutputStream:75 - [STDERR_REDIRECT] [Fatal Error] :1:1: Premature end of file.
2025-10-30 18:46:30,482 [ERROR] LogOutputStream:75 - [STDERR_REDIRECT] 
2025-10-30 18:46:31,476 [ERROR] LogOutputStream:75 - [STDERR_REDIRECT] [Fatal Error] :1:1: Premature end of file.
2025-10-30 18:46:31,476 [ERROR] LogOutputStream:75 - [STDERR_REDIRECT] 
2025-10-30 18:46:32,476 [ERROR] LogOutputStream:75 - [STDERR_REDIRECT] [Fatal Error] :1:1: Premature end of file.
2025-10-30 18:46:32,477 [ERROR] LogOutputStream:75 - [STDERR_REDIRECT] 
2025-10-30 18:46:33,477 [ERROR] LogOutputStream:75 - [STDERR_REDIRECT] [Fatal Error] :1:1: Premature end of file.
2025-10-30 18:46:33,477 [ERROR] LogOutputStream:75 - [STDERR_REDIRECT] 
2025-10-30 18:46:34,477 [ERROR] LogOutputStream:75 - [STDERR_REDIRECT] [Fatal Error] :1:1: Premature end of file.
2025-10-30 18:46:34,478 [ERROR] LogOutputStream:75 - [STDERR_REDIRECT] 
2025-10-30 18:46:35,476 [ERROR] LogOutputStream:75 - [STDERR_REDIRECT] [Fatal Error] :1:1: Premature end of file.
2025-10-30 18:46:35,477 [ERROR] LogOutputStream:75 - [STDERR_REDIRECT] 
2025-10-30 18:46:36,481 [ERROR] LogOutputStream:75 - [STDERR_REDIRECT] [Fatal Error] :1:1: Premature end of file.
2025-10-30 18:46:36,481 [ERROR] LogOutputStream:75 - [STDERR_REDIRECT] 
2025-10-30 18:46:37,481 [ERROR] LogOutputStream:75 - [STDERR_REDIRECT] [Fatal Error] :1:1: Premature end of file.
2025-10-30 18:46:37,482 [ERROR] LogOutputStream:75 - [STDERR_REDIRECT] 
2025-10-30 18:46:38,479 [ERROR] LogOutputStream:75 - [STDERR_REDIRECT] [Fatal Error] :1:1: Premature end of file.
2025-10-30 18:46:38,480 [ERROR] LogOutputStream:75 - [STDERR_REDIRECT] 
2025-10-30 18:46:39,478 [ERROR] LogOutputStream:75 - [STDERR_REDIRECT] [Fatal Error] :1:1: Premature end of file.
2025-10-30 18:46:39,478 [ERROR] LogOutputStream:75 - [STDERR_REDIRECT] 
2025-10-30 18:46:40,478 [ERROR] LogOutputStream:75 - [STDERR_REDIRECT] [Fatal Error] :1:1: Premature end of file.
2025-10-30 18:46:40,478 [ERROR] LogOutputStream:75 - [STDERR_REDIRECT] 
2025-10-30 18:46:41,475 [ERROR] LogOutputStream:75 - [STDERR_REDIRECT] [Fatal Error] :1:1: Premature end of file.
2025-10-30 18:46:41,475 [ERROR] LogOutputStream:75 - [STDERR_REDIRECT] 
2025-10-30 18:46:42,475 [ERROR] LogOutputStream:75 - [STDERR_REDIRECT] [Fatal Error] :1:1: Premature end of file.
2025-10-30 18:46:42,475 [ERROR] LogOutputStream:75 - [STDERR_REDIRECT] 
2025-10-30 18:46:43,478 [ERROR] LogOutputStream:75 - [STDERR_REDIRECT] [Fatal Error] :1:1: Premature end of file.
2025-10-30 18:46:43,478 [ERROR] LogOutputStream:75 - [STDERR_REDIRECT] 
2025-10-30 18:46:44,477 [ERROR] LogOutputStream:75 - [STDERR_REDIRECT] [Fatal Error] :1:1: Premature end of file.
2025-10-30 18:46:44,477 [ERROR] LogOutputStream:75 - [STDERR_REDIRECT] 
2025-10-30 18:46:45,477 [ERROR] LogOutputStream:75 - [STDERR_REDIRECT] [Fatal Error] :1:1: Premature end of file.
2025-10-30 18:46:45,478 [ERROR] LogOutputStream:75 - [STDERR_REDIRECT] 
2025-10-30 18:46:46,478 [ERROR] LogOutputStream:75 - [STDERR_REDIRECT] [Fatal Error] :1:1: Premature end of file.
2025-10-30 18:46:46,478 [ERROR] LogOutputStream:75 - [STDERR_REDIRECT] 
2025-10-30 18:46:47,475 [ERROR] LogOutputStream:75 - [STDERR_REDIRECT] [Fatal Error] :1:1: Premature end of file.
2025-10-30 18:46:47,476 [ERROR] LogOutputStream:75 - [STDERR_REDIRECT] 
2025-10-30 18:46:48,480 [ERROR] LogOutputStream:75 - [STDERR_REDIRECT] [Fatal Error] :1:1: Premature end of file.
2025-10-30 18:46:48,480 [ERROR] LogOutputStream:75 - [STDERR_REDIRECT] 
2025-10-30 18:46:49,475 [ERROR] LogOutputStream:75 - [STDERR_REDIRECT] [Fatal Error] :1:1: Premature end of file.
2025-10-30 18:46:49,476 [ERROR] LogOutputStream:75 - [STDERR_REDIRECT] 
2025-10-30 18:46:50,475 [ERROR] LogOutputStream:75 - [STDERR_REDIRECT] [Fatal Error] :1:1: Premature end of file.
2025-10-30 18:46:50,476 [ERROR] LogOutputStream:75 - [STDERR_REDIRECT] 
2025-10-30 18:46:51,476 [ERROR] LogOutputStream:75 - [STDERR_REDIRECT] [Fatal Error] :1:1: Premature end of file.
2025-10-30 18:46:51,476 [ERROR] LogOutputStream:75 - [STDERR_REDIRECT] 
2025-10-30 18:46:52,476 [ERROR] LogOutputStream:75 - [STDERR_REDIRECT] [Fatal Error] :1:1: Premature end of file.
2025-10-30 18:46:52,477 [ERROR] LogOutputStream:75 - [STDERR_REDIRECT] 
2025-10-30 18:46:53,475 [ERROR] LogOutputStream:75 - [STDERR_REDIRECT] [Fatal Error] :1:1: Premature end of file.
2025-10-30 18:46:53,475 [ERROR] LogOutputStream:75 - [STDERR_REDIRECT] 
2025-10-30 18:46:54,475 [ERROR] LogOutputStream:75 - [STDERR_REDIRECT] [Fatal Error] :1:1: Premature end of file.
2025-10-30 18:46:54,475 [ERROR] LogOutputStream:75 - [STDERR_REDIRECT] 
2025-10-30 18:46:55,482 [ERROR] LogOutputStream:75 - [STDERR_REDIRECT] [Fatal Error] :1:1: Premature end of file.
2025-10-30 18:46:55,482 [ERROR] LogOutputStream:75 - [STDERR_REDIRECT] 
2025-10-30 18:46:56,482 [ERROR] LogOutputStream:75 - [STDERR_REDIRECT] [Fatal Error] :1:1: Premature end of file.
2025-10-30 18:46:56,483 [ERROR] LogOutputStream:75 - [STDERR_REDIRECT] 
2025-10-30 18:46:57,476 [ERROR] LogOutputStream:75 - [STDERR_REDIRECT] [Fatal Error] :1:1: Premature end of file.
2025-10-30 18:46:57,476 [ERROR] LogOutputStream:75 - [STDERR_REDIRECT] 
2025-10-30 18:46:58,478 [ERROR] LogOutputStream:75 - [STDERR_REDIRECT] [Fatal Error] :1:1: Premature end of file.
2025-10-30 18:46:58,479 [ERROR] LogOutputStream:75 - [STDERR_REDIRECT] 
2025-10-30 18:46:59,475 [ERROR] LogOutputStream:75 - [STDERR_REDIRECT] [Fatal Error] :1:1: Premature end of file.
2025-10-30 18:46:59,475 [ERROR] LogOutputStream:75 - [STDERR_REDIRECT] 
2025-10-30 18:47:00,476 [ERROR] LogOutputStream:75 - [STDERR_REDIRECT] [Fatal Error] :1:1: Premature end of file.
2025-10-30 18:47:00,476 [ERROR] LogOutputStream:75 - [STDERR_REDIRECT] 
2025-10-30 18:47:01,474 [ERROR] LogOutputStream:75 - [STDERR_REDIRECT] [Fatal Error] :1:1: Premature end of file.
2025-10-30 18:47:01,475 [ERROR] LogOutputStream:75 - [STDERR_REDIRECT] 
2025-10-30 18:47:02,475 [ERROR] LogOutputStream:75 - [STDERR_REDIRECT] [Fatal Error] :1:1: Premature end of file.
2025-10-30 18:47:02,476 [ERROR] LogOutputStream:75 - [STDERR_REDIRECT] 
2025-10-30 18:47:03,475 [ERROR] LogOutputStream:75 - [STDERR_REDIRECT] [Fatal Error] :1:1: Premature end of file.
2025-10-30 18:47:03,475 [ERROR] LogOutputStream:75 - [STDERR_REDIRECT] 
2025-10-30 18:47:04,476 [ERROR] LogOutputStream:75 - [STDERR_REDIRECT] [Fatal Error] :1:1: Premature end of file.
2025-10-30 18:47:04,477 [ERROR] LogOutputStream:75 - [STDERR_REDIRECT] 
2025-10-30 18:47:05,474 [ERROR] LogOutputStream:75 - [STDERR_REDIRECT] [Fatal Error] :1:1: Premature end of file.
2025-10-30 18:47:05,474 [ERROR] LogOutputStream:75 - [STDERR_REDIRECT] 
2025-10-30 18:47:06,475 [ERROR] LogOutputStream:75 - [STDERR_REDIRECT] [Fatal Error] :1:1: Premature end of file.
2025-10-30 18:47:06,475 [ERROR] LogOutputStream:75 - [STDERR_REDIRECT] 
2025-10-30 18:47:07,473 [ERROR] LogOutputStream:75 - [STDERR_REDIRECT] [Fatal Error] :1:1: Premature end of file.
2025-10-30 18:47:07,475 [ERROR] LogOutputStream:75 - [STDERR_REDIRECT] 
2025-10-30 18:47:08,474 [ERROR] LogOutputStream:75 - [STDERR_REDIRECT] [Fatal Error] :1:1: Premature end of file.
2025-10-30 18:47:08,474 [ERROR] LogOutputStream:75 - [STDERR_REDIRECT] 
2025-10-30 18:47:09,474 [ERROR] LogOutputStream:75 - [STDERR_REDIRECT] [Fatal Error] :1:1: Premature end of file.
2025-10-30 18:47:09,474 [ERROR] LogOutputStream:75 - [STDERR_REDIRECT] 
2025-10-30 18:47:10,475 [ERROR] LogOutputStream:75 - [STDERR_REDIRECT] [Fatal Error] :1:1: Premature end of file.
2025-10-30 18:47:10,475 [ERROR] LogOutputStream:75 - [STDERR_REDIRECT] 
2025-10-30 18:47:11,478 [ERROR] LogOutputStream:75 - [STDERR_REDIRECT] [Fatal Error] :1:1: Premature end of file.
2025-10-30 18:47:11,478 [ERROR] LogOutputStream:75 - [STDERR_REDIRECT] 
2025-10-30 18:47:12,476 [ERROR] LogOutputStream:75 - [STDERR_REDIRECT] [Fatal Error] :1:1: Premature end of file.
2025-10-30 18:47:12,477 [ERROR] LogOutputStream:75 - [STDERR_REDIRECT] 
2025-10-30 18:47:13,782 [ERROR] LogOutputStream:75 - [STDERR_REDIRECT] [Fatal Error] :1:1: Premature end of file.
2025-10-30 18:47:13,782 [ERROR] LogOutputStream:75 - [STDERR_REDIRECT] 
2025-10-30 18:47:14,478 [ERROR] LogOutputStream:75 - [STDERR_REDIRECT] [Fatal Error] :1:1: Premature end of file.
2025-10-30 18:47:14,479 [ERROR] LogOutputStream:75 - [STDERR_REDIRECT] 
2025-10-30 18:47:15,479 [ERROR] LogOutputStream:75 - [STDERR_REDIRECT] [Fatal Error] :1:1: Premature end of file.
2025-10-30 18:47:15,479 [ERROR] LogOutputStream:75 - [STDERR_REDIRECT] 
2025-10-30 18:47:16,478 [ERROR] LogOutputStream:75 - [STDERR_REDIRECT] [Fatal Error] :1:1: Premature end of file.
2025-10-30 18:47:16,478 [ERROR] LogOutputStream:75 - [STDERR_REDIRECT] 
2025-10-30 18:47:17,478 [ERROR] LogOutputStream:75 - [STDERR_REDIRECT] [Fatal Error] :1:1: Premature end of file.
2025-10-30 18:47:17,479 [ERROR] LogOutputStream:75 - [STDERR_REDIRECT] 
2025-10-30 18:47:18,479 [ERROR] LogOutputStream:75 - [STDERR_REDIRECT] [Fatal Error] :1:1: Premature end of file.
2025-10-30 18:47:18,480 [ERROR] LogOutputStream:75 - [STDERR_REDIRECT] 
2025-10-30 18:47:19,478 [ERROR] LogOutputStream:75 - [STDERR_REDIRECT] [Fatal Error] :1:1: Premature end of file.
2025-10-30 18:47:19,479 [ERROR] LogOutputStream:75 - [STDERR_REDIRECT] 
2025-10-30 18:47:20,485 [ERROR] LogOutputStream:75 - [STDERR_REDIRECT] [Fatal Error] :1:1: Premature end of file.
2025-10-30 18:47:20,485 [ERROR] LogOutputStream:75 - [STDERR_REDIRECT] 
2025-10-30 18:47:21,480 [ERROR] LogOutputStream:75 - [STDERR_REDIRECT] [Fatal Error] :1:1: Premature end of file.
2025-10-30 18:47:21,481 [ERROR] LogOutputStream:75 - [STDERR_REDIRECT] 
2025-10-30 18:47:22,476 [ERROR] LogOutputStream:75 - [STDERR_REDIRECT] [Fatal Error] :1:1: Premature end of file.
2025-10-30 18:47:22,476 [ERROR] LogOutputStream:75 - [STDERR_REDIRECT] 
2025-10-30 18:47:23,474 [ERROR] LogOutputStream:75 - [STDERR_REDIRECT] [Fatal Error] :1:1: Premature end of file.
2025-10-30 18:47:23,475 [ERROR] LogOutputStream:75 - [STDERR_REDIRECT] 
2025-10-30 18:47:24,475 [ERROR] LogOutputStream:75 - [STDERR_REDIRECT] [Fatal Error] :1:1: Premature end of file.
2025-10-30 18:47:24,476 [ERROR] LogOutputStream:75 - [STDERR_REDIRECT] 
2025-10-30 18:47:25,477 [ERROR] LogOutputStream:75 - [STDERR_REDIRECT] [Fatal Error] :1:1: Premature end of file.
2025-10-30 18:47:25,477 [ERROR] LogOutputStream:75 - [STDERR_REDIRECT] 
2025-10-30 18:47:26,477 [ERROR] LogOutputStream:75 - [STDERR_REDIRECT] [Fatal Error] :1:1: Premature end of file.
2025-10-30 18:47:26,478 [ERROR] LogOutputStream:75 - [STDERR_REDIRECT] 
2025-10-30 18:47:27,475 [ERROR] LogOutputStream:75 - [STDERR_REDIRECT] [Fatal Error] :1:1: Premature end of file.
2025-10-30 18:47:27,476 [ERROR] LogOutputStream:75 - [STDERR_REDIRECT] 
2025-10-30 18:47:28,474 [ERROR] LogOutputStream:75 - [STDERR_REDIRECT] [Fatal Error] :1:1: Premature end of file.
2025-10-30 18:47:28,474 [ERROR] LogOutputStream:75 - [STDERR_REDIRECT] 
2025-10-30 18:47:29,477 [ERROR] LogOutputStream:75 - [STDERR_REDIRECT] [Fatal Error] :1:1: Premature end of file.
2025-10-30 18:47:29,478 [ERROR] LogOutputStream:75 - [STDERR_REDIRECT] 
2025-10-30 18:47:30,476 [ERROR] LogOutputStream:75 - [STDERR_REDIRECT] [Fatal Error] :1:1: Premature end of file.
2025-10-30 18:47:30,476 [ERROR] LogOutputStream:75 - [STDERR_REDIRECT] 
2025-10-30 18:47:31,479 [ERROR] LogOutputStream:75 - [STDERR_REDIRECT] [Fatal Error] :1:1: Premature end of file.
2025-10-30 18:47:31,479 [ERROR] LogOutputStream:75 - [STDERR_REDIRECT] 
2025-10-30 18:47:32,474 [ERROR] LogOutputStream:75 - [STDERR_REDIRECT] [Fatal Error] :1:1: Premature end of file.
2025-10-30 18:47:32,474 [ERROR] LogOutputStream:75 - [STDERR_REDIRECT] 
2025-10-30 18:47:33,477 [ERROR] LogOutputStream:75 - [STDERR_REDIRECT] [Fatal Error] :1:1: Premature end of file.
2025-10-30 18:47:33,477 [ERROR] LogOutputStream:75 - [STDERR_REDIRECT] 
2025-10-30 18:47:34,476 [ERROR] LogOutputStream:75 - [STDERR_REDIRECT] [Fatal Error] :1:1: Premature end of file.
2025-10-30 18:47:34,476 [ERROR] LogOutputStream:75 - [STDERR_REDIRECT] 
2025-10-30 18:47:35,474 [ERROR] LogOutputStream:75 - [STDERR_REDIRECT] [Fatal Error] :1:1: Premature end of file.
2025-10-30 18:47:35,476 [ERROR] LogOutputStream:75 - [STDERR_REDIRECT] 
2025-10-30 18:47:36,475 [ERROR] LogOutputStream:75 - [STDERR_REDIRECT] [Fatal Error] :1:1: Premature end of file.
2025-10-30 18:47:36,475 [ERROR] LogOutputStream:75 - [STDERR_REDIRECT] 
2025-10-30 18:47:37,476 [ERROR] LogOutputStream:75 - [STDERR_REDIRECT] [Fatal Error] :1:1: Premature end of file.
2025-10-30 18:47:37,476 [ERROR] LogOutputStream:75 - [STDERR_REDIRECT] 
2025-10-30 18:47:38,478 [ERROR] LogOutputStream:75 - [STDERR_REDIRECT] [Fatal Error] :1:1: Premature end of file.
2025-10-30 18:47:38,478 [ERROR] LogOutputStream:75 - [STDERR_REDIRECT] 
2025-10-30 18:47:39,479 [ERROR] LogOutputStream:75 - [STDERR_REDIRECT] [Fatal Error] :1:1: Premature end of file.
2025-10-30 18:47:39,479 [ERROR] LogOutputStream:75 - [STDERR_REDIRECT] 
2025-10-30 18:47:40,480 [ERROR] LogOutputStream:75 - [STDERR_REDIRECT] [Fatal Error] :1:1: Premature end of file.
2025-10-30 18:47:40,481 [ERROR] LogOutputStream:75 - [STDERR_REDIRECT] 
2025-10-30 18:47:41,476 [ERROR] LogOutputStream:75 - [STDERR_REDIRECT] [Fatal Error] :1:1: Premature end of file.
2025-10-30 18:47:41,476 [ERROR] LogOutputStream:75 - [STDERR_REDIRECT] 
2025-10-30 18:47:42,478 [ERROR] LogOutputStream:75 - [STDERR_REDIRECT] [Fatal Error] :1:1: Premature end of file.
2025-10-30 18:47:42,478 [ERROR] LogOutputStream:75 - [STDERR_REDIRECT] 
2025-10-30 18:47:43,475 [ERROR] LogOutputStream:75 - [STDERR_REDIRECT] [Fatal Error] :1:1: Premature end of file.
2025-10-30 18:47:43,475 [ERROR] LogOutputStream:75 - [STDERR_REDIRECT] 
2025-10-30 18:47:44,476 [ERROR] LogOutputStream:75 - [STDERR_REDIRECT] [Fatal Error] :1:1: Premature end of file.
2025-10-30 18:47:44,477 [ERROR] LogOutputStream:75 - [STDERR_REDIRECT] 
2025-10-30 18:47:45,480 [ERROR] LogOutputStream:75 - [STDERR_REDIRECT] [Fatal Error] :1:1: Premature end of file.
2025-10-30 18:47:45,481 [ERROR] LogOutputStream:75 - [STDERR_REDIRECT] 
2025-10-30 18:47:46,476 [ERROR] LogOutputStream:75 - [STDERR_REDIRECT] [Fatal Error] :1:1: Premature end of file.
2025-10-30 18:47:46,476 [ERROR] LogOutputStream:75 - [STDERR_REDIRECT] 
2025-10-30 18:47:47,482 [ERROR] LogOutputStream:75 - [STDERR_REDIRECT] [Fatal Error] :1:1: Premature end of file.
2025-10-30 18:47:47,483 [ERROR] LogOutputStream:75 - [STDERR_REDIRECT] 
2025-10-30 18:47:48,477 [ERROR] LogOutputStream:75 - [STDERR_REDIRECT] [Fatal Error] :1:1: Premature end of file.
2025-10-30 18:47:48,477 [ERROR] LogOutputStream:75 - [STDERR_REDIRECT] 
2025-10-30 18:47:49,475 [ERROR] LogOutputStream:75 - [STDERR_REDIRECT] [Fatal Error] :1:1: Premature end of file.
2025-10-30 18:47:49,475 [ERROR] LogOutputStream:75 - [STDERR_REDIRECT] 
2025-10-30 18:47:50,475 [ERROR] LogOutputStream:75 - [STDERR_REDIRECT] [Fatal Error] :1:1: Premature end of file.
2025-10-30 18:47:50,476 [ERROR] LogOutputStream:75 - [STDERR_REDIRECT] 
2025-10-30 18:47:51,506 [ERROR] LogOutputStream:75 - [STDERR_REDIRECT] [Fatal Error] :1:1: Premature end of file.
2025-10-30 18:47:51,506 [ERROR] LogOutputStream:75 - [STDERR_REDIRECT] 
2025-10-30 18:47:52,481 [ERROR] LogOutputStream:75 - [STDERR_REDIRECT] [Fatal Error] :1:1: Premature end of file.
2025-10-30 18:47:52,481 [ERROR] LogOutputStream:75 - [STDERR_REDIRECT] 
2025-10-30 18:47:53,476 [ERROR] LogOutputStream:75 - [STDERR_REDIRECT] [Fatal Error] :1:1: Premature end of file.
2025-10-30 18:47:53,477 [ERROR] LogOutputStream:75 - [STDERR_REDIRECT] 
2025-10-30 18:47:54,490 [ERROR] LogOutputStream:75 - [STDERR_REDIRECT] [Fatal Error] :1:1: Premature end of file.
2025-10-30 18:47:54,490 [ERROR] LogOutputStream:75 - [STDERR_REDIRECT] 
2025-10-30 18:47:55,486 [ERROR] LogOutputStream:75 - [STDERR_REDIRECT] [Fatal Error] :1:1: Premature end of file.
2025-10-30 18:47:55,486 [ERROR] LogOutputStream:75 - [STDERR_REDIRECT] 
2025-10-30 18:47:56,481 [ERROR] LogOutputStream:75 - [STDERR_REDIRECT] [Fatal Error] :1:1: Premature end of file.
2025-10-30 18:47:56,481 [ERROR] LogOutputStream:75 - [STDERR_REDIRECT] 
2025-10-30 18:47:57,523 [ERROR] LogOutputStream:75 - [STDERR_REDIRECT] [Fatal Error] :1:1: Premature end of file.
2025-10-30 18:47:57,525 [ERROR] LogOutputStream:75 - [STDERR_REDIRECT] 
2025-10-30 18:47:58,503 [ERROR] LogOutputStream:75 - [STDERR_REDIRECT] [Fatal Error] :1:1: Premature end of file.
2025-10-30 18:47:58,503 [ERROR] LogOutputStream:75 - [STDERR_REDIRECT] 
2025-10-30 18:47:59,501 [ERROR] LogOutputStream:75 - [STDERR_REDIRECT] [Fatal Error] :1:1: Premature end of file.
2025-10-30 18:47:59,501 [ERROR] LogOutputStream:75 - [STDERR_REDIRECT] 
2025-10-30 18:48:00,529 [ERROR] LogOutputStream:75 - [STDERR_REDIRECT] [Fatal Error] :1:1: Premature end of file.
2025-10-30 18:48:00,529 [ERROR] LogOutputStream:75 - [STDERR_REDIRECT] 
2025-10-30 18:48:01,498 [ERROR] LogOutputStream:75 - [STDERR_REDIRECT] [Fatal Error] :1:1: Premature end of file.
2025-10-30 18:48:01,498 [ERROR] LogOutputStream:75 - [STDERR_REDIRECT] 
2025-10-30 18:48:02,594 [ERROR] LogOutputStream:75 - [STDERR_REDIRECT] [Fatal Error] :1:1: Premature end of file.
2025-10-30 18:48:02,594 [ERROR] LogOutputStream:75 - [STDERR_REDIRECT] 
2025-10-30 18:48:03,535 [ERROR] LogOutputStream:75 - [STDERR_REDIRECT] [Fatal Error] :1:1: Premature end of file.
2025-10-30 18:48:03,535 [ERROR] LogOutputStream:75 - [STDERR_REDIRECT] 
2025-10-30 18:48:04,477 [ERROR] LogOutputStream:75 - [STDERR_REDIRECT] [Fatal Error] :1:1: Premature end of file.
2025-10-30 18:48:04,477 [ERROR] LogOutputStream:75 - [STDERR_REDIRECT] 
2025-10-30 18:48:05,482 [ERROR] LogOutputStream:75 - [STDERR_REDIRECT] [Fatal Error] :1:1: Premature end of file.
2025-10-30 18:48:05,482 [ERROR] LogOutputStream:75 - [STDERR_REDIRECT] 
2025-10-30 18:48:06,477 [ERROR] LogOutputStream:75 - [STDERR_REDIRECT] [Fatal Error] :1:1: Premature end of file.
2025-10-30 18:48:06,477 [ERROR] LogOutputStream:75 - [STDERR_REDIRECT] 
2025-10-30 18:48:07,477 [ERROR] LogOutputStream:75 - [STDERR_REDIRECT] [Fatal Error] :1:1: Premature end of file.
2025-10-30 18:48:07,477 [ERROR] LogOutputStream:75 - [STDERR_REDIRECT] 
2025-10-30 18:48:08,477 [ERROR] LogOutputStream:75 - [STDERR_REDIRECT] [Fatal Error] :1:1: Premature end of file.
2025-10-30 18:48:08,477 [ERROR] LogOutputStream:75 - [STDERR_REDIRECT] 
2025-10-30 18:48:09,475 [ERROR] LogOutputStream:75 - [STDERR_REDIRECT] [Fatal Error] :1:1: Premature end of file.
2025-10-30 18:48:09,476 [ERROR] LogOutputStream:75 - [STDERR_REDIRECT] 
2025-10-30 18:48:10,475 [ERROR] LogOutputStream:75 - [STDERR_REDIRECT] [Fatal Error] :1:1: Premature end of file.
2025-10-30 18:48:10,476 [ERROR] LogOutputStream:75 - [STDERR_REDIRECT] 
2025-10-30 18:48:11,476 [ERROR] LogOutputStream:75 - [STDERR_REDIRECT] [Fatal Error] :1:1: Premature end of file.
2025-10-30 18:48:11,476 [ERROR] LogOutputStream:75 - [STDERR_REDIRECT] 
2025-10-30 18:48:12,478 [ERROR] LogOutputStream:75 - [STDERR_REDIRECT] [Fatal Error] :1:1: Premature end of file.
2025-10-30 18:48:12,478 [ERROR] LogOutputStream:75 - [STDERR_REDIRECT] 
2025-10-30 18:48:13,477 [ERROR] LogOutputStream:75 - [STDERR_REDIRECT] [Fatal Error] :1:1: Premature end of file.
2025-10-30 18:48:13,477 [ERROR] LogOutputStream:75 - [STDERR_REDIRECT] 
2025-10-30 18:48:14,477 [ERROR] LogOutputStream:75 - [STDERR_REDIRECT] [Fatal Error] :1:1: Premature end of file.
2025-10-30 18:48:14,477 [ERROR] LogOutputStream:75 - [STDERR_REDIRECT] 
2025-10-30 18:48:15,478 [ERROR] LogOutputStream:75 - [STDERR_REDIRECT] [Fatal Error] :1:1: Premature end of file.
2025-10-30 18:48:15,478 [ERROR] LogOutputStream:75 - [STDERR_REDIRECT] 
2025-10-30 18:48:16,474 [ERROR] LogOutputStream:75 - [STDERR_REDIRECT] [Fatal Error] :1:1: Premature end of file.
2025-10-30 18:48:16,475 [ERROR] LogOutputStream:75 - [STDERR_REDIRECT] 
2025-10-30 18:48:17,476 [ERROR] LogOutputStream:75 - [STDERR_REDIRECT] [Fatal Error] :1:1: Premature end of file.
2025-10-30 18:48:17,477 [ERROR] LogOutputStream:75 - [STDERR_REDIRECT] 
2025-10-30 18:48:18,477 [ERROR] LogOutputStream:75 - [STDERR_REDIRECT] [Fatal Error] :1:1: Premature end of file.
2025-10-30 18:48:18,477 [ERROR] LogOutputStream:75 - [STDERR_REDIRECT] 
2025-10-30 18:48:19,476 [ERROR] LogOutputStream:75 - [STDERR_REDIRECT] [Fatal Error] :1:1: Premature end of file.
2025-10-30 18:48:19,476 [ERROR] LogOutputStream:75 - [STDERR_REDIRECT] 
2025-10-30 18:48:20,474 [ERROR] LogOutputStream:75 - [STDERR_REDIRECT] [Fatal Error] :1:1: Premature end of file.
2025-10-30 18:48:20,475 [ERROR] LogOutputStream:75 - [STDERR_REDIRECT] 
2025-10-30 18:48:21,475 [ERROR] LogOutputStream:75 - [STDERR_REDIRECT] [Fatal Error] :1:1: Premature end of file.
2025-10-30 18:48:21,475 [ERROR] LogOutputStream:75 - [STDERR_REDIRECT] 
2025-10-30 18:48:22,477 [ERROR] LogOutputStream:75 - [STDERR_REDIRECT] [Fatal Error] :1:1: Premature end of file.
2025-10-30 18:48:22,477 [ERROR] LogOutputStream:75 - [STDERR_REDIRECT] 
2025-10-30 18:48:23,476 [ERROR] LogOutputStream:75 - [STDERR_REDIRECT] [Fatal Error] :1:1: Premature end of file.
2025-10-30 18:48:23,476 [ERROR] LogOutputStream:75 - [STDERR_REDIRECT] 
2025-10-30 18:48:24,476 [ERROR] LogOutputStream:75 - [STDERR_REDIRECT] [Fatal Error] :1:1: Premature end of file.
2025-10-30 18:48:24,476 [ERROR] LogOutputStream:75 - [STDERR_REDIRECT] 
2025-10-30 18:48:25,478 [ERROR] LogOutputStream:75 - [STDERR_REDIRECT] [Fatal Error] :1:1: Premature end of file.
2025-10-30 18:48:25,478 [ERROR] LogOutputStream:75 - [STDERR_REDIRECT] 
2025-10-30 18:48:26,479 [ERROR] LogOutputStream:75 - [STDERR_REDIRECT] [Fatal Error] :1:1: Premature end of file.
2025-10-30 18:48:26,479 [ERROR] LogOutputStream:75 - [STDERR_REDIRECT] 
2025-10-30 18:48:27,477 [ERROR] LogOutputStream:75 - [STDERR_REDIRECT] [Fatal Error] :1:1: Premature end of file.
2025-10-30 18:48:27,477 [ERROR] LogOutputStream:75 - [STDERR_REDIRECT] 
2025-10-30 18:48:28,476 [ERROR] LogOutputStream:75 - [STDERR_REDIRECT] [Fatal Error] :1:1: Premature end of file.
2025-10-30 18:48:28,476 [ERROR] LogOutputStream:75 - [STDERR_REDIRECT] 
2025-10-30 18:48:29,476 [ERROR] LogOutputStream:75 - [STDERR_REDIRECT] [Fatal Error] :1:1: Premature end of file.
2025-10-30 18:48:29,476 [ERROR] LogOutputStream:75 - [STDERR_REDIRECT] 
2025-10-30 18:48:30,475 [ERROR] LogOutputStream:75 - [STDERR_REDIRECT] [Fatal Error] :1:1: Premature end of file.
2025-10-30 18:48:30,476 [ERROR] LogOutputStream:75 - [STDERR_REDIRECT] 
2025-10-30 18:48:31,477 [ERROR] LogOutputStream:75 - [STDERR_REDIRECT] [Fatal Error] :1:1: Premature end of file.
2025-10-30 18:48:31,477 [ERROR] LogOutputStream:75 - [STDERR_REDIRECT] 
2025-10-30 18:48:32,477 [ERROR] LogOutputStream:75 - [STDERR_REDIRECT] [Fatal Error] :1:1: Premature end of file.
2025-10-30 18:48:32,477 [ERROR] LogOutputStream:75 - [STDERR_REDIRECT] 
2025-10-30 18:48:33,475 [ERROR] LogOutputStream:75 - [STDERR_REDIRECT] [Fatal Error] :1:1: Premature end of file.
2025-10-30 18:48:33,475 [ERROR] LogOutputStream:75 - [STDERR_REDIRECT] 
2025-10-30 18:48:34,477 [ERROR] LogOutputStream:75 - [STDERR_REDIRECT] [Fatal Error] :1:1: Premature end of file.
2025-10-30 18:48:34,477 [ERROR] LogOutputStream:75 - [STDERR_REDIRECT] 
2025-10-30 18:48:35,477 [ERROR] LogOutputStream:75 - [STDERR_REDIRECT] [Fatal Error] :1:1: Premature end of file.
2025-10-30 18:48:35,477 [ERROR] LogOutputStream:75 - [STDERR_REDIRECT] 
2025-10-30 18:48:36,475 [ERROR] LogOutputStream:75 - [STDERR_REDIRECT] [Fatal Error] :1:1: Premature end of file.
2025-10-30 18:48:36,475 [ERROR] LogOutputStream:75 - [STDERR_REDIRECT] 
2025-10-30 18:48:37,476 [ERROR] LogOutputStream:75 - [STDERR_REDIRECT] [Fatal Error] :1:1: Premature end of file.
2025-10-30 18:48:37,476 [ERROR] LogOutputStream:75 - [STDERR_REDIRECT] 
2025-10-30 18:48:38,483 [ERROR] LogOutputStream:75 - [STDERR_REDIRECT] [Fatal Error] :1:1: Premature end of file.
2025-10-30 18:48:38,483 [ERROR] LogOutputStream:75 - [STDERR_REDIRECT] 
2025-10-30 18:48:39,476 [ERROR] LogOutputStream:75 - [STDERR_REDIRECT] [Fatal Error] :1:1: Premature end of file.
2025-10-30 18:48:39,476 [ERROR] LogOutputStream:75 - [STDERR_REDIRECT] 
2025-10-30 18:48:40,476 [ERROR] LogOutputStream:75 - [STDERR_REDIRECT] [Fatal Error] :1:1: Premature end of file.
2025-10-30 18:48:40,476 [ERROR] LogOutputStream:75 - [STDERR_REDIRECT] 
2025-10-30 18:48:41,476 [ERROR] LogOutputStream:75 - [STDERR_REDIRECT] [Fatal Error] :1:1: Premature end of file.
2025-10-30 18:48:41,476 [ERROR] LogOutputStream:75 - [STDERR_REDIRECT] 
2025-10-30 18:48:42,476 [ERROR] LogOutputStream:75 - [STDERR_REDIRECT] [Fatal Error] :1:1: Premature end of file.
2025-10-30 18:48:42,476 [ERROR] LogOutputStream:75 - [STDERR_REDIRECT] 
2025-10-30 18:48:43,476 [ERROR] LogOutputStream:75 - [STDERR_REDIRECT] [Fatal Error] :1:1: Premature end of file.
2025-10-30 18:48:43,476 [ERROR] LogOutputStream:75 - [STDERR_REDIRECT] 
2025-10-30 18:48:44,474 [ERROR] LogOutputStream:75 - [STDERR_REDIRECT] [Fatal Error] :1:1: Premature end of file.
2025-10-30 18:48:44,474 [ERROR] LogOutputStream:75 - [STDERR_REDIRECT] 
2025-10-30 18:48:45,475 [ERROR] LogOutputStream:75 - [STDERR_REDIRECT] [Fatal Error] :1:1: Premature end of file.
2025-10-30 18:48:45,475 [ERROR] LogOutputStream:75 - [STDERR_REDIRECT] 
2025-10-30 18:48:46,476 [ERROR] LogOutputStream:75 - [STDERR_REDIRECT] [Fatal Error] :1:1: Premature end of file.
2025-10-30 18:48:46,477 [ERROR] LogOutputStream:75 - [STDERR_REDIRECT] 
2025-10-30 18:48:47,476 [ERROR] LogOutputStream:75 - [STDERR_REDIRECT] [Fatal Error] :1:1: Premature end of file.
2025-10-30 18:48:47,476 [ERROR] LogOutputStream:75 - [STDERR_REDIRECT] 
2025-10-30 18:48:48,479 [ERROR] LogOutputStream:75 - [STDERR_REDIRECT] [Fatal Error] :1:1: Premature end of file.
2025-10-30 18:48:48,479 [ERROR] LogOutputStream:75 - [STDERR_REDIRECT] 
2025-10-30 18:48:49,475 [ERROR] LogOutputStream:75 - [STDERR_REDIRECT] [Fatal Error] :1:1: Premature end of file.
2025-10-30 18:48:49,476 [ERROR] LogOutputStream:75 - [STDERR_REDIRECT] 
2025-10-30 18:48:50,476 [ERROR] LogOutputStream:75 - [STDERR_REDIRECT] [Fatal Error] :1:1: Premature end of file.
2025-10-30 18:48:50,476 [ERROR] LogOutputStream:75 - [STDERR_REDIRECT] 
2025-10-30 18:48:51,476 [ERROR] LogOutputStream:75 - [STDERR_REDIRECT] [Fatal Error] :1:1: Premature end of file.
2025-10-30 18:48:51,476 [ERROR] LogOutputStream:75 - [STDERR_REDIRECT] 
2025-10-30 18:48:52,492 [ERROR] LogOutputStream:75 - [STDERR_REDIRECT] [Fatal Error] :1:1: Premature end of file.
2025-10-30 18:48:52,492 [ERROR] LogOutputStream:75 - [STDERR_REDIRECT] 
2025-10-30 18:48:53,477 [ERROR] LogOutputStream:75 - [STDERR_REDIRECT] [Fatal Error] :1:1: Premature end of file.
2025-10-30 18:48:53,477 [ERROR] LogOutputStream:75 - [STDERR_REDIRECT] 
2025-10-30 18:48:54,479 [ERROR] LogOutputStream:75 - [STDERR_REDIRECT] [Fatal Error] :1:1: Premature end of file.
2025-10-30 18:48:54,479 [ERROR] LogOutputStream:75 - [STDERR_REDIRECT] 
2025-10-30 18:48:55,485 [ERROR] LogOutputStream:75 - [STDERR_REDIRECT] [Fatal Error] :1:1: Premature end of file.
2025-10-30 18:48:55,485 [ERROR] LogOutputStream:75 - [STDERR_REDIRECT] 
2025-10-30 18:48:56,476 [ERROR] LogOutputStream:75 - [STDERR_REDIRECT] [Fatal Error] :1:1: Premature end of file.
2025-10-30 18:48:56,476 [ERROR] LogOutputStream:75 - [STDERR_REDIRECT] 
2025-10-30 18:48:57,476 [ERROR] LogOutputStream:75 - [STDERR_REDIRECT] [Fatal Error] :1:1: Premature end of file.
2025-10-30 18:48:57,476 [ERROR] LogOutputStream:75 - [STDERR_REDIRECT] 
2025-10-30 18:48:58,476 [ERROR] LogOutputStream:75 - [STDERR_REDIRECT] [Fatal Error] :1:1: Premature end of file.
2025-10-30 18:48:58,476 [ERROR] LogOutputStream:75 - [STDERR_REDIRECT] 
2025-10-30 18:48:59,477 [ERROR] LogOutputStream:75 - [STDERR_REDIRECT] [Fatal Error] :1:1: Premature end of file.
2025-10-30 18:48:59,477 [ERROR] LogOutputStream:75 - [STDERR_REDIRECT] 
2025-10-30 18:49:00,476 [ERROR] LogOutputStream:75 - [STDERR_REDIRECT] [Fatal Error] :1:1: Premature end of file.
2025-10-30 18:49:00,477 [ERROR] LogOutputStream:75 - [STDERR_REDIRECT] 
2025-10-30 18:49:01,476 [ERROR] LogOutputStream:75 - [STDERR_REDIRECT] [Fatal Error] :1:1: Premature end of file.
2025-10-30 18:49:01,476 [ERROR] LogOutputStream:75 - [STDERR_REDIRECT] 
2025-10-30 18:49:02,494 [ERROR] LogOutputStream:75 - [STDERR_REDIRECT] [Fatal Error] :1:1: Premature end of file.
2025-10-30 18:49:02,494 [ERROR] LogOutputStream:75 - [STDERR_REDIRECT] 
2025-10-30 18:49:03,473 [ERROR] LogOutputStream:75 - [STDERR_REDIRECT] [Fatal Error] :1:1: Premature end of file.
2025-10-30 18:49:03,475 [ERROR] LogOutputStream:75 - [STDERR_REDIRECT] 
2025-10-30 18:49:04,475 [ERROR] LogOutputStream:75 - [STDERR_REDIRECT] [Fatal Error] :1:1: Premature end of file.
2025-10-30 18:49:04,475 [ERROR] LogOutputStream:75 - [STDERR_REDIRECT] 
2025-10-30 18:49:05,476 [ERROR] LogOutputStream:75 - [STDERR_REDIRECT] [Fatal Error] :1:1: Premature end of file.
2025-10-30 18:49:05,476 [ERROR] LogOutputStream:75 - [STDERR_REDIRECT] 
2025-10-30 18:49:06,480 [ERROR] LogOutputStream:75 - [STDERR_REDIRECT] [Fatal Error] :1:1: Premature end of file.
2025-10-30 18:49:06,481 [ERROR] LogOutputStream:75 - [STDERR_REDIRECT] 
2025-10-30 18:49:07,478 [ERROR] LogOutputStream:75 - [STDERR_REDIRECT] [Fatal Error] :1:1: Premature end of file.
2025-10-30 18:49:07,478 [ERROR] LogOutputStream:75 - [STDERR_REDIRECT] 
2025-10-30 18:49:08,478 [ERROR] LogOutputStream:75 - [STDERR_REDIRECT] [Fatal Error] :1:1: Premature end of file.
2025-10-30 18:49:08,478 [ERROR] LogOutputStream:75 - [STDERR_REDIRECT] 
2025-10-30 18:49:09,475 [ERROR] LogOutputStream:75 - [STDERR_REDIRECT] [Fatal Error] :1:1: Premature end of file.
2025-10-30 18:49:09,477 [ERROR] LogOutputStream:75 - [STDERR_REDIRECT] 
2025-10-30 18:49:10,477 [ERROR] LogOutputStream:75 - [STDERR_REDIRECT] [Fatal Error] :1:1: Premature end of file.
2025-10-30 18:49:10,477 [ERROR] LogOutputStream:75 - [STDERR_REDIRECT] 
2025-10-30 18:49:11,480 [ERROR] LogOutputStream:75 - [STDERR_REDIRECT] [Fatal Error] :1:1: Premature end of file.
2025-10-30 18:49:11,480 [ERROR] LogOutputStream:75 - [STDERR_REDIRECT] 
2025-10-30 18:49:12,474 [ERROR] LogOutputStream:75 - [STDERR_REDIRECT] [Fatal Error] :1:1: Premature end of file.
2025-10-30 18:49:12,475 [ERROR] LogOutputStream:75 - [STDERR_REDIRECT] 
2025-10-30 18:49:13,474 [ERROR] LogOutputStream:75 - [STDERR_REDIRECT] [Fatal Error] :1:1: Premature end of file.
2025-10-30 18:49:13,476 [ERROR] LogOutputStream:75 - [STDERR_REDIRECT] 
2025-10-30 18:49:14,476 [ERROR] LogOutputStream:75 - [STDERR_REDIRECT] [Fatal Error] :1:1: Premature end of file.
2025-10-30 18:49:14,476 [ERROR] LogOutputStream:75 - [STDERR_REDIRECT] 
2025-10-30 18:49:15,476 [ERROR] LogOutputStream:75 - [STDERR_REDIRECT] [Fatal Error] :1:1: Premature end of file.
2025-10-30 18:49:15,476 [ERROR] LogOutputStream:75 - [STDERR_REDIRECT] 
2025-10-30 18:49:16,478 [ERROR] LogOutputStream:75 - [STDERR_REDIRECT] [Fatal Error] :1:1: Premature end of file.
2025-10-30 18:49:16,478 [ERROR] LogOutputStream:75 - [STDERR_REDIRECT] 
2025-10-30 18:49:17,474 [ERROR] LogOutputStream:75 - [STDERR_REDIRECT] [Fatal Error] :1:1: Premature end of file.
2025-10-30 18:49:17,474 [ERROR] LogOutputStream:75 - [STDERR_REDIRECT] 
2025-10-30 18:49:18,477 [ERROR] LogOutputStream:75 - [STDERR_REDIRECT] [Fatal Error] :1:1: Premature end of file.
2025-10-30 18:49:18,477 [ERROR] LogOutputStream:75 - [STDERR_REDIRECT] 
2025-10-30 18:49:19,477 [ERROR] LogOutputStream:75 - [STDERR_REDIRECT] [Fatal Error] :1:1: Premature end of file.
2025-10-30 18:49:19,477 [ERROR] LogOutputStream:75 - [STDERR_REDIRECT] 
2025-10-30 18:49:20,478 [ERROR] LogOutputStream:75 - [STDERR_REDIRECT] [Fatal Error] :1:1: Premature end of file.
2025-10-30 18:49:20,478 [ERROR] LogOutputStream:75 - [STDERR_REDIRECT] 
2025-10-30 18:49:21,480 [ERROR] LogOutputStream:75 - [STDERR_REDIRECT] [Fatal Error] :1:1: Premature end of file.
2025-10-30 18:49:21,480 [ERROR] LogOutputStream:75 - [STDERR_REDIRECT] 
2025-10-30 18:49:22,476 [ERROR] LogOutputStream:75 - [STDERR_REDIRECT] [Fatal Error] :1:1: Premature end of file.
2025-10-30 18:49:22,476 [ERROR] LogOutputStream:75 - [STDERR_REDIRECT] 
2025-10-30 18:49:23,475 [ERROR] LogOutputStream:75 - [STDERR_REDIRECT] [Fatal Error] :1:1: Premature end of file.
2025-10-30 18:49:23,475 [ERROR] LogOutputStream:75 - [STDERR_REDIRECT] 
2025-10-30 18:49:24,476 [ERROR] LogOutputStream:75 - [STDERR_REDIRECT] [Fatal Error] :1:1: Premature end of file.
2025-10-30 18:49:24,476 [ERROR] LogOutputStream:75 - [STDERR_REDIRECT] 
2025-10-30 18:49:25,476 [ERROR] LogOutputStream:75 - [STDERR_REDIRECT] [Fatal Error] :1:1: Premature end of file.
2025-10-30 18:49:25,477 [ERROR] LogOutputStream:75 - [STDERR_REDIRECT] 
2025-10-30 18:49:26,476 [ERROR] LogOutputStream:75 - [STDERR_REDIRECT] [Fatal Error] :1:1: Premature end of file.
2025-10-30 18:49:26,476 [ERROR] LogOutputStream:75 - [STDERR_REDIRECT] 
2025-10-30 18:49:27,476 [ERROR] LogOutputStream:75 - [STDERR_REDIRECT] [Fatal Error] :1:1: Premature end of file.
2025-10-30 18:49:27,478 [ERROR] LogOutputStream:75 - [STDERR_REDIRECT] 
2025-10-30 18:49:28,476 [ERROR] LogOutputStream:75 - [STDERR_REDIRECT] [Fatal Error] :1:1: Premature end of file.
2025-10-30 18:49:28,477 [ERROR] LogOutputStream:75 - [STDERR_REDIRECT] 
2025-10-30 18:49:29,476 [ERROR] LogOutputStream:75 - [STDERR_REDIRECT] [Fatal Error] :1:1: Premature end of file.
2025-10-30 18:49:29,476 [ERROR] LogOutputStream:75 - [STDERR_REDIRECT] 
2025-10-30 18:49:30,476 [ERROR] LogOutputStream:75 - [STDERR_REDIRECT] [Fatal Error] :1:1: Premature end of file.
2025-10-30 18:49:30,476 [ERROR] LogOutputStream:75 - [STDERR_REDIRECT] 
2025-10-30 18:49:31,479 [ERROR] LogOutputStream:75 - [STDERR_REDIRECT] [Fatal Error] :1:1: Premature end of file.
2025-10-30 18:49:31,479 [ERROR] LogOutputStream:75 - [STDERR_REDIRECT] 
2025-10-30 18:49:32,478 [ERROR] LogOutputStream:75 - [STDERR_REDIRECT] [Fatal Error] :1:1: Premature end of file.
2025-10-30 18:49:32,479 [ERROR] LogOutputStream:75 - [STDERR_REDIRECT] 
2025-10-30 18:49:33,477 [ERROR] LogOutputStream:75 - [STDERR_REDIRECT] [Fatal Error] :1:1: Premature end of file.
2025-10-30 18:49:33,477 [ERROR] LogOutputStream:75 - [STDERR_REDIRECT] 
2025-10-30 18:49:34,480 [ERROR] LogOutputStream:75 - [STDERR_REDIRECT] [Fatal Error] :1:1: Premature end of file.
2025-10-30 18:49:34,480 [ERROR] LogOutputStream:75 - [STDERR_REDIRECT] 
2025-10-30 18:49:35,475 [ERROR] LogOutputStream:75 - [STDERR_REDIRECT] [Fatal Error] :1:1: Premature end of file.
2025-10-30 18:49:35,475 [ERROR] LogOutputStream:75 - [STDERR_REDIRECT] 
2025-10-30 18:49:36,474 [ERROR] LogOutputStream:75 - [STDERR_REDIRECT] [Fatal Error] :1:1: Premature end of file.
2025-10-30 18:49:36,475 [ERROR] LogOutputStream:75 - [STDERR_REDIRECT] 
2025-10-30 18:49:37,481 [ERROR] LogOutputStream:75 - [STDERR_REDIRECT] [Fatal Error] :1:1: Premature end of file.
2025-10-30 18:49:37,481 [ERROR] LogOutputStream:75 - [STDERR_REDIRECT] 
2025-10-30 18:49:38,476 [ERROR] LogOutputStream:75 - [STDERR_REDIRECT] [Fatal Error] :1:1: Premature end of file.
2025-10-30 18:49:38,476 [ERROR] LogOutputStream:75 - [STDERR_REDIRECT] 
2025-10-30 18:49:39,475 [ERROR] LogOutputStream:75 - [STDERR_REDIRECT] [Fatal Error] :1:1: Premature end of file.
2025-10-30 18:49:39,476 [ERROR] LogOutputStream:75 - [STDERR_REDIRECT] 
2025-10-30 18:49:40,476 [ERROR] LogOutputStream:75 - [STDERR_REDIRECT] [Fatal Error] :1:1: Premature end of file.
2025-10-30 18:49:40,477 [ERROR] LogOutputStream:75 - [STDERR_REDIRECT] 
2025-10-30 18:49:41,475 [ERROR] LogOutputStream:75 - [STDERR_REDIRECT] [Fatal Error] :1:1: Premature end of file.
2025-10-30 18:49:41,476 [ERROR] LogOutputStream:75 - [STDERR_REDIRECT] 
2025-10-30 18:49:42,476 [ERROR] LogOutputStream:75 - [STDERR_REDIRECT] [Fatal Error] :1:1: Premature end of file.
2025-10-30 18:49:42,476 [ERROR] LogOutputStream:75 - [STDERR_REDIRECT] 
2025-10-30 18:49:43,477 [ERROR] LogOutputStream:75 - [STDERR_REDIRECT] [Fatal Error] :1:1: Premature end of file.
2025-10-30 18:49:43,478 [ERROR] LogOutputStream:75 - [STDERR_REDIRECT] 
2025-10-30 18:49:44,480 [ERROR] LogOutputStream:75 - [STDERR_REDIRECT] [Fatal Error] :1:1: Premature end of file.
2025-10-30 18:49:44,483 [ERROR] LogOutputStream:75 - [STDERR_REDIRECT] 
2025-10-30 18:49:45,476 [ERROR] LogOutputStream:75 - [STDERR_REDIRECT] [Fatal Error] :1:1: Premature end of file.
2025-10-30 18:49:45,476 [ERROR] LogOutputStream:75 - [STDERR_REDIRECT] 
2025-10-30 18:49:46,479 [ERROR] LogOutputStream:75 - [STDERR_REDIRECT] [Fatal Error] :1:1: Premature end of file.
2025-10-30 18:49:46,480 [ERROR] LogOutputStream:75 - [STDERR_REDIRECT] 
2025-10-30 18:49:47,475 [ERROR] LogOutputStream:75 - [STDERR_REDIRECT] [Fatal Error] :1:1: Premature end of file.
2025-10-30 18:49:47,476 [ERROR] LogOutputStream:75 - [STDERR_REDIRECT] 
2025-10-30 18:49:48,477 [ERROR] LogOutputStream:75 - [STDERR_REDIRECT] [Fatal Error] :1:1: Premature end of file.
2025-10-30 18:49:48,477 [ERROR] LogOutputStream:75 - [STDERR_REDIRECT] 
2025-10-30 18:49:49,478 [ERROR] LogOutputStream:75 - [STDERR_REDIRECT] [Fatal Error] :1:1: Premature end of file.
2025-10-30 18:49:49,478 [ERROR] LogOutputStream:75 - [STDERR_REDIRECT] 
2025-10-30 18:49:50,476 [ERROR] LogOutputStream:75 - [STDERR_REDIRECT] [Fatal Error] :1:1: Premature end of file.
2025-10-30 18:49:50,476 [ERROR] LogOutputStream:75 - [STDERR_REDIRECT] 
2025-10-30 18:49:51,477 [ERROR] LogOutputStream:75 - [STDERR_REDIRECT] [Fatal Error] :1:1: Premature end of file.
2025-10-30 18:49:51,477 [ERROR] LogOutputStream:75 - [STDERR_REDIRECT] 
2025-10-30 18:49:52,475 [ERROR] LogOutputStream:75 - [STDERR_REDIRECT] [Fatal Error] :1:1: Premature end of file.
2025-10-30 18:49:52,475 [ERROR] LogOutputStream:75 - [STDERR_REDIRECT] 
2025-10-30 18:49:53,475 [ERROR] LogOutputStream:75 - [STDERR_REDIRECT] [Fatal Error] :1:1: Premature end of file.
2025-10-30 18:49:53,475 [ERROR] LogOutputStream:75 - [STDERR_REDIRECT] 
2025-10-30 18:49:54,475 [ERROR] LogOutputStream:75 - [STDERR_REDIRECT] [Fatal Error] :1:1: Premature end of file.
2025-10-30 18:49:54,475 [ERROR] LogOutputStream:75 - [STDERR_REDIRECT] 
2025-10-30 18:49:55,475 [ERROR] LogOutputStream:75 - [STDERR_REDIRECT] [Fatal Error] :1:1: Premature end of file.
2025-10-30 18:49:55,477 [ERROR] LogOutputStream:75 - [STDERR_REDIRECT] 
2025-10-30 18:49:56,475 [ERROR] LogOutputStream:75 - [STDERR_REDIRECT] [Fatal Error] :1:1: Premature end of file.
2025-10-30 18:49:56,477 [ERROR] LogOutputStream:75 - [STDERR_REDIRECT] 
2025-10-30 18:49:57,476 [ERROR] LogOutputStream:75 - [STDERR_REDIRECT] [Fatal Error] :1:1: Premature end of file.
2025-10-30 18:49:57,477 [ERROR] LogOutputStream:75 - [STDERR_REDIRECT] 
2025-10-30 18:49:58,477 [ERROR] LogOutputStream:75 - [STDERR_REDIRECT] [Fatal Error] :1:1: Premature end of file.
2025-10-30 18:49:58,477 [ERROR] LogOutputStream:75 - [STDERR_REDIRECT] 
2025-10-30 18:49:59,476 [ERROR] LogOutputStream:75 - [STDERR_REDIRECT] [Fatal Error] :1:1: Premature end of file.
2025-10-30 18:49:59,477 [ERROR] LogOutputStream:75 - [STDERR_REDIRECT] 
2025-10-30 18:50:00,477 [ERROR] LogOutputStream:75 - [STDERR_REDIRECT] [Fatal Error] :1:1: Premature end of file.
2025-10-30 18:50:00,477 [ERROR] LogOutputStream:75 - [STDERR_REDIRECT] 
2025-10-30 18:50:01,475 [ERROR] LogOutputStream:75 - [STDERR_REDIRECT] [Fatal Error] :1:1: Premature end of file.
2025-10-30 18:50:01,475 [ERROR] LogOutputStream:75 - [STDERR_REDIRECT] 
2025-10-30 18:50:02,475 [ERROR] LogOutputStream:75 - [STDERR_REDIRECT] [Fatal Error] :1:1: Premature end of file.
2025-10-30 18:50:02,475 [ERROR] LogOutputStream:75 - [STDERR_REDIRECT] 
2025-10-30 18:50:03,475 [ERROR] LogOutputStream:75 - [STDERR_REDIRECT] [Fatal Error] :1:1: Premature end of file.
2025-10-30 18:50:03,475 [ERROR] LogOutputStream:75 - [STDERR_REDIRECT] 
2025-10-30 18:50:04,474 [ERROR] LogOutputStream:75 - [STDERR_REDIRECT] [Fatal Error] :1:1: Premature end of file.
2025-10-30 18:50:04,474 [ERROR] LogOutputStream:75 - [STDERR_REDIRECT] 
2025-10-30 18:50:05,478 [ERROR] LogOutputStream:75 - [STDERR_REDIRECT] [Fatal Error] :1:1: Premature end of file.
2025-10-30 18:50:05,478 [ERROR] LogOutputStream:75 - [STDERR_REDIRECT] 
2025-10-30 18:50:06,477 [ERROR] LogOutputStream:75 - [STDERR_REDIRECT] [Fatal Error] :1:1: Premature end of file.
2025-10-30 18:50:06,477 [ERROR] LogOutputStream:75 - [STDERR_REDIRECT] 
2025-10-30 18:50:07,475 [ERROR] LogOutputStream:75 - [STDERR_REDIRECT] [Fatal Error] :1:1: Premature end of file.
2025-10-30 18:50:07,475 [ERROR] LogOutputStream:75 - [STDERR_REDIRECT] 
2025-10-30 18:50:08,477 [ERROR] LogOutputStream:75 - [STDERR_REDIRECT] [Fatal Error] :1:1: Premature end of file.
2025-10-30 18:50:08,477 [ERROR] LogOutputStream:75 - [STDERR_REDIRECT] 
2025-10-30 18:50:09,476 [ERROR] LogOutputStream:75 - [STDERR_REDIRECT] [Fatal Error] :1:1: Premature end of file.
2025-10-30 18:50:09,476 [ERROR] LogOutputStream:75 - [STDERR_REDIRECT] 
2025-10-30 18:50:10,475 [ERROR] LogOutputStream:75 - [STDERR_REDIRECT] [Fatal Error] :1:1: Premature end of file.
2025-10-30 18:50:10,477 [ERROR] LogOutputStream:75 - [STDERR_REDIRECT] 
2025-10-30 18:50:11,475 [ERROR] LogOutputStream:75 - [STDERR_REDIRECT] [Fatal Error] :1:1: Premature end of file.
2025-10-30 18:50:11,475 [ERROR] LogOutputStream:75 - [STDERR_REDIRECT] 
2025-10-30 18:50:12,477 [ERROR] LogOutputStream:75 - [STDERR_REDIRECT] [Fatal Error] :1:1: Premature end of file.
2025-10-30 18:50:12,478 [ERROR] LogOutputStream:75 - [STDERR_REDIRECT] 
2025-10-30 18:50:13,475 [ERROR] LogOutputStream:75 - [STDERR_REDIRECT] [Fatal Error] :1:1: Premature end of file.
2025-10-30 18:50:13,476 [ERROR] LogOutputStream:75 - [STDERR_REDIRECT] 
2025-10-30 18:50:14,477 [ERROR] LogOutputStream:75 - [STDERR_REDIRECT] [Fatal Error] :1:1: Premature end of file.
2025-10-30 18:50:14,478 [ERROR] LogOutputStream:75 - [STDERR_REDIRECT] 
2025-10-30 18:50:15,476 [ERROR] LogOutputStream:75 - [STDERR_REDIRECT] [Fatal Error] :1:1: Premature end of file.
2025-10-30 18:50:15,476 [ERROR] LogOutputStream:75 - [STDERR_REDIRECT] 
2025-10-30 18:50:16,477 [ERROR] LogOutputStream:75 - [STDERR_REDIRECT] [Fatal Error] :1:1: Premature end of file.
2025-10-30 18:50:16,477 [ERROR] LogOutputStream:75 - [STDERR_REDIRECT] 
2025-10-30 18:50:17,477 [ERROR] LogOutputStream:75 - [STDERR_REDIRECT] [Fatal Error] :1:1: Premature end of file.
2025-10-30 18:50:17,477 [ERROR] LogOutputStream:75 - [STDERR_REDIRECT] 
2025-10-30 18:50:18,476 [ERROR] LogOutputStream:75 - [STDERR_REDIRECT] [Fatal Error] :1:1: Premature end of file.
2025-10-30 18:50:18,476 [ERROR] LogOutputStream:75 - [STDERR_REDIRECT] 
2025-10-30 18:50:19,477 [ERROR] LogOutputStream:75 - [STDERR_REDIRECT] [Fatal Error] :1:1: Premature end of file.
2025-10-30 18:50:19,477 [ERROR] LogOutputStream:75 - [STDERR_REDIRECT] 
2025-10-30 18:50:20,478 [ERROR] LogOutputStream:75 - [STDERR_REDIRECT] [Fatal Error] :1:1: Premature end of file.
2025-10-30 18:50:20,478 [ERROR] LogOutputStream:75 - [STDERR_REDIRECT] 
2025-10-30 18:50:21,475 [ERROR] LogOutputStream:75 - [STDERR_REDIRECT] [Fatal Error] :1:1: Premature end of file.
2025-10-30 18:50:21,476 [ERROR] LogOutputStream:75 - [STDERR_REDIRECT] 
2025-10-30 18:50:22,476 [ERROR] LogOutputStream:75 - [STDERR_REDIRECT] [Fatal Error] :1:1: Premature end of file.
2025-10-30 18:50:22,476 [ERROR] LogOutputStream:75 - [STDERR_REDIRECT] 
2025-10-30 18:50:23,476 [ERROR] LogOutputStream:75 - [STDERR_REDIRECT] [Fatal Error] :1:1: Premature end of file.
2025-10-30 18:50:23,476 [ERROR] LogOutputStream:75 - [STDERR_REDIRECT] 
2025-10-30 18:50:24,476 [ERROR] LogOutputStream:75 - [STDERR_REDIRECT] [Fatal Error] :1:1: Premature end of file.
2025-10-30 18:50:24,476 [ERROR] LogOutputStream:75 - [STDERR_REDIRECT] 
2025-10-30 18:50:25,477 [ERROR] LogOutputStream:75 - [STDERR_REDIRECT] [Fatal Error] :1:1: Premature end of file.
2025-10-30 18:50:25,479 [ERROR] LogOutputStream:75 - [STDERR_REDIRECT] 
2025-10-30 18:50:26,476 [ERROR] LogOutputStream:75 - [STDERR_REDIRECT] [Fatal Error] :1:1: Premature end of file.
2025-10-30 18:50:26,476 [ERROR] LogOutputStream:75 - [STDERR_REDIRECT] 
2025-10-30 18:50:27,476 [ERROR] LogOutputStream:75 - [STDERR_REDIRECT] [Fatal Error] :1:1: Premature end of file.
2025-10-30 18:50:27,476 [ERROR] LogOutputStream:75 - [STDERR_REDIRECT] 
2025-10-30 18:50:28,476 [ERROR] LogOutputStream:75 - [STDERR_REDIRECT] [Fatal Error] :1:1: Premature end of file.
2025-10-30 18:50:28,476 [ERROR] LogOutputStream:75 - [STDERR_REDIRECT] 
2025-10-30 18:50:29,478 [ERROR] LogOutputStream:75 - [STDERR_REDIRECT] [Fatal Error] :1:1: Premature end of file.
2025-10-30 18:50:29,479 [ERROR] LogOutputStream:75 - [STDERR_REDIRECT] 
2025-10-30 18:50:30,477 [ERROR] LogOutputStream:75 - [STDERR_REDIRECT] [Fatal Error] :1:1: Premature end of file.
2025-10-30 18:50:30,478 [ERROR] LogOutputStream:75 - [STDERR_REDIRECT] 
2025-10-30 18:50:31,476 [ERROR] LogOutputStream:75 - [STDERR_REDIRECT] [Fatal Error] :1:1: Premature end of file.
2025-10-30 18:50:31,476 [ERROR] LogOutputStream:75 - [STDERR_REDIRECT] 
2025-10-30 18:50:32,479 [ERROR] LogOutputStream:75 - [STDERR_REDIRECT] [Fatal Error] :1:1: Premature end of file.
2025-10-30 18:50:32,480 [ERROR] LogOutputStream:75 - [STDERR_REDIRECT] 
2025-10-30 18:50:33,475 [ERROR] LogOutputStream:75 - [STDERR_REDIRECT] [Fatal Error] :1:1: Premature end of file.
2025-10-30 18:50:33,475 [ERROR] LogOutputStream:75 - [STDERR_REDIRECT] 
2025-10-30 18:50:34,478 [ERROR] LogOutputStream:75 - [STDERR_REDIRECT] [Fatal Error] :1:1: Premature end of file.
2025-10-30 18:50:34,478 [ERROR] LogOutputStream:75 - [STDERR_REDIRECT] 
2025-10-30 18:50:35,477 [ERROR] LogOutputStream:75 - [STDERR_REDIRECT] [Fatal Error] :1:1: Premature end of file.
2025-10-30 18:50:35,478 [ERROR] LogOutputStream:75 - [STDERR_REDIRECT] 
2025-10-30 18:50:36,473 [ERROR] LogOutputStream:75 - [STDERR_REDIRECT] [Fatal Error] :1:1: Premature end of file.
2025-10-30 18:50:36,473 [ERROR] LogOutputStream:75 - [STDERR_REDIRECT] 
2025-10-30 18:50:37,474 [ERROR] LogOutputStream:75 - [STDERR_REDIRECT] [Fatal Error] :1:1: Premature end of file.
2025-10-30 18:50:37,474 [ERROR] LogOutputStream:75 - [STDERR_REDIRECT] 
2025-10-30 18:50:38,476 [ERROR] LogOutputStream:75 - [STDERR_REDIRECT] [Fatal Error] :1:1: Premature end of file.
2025-10-30 18:50:38,476 [ERROR] LogOutputStream:75 - [STDERR_REDIRECT] 
2025-10-30 18:50:39,474 [ERROR] LogOutputStream:75 - [STDERR_REDIRECT] [Fatal Error] :1:1: Premature end of file.
2025-10-30 18:50:39,475 [ERROR] LogOutputStream:75 - [STDERR_REDIRECT] 
2025-10-30 18:50:40,475 [ERROR] LogOutputStream:75 - [STDERR_REDIRECT] [Fatal Error] :1:1: Premature end of file.
2025-10-30 18:50:40,475 [ERROR] LogOutputStream:75 - [STDERR_REDIRECT] 
2025-10-30 18:50:41,480 [ERROR] LogOutputStream:75 - [STDERR_REDIRECT] [Fatal Error] :1:1: Premature end of file.
2025-10-30 18:50:41,480 [ERROR] LogOutputStream:75 - [STDERR_REDIRECT] 
2025-10-30 18:50:42,475 [ERROR] LogOutputStream:75 - [STDERR_REDIRECT] [Fatal Error] :1:1: Premature end of file.
2025-10-30 18:50:42,476 [ERROR] LogOutputStream:75 - [STDERR_REDIRECT] 
2025-10-30 18:50:43,478 [ERROR] LogOutputStream:75 - [STDERR_REDIRECT] [Fatal Error] :1:1: Premature end of file.
2025-10-30 18:50:43,478 [ERROR] LogOutputStream:75 - [STDERR_REDIRECT] 
2025-10-30 18:50:44,475 [ERROR] LogOutputStream:75 - [STDERR_REDIRECT] [Fatal Error] :1:1: Premature end of file.
2025-10-30 18:50:44,476 [ERROR] LogOutputStream:75 - [STDERR_REDIRECT] 
2025-10-30 18:50:45,479 [ERROR] LogOutputStream:75 - [STDERR_REDIRECT] [Fatal Error] :1:1: Premature end of file.
2025-10-30 18:50:45,479 [ERROR] LogOutputStream:75 - [STDERR_REDIRECT] 
2025-10-30 18:50:46,479 [ERROR] LogOutputStream:75 - [STDERR_REDIRECT] [Fatal Error] :1:1: Premature end of file.
2025-10-30 18:50:46,479 [ERROR] LogOutputStream:75 - [STDERR_REDIRECT] 
2025-10-30 18:50:47,477 [ERROR] LogOutputStream:75 - [STDERR_REDIRECT] [Fatal Error] :1:1: Premature end of file.
2025-10-30 18:50:47,477 [ERROR] LogOutputStream:75 - [STDERR_REDIRECT] 
2025-10-30 18:50:48,477 [ERROR] LogOutputStream:75 - [STDERR_REDIRECT] [Fatal Error] :1:1: Premature end of file.
2025-10-30 18:50:48,477 [ERROR] LogOutputStream:75 - [STDERR_REDIRECT] 
2025-10-30 18:50:49,479 [ERROR] LogOutputStream:75 - [STDERR_REDIRECT] [Fatal Error] :1:1: Premature end of file.
2025-10-30 18:50:49,479 [ERROR] LogOutputStream:75 - [STDERR_REDIRECT] 
2025-10-30 18:50:50,476 [ERROR] LogOutputStream:75 - [STDERR_REDIRECT] [Fatal Error] :1:1: Premature end of file.
2025-10-30 18:50:50,476 [ERROR] LogOutputStream:75 - [STDERR_REDIRECT] 
2025-10-30 18:50:51,477 [ERROR] LogOutputStream:75 - [STDERR_REDIRECT] [Fatal Error] :1:1: Premature end of file.
2025-10-30 18:50:51,477 [ERROR] LogOutputStream:75 - [STDERR_REDIRECT] 
2025-10-30 18:50:52,476 [ERROR] LogOutputStream:75 - [STDERR_REDIRECT] [Fatal Error] :1:1: Premature end of file.
2025-10-30 18:50:52,476 [ERROR] LogOutputStream:75 - [STDERR_REDIRECT] 
2025-10-30 18:50:53,475 [ERROR] LogOutputStream:75 - [STDERR_REDIRECT] [Fatal Error] :1:1: Premature end of file.
2025-10-30 18:50:53,475 [ERROR] LogOutputStream:75 - [STDERR_REDIRECT] 
2025-10-30 18:50:54,475 [ERROR] LogOutputStream:75 - [STDERR_REDIRECT] [Fatal Error] :1:1: Premature end of file.
2025-10-30 18:50:54,476 [ERROR] LogOutputStream:75 - [STDERR_REDIRECT] 
2025-10-30 18:50:55,475 [ERROR] LogOutputStream:75 - [STDERR_REDIRECT] [Fatal Error] :1:1: Premature end of file.
2025-10-30 18:50:55,475 [ERROR] LogOutputStream:75 - [STDERR_REDIRECT] 
2025-10-30 18:50:56,477 [ERROR] LogOutputStream:75 - [STDERR_REDIRECT] [Fatal Error] :1:1: Premature end of file.
2025-10-30 18:50:56,477 [ERROR] LogOutputStream:75 - [STDERR_REDIRECT] 
2025-10-30 18:50:57,477 [ERROR] LogOutputStream:75 - [STDERR_REDIRECT] [Fatal Error] :1:1: Premature end of file.
2025-10-30 18:50:57,477 [ERROR] LogOutputStream:75 - [STDERR_REDIRECT] 
2025-10-30 18:50:58,478 [ERROR] LogOutputStream:75 - [STDERR_REDIRECT] [Fatal Error] :1:1: Premature end of file.
2025-10-30 18:50:58,478 [ERROR] LogOutputStream:75 - [STDERR_REDIRECT] 
2025-10-30 18:50:59,481 [ERROR] LogOutputStream:75 - [STDERR_REDIRECT] [Fatal Error] :1:1: Premature end of file.
2025-10-30 18:50:59,481 [ERROR] LogOutputStream:75 - [STDERR_REDIRECT] 
2025-10-30 18:51:00,476 [ERROR] LogOutputStream:75 - [STDERR_REDIRECT] [Fatal Error] :1:1: Premature end of file.
2025-10-30 18:51:00,476 [ERROR] LogOutputStream:75 - [STDERR_REDIRECT] 
2025-10-30 18:51:01,476 [ERROR] LogOutputStream:75 - [STDERR_REDIRECT] [Fatal Error] :1:1: Premature end of file.
2025-10-30 18:51:01,476 [ERROR] LogOutputStream:75 - [STDERR_REDIRECT] 
2025-10-30 18:51:02,476 [ERROR] LogOutputStream:75 - [STDERR_REDIRECT] [Fatal Error] :1:1: Premature end of file.
2025-10-30 18:51:02,477 [ERROR] LogOutputStream:75 - [STDERR_REDIRECT] 
2025-10-30 18:51:03,497 [ERROR] LogOutputStream:75 - [STDERR_REDIRECT] [Fatal Error] :1:1: Premature end of file.
2025-10-30 18:51:03,497 [ERROR] LogOutputStream:75 - [STDERR_REDIRECT] 
2025-10-30 18:51:04,482 [ERROR] LogOutputStream:75 - [STDERR_REDIRECT] [Fatal Error] :1:1: Premature end of file.
2025-10-30 18:51:04,482 [ERROR] LogOutputStream:75 - [STDERR_REDIRECT] 
2025-10-30 18:51:05,475 [ERROR] LogOutputStream:75 - [STDERR_REDIRECT] [Fatal Error] :1:1: Premature end of file.
2025-10-30 18:51:05,475 [ERROR] LogOutputStream:75 - [STDERR_REDIRECT] 
2025-10-30 18:51:06,476 [ERROR] LogOutputStream:75 - [STDERR_REDIRECT] [Fatal Error] :1:1: Premature end of file.
2025-10-30 18:51:06,476 [ERROR] LogOutputStream:75 - [STDERR_REDIRECT] 
2025-10-30 18:51:07,475 [ERROR] LogOutputStream:75 - [STDERR_REDIRECT] [Fatal Error] :1:1: Premature end of file.
2025-10-30 18:51:07,475 [ERROR] LogOutputStream:75 - [STDERR_REDIRECT] 
2025-10-30 18:51:08,477 [ERROR] LogOutputStream:75 - [STDERR_REDIRECT] [Fatal Error] :1:1: Premature end of file.
2025-10-30 18:51:08,477 [ERROR] LogOutputStream:75 - [STDERR_REDIRECT] 
2025-10-30 18:51:09,476 [ERROR] LogOutputStream:75 - [STDERR_REDIRECT] [Fatal Error] :1:1: Premature end of file.
2025-10-30 18:51:09,476 [ERROR] LogOutputStream:75 - [STDERR_REDIRECT] 
2025-10-30 18:51:10,476 [ERROR] LogOutputStream:75 - [STDERR_REDIRECT] [Fatal Error] :1:1: Premature end of file.
2025-10-30 18:51:10,476 [ERROR] LogOutputStream:75 - [STDERR_REDIRECT] 
2025-10-30 18:51:11,476 [ERROR] LogOutputStream:75 - [STDERR_REDIRECT] [Fatal Error] :1:1: Premature end of file.
2025-10-30 18:51:11,476 [ERROR] LogOutputStream:75 - [STDERR_REDIRECT] 
2025-10-30 18:51:12,475 [ERROR] LogOutputStream:75 - [STDERR_REDIRECT] [Fatal Error] :1:1: Premature end of file.
2025-10-30 18:51:12,475 [ERROR] LogOutputStream:75 - [STDERR_REDIRECT] 
2025-10-30 18:51:13,477 [ERROR] LogOutputStream:75 - [STDERR_REDIRECT] [Fatal Error] :1:1: Premature end of file.
2025-10-30 18:51:13,477 [ERROR] LogOutputStream:75 - [STDERR_REDIRECT] 
2025-10-30 18:51:14,478 [ERROR] LogOutputStream:75 - [STDERR_REDIRECT] [Fatal Error] :1:1: Premature end of file.
2025-10-30 18:51:14,478 [ERROR] LogOutputStream:75 - [STDERR_REDIRECT] 
2025-10-30 18:51:15,477 [ERROR] LogOutputStream:75 - [STDERR_REDIRECT] [Fatal Error] :1:1: Premature end of file.
2025-10-30 18:51:15,477 [ERROR] LogOutputStream:75 - [STDERR_REDIRECT] 
2025-10-30 18:51:16,477 [ERROR] LogOutputStream:75 - [STDERR_REDIRECT] [Fatal Error] :1:1: Premature end of file.
2025-10-30 18:51:16,477 [ERROR] LogOutputStream:75 - [STDERR_REDIRECT] 
2025-10-30 18:51:17,476 [ERROR] LogOutputStream:75 - [STDERR_REDIRECT] [Fatal Error] :1:1: Premature end of file.
2025-10-30 18:51:17,476 [ERROR] LogOutputStream:75 - [STDERR_REDIRECT] 
2025-10-30 18:51:18,476 [ERROR] LogOutputStream:75 - [STDERR_REDIRECT] [Fatal Error] :1:1: Premature end of file.
2025-10-30 18:51:18,476 [ERROR] LogOutputStream:75 - [STDERR_REDIRECT] 
2025-10-30 18:51:19,483 [ERROR] LogOutputStream:75 - [STDERR_REDIRECT] [Fatal Error] :1:1: Premature end of file.
2025-10-30 18:51:19,483 [ERROR] LogOutputStream:75 - [STDERR_REDIRECT] 
2025-10-30 18:51:20,477 [ERROR] LogOutputStream:75 - [STDERR_REDIRECT] [Fatal Error] :1:1: Premature end of file.
2025-10-30 18:51:20,477 [ERROR] LogOutputStream:75 - [STDERR_REDIRECT] 
2025-10-30 18:51:21,478 [ERROR] LogOutputStream:75 - [STDERR_REDIRECT] [Fatal Error] :1:1: Premature end of file.
2025-10-30 18:51:21,478 [ERROR] LogOutputStream:75 - [STDERR_REDIRECT] 
2025-10-30 18:51:22,480 [ERROR] LogOutputStream:75 - [STDERR_REDIRECT] [Fatal Error] :1:1: Premature end of file.
2025-10-30 18:51:22,480 [ERROR] LogOutputStream:75 - [STDERR_REDIRECT] 
2025-10-30 18:51:23,476 [ERROR] LogOutputStream:75 - [STDERR_REDIRECT] [Fatal Error] :1:1: Premature end of file.
2025-10-30 18:51:23,477 [ERROR] LogOutputStream:75 - [STDERR_REDIRECT] 
2025-10-30 18:51:24,477 [ERROR] LogOutputStream:75 - [STDERR_REDIRECT] [Fatal Error] :1:1: Premature end of file.
2025-10-30 18:51:24,477 [ERROR] LogOutputStream:75 - [STDERR_REDIRECT] 
2025-10-30 18:51:25,479 [ERROR] LogOutputStream:75 - [STDERR_REDIRECT] [Fatal Error] :1:1: Premature end of file.
2025-10-30 18:51:25,480 [ERROR] LogOutputStream:75 - [STDERR_REDIRECT] 
2025-10-30 18:51:26,485 [ERROR] LogOutputStream:75 - [STDERR_REDIRECT] [Fatal Error] :1:1: Premature end of file.
2025-10-30 18:51:26,485 [ERROR] LogOutputStream:75 - [STDERR_REDIRECT] 
2025-10-30 18:51:27,476 [ERROR] LogOutputStream:75 - [STDERR_REDIRECT] [Fatal Error] :1:1: Premature end of file.
2025-10-30 18:51:27,476 [ERROR] LogOutputStream:75 - [STDERR_REDIRECT] 
2025-10-30 18:51:28,475 [ERROR] LogOutputStream:75 - [STDERR_REDIRECT] [Fatal Error] :1:1: Premature end of file.
2025-10-30 18:51:28,475 [ERROR] LogOutputStream:75 - [STDERR_REDIRECT] 
2025-10-30 18:51:29,477 [ERROR] LogOutputStream:75 - [STDERR_REDIRECT] [Fatal Error] :1:1: Premature end of file.
2025-10-30 18:51:29,477 [ERROR] LogOutputStream:75 - [STDERR_REDIRECT] 
2025-10-30 18:51:30,476 [ERROR] LogOutputStream:75 - [STDERR_REDIRECT] [Fatal Error] :1:1: Premature end of file.
2025-10-30 18:51:30,478 [ERROR] LogOutputStream:75 - [STDERR_REDIRECT] 
2025-10-30 18:51:31,476 [ERROR] LogOutputStream:75 - [STDERR_REDIRECT] [Fatal Error] :1:1: Premature end of file.
2025-10-30 18:51:31,477 [ERROR] LogOutputStream:75 - [STDERR_REDIRECT] 
2025-10-30 18:51:32,477 [ERROR] LogOutputStream:75 - [STDERR_REDIRECT] [Fatal Error] :1:1: Premature end of file.
2025-10-30 18:51:32,477 [ERROR] LogOutputStream:75 - [STDERR_REDIRECT] 
2025-10-30 18:51:33,475 [ERROR] LogOutputStream:75 - [STDERR_REDIRECT] [Fatal Error] :1:1: Premature end of file.
2025-10-30 18:51:33,476 [ERROR] LogOutputStream:75 - [STDERR_REDIRECT] 
2025-10-30 18:51:34,480 [ERROR] LogOutputStream:75 - [STDERR_REDIRECT] [Fatal Error] :1:1: Premature end of file.
2025-10-30 18:51:34,480 [ERROR] LogOutputStream:75 - [STDERR_REDIRECT] 
2025-10-30 18:51:35,476 [ERROR] LogOutputStream:75 - [STDERR_REDIRECT] [Fatal Error] :1:1: Premature end of file.
2025-10-30 18:51:35,477 [ERROR] LogOutputStream:75 - [STDERR_REDIRECT] 
2025-10-30 18:51:36,479 [ERROR] LogOutputStream:75 - [STDERR_REDIRECT] [Fatal Error] :1:1: Premature end of file.
2025-10-30 18:51:36,479 [ERROR] LogOutputStream:75 - [STDERR_REDIRECT] 
2025-10-30 18:51:37,479 [ERROR] LogOutputStream:75 - [STDERR_REDIRECT] [Fatal Error] :1:1: Premature end of file.
2025-10-30 18:51:37,479 [ERROR] LogOutputStream:75 - [STDERR_REDIRECT] 
2025-10-30 18:51:38,480 [ERROR] LogOutputStream:75 - [STDERR_REDIRECT] [Fatal Error] :1:1: Premature end of file.
2025-10-30 18:51:38,480 [ERROR] LogOutputStream:75 - [STDERR_REDIRECT] 
2025-10-30 18:51:39,481 [ERROR] LogOutputStream:75 - [STDERR_REDIRECT] [Fatal Error] :1:1: Premature end of file.
2025-10-30 18:51:39,481 [ERROR] LogOutputStream:75 - [STDERR_REDIRECT] 
2025-10-30 18:51:40,479 [ERROR] LogOutputStream:75 - [STDERR_REDIRECT] [Fatal Error] :1:1: Premature end of file.
2025-10-30 18:51:40,479 [ERROR] LogOutputStream:75 - [STDERR_REDIRECT] 
2025-10-30 18:51:41,476 [ERROR] LogOutputStream:75 - [STDERR_REDIRECT] [Fatal Error] :1:1: Premature end of file.
2025-10-30 18:51:41,476 [ERROR] LogOutputStream:75 - [STDERR_REDIRECT] 
2025-10-30 18:51:42,474 [ERROR] LogOutputStream:75 - [STDERR_REDIRECT] [Fatal Error] :1:1: Premature end of file.
2025-10-30 18:51:42,475 [ERROR] LogOutputStream:75 - [STDERR_REDIRECT] 
2025-10-30 18:51:43,477 [ERROR] LogOutputStream:75 - [STDERR_REDIRECT] [Fatal Error] :1:1: Premature end of file.
2025-10-30 18:51:43,477 [ERROR] LogOutputStream:75 - [STDERR_REDIRECT] 
2025-10-30 18:51:44,476 [ERROR] LogOutputStream:75 - [STDERR_REDIRECT] [Fatal Error] :1:1: Premature end of file.
2025-10-30 18:51:44,476 [ERROR] LogOutputStream:75 - [STDERR_REDIRECT] 
2025-10-30 18:51:45,476 [ERROR] LogOutputStream:75 - [STDERR_REDIRECT] [Fatal Error] :1:1: Premature end of file.
2025-10-30 18:51:45,477 [ERROR] LogOutputStream:75 - [STDERR_REDIRECT] 
2025-10-30 18:51:46,477 [ERROR] LogOutputStream:75 - [STDERR_REDIRECT] [Fatal Error] :1:1: Premature end of file.
2025-10-30 18:51:46,477 [ERROR] LogOutputStream:75 - [STDERR_REDIRECT] 
2025-10-30 18:51:47,477 [ERROR] LogOutputStream:75 - [STDERR_REDIRECT] [Fatal Error] :1:1: Premature end of file.
2025-10-30 18:51:47,477 [ERROR] LogOutputStream:75 - [STDERR_REDIRECT] 
2025-10-30 18:51:48,477 [ERROR] LogOutputStream:75 - [STDERR_REDIRECT] [Fatal Error] :1:1: Premature end of file.
2025-10-30 18:51:48,477 [ERROR] LogOutputStream:75 - [STDERR_REDIRECT] 
2025-10-30 18:51:49,476 [ERROR] LogOutputStream:75 - [STDERR_REDIRECT] [Fatal Error] :1:1: Premature end of file.
2025-10-30 18:51:49,477 [ERROR] LogOutputStream:75 - [STDERR_REDIRECT] 
2025-10-30 18:51:50,478 [ERROR] LogOutputStream:75 - [STDERR_REDIRECT] [Fatal Error] :1:1: Premature end of file.
2025-10-30 18:51:50,478 [ERROR] LogOutputStream:75 - [STDERR_REDIRECT] 
2025-10-30 18:51:51,475 [ERROR] LogOutputStream:75 - [STDERR_REDIRECT] [Fatal Error] :1:1: Premature end of file.
2025-10-30 18:51:51,475 [ERROR] LogOutputStream:75 - [STDERR_REDIRECT] 
2025-10-30 18:51:52,473 [ERROR] LogOutputStream:75 - [STDERR_REDIRECT] [Fatal Error] :1:1: Premature end of file.
2025-10-30 18:51:52,473 [ERROR] LogOutputStream:75 - [STDERR_REDIRECT] 
2025-10-30 18:51:53,475 [ERROR] LogOutputStream:75 - [STDERR_REDIRECT] [Fatal Error] :1:1: Premature end of file.
2025-10-30 18:51:53,475 [ERROR] LogOutputStream:75 - [STDERR_REDIRECT] 
2025-10-30 18:51:54,475 [ERROR] LogOutputStream:75 - [STDERR_REDIRECT] [Fatal Error] :1:1: Premature end of file.
2025-10-30 18:51:54,475 [ERROR] LogOutputStream:75 - [STDERR_REDIRECT] 
2025-10-30 18:51:55,479 [ERROR] LogOutputStream:75 - [STDERR_REDIRECT] [Fatal Error] :1:1: Premature end of file.
2025-10-30 18:51:55,479 [ERROR] LogOutputStream:75 - [STDERR_REDIRECT] 
2025-10-30 18:51:56,475 [ERROR] LogOutputStream:75 - [STDERR_REDIRECT] [Fatal Error] :1:1: Premature end of file.
2025-10-30 18:51:56,475 [ERROR] LogOutputStream:75 - [STDERR_REDIRECT] 
2025-10-30 18:51:57,475 [ERROR] LogOutputStream:75 - [STDERR_REDIRECT] [Fatal Error] :1:1: Premature end of file.
2025-10-30 18:51:57,475 [ERROR] LogOutputStream:75 - [STDERR_REDIRECT] 
2025-10-30 18:51:58,480 [ERROR] LogOutputStream:75 - [STDERR_REDIRECT] [Fatal Error] :1:1: Premature end of file.
2025-10-30 18:51:58,481 [ERROR] LogOutputStream:75 - [STDERR_REDIRECT] 
2025-10-30 18:51:59,477 [ERROR] LogOutputStream:75 - [STDERR_REDIRECT] [Fatal Error] :1:1: Premature end of file.
2025-10-30 18:51:59,477 [ERROR] LogOutputStream:75 - [STDERR_REDIRECT] 
2025-10-30 18:52:00,475 [ERROR] LogOutputStream:75 - [STDERR_REDIRECT] [Fatal Error] :1:1: Premature end of file.
2025-10-30 18:52:00,476 [ERROR] LogOutputStream:75 - [STDERR_REDIRECT] 
2025-10-30 18:52:01,482 [ERROR] LogOutputStream:75 - [STDERR_REDIRECT] [Fatal Error] :1:1: Premature end of file.
2025-10-30 18:52:01,483 [ERROR] LogOutputStream:75 - [STDERR_REDIRECT] 
2025-10-30 18:52:02,476 [ERROR] LogOutputStream:75 - [STDERR_REDIRECT] [Fatal Error] :1:1: Premature end of file.
2025-10-30 18:52:02,476 [ERROR] LogOutputStream:75 - [STDERR_REDIRECT] 
2025-10-30 18:52:03,475 [ERROR] LogOutputStream:75 - [STDERR_REDIRECT] [Fatal Error] :1:1: Premature end of file.
2025-10-30 18:52:03,475 [ERROR] LogOutputStream:75 - [STDERR_REDIRECT] 
2025-10-30 18:52:04,499 [ERROR] LogOutputStream:75 - [STDERR_REDIRECT] [Fatal Error] :1:1: Premature end of file.
2025-10-30 18:52:04,499 [ERROR] LogOutputStream:75 - [STDERR_REDIRECT] 
2025-10-30 18:52:05,475 [ERROR] LogOutputStream:75 - [STDERR_REDIRECT] [Fatal Error] :1:1: Premature end of file.
2025-10-30 18:52:05,475 [ERROR] LogOutputStream:75 - [STDERR_REDIRECT] 
2025-10-30 18:52:06,491 [ERROR] LogOutputStream:75 - [STDERR_REDIRECT] [Fatal Error] :1:1: Premature end of file.
2025-10-30 18:52:06,492 [ERROR] LogOutputStream:75 - [STDERR_REDIRECT] 
2025-10-30 18:52:07,478 [ERROR] LogOutputStream:75 - [STDERR_REDIRECT] [Fatal Error] :1:1: Premature end of file.
2025-10-30 18:52:07,479 [ERROR] LogOutputStream:75 - [STDERR_REDIRECT] 
2025-10-30 18:52:08,477 [ERROR] LogOutputStream:75 - [STDERR_REDIRECT] [Fatal Error] :1:1: Premature end of file.
2025-10-30 18:52:08,477 [ERROR] LogOutputStream:75 - [STDERR_REDIRECT] 
2025-10-30 18:52:09,488 [ERROR] LogOutputStream:75 - [STDERR_REDIRECT] [Fatal Error] :1:1: Premature end of file.
2025-10-30 18:52:09,488 [ERROR] LogOutputStream:75 - [STDERR_REDIRECT] 
2025-10-30 18:52:10,474 [ERROR] LogOutputStream:75 - [STDERR_REDIRECT] [Fatal Error] :1:1: Premature end of file.
2025-10-30 18:52:10,474 [ERROR] LogOutputStream:75 - [STDERR_REDIRECT] 
2025-10-30 18:52:11,474 [ERROR] LogOutputStream:75 - [STDERR_REDIRECT] [Fatal Error] :1:1: Premature end of file.
2025-10-30 18:52:11,475 [ERROR] LogOutputStream:75 - [STDERR_REDIRECT] 
2025-10-30 18:52:12,476 [ERROR] LogOutputStream:75 - [STDERR_REDIRECT] [Fatal Error] :1:1: Premature end of file.
2025-10-30 18:52:12,477 [ERROR] LogOutputStream:75 - [STDERR_REDIRECT] 
2025-10-30 18:52:13,475 [ERROR] LogOutputStream:75 - [STDERR_REDIRECT] [Fatal Error] :1:1: Premature end of file.
2025-10-30 18:52:13,475 [ERROR] LogOutputStream:75 - [STDERR_REDIRECT] 
2025-10-30 18:52:14,476 [ERROR] LogOutputStream:75 - [STDERR_REDIRECT] [Fatal Error] :1:1: Premature end of file.
2025-10-30 18:52:14,476 [ERROR] LogOutputStream:75 - [STDERR_REDIRECT] 
2025-10-30 18:52:15,477 [ERROR] LogOutputStream:75 - [STDERR_REDIRECT] [Fatal Error] :1:1: Premature end of file.
2025-10-30 18:52:15,477 [ERROR] LogOutputStream:75 - [STDERR_REDIRECT] 
2025-10-30 18:52:16,481 [ERROR] LogOutputStream:75 - [STDERR_REDIRECT] [Fatal Error] :1:1: Premature end of file.
2025-10-30 18:52:16,481 [ERROR] LogOutputStream:75 - [STDERR_REDIRECT] 
2025-10-30 18:52:17,477 [ERROR] LogOutputStream:75 - [STDERR_REDIRECT] [Fatal Error] :1:1: Premature end of file.
2025-10-30 18:52:17,478 [ERROR] LogOutputStream:75 - [STDERR_REDIRECT] 
2025-10-30 18:52:18,478 [ERROR] LogOutputStream:75 - [STDERR_REDIRECT] [Fatal Error] :1:1: Premature end of file.
2025-10-30 18:52:18,478 [ERROR] LogOutputStream:75 - [STDERR_REDIRECT] 
2025-10-30 18:52:19,487 [ERROR] LogOutputStream:75 - [STDERR_REDIRECT] [Fatal Error] :1:1: Premature end of file.
2025-10-30 18:52:19,487 [ERROR] LogOutputStream:75 - [STDERR_REDIRECT] 
2025-10-30 18:52:20,480 [ERROR] LogOutputStream:75 - [STDERR_REDIRECT] [Fatal Error] :1:1: Premature end of file.
2025-10-30 18:52:20,480 [ERROR] LogOutputStream:75 - [STDERR_REDIRECT] 
2025-10-30 18:52:21,474 [ERROR] LogOutputStream:75 - [STDERR_REDIRECT] [Fatal Error] :1:1: Premature end of file.
2025-10-30 18:52:21,474 [ERROR] LogOutputStream:75 - [STDERR_REDIRECT] 
2025-10-30 18:52:22,475 [ERROR] LogOutputStream:75 - [STDERR_REDIRECT] [Fatal Error] :1:1: Premature end of file.
2025-10-30 18:52:22,475 [ERROR] LogOutputStream:75 - [STDERR_REDIRECT] 
2025-10-30 18:52:23,477 [ERROR] LogOutputStream:75 - [STDERR_REDIRECT] [Fatal Error] :1:1: Premature end of file.
2025-10-30 18:52:23,477 [ERROR] LogOutputStream:75 - [STDERR_REDIRECT] 
2025-10-30 18:52:24,475 [ERROR] LogOutputStream:75 - [STDERR_REDIRECT] [Fatal Error] :1:1: Premature end of file.
2025-10-30 18:52:24,476 [ERROR] LogOutputStream:75 - [STDERR_REDIRECT] 
2025-10-30 18:52:25,477 [ERROR] LogOutputStream:75 - [STDERR_REDIRECT] [Fatal Error] :1:1: Premature end of file.
2025-10-30 18:52:25,478 [ERROR] LogOutputStream:75 - [STDERR_REDIRECT] 
2025-10-30 18:52:26,473 [ERROR] LogOutputStream:75 - [STDERR_REDIRECT] [Fatal Error] :1:1: Premature end of file.
2025-10-30 18:52:26,473 [ERROR] LogOutputStream:75 - [STDERR_REDIRECT] 
2025-10-30 18:52:27,474 [ERROR] LogOutputStream:75 - [STDERR_REDIRECT] [Fatal Error] :1:1: Premature end of file.
2025-10-30 18:52:27,474 [ERROR] LogOutputStream:75 - [STDERR_REDIRECT] 
2025-10-30 18:52:28,474 [ERROR] LogOutputStream:75 - [STDERR_REDIRECT] [Fatal Error] :1:1: Premature end of file.
2025-10-30 18:52:28,474 [ERROR] LogOutputStream:75 - [STDERR_REDIRECT] 
2025-10-30 18:52:29,484 [ERROR] LogOutputStream:75 - [STDERR_REDIRECT] [Fatal Error] :1:1: Premature end of file.
2025-10-30 18:52:29,484 [ERROR] LogOutputStream:75 - [STDERR_REDIRECT] 
2025-10-30 18:52:30,477 [ERROR] LogOutputStream:75 - [STDERR_REDIRECT] [Fatal Error] :1:1: Premature end of file.
2025-10-30 18:52:30,477 [ERROR] LogOutputStream:75 - [STDERR_REDIRECT] 
2025-10-30 18:52:31,476 [ERROR] LogOutputStream:75 - [STDERR_REDIRECT] [Fatal Error] :1:1: Premature end of file.
2025-10-30 18:52:31,476 [ERROR] LogOutputStream:75 - [STDERR_REDIRECT] 
2025-10-30 18:52:32,477 [ERROR] LogOutputStream:75 - [STDERR_REDIRECT] [Fatal Error] :1:1: Premature end of file.
2025-10-30 18:52:32,477 [ERROR] LogOutputStream:75 - [STDERR_REDIRECT] 
2025-10-30 18:52:33,479 [ERROR] LogOutputStream:75 - [STDERR_REDIRECT] [Fatal Error] :1:1: Premature end of file.
2025-10-30 18:52:33,480 [ERROR] LogOutputStream:75 - [STDERR_REDIRECT] 
2025-10-30 18:52:34,474 [ERROR] LogOutputStream:75 - [STDERR_REDIRECT] [Fatal Error] :1:1: Premature end of file.
2025-10-30 18:52:34,474 [ERROR] LogOutputStream:75 - [STDERR_REDIRECT] 
2025-10-30 18:52:35,478 [ERROR] LogOutputStream:75 - [STDERR_REDIRECT] [Fatal Error] :1:1: Premature end of file.
2025-10-30 18:52:35,478 [ERROR] LogOutputStream:75 - [STDERR_REDIRECT] 
2025-10-30 18:52:36,478 [ERROR] LogOutputStream:75 - [STDERR_REDIRECT] [Fatal Error] :1:1: Premature end of file.
2025-10-30 18:52:36,478 [ERROR] LogOutputStream:75 - [STDERR_REDIRECT] 
2025-10-30 18:52:37,478 [ERROR] LogOutputStream:75 - [STDERR_REDIRECT] [Fatal Error] :1:1: Premature end of file.
2025-10-30 18:52:37,478 [ERROR] LogOutputStream:75 - [STDERR_REDIRECT] 
2025-10-30 18:52:38,478 [ERROR] LogOutputStream:75 - [STDERR_REDIRECT] [Fatal Error] :1:1: Premature end of file.
2025-10-30 18:52:38,479 [ERROR] LogOutputStream:75 - [STDERR_REDIRECT] 
2025-10-30 18:52:39,478 [ERROR] LogOutputStream:75 - [STDERR_REDIRECT] [Fatal Error] :1:1: Premature end of file.
2025-10-30 18:52:39,479 [ERROR] LogOutputStream:75 - [STDERR_REDIRECT] 
2025-10-30 18:52:40,477 [ERROR] LogOutputStream:75 - [STDERR_REDIRECT] [Fatal Error] :1:1: Premature end of file.
2025-10-30 18:52:40,477 [ERROR] LogOutputStream:75 - [STDERR_REDIRECT] 
2025-10-30 18:52:41,477 [ERROR] LogOutputStream:75 - [STDERR_REDIRECT] [Fatal Error] :1:1: Premature end of file.
2025-10-30 18:52:41,477 [ERROR] LogOutputStream:75 - [STDERR_REDIRECT] 
2025-10-30 18:52:42,478 [ERROR] LogOutputStream:75 - [STDERR_REDIRECT] [Fatal Error] :1:1: Premature end of file.
2025-10-30 18:52:42,478 [ERROR] LogOutputStream:75 - [STDERR_REDIRECT] 
2025-10-30 18:52:43,476 [ERROR] LogOutputStream:75 - [STDERR_REDIRECT] [Fatal Error] :1:1: Premature end of file.
2025-10-30 18:52:43,476 [ERROR] LogOutputStream:75 - [STDERR_REDIRECT] 
2025-10-30 18:52:44,477 [ERROR] LogOutputStream:75 - [STDERR_REDIRECT] [Fatal Error] :1:1: Premature end of file.
2025-10-30 18:52:44,477 [ERROR] LogOutputStream:75 - [STDERR_REDIRECT] 
2025-10-30 18:52:45,477 [ERROR] LogOutputStream:75 - [STDERR_REDIRECT] [Fatal Error] :1:1: Premature end of file.
2025-10-30 18:52:45,477 [ERROR] LogOutputStream:75 - [STDERR_REDIRECT] 
2025-10-30 18:52:46,479 [ERROR] LogOutputStream:75 - [STDERR_REDIRECT] [Fatal Error] :1:1: Premature end of file.
2025-10-30 18:52:46,479 [ERROR] LogOutputStream:75 - [STDERR_REDIRECT] 
2025-10-30 18:52:47,477 [ERROR] LogOutputStream:75 - [STDERR_REDIRECT] [Fatal Error] :1:1: Premature end of file.
2025-10-30 18:52:47,478 [ERROR] LogOutputStream:75 - [STDERR_REDIRECT] 
2025-10-30 18:52:48,476 [ERROR] LogOutputStream:75 - [STDERR_REDIRECT] [Fatal Error] :1:1: Premature end of file.
2025-10-30 18:52:48,476 [ERROR] LogOutputStream:75 - [STDERR_REDIRECT] 
2025-10-30 18:52:49,476 [ERROR] LogOutputStream:75 - [STDERR_REDIRECT] [Fatal Error] :1:1: Premature end of file.
2025-10-30 18:52:49,476 [ERROR] LogOutputStream:75 - [STDERR_REDIRECT] 
2025-10-30 18:52:50,477 [ERROR] LogOutputStream:75 - [STDERR_REDIRECT] [Fatal Error] :1:1: Premature end of file.
2025-10-30 18:52:50,477 [ERROR] LogOutputStream:75 - [STDERR_REDIRECT] 
2025-10-30 18:52:51,477 [ERROR] LogOutputStream:75 - [STDERR_REDIRECT] [Fatal Error] :1:1: Premature end of file.
2025-10-30 18:52:51,477 [ERROR] LogOutputStream:75 - [STDERR_REDIRECT] 
2025-10-30 18:52:52,476 [ERROR] LogOutputStream:75 - [STDERR_REDIRECT] [Fatal Error] :1:1: Premature end of file.
2025-10-30 18:52:52,476 [ERROR] LogOutputStream:75 - [STDERR_REDIRECT] 
2025-10-30 18:52:53,476 [ERROR] LogOutputStream:75 - [STDERR_REDIRECT] [Fatal Error] :1:1: Premature end of file.
2025-10-30 18:52:53,476 [ERROR] LogOutputStream:75 - [STDERR_REDIRECT] 
2025-10-30 18:52:54,478 [ERROR] LogOutputStream:75 - [STDERR_REDIRECT] [Fatal Error] :1:1: Premature end of file.
2025-10-30 18:52:54,478 [ERROR] LogOutputStream:75 - [STDERR_REDIRECT] 
2025-10-30 18:52:55,476 [ERROR] LogOutputStream:75 - [STDERR_REDIRECT] [Fatal Error] :1:1: Premature end of file.
2025-10-30 18:52:55,476 [ERROR] LogOutputStream:75 - [STDERR_REDIRECT] 
2025-10-30 18:52:56,474 [ERROR] LogOutputStream:75 - [STDERR_REDIRECT] [Fatal Error] :1:1: Premature end of file.
2025-10-30 18:52:56,474 [ERROR] LogOutputStream:75 - [STDERR_REDIRECT] 
2025-10-30 18:52:57,475 [ERROR] LogOutputStream:75 - [STDERR_REDIRECT] [Fatal Error] :1:1: Premature end of file.
2025-10-30 18:52:57,475 [ERROR] LogOutputStream:75 - [STDERR_REDIRECT] 
2025-10-30 18:52:58,477 [ERROR] LogOutputStream:75 - [STDERR_REDIRECT] [Fatal Error] :1:1: Premature end of file.
2025-10-30 18:52:58,477 [ERROR] LogOutputStream:75 - [STDERR_REDIRECT] 
2025-10-30 18:52:59,476 [ERROR] LogOutputStream:75 - [STDERR_REDIRECT] [Fatal Error] :1:1: Premature end of file.
2025-10-30 18:52:59,476 [ERROR] LogOutputStream:75 - [STDERR_REDIRECT] 
2025-10-30 18:53:00,476 [ERROR] LogOutputStream:75 - [STDERR_REDIRECT] [Fatal Error] :1:1: Premature end of file.
2025-10-30 18:53:00,476 [ERROR] LogOutputStream:75 - [STDERR_REDIRECT] 
2025-10-30 18:53:01,476 [ERROR] LogOutputStream:75 - [STDERR_REDIRECT] [Fatal Error] :1:1: Premature end of file.
2025-10-30 18:53:01,476 [ERROR] LogOutputStream:75 - [STDERR_REDIRECT] 
2025-10-30 18:53:02,476 [ERROR] LogOutputStream:75 - [STDERR_REDIRECT] [Fatal Error] :1:1: Premature end of file.
2025-10-30 18:53:02,476 [ERROR] LogOutputStream:75 - [STDERR_REDIRECT] 
2025-10-30 18:53:03,476 [ERROR] LogOutputStream:75 - [STDERR_REDIRECT] [Fatal Error] :1:1: Premature end of file.
2025-10-30 18:53:03,476 [ERROR] LogOutputStream:75 - [STDERR_REDIRECT] 
2025-10-30 18:53:04,479 [ERROR] LogOutputStream:75 - [STDERR_REDIRECT] [Fatal Error] :1:1: Premature end of file.
2025-10-30 18:53:04,480 [ERROR] LogOutputStream:75 - [STDERR_REDIRECT] 
2025-10-30 18:53:05,477 [ERROR] LogOutputStream:75 - [STDERR_REDIRECT] [Fatal Error] :1:1: Premature end of file.
2025-10-30 18:53:05,477 [ERROR] LogOutputStream:75 - [STDERR_REDIRECT] 
2025-10-30 18:53:06,477 [ERROR] LogOutputStream:75 - [STDERR_REDIRECT] [Fatal Error] :1:1: Premature end of file.
2025-10-30 18:53:06,478 [ERROR] LogOutputStream:75 - [STDERR_REDIRECT] 
2025-10-30 18:53:07,475 [ERROR] LogOutputStream:75 - [STDERR_REDIRECT] [Fatal Error] :1:1: Premature end of file.
2025-10-30 18:53:07,475 [ERROR] LogOutputStream:75 - [STDERR_REDIRECT] 
2025-10-30 18:53:08,477 [ERROR] LogOutputStream:75 - [STDERR_REDIRECT] [Fatal Error] :1:1: Premature end of file.
2025-10-30 18:53:08,477 [ERROR] LogOutputStream:75 - [STDERR_REDIRECT] 
2025-10-30 18:53:09,477 [ERROR] LogOutputStream:75 - [STDERR_REDIRECT] [Fatal Error] :1:1: Premature end of file.
2025-10-30 18:53:09,478 [ERROR] LogOutputStream:75 - [STDERR_REDIRECT] 
2025-10-30 18:53:10,475 [ERROR] LogOutputStream:75 - [STDERR_REDIRECT] [Fatal Error] :1:1: Premature end of file.
2025-10-30 18:53:10,476 [ERROR] LogOutputStream:75 - [STDERR_REDIRECT] 
2025-10-30 18:53:11,476 [ERROR] LogOutputStream:75 - [STDERR_REDIRECT] [Fatal Error] :1:1: Premature end of file.
2025-10-30 18:53:11,477 [ERROR] LogOutputStream:75 - [STDERR_REDIRECT] 
2025-10-30 18:53:12,476 [ERROR] LogOutputStream:75 - [STDERR_REDIRECT] [Fatal Error] :1:1: Premature end of file.
2025-10-30 18:53:12,476 [ERROR] LogOutputStream:75 - [STDERR_REDIRECT] 
2025-10-30 18:53:13,476 [ERROR] LogOutputStream:75 - [STDERR_REDIRECT] [Fatal Error] :1:1: Premature end of file.
2025-10-30 18:53:13,477 [ERROR] LogOutputStream:75 - [STDERR_REDIRECT] 
2025-10-30 18:53:14,478 [ERROR] LogOutputStream:75 - [STDERR_REDIRECT] [Fatal Error] :1:1: Premature end of file.
2025-10-30 18:53:14,478 [ERROR] LogOutputStream:75 - [STDERR_REDIRECT] 
2025-10-30 18:53:15,478 [ERROR] LogOutputStream:75 - [STDERR_REDIRECT] [Fatal Error] :1:1: Premature end of file.
2025-10-30 18:53:15,478 [ERROR] LogOutputStream:75 - [STDERR_REDIRECT] 
2025-10-30 18:53:16,476 [ERROR] LogOutputStream:75 - [STDERR_REDIRECT] [Fatal Error] :1:1: Premature end of file.
2025-10-30 18:53:16,476 [ERROR] LogOutputStream:75 - [STDERR_REDIRECT] 
2025-10-30 18:53:17,476 [ERROR] LogOutputStream:75 - [STDERR_REDIRECT] [Fatal Error] :1:1: Premature end of file.
2025-10-30 18:53:17,476 [ERROR] LogOutputStream:75 - [STDERR_REDIRECT] 
2025-10-30 18:53:18,474 [ERROR] LogOutputStream:75 - [STDERR_REDIRECT] [Fatal Error] :1:1: Premature end of file.
2025-10-30 18:53:18,475 [ERROR] LogOutputStream:75 - [STDERR_REDIRECT] 
2025-10-30 18:53:19,476 [ERROR] LogOutputStream:75 - [STDERR_REDIRECT] [Fatal Error] :1:1: Premature end of file.
2025-10-30 18:53:19,477 [ERROR] LogOutputStream:75 - [STDERR_REDIRECT] 
2025-10-30 18:53:20,475 [ERROR] LogOutputStream:75 - [STDERR_REDIRECT] [Fatal Error] :1:1: Premature end of file.
2025-10-30 18:53:20,476 [ERROR] LogOutputStream:75 - [STDERR_REDIRECT] 
2025-10-30 18:53:21,484 [ERROR] LogOutputStream:75 - [STDERR_REDIRECT] [Fatal Error] :1:1: Premature end of file.
2025-10-30 18:53:21,484 [ERROR] LogOutputStream:75 - [STDERR_REDIRECT] 
2025-10-30 18:53:22,478 [ERROR] LogOutputStream:75 - [STDERR_REDIRECT] [Fatal Error] :1:1: Premature end of file.
2025-10-30 18:53:22,479 [ERROR] LogOutputStream:75 - [STDERR_REDIRECT] 
2025-10-30 18:53:23,480 [ERROR] LogOutputStream:75 - [STDERR_REDIRECT] [Fatal Error] :1:1: Premature end of file.
2025-10-30 18:53:23,480 [ERROR] LogOutputStream:75 - [STDERR_REDIRECT] 
2025-10-30 18:53:24,475 [ERROR] LogOutputStream:75 - [STDERR_REDIRECT] [Fatal Error] :1:1: Premature end of file.
2025-10-30 18:53:24,476 [ERROR] LogOutputStream:75 - [STDERR_REDIRECT] 
2025-10-30 18:53:25,478 [ERROR] LogOutputStream:75 - [STDERR_REDIRECT] [Fatal Error] :1:1: Premature end of file.
2025-10-30 18:53:25,478 [ERROR] LogOutputStream:75 - [STDERR_REDIRECT] 
2025-10-30 18:53:26,477 [ERROR] LogOutputStream:75 - [STDERR_REDIRECT] [Fatal Error] :1:1: Premature end of file.
2025-10-30 18:53:26,477 [ERROR] LogOutputStream:75 - [STDERR_REDIRECT] 
2025-10-30 18:53:27,476 [ERROR] LogOutputStream:75 - [STDERR_REDIRECT] [Fatal Error] :1:1: Premature end of file.
2025-10-30 18:53:27,476 [ERROR] LogOutputStream:75 - [STDERR_REDIRECT] 
2025-10-30 18:53:28,476 [ERROR] LogOutputStream:75 - [STDERR_REDIRECT] [Fatal Error] :1:1: Premature end of file.
2025-10-30 18:53:28,476 [ERROR] LogOutputStream:75 - [STDERR_REDIRECT] 
2025-10-30 18:53:29,474 [ERROR] LogOutputStream:75 - [STDERR_REDIRECT] [Fatal Error] :1:1: Premature end of file.
2025-10-30 18:53:29,474 [ERROR] LogOutputStream:75 - [STDERR_REDIRECT] 
2025-10-30 18:53:30,475 [ERROR] LogOutputStream:75 - [STDERR_REDIRECT] [Fatal Error] :1:1: Premature end of file.
2025-10-30 18:53:30,476 [ERROR] LogOutputStream:75 - [STDERR_REDIRECT] 
2025-10-30 18:53:31,480 [ERROR] LogOutputStream:75 - [STDERR_REDIRECT] [Fatal Error] :1:1: Premature end of file.
2025-10-30 18:53:31,480 [ERROR] LogOutputStream:75 - [STDERR_REDIRECT] 
2025-10-30 18:53:32,477 [ERROR] LogOutputStream:75 - [STDERR_REDIRECT] [Fatal Error] :1:1: Premature end of file.
2025-10-30 18:53:32,477 [ERROR] LogOutputStream:75 - [STDERR_REDIRECT] 
2025-10-30 18:53:33,486 [ERROR] LogOutputStream:75 - [STDERR_REDIRECT] [Fatal Error] :1:1: Premature end of file.
2025-10-30 18:53:33,486 [ERROR] LogOutputStream:75 - [STDERR_REDIRECT] 
2025-10-30 18:53:34,477 [ERROR] LogOutputStream:75 - [STDERR_REDIRECT] [Fatal Error] :1:1: Premature end of file.
2025-10-30 18:53:34,477 [ERROR] LogOutputStream:75 - [STDERR_REDIRECT] 
2025-10-30 18:53:35,476 [ERROR] LogOutputStream:75 - [STDERR_REDIRECT] [Fatal Error] :1:1: Premature end of file.
2025-10-30 18:53:35,476 [ERROR] LogOutputStream:75 - [STDERR_REDIRECT] 
2025-10-30 18:53:36,474 [ERROR] LogOutputStream:75 - [STDERR_REDIRECT] [Fatal Error] :1:1: Premature end of file.
2025-10-30 18:53:36,474 [ERROR] LogOutputStream:75 - [STDERR_REDIRECT] 
2025-10-30 18:53:37,474 [ERROR] LogOutputStream:75 - [STDERR_REDIRECT] [Fatal Error] :1:1: Premature end of file.
2025-10-30 18:53:37,474 [ERROR] LogOutputStream:75 - [STDERR_REDIRECT] 
2025-10-30 18:53:38,476 [ERROR] LogOutputStream:75 - [STDERR_REDIRECT] [Fatal Error] :1:1: Premature end of file.
2025-10-30 18:53:38,476 [ERROR] LogOutputStream:75 - [STDERR_REDIRECT] 
2025-10-30 18:53:39,479 [ERROR] LogOutputStream:75 - [STDERR_REDIRECT] [Fatal Error] :1:1: Premature end of file.
2025-10-30 18:53:39,479 [ERROR] LogOutputStream:75 - [STDERR_REDIRECT] 
2025-10-30 18:53:40,477 [ERROR] LogOutputStream:75 - [STDERR_REDIRECT] [Fatal Error] :1:1: Premature end of file.
2025-10-30 18:53:40,477 [ERROR] LogOutputStream:75 - [STDERR_REDIRECT] 
2025-10-30 18:53:41,476 [ERROR] LogOutputStream:75 - [STDERR_REDIRECT] [Fatal Error] :1:1: Premature end of file.
2025-10-30 18:53:41,476 [ERROR] LogOutputStream:75 - [STDERR_REDIRECT] 
2025-10-30 18:53:42,483 [ERROR] LogOutputStream:75 - [STDERR_REDIRECT] [Fatal Error] :1:1: Premature end of file.
2025-10-30 18:53:42,483 [ERROR] LogOutputStream:75 - [STDERR_REDIRECT] 
2025-10-30 18:53:43,475 [ERROR] LogOutputStream:75 - [STDERR_REDIRECT] [Fatal Error] :1:1: Premature end of file.
2025-10-30 18:53:43,476 [ERROR] LogOutputStream:75 - [STDERR_REDIRECT] 
2025-10-30 18:53:44,474 [ERROR] LogOutputStream:75 - [STDERR_REDIRECT] [Fatal Error] :1:1: Premature end of file.
2025-10-30 18:53:44,474 [ERROR] LogOutputStream:75 - [STDERR_REDIRECT] 
2025-10-30 18:53:45,480 [ERROR] LogOutputStream:75 - [STDERR_REDIRECT] [Fatal Error] :1:1: Premature end of file.
2025-10-30 18:53:45,480 [ERROR] LogOutputStream:75 - [STDERR_REDIRECT] 
2025-10-30 18:53:46,478 [ERROR] LogOutputStream:75 - [STDERR_REDIRECT] [Fatal Error] :1:1: Premature end of file.
2025-10-30 18:53:46,478 [ERROR] LogOutputStream:75 - [STDERR_REDIRECT] 
2025-10-30 18:53:47,475 [ERROR] LogOutputStream:75 - [STDERR_REDIRECT] [Fatal Error] :1:1: Premature end of file.
2025-10-30 18:53:47,476 [ERROR] LogOutputStream:75 - [STDERR_REDIRECT] 
2025-10-30 18:53:48,476 [ERROR] LogOutputStream:75 - [STDERR_REDIRECT] [Fatal Error] :1:1: Premature end of file.
2025-10-30 18:53:48,476 [ERROR] LogOutputStream:75 - [STDERR_REDIRECT] 
2025-10-30 18:53:49,478 [ERROR] LogOutputStream:75 - [STDERR_REDIRECT] [Fatal Error] :1:1: Premature end of file.
2025-10-30 18:53:49,478 [ERROR] LogOutputStream:75 - [STDERR_REDIRECT] 
2025-10-30 18:53:50,477 [ERROR] LogOutputStream:75 - [STDERR_REDIRECT] [Fatal Error] :1:1: Premature end of file.
2025-10-30 18:53:50,477 [ERROR] LogOutputStream:75 - [STDERR_REDIRECT] 
2025-10-30 18:53:51,481 [ERROR] LogOutputStream:75 - [STDERR_REDIRECT] [Fatal Error] :1:1: Premature end of file.
2025-10-30 18:53:51,482 [ERROR] LogOutputStream:75 - [STDERR_REDIRECT] 
2025-10-30 18:53:52,473 [ERROR] LogOutputStream:75 - [STDERR_REDIRECT] [Fatal Error] :1:1: Premature end of file.
2025-10-30 18:53:52,473 [ERROR] LogOutputStream:75 - [STDERR_REDIRECT] 
2025-10-30 18:53:53,477 [ERROR] LogOutputStream:75 - [STDERR_REDIRECT] [Fatal Error] :1:1: Premature end of file.
2025-10-30 18:53:53,477 [ERROR] LogOutputStream:75 - [STDERR_REDIRECT] 
2025-10-30 18:53:54,475 [ERROR] LogOutputStream:75 - [STDERR_REDIRECT] [Fatal Error] :1:1: Premature end of file.
2025-10-30 18:53:54,475 [ERROR] LogOutputStream:75 - [STDERR_REDIRECT] 
2025-10-30 18:53:55,474 [ERROR] LogOutputStream:75 - [STDERR_REDIRECT] [Fatal Error] :1:1: Premature end of file.
2025-10-30 18:53:55,475 [ERROR] LogOutputStream:75 - [STDERR_REDIRECT] 
2025-10-30 18:53:56,475 [ERROR] LogOutputStream:75 - [STDERR_REDIRECT] [Fatal Error] :1:1: Premature end of file.
2025-10-30 18:53:56,475 [ERROR] LogOutputStream:75 - [STDERR_REDIRECT] 
2025-10-30 18:53:57,476 [ERROR] LogOutputStream:75 - [STDERR_REDIRECT] [Fatal Error] :1:1: Premature end of file.
2025-10-30 18:53:57,476 [ERROR] LogOutputStream:75 - [STDERR_REDIRECT] 
2025-10-30 18:53:58,475 [ERROR] LogOutputStream:75 - [STDERR_REDIRECT] [Fatal Error] :1:1: Premature end of file.
2025-10-30 18:53:58,476 [ERROR] LogOutputStream:75 - [STDERR_REDIRECT] 
2025-10-30 18:53:59,476 [ERROR] LogOutputStream:75 - [STDERR_REDIRECT] [Fatal Error] :1:1: Premature end of file.
2025-10-30 18:53:59,476 [ERROR] LogOutputStream:75 - [STDERR_REDIRECT] 
2025-10-30 18:54:00,478 [ERROR] LogOutputStream:75 - [STDERR_REDIRECT] [Fatal Error] :1:1: Premature end of file.
2025-10-30 18:54:00,478 [ERROR] LogOutputStream:75 - [STDERR_REDIRECT] 
2025-10-30 18:54:01,473 [ERROR] LogOutputStream:75 - [STDERR_REDIRECT] [Fatal Error] :1:1: Premature end of file.
2025-10-30 18:54:01,473 [ERROR] LogOutputStream:75 - [STDERR_REDIRECT] 
2025-10-30 18:54:02,477 [ERROR] LogOutputStream:75 - [STDERR_REDIRECT] [Fatal Error] :1:1: Premature end of file.
2025-10-30 18:54:02,477 [ERROR] LogOutputStream:75 - [STDERR_REDIRECT] 
2025-10-30 18:54:03,475 [ERROR] LogOutputStream:75 - [STDERR_REDIRECT] [Fatal Error] :1:1: Premature end of file.
2025-10-30 18:54:03,475 [ERROR] LogOutputStream:75 - [STDERR_REDIRECT] 
2025-10-30 18:54:04,476 [ERROR] LogOutputStream:75 - [STDERR_REDIRECT] [Fatal Error] :1:1: Premature end of file.
2025-10-30 18:54:04,476 [ERROR] LogOutputStream:75 - [STDERR_REDIRECT] 
2025-10-30 18:54:05,478 [ERROR] LogOutputStream:75 - [STDERR_REDIRECT] [Fatal Error] :1:1: Premature end of file.
2025-10-30 18:54:05,478 [ERROR] LogOutputStream:75 - [STDERR_REDIRECT] 
2025-10-30 18:54:06,474 [ERROR] LogOutputStream:75 - [STDERR_REDIRECT] [Fatal Error] :1:1: Premature end of file.
2025-10-30 18:54:06,474 [ERROR] LogOutputStream:75 - [STDERR_REDIRECT] 
2025-10-30 18:54:07,475 [ERROR] LogOutputStream:75 - [STDERR_REDIRECT] [Fatal Error] :1:1: Premature end of file.
2025-10-30 18:54:07,475 [ERROR] LogOutputStream:75 - [STDERR_REDIRECT] 
2025-10-30 18:54:08,475 [ERROR] LogOutputStream:75 - [STDERR_REDIRECT] [Fatal Error] :1:1: Premature end of file.
2025-10-30 18:54:08,475 [ERROR] LogOutputStream:75 - [STDERR_REDIRECT] 
2025-10-30 18:54:09,477 [ERROR] LogOutputStream:75 - [STDERR_REDIRECT] [Fatal Error] :1:1: Premature end of file.
2025-10-30 18:54:09,477 [ERROR] LogOutputStream:75 - [STDERR_REDIRECT] 
2025-10-30 18:54:10,475 [ERROR] LogOutputStream:75 - [STDERR_REDIRECT] [Fatal Error] :1:1: Premature end of file.
2025-10-30 18:54:10,476 [ERROR] LogOutputStream:75 - [STDERR_REDIRECT] 
2025-10-30 18:54:11,476 [ERROR] LogOutputStream:75 - [STDERR_REDIRECT] [Fatal Error] :1:1: Premature end of file.
2025-10-30 18:54:11,476 [ERROR] LogOutputStream:75 - [STDERR_REDIRECT] 
2025-10-30 18:54:12,476 [ERROR] LogOutputStream:75 - [STDERR_REDIRECT] [Fatal Error] :1:1: Premature end of file.
2025-10-30 18:54:12,476 [ERROR] LogOutputStream:75 - [STDERR_REDIRECT] 
2025-10-30 18:54:13,475 [ERROR] LogOutputStream:75 - [STDERR_REDIRECT] [Fatal Error] :1:1: Premature end of file.
2025-10-30 18:54:13,475 [ERROR] LogOutputStream:75 - [STDERR_REDIRECT] 
2025-10-30 18:54:14,475 [ERROR] LogOutputStream:75 - [STDERR_REDIRECT] [Fatal Error] :1:1: Premature end of file.
2025-10-30 18:54:14,475 [ERROR] LogOutputStream:75 - [STDERR_REDIRECT] 
2025-10-30 18:54:15,475 [ERROR] LogOutputStream:75 - [STDERR_REDIRECT] [Fatal Error] :1:1: Premature end of file.
2025-10-30 18:54:15,475 [ERROR] LogOutputStream:75 - [STDERR_REDIRECT] 
2025-10-30 18:54:16,478 [ERROR] LogOutputStream:75 - [STDERR_REDIRECT] [Fatal Error] :1:1: Premature end of file.
2025-10-30 18:54:16,478 [ERROR] LogOutputStream:75 - [STDERR_REDIRECT] 
2025-10-30 18:54:17,475 [ERROR] LogOutputStream:75 - [STDERR_REDIRECT] [Fatal Error] :1:1: Premature end of file.
2025-10-30 18:54:17,475 [ERROR] LogOutputStream:75 - [STDERR_REDIRECT] 
2025-10-30 18:54:18,476 [ERROR] LogOutputStream:75 - [STDERR_REDIRECT] [Fatal Error] :1:1: Premature end of file.
2025-10-30 18:54:18,476 [ERROR] LogOutputStream:75 - [STDERR_REDIRECT] 
2025-10-30 18:54:19,477 [ERROR] LogOutputStream:75 - [STDERR_REDIRECT] [Fatal Error] :1:1: Premature end of file.
2025-10-30 18:54:19,477 [ERROR] LogOutputStream:75 - [STDERR_REDIRECT] 
2025-10-30 18:54:20,475 [ERROR] LogOutputStream:75 - [STDERR_REDIRECT] [Fatal Error] :1:1: Premature end of file.
2025-10-30 18:54:20,476 [ERROR] LogOutputStream:75 - [STDERR_REDIRECT] 
2025-10-30 18:54:21,479 [ERROR] LogOutputStream:75 - [STDERR_REDIRECT] [Fatal Error] :1:1: Premature end of file.
2025-10-30 18:54:21,479 [ERROR] LogOutputStream:75 - [STDERR_REDIRECT] 
2025-10-30 18:54:22,476 [ERROR] LogOutputStream:75 - [STDERR_REDIRECT] [Fatal Error] :1:1: Premature end of file.
2025-10-30 18:54:22,476 [ERROR] LogOutputStream:75 - [STDERR_REDIRECT] 
2025-10-30 18:54:23,475 [ERROR] LogOutputStream:75 - [STDERR_REDIRECT] [Fatal Error] :1:1: Premature end of file.
2025-10-30 18:54:23,476 [ERROR] LogOutputStream:75 - [STDERR_REDIRECT] 
2025-10-30 18:54:24,474 [ERROR] LogOutputStream:75 - [STDERR_REDIRECT] [Fatal Error] :1:1: Premature end of file.
2025-10-30 18:54:24,474 [ERROR] LogOutputStream:75 - [STDERR_REDIRECT] 
2025-10-30 18:54:25,475 [ERROR] LogOutputStream:75 - [STDERR_REDIRECT] [Fatal Error] :1:1: Premature end of file.
2025-10-30 18:54:25,476 [ERROR] LogOutputStream:75 - [STDERR_REDIRECT] 
2025-10-30 18:54:26,478 [ERROR] LogOutputStream:75 - [STDERR_REDIRECT] [Fatal Error] :1:1: Premature end of file.
2025-10-30 18:54:26,478 [ERROR] LogOutputStream:75 - [STDERR_REDIRECT] 
2025-10-30 18:54:27,480 [ERROR] LogOutputStream:75 - [STDERR_REDIRECT] [Fatal Error] :1:1: Premature end of file.
2025-10-30 18:54:27,481 [ERROR] LogOutputStream:75 - [STDERR_REDIRECT] 
2025-10-30 18:54:28,475 [ERROR] LogOutputStream:75 - [STDERR_REDIRECT] [Fatal Error] :1:1: Premature end of file.
2025-10-30 18:54:28,475 [ERROR] LogOutputStream:75 - [STDERR_REDIRECT] 
2025-10-30 18:54:29,477 [ERROR] LogOutputStream:75 - [STDERR_REDIRECT] [Fatal Error] :1:1: Premature end of file.
2025-10-30 18:54:29,477 [ERROR] LogOutputStream:75 - [STDERR_REDIRECT] 
2025-10-30 18:54:30,476 [ERROR] LogOutputStream:75 - [STDERR_REDIRECT] [Fatal Error] :1:1: Premature end of file.
2025-10-30 18:54:30,476 [ERROR] LogOutputStream:75 - [STDERR_REDIRECT] 
2025-10-30 18:54:31,475 [ERROR] LogOutputStream:75 - [STDERR_REDIRECT] [Fatal Error] :1:1: Premature end of file.
2025-10-30 18:54:31,475 [ERROR] LogOutputStream:75 - [STDERR_REDIRECT] 
2025-10-30 18:54:32,475 [ERROR] LogOutputStream:75 - [STDERR_REDIRECT] [Fatal Error] :1:1: Premature end of file.
2025-10-30 18:54:32,475 [ERROR] LogOutputStream:75 - [STDERR_REDIRECT] 
2025-10-30 18:54:33,479 [ERROR] LogOutputStream:75 - [STDERR_REDIRECT] [Fatal Error] :1:1: Premature end of file.
2025-10-30 18:54:33,479 [ERROR] LogOutputStream:75 - [STDERR_REDIRECT] 
2025-10-30 18:54:34,478 [ERROR] LogOutputStream:75 - [STDERR_REDIRECT] [Fatal Error] :1:1: Premature end of file.
2025-10-30 18:54:34,478 [ERROR] LogOutputStream:75 - [STDERR_REDIRECT] 
2025-10-30 18:54:35,478 [ERROR] LogOutputStream:75 - [STDERR_REDIRECT] [Fatal Error] :1:1: Premature end of file.
2025-10-30 18:54:35,478 [ERROR] LogOutputStream:75 - [STDERR_REDIRECT] 
2025-10-30 18:54:36,475 [ERROR] LogOutputStream:75 - [STDERR_REDIRECT] [Fatal Error] :1:1: Premature end of file.
2025-10-30 18:54:36,475 [ERROR] LogOutputStream:75 - [STDERR_REDIRECT] 
2025-10-30 18:54:37,477 [ERROR] LogOutputStream:75 - [STDERR_REDIRECT] [Fatal Error] :1:1: Premature end of file.
2025-10-30 18:54:37,477 [ERROR] LogOutputStream:75 - [STDERR_REDIRECT] 
2025-10-30 18:54:38,475 [ERROR] LogOutputStream:75 - [STDERR_REDIRECT] [Fatal Error] :1:1: Premature end of file.
2025-10-30 18:54:38,475 [ERROR] LogOutputStream:75 - [STDERR_REDIRECT] 
2025-10-30 18:54:39,476 [ERROR] LogOutputStream:75 - [STDERR_REDIRECT] [Fatal Error] :1:1: Premature end of file.
2025-10-30 18:54:39,476 [ERROR] LogOutputStream:75 - [STDERR_REDIRECT] 
2025-10-30 18:54:40,476 [ERROR] LogOutputStream:75 - [STDERR_REDIRECT] [Fatal Error] :1:1: Premature end of file.
2025-10-30 18:54:40,476 [ERROR] LogOutputStream:75 - [STDERR_REDIRECT] 
2025-10-30 18:54:41,477 [ERROR] LogOutputStream:75 - [STDERR_REDIRECT] [Fatal Error] :1:1: Premature end of file.
2025-10-30 18:54:41,477 [ERROR] LogOutputStream:75 - [STDERR_REDIRECT] 
2025-10-30 18:54:42,475 [ERROR] LogOutputStream:75 - [STDERR_REDIRECT] [Fatal Error] :1:1: Premature end of file.
2025-10-30 18:54:42,476 [ERROR] LogOutputStream:75 - [STDERR_REDIRECT] 
2025-10-30 18:54:43,477 [ERROR] LogOutputStream:75 - [STDERR_REDIRECT] [Fatal Error] :1:1: Premature end of file.
2025-10-30 18:54:43,477 [ERROR] LogOutputStream:75 - [STDERR_REDIRECT] 
2025-10-30 18:54:44,475 [ERROR] LogOutputStream:75 - [STDERR_REDIRECT] [Fatal Error] :1:1: Premature end of file.
2025-10-30 18:54:44,475 [ERROR] LogOutputStream:75 - [STDERR_REDIRECT] 
2025-10-30 18:54:45,477 [ERROR] LogOutputStream:75 - [STDERR_REDIRECT] [Fatal Error] :1:1: Premature end of file.
2025-10-30 18:54:45,477 [ERROR] LogOutputStream:75 - [STDERR_REDIRECT] 
2025-10-30 18:54:46,477 [ERROR] LogOutputStream:75 - [STDERR_REDIRECT] [Fatal Error] :1:1: Premature end of file.
2025-10-30 18:54:46,477 [ERROR] LogOutputStream:75 - [STDERR_REDIRECT] 
2025-10-30 18:54:47,478 [ERROR] LogOutputStream:75 - [STDERR_REDIRECT] [Fatal Error] :1:1: Premature end of file.
2025-10-30 18:54:47,478 [ERROR] LogOutputStream:75 - [STDERR_REDIRECT] 
2025-10-30 18:54:48,474 [ERROR] LogOutputStream:75 - [STDERR_REDIRECT] [Fatal Error] :1:1: Premature end of file.
2025-10-30 18:54:48,474 [ERROR] LogOutputStream:75 - [STDERR_REDIRECT] 
2025-10-30 18:54:49,476 [ERROR] LogOutputStream:75 - [STDERR_REDIRECT] [Fatal Error] :1:1: Premature end of file.
2025-10-30 18:54:49,476 [ERROR] LogOutputStream:75 - [STDERR_REDIRECT] 
2025-10-30 18:54:50,477 [ERROR] LogOutputStream:75 - [STDERR_REDIRECT] [Fatal Error] :1:1: Premature end of file.
2025-10-30 18:54:50,477 [ERROR] LogOutputStream:75 - [STDERR_REDIRECT] 
2025-10-30 18:54:51,476 [ERROR] LogOutputStream:75 - [STDERR_REDIRECT] [Fatal Error] :1:1: Premature end of file.
2025-10-30 18:54:51,476 [ERROR] LogOutputStream:75 - [STDERR_REDIRECT] 
2025-10-30 18:54:52,477 [ERROR] LogOutputStream:75 - [STDERR_REDIRECT] [Fatal Error] :1:1: Premature end of file.
2025-10-30 18:54:52,477 [ERROR] LogOutputStream:75 - [STDERR_REDIRECT] 
2025-10-30 18:54:53,479 [ERROR] LogOutputStream:75 - [STDERR_REDIRECT] [Fatal Error] :1:1: Premature end of file.
2025-10-30 18:54:53,479 [ERROR] LogOutputStream:75 - [STDERR_REDIRECT] 
2025-10-30 18:54:54,477 [ERROR] LogOutputStream:75 - [STDERR_REDIRECT] [Fatal Error] :1:1: Premature end of file.
2025-10-30 18:54:54,477 [ERROR] LogOutputStream:75 - [STDERR_REDIRECT] 
2025-10-30 18:54:55,477 [ERROR] LogOutputStream:75 - [STDERR_REDIRECT] [Fatal Error] :1:1: Premature end of file.
2025-10-30 18:54:55,477 [ERROR] LogOutputStream:75 - [STDERR_REDIRECT] 
2025-10-30 18:54:56,478 [ERROR] LogOutputStream:75 - [STDERR_REDIRECT] [Fatal Error] :1:1: Premature end of file.
2025-10-30 18:54:56,478 [ERROR] LogOutputStream:75 - [STDERR_REDIRECT] 
2025-10-30 18:54:57,475 [ERROR] LogOutputStream:75 - [STDERR_REDIRECT] [Fatal Error] :1:1: Premature end of file.
2025-10-30 18:54:57,475 [ERROR] LogOutputStream:75 - [STDERR_REDIRECT] 
2025-10-30 18:54:58,476 [ERROR] LogOutputStream:75 - [STDERR_REDIRECT] [Fatal Error] :1:1: Premature end of file.
2025-10-30 18:54:58,476 [ERROR] LogOutputStream:75 - [STDERR_REDIRECT] 
2025-10-30 18:54:59,475 [ERROR] LogOutputStream:75 - [STDERR_REDIRECT] [Fatal Error] :1:1: Premature end of file.
2025-10-30 18:54:59,475 [ERROR] LogOutputStream:75 - [STDERR_REDIRECT] 
2025-10-30 18:55:00,476 [ERROR] LogOutputStream:75 - [STDERR_REDIRECT] [Fatal Error] :1:1: Premature end of file.
2025-10-30 18:55:00,476 [ERROR] LogOutputStream:75 - [STDERR_REDIRECT] 
2025-10-30 18:55:01,478 [ERROR] LogOutputStream:75 - [STDERR_REDIRECT] [Fatal Error] :1:1: Premature end of file.
2025-10-30 18:55:01,479 [ERROR] LogOutputStream:75 - [STDERR_REDIRECT] 
2025-10-30 18:55:02,479 [ERROR] LogOutputStream:75 - [STDERR_REDIRECT] [Fatal Error] :1:1: Premature end of file.
2025-10-30 18:55:02,479 [ERROR] LogOutputStream:75 - [STDERR_REDIRECT] 
2025-10-30 18:55:03,479 [ERROR] LogOutputStream:75 - [STDERR_REDIRECT] [Fatal Error] :1:1: Premature end of file.
2025-10-30 18:55:03,479 [ERROR] LogOutputStream:75 - [STDERR_REDIRECT] 
2025-10-30 18:55:04,478 [ERROR] LogOutputStream:75 - [STDERR_REDIRECT] [Fatal Error] :1:1: Premature end of file.
2025-10-30 18:55:04,478 [ERROR] LogOutputStream:75 - [STDERR_REDIRECT] 
2025-10-30 18:55:05,476 [ERROR] LogOutputStream:75 - [STDERR_REDIRECT] [Fatal Error] :1:1: Premature end of file.
2025-10-30 18:55:05,477 [ERROR] LogOutputStream:75 - [STDERR_REDIRECT] 
2025-10-30 18:55:06,478 [ERROR] LogOutputStream:75 - [STDERR_REDIRECT] [Fatal Error] :1:1: Premature end of file.
2025-10-30 18:55:06,478 [ERROR] LogOutputStream:75 - [STDERR_REDIRECT] 
2025-10-30 18:55:07,476 [ERROR] LogOutputStream:75 - [STDERR_REDIRECT] [Fatal Error] :1:1: Premature end of file.
2025-10-30 18:55:07,477 [ERROR] LogOutputStream:75 - [STDERR_REDIRECT] 
2025-10-30 18:55:08,478 [ERROR] LogOutputStream:75 - [STDERR_REDIRECT] [Fatal Error] :1:1: Premature end of file.
2025-10-30 18:55:08,478 [ERROR] LogOutputStream:75 - [STDERR_REDIRECT] 
2025-10-30 18:55:09,477 [ERROR] LogOutputStream:75 - [STDERR_REDIRECT] [Fatal Error] :1:1: Premature end of file.
2025-10-30 18:55:09,477 [ERROR] LogOutputStream:75 - [STDERR_REDIRECT] 
2025-10-30 18:55:10,477 [ERROR] LogOutputStream:75 - [STDERR_REDIRECT] [Fatal Error] :1:1: Premature end of file.
2025-10-30 18:55:10,477 [ERROR] LogOutputStream:75 - [STDERR_REDIRECT] 
2025-10-30 18:55:11,479 [ERROR] LogOutputStream:75 - [STDERR_REDIRECT] [Fatal Error] :1:1: Premature end of file.
2025-10-30 18:55:11,479 [ERROR] LogOutputStream:75 - [STDERR_REDIRECT] 
2025-10-30 18:55:12,475 [ERROR] LogOutputStream:75 - [STDERR_REDIRECT] [Fatal Error] :1:1: Premature end of file.
2025-10-30 18:55:12,475 [ERROR] LogOutputStream:75 - [STDERR_REDIRECT] 
2025-10-30 18:55:13,477 [ERROR] LogOutputStream:75 - [STDERR_REDIRECT] [Fatal Error] :1:1: Premature end of file.
2025-10-30 18:55:13,477 [ERROR] LogOutputStream:75 - [STDERR_REDIRECT] 
2025-10-30 18:55:14,480 [ERROR] LogOutputStream:75 - [STDERR_REDIRECT] [Fatal Error] :1:1: Premature end of file.
2025-10-30 18:55:14,480 [ERROR] LogOutputStream:75 - [STDERR_REDIRECT] 
2025-10-30 18:55:15,477 [ERROR] LogOutputStream:75 - [STDERR_REDIRECT] [Fatal Error] :1:1: Premature end of file.
2025-10-30 18:55:15,477 [ERROR] LogOutputStream:75 - [STDERR_REDIRECT] 
2025-10-30 18:55:16,479 [ERROR] LogOutputStream:75 - [STDERR_REDIRECT] [Fatal Error] :1:1: Premature end of file.
2025-10-30 18:55:16,479 [ERROR] LogOutputStream:75 - [STDERR_REDIRECT] 
2025-10-30 18:55:17,474 [ERROR] LogOutputStream:75 - [STDERR_REDIRECT] [Fatal Error] :1:1: Premature end of file.
2025-10-30 18:55:17,474 [ERROR] LogOutputStream:75 - [STDERR_REDIRECT] 
2025-10-30 18:55:18,478 [ERROR] LogOutputStream:75 - [STDERR_REDIRECT] [Fatal Error] :1:1: Premature end of file.
2025-10-30 18:55:18,478 [ERROR] LogOutputStream:75 - [STDERR_REDIRECT] 
2025-10-30 18:55:19,476 [ERROR] LogOutputStream:75 - [STDERR_REDIRECT] [Fatal Error] :1:1: Premature end of file.
2025-10-30 18:55:19,476 [ERROR] LogOutputStream:75 - [STDERR_REDIRECT] 
2025-10-30 18:55:20,477 [ERROR] LogOutputStream:75 - [STDERR_REDIRECT] [Fatal Error] :1:1: Premature end of file.
2025-10-30 18:55:20,478 [ERROR] LogOutputStream:75 - [STDERR_REDIRECT] 
2025-10-30 18:55:21,475 [ERROR] LogOutputStream:75 - [STDERR_REDIRECT] [Fatal Error] :1:1: Premature end of file.
2025-10-30 18:55:21,475 [ERROR] LogOutputStream:75 - [STDERR_REDIRECT] 
2025-10-30 18:55:22,477 [ERROR] LogOutputStream:75 - [STDERR_REDIRECT] [Fatal Error] :1:1: Premature end of file.
2025-10-30 18:55:22,477 [ERROR] LogOutputStream:75 - [STDERR_REDIRECT] 
2025-10-30 18:55:23,475 [ERROR] LogOutputStream:75 - [STDERR_REDIRECT] [Fatal Error] :1:1: Premature end of file.
2025-10-30 18:55:23,476 [ERROR] LogOutputStream:75 - [STDERR_REDIRECT] 
2025-10-30 18:55:24,482 [ERROR] LogOutputStream:75 - [STDERR_REDIRECT] [Fatal Error] :1:1: Premature end of file.
2025-10-30 18:55:24,482 [ERROR] LogOutputStream:75 - [STDERR_REDIRECT] 
2025-10-30 18:55:25,477 [ERROR] LogOutputStream:75 - [STDERR_REDIRECT] [Fatal Error] :1:1: Premature end of file.
2025-10-30 18:55:25,477 [ERROR] LogOutputStream:75 - [STDERR_REDIRECT] 
2025-10-30 18:55:26,485 [ERROR] LogOutputStream:75 - [STDERR_REDIRECT] [Fatal Error] :1:1: Premature end of file.
2025-10-30 18:55:26,485 [ERROR] LogOutputStream:75 - [STDERR_REDIRECT] 
2025-10-30 18:55:27,487 [ERROR] LogOutputStream:75 - [STDERR_REDIRECT] [Fatal Error] :1:1: Premature end of file.
2025-10-30 18:55:27,487 [ERROR] LogOutputStream:75 - [STDERR_REDIRECT] 
2025-10-30 18:55:28,475 [ERROR] LogOutputStream:75 - [STDERR_REDIRECT] [Fatal Error] :1:1: Premature end of file.
2025-10-30 18:55:28,475 [ERROR] LogOutputStream:75 - [STDERR_REDIRECT] 
2025-10-30 18:55:29,478 [ERROR] LogOutputStream:75 - [STDERR_REDIRECT] [Fatal Error] :1:1: Premature end of file.
2025-10-30 18:55:29,478 [ERROR] LogOutputStream:75 - [STDERR_REDIRECT] 
2025-10-30 18:55:30,475 [ERROR] LogOutputStream:75 - [STDERR_REDIRECT] [Fatal Error] :1:1: Premature end of file.
2025-10-30 18:55:30,476 [ERROR] LogOutputStream:75 - [STDERR_REDIRECT] 
2025-10-30 18:55:31,476 [ERROR] LogOutputStream:75 - [STDERR_REDIRECT] [Fatal Error] :1:1: Premature end of file.
2025-10-30 18:55:31,476 [ERROR] LogOutputStream:75 - [STDERR_REDIRECT] 
2025-10-30 18:55:32,477 [ERROR] LogOutputStream:75 - [STDERR_REDIRECT] [Fatal Error] :1:1: Premature end of file.
2025-10-30 18:55:32,477 [ERROR] LogOutputStream:75 - [STDERR_REDIRECT] 
2025-10-30 18:55:33,477 [ERROR] LogOutputStream:75 - [STDERR_REDIRECT] [Fatal Error] :1:1: Premature end of file.
2025-10-30 18:55:33,477 [ERROR] LogOutputStream:75 - [STDERR_REDIRECT] 
2025-10-30 18:55:34,477 [ERROR] LogOutputStream:75 - [STDERR_REDIRECT] [Fatal Error] :1:1: Premature end of file.
2025-10-30 18:55:34,478 [ERROR] LogOutputStream:75 - [STDERR_REDIRECT] 
2025-10-30 18:55:35,479 [ERROR] LogOutputStream:75 - [STDERR_REDIRECT] [Fatal Error] :1:1: Premature end of file.
2025-10-30 18:55:35,479 [ERROR] LogOutputStream:75 - [STDERR_REDIRECT] 
2025-10-30 18:55:36,477 [ERROR] LogOutputStream:75 - [STDERR_REDIRECT] [Fatal Error] :1:1: Premature end of file.
2025-10-30 18:55:36,478 [ERROR] LogOutputStream:75 - [STDERR_REDIRECT] 
2025-10-30 18:55:37,477 [ERROR] LogOutputStream:75 - [STDERR_REDIRECT] [Fatal Error] :1:1: Premature end of file.
2025-10-30 18:55:37,477 [ERROR] LogOutputStream:75 - [STDERR_REDIRECT] 
2025-10-30 18:55:38,476 [ERROR] LogOutputStream:75 - [STDERR_REDIRECT] [Fatal Error] :1:1: Premature end of file.
2025-10-30 18:55:38,477 [ERROR] LogOutputStream:75 - [STDERR_REDIRECT] 
2025-10-30 18:55:39,478 [ERROR] LogOutputStream:75 - [STDERR_REDIRECT] [Fatal Error] :1:1: Premature end of file.
2025-10-30 18:55:39,478 [ERROR] LogOutputStream:75 - [STDERR_REDIRECT] 
2025-10-30 18:55:40,484 [ERROR] LogOutputStream:75 - [STDERR_REDIRECT] [Fatal Error] :1:1: Premature end of file.
2025-10-30 18:55:40,485 [ERROR] LogOutputStream:75 - [STDERR_REDIRECT] 
2025-10-30 18:55:41,482 [ERROR] LogOutputStream:75 - [STDERR_REDIRECT] [Fatal Error] :1:1: Premature end of file.
2025-10-30 18:55:41,482 [ERROR] LogOutputStream:75 - [STDERR_REDIRECT] 
2025-10-30 18:55:42,477 [ERROR] LogOutputStream:75 - [STDERR_REDIRECT] [Fatal Error] :1:1: Premature end of file.
2025-10-30 18:55:42,477 [ERROR] LogOutputStream:75 - [STDERR_REDIRECT] 
2025-10-30 18:55:43,476 [ERROR] LogOutputStream:75 - [STDERR_REDIRECT] [Fatal Error] :1:1: Premature end of file.
2025-10-30 18:55:43,477 [ERROR] LogOutputStream:75 - [STDERR_REDIRECT] 
2025-10-30 18:55:44,477 [ERROR] LogOutputStream:75 - [STDERR_REDIRECT] [Fatal Error] :1:1: Premature end of file.
2025-10-30 18:55:44,477 [ERROR] LogOutputStream:75 - [STDERR_REDIRECT] 
2025-10-30 18:55:45,475 [ERROR] LogOutputStream:75 - [STDERR_REDIRECT] [Fatal Error] :1:1: Premature end of file.
2025-10-30 18:55:45,475 [ERROR] LogOutputStream:75 - [STDERR_REDIRECT] 
2025-10-30 18:55:46,474 [ERROR] LogOutputStream:75 - [STDERR_REDIRECT] [Fatal Error] :1:1: Premature end of file.
2025-10-30 18:55:46,475 [ERROR] LogOutputStream:75 - [STDERR_REDIRECT] 
2025-10-30 18:55:47,477 [ERROR] LogOutputStream:75 - [STDERR_REDIRECT] [Fatal Error] :1:1: Premature end of file.
2025-10-30 18:55:47,477 [ERROR] LogOutputStream:75 - [STDERR_REDIRECT] 
2025-10-30 18:55:48,475 [ERROR] LogOutputStream:75 - [STDERR_REDIRECT] [Fatal Error] :1:1: Premature end of file.
2025-10-30 18:55:48,476 [ERROR] LogOutputStream:75 - [STDERR_REDIRECT] 
2025-10-30 18:55:49,475 [ERROR] LogOutputStream:75 - [STDERR_REDIRECT] [Fatal Error] :1:1: Premature end of file.
2025-10-30 18:55:49,475 [ERROR] LogOutputStream:75 - [STDERR_REDIRECT] 
2025-10-30 18:55:50,484 [ERROR] LogOutputStream:75 - [STDERR_REDIRECT] [Fatal Error] :1:1: Premature end of file.
2025-10-30 18:55:50,484 [ERROR] LogOutputStream:75 - [STDERR_REDIRECT] 
2025-10-30 18:55:51,476 [ERROR] LogOutputStream:75 - [STDERR_REDIRECT] [Fatal Error] :1:1: Premature end of file.
2025-10-30 18:55:51,477 [ERROR] LogOutputStream:75 - [STDERR_REDIRECT] 
2025-10-30 18:55:52,478 [ERROR] LogOutputStream:75 - [STDERR_REDIRECT] [Fatal Error] :1:1: Premature end of file.
2025-10-30 18:55:52,479 [ERROR] LogOutputStream:75 - [STDERR_REDIRECT] 
2025-10-30 18:55:53,476 [ERROR] LogOutputStream:75 - [STDERR_REDIRECT] [Fatal Error] :1:1: Premature end of file.
2025-10-30 18:55:53,477 [ERROR] LogOutputStream:75 - [STDERR_REDIRECT] 
2025-10-30 18:55:54,475 [ERROR] LogOutputStream:75 - [STDERR_REDIRECT] [Fatal Error] :1:1: Premature end of file.
2025-10-30 18:55:54,475 [ERROR] LogOutputStream:75 - [STDERR_REDIRECT] 
2025-10-30 18:55:55,481 [ERROR] LogOutputStream:75 - [STDERR_REDIRECT] [Fatal Error] :1:1: Premature end of file.
2025-10-30 18:55:55,481 [ERROR] LogOutputStream:75 - [STDERR_REDIRECT] 
2025-10-30 18:55:56,477 [ERROR] LogOutputStream:75 - [STDERR_REDIRECT] [Fatal Error] :1:1: Premature end of file.
2025-10-30 18:55:56,477 [ERROR] LogOutputStream:75 - [STDERR_REDIRECT] 
2025-10-30 18:55:57,477 [ERROR] LogOutputStream:75 - [STDERR_REDIRECT] [Fatal Error] :1:1: Premature end of file.
2025-10-30 18:55:57,477 [ERROR] LogOutputStream:75 - [STDERR_REDIRECT] 
2025-10-30 18:55:58,477 [ERROR] LogOutputStream:75 - [STDERR_REDIRECT] [Fatal Error] :1:1: Premature end of file.
2025-10-30 18:55:58,477 [ERROR] LogOutputStream:75 - [STDERR_REDIRECT] 
2025-10-30 18:55:59,476 [ERROR] LogOutputStream:75 - [STDERR_REDIRECT] [Fatal Error] :1:1: Premature end of file.
2025-10-30 18:55:59,476 [ERROR] LogOutputStream:75 - [STDERR_REDIRECT] 
2025-10-30 18:56:00,476 [ERROR] LogOutputStream:75 - [STDERR_REDIRECT] [Fatal Error] :1:1: Premature end of file.
2025-10-30 18:56:00,476 [ERROR] LogOutputStream:75 - [STDERR_REDIRECT] 
2025-10-30 18:56:01,476 [ERROR] LogOutputStream:75 - [STDERR_REDIRECT] [Fatal Error] :1:1: Premature end of file.
2025-10-30 18:56:01,477 [ERROR] LogOutputStream:75 - [STDERR_REDIRECT] 
2025-10-30 18:56:02,476 [ERROR] LogOutputStream:75 - [STDERR_REDIRECT] [Fatal Error] :1:1: Premature end of file.
2025-10-30 18:56:02,476 [ERROR] LogOutputStream:75 - [STDERR_REDIRECT] 
2025-10-30 18:56:03,476 [ERROR] LogOutputStream:75 - [STDERR_REDIRECT] [Fatal Error] :1:1: Premature end of file.
2025-10-30 18:56:03,477 [ERROR] LogOutputStream:75 - [STDERR_REDIRECT] 
2025-10-30 18:56:04,476 [ERROR] LogOutputStream:75 - [STDERR_REDIRECT] [Fatal Error] :1:1: Premature end of file.
2025-10-30 18:56:04,476 [ERROR] LogOutputStream:75 - [STDERR_REDIRECT] 
2025-10-30 18:56:05,477 [ERROR] LogOutputStream:75 - [STDERR_REDIRECT] [Fatal Error] :1:1: Premature end of file.
2025-10-30 18:56:05,477 [ERROR] LogOutputStream:75 - [STDERR_REDIRECT] 
2025-10-30 18:56:06,475 [ERROR] LogOutputStream:75 - [STDERR_REDIRECT] [Fatal Error] :1:1: Premature end of file.
2025-10-30 18:56:06,475 [ERROR] LogOutputStream:75 - [STDERR_REDIRECT] 
2025-10-30 18:56:07,476 [ERROR] LogOutputStream:75 - [STDERR_REDIRECT] [Fatal Error] :1:1: Premature end of file.
2025-10-30 18:56:07,476 [ERROR] LogOutputStream:75 - [STDERR_REDIRECT] 
2025-10-30 18:56:08,476 [ERROR] LogOutputStream:75 - [STDERR_REDIRECT] [Fatal Error] :1:1: Premature end of file.
2025-10-30 18:56:08,476 [ERROR] LogOutputStream:75 - [STDERR_REDIRECT] 
2025-10-30 18:56:09,476 [ERROR] LogOutputStream:75 - [STDERR_REDIRECT] [Fatal Error] :1:1: Premature end of file.
2025-10-30 18:56:09,477 [ERROR] LogOutputStream:75 - [STDERR_REDIRECT] 
2025-10-30 18:56:10,476 [ERROR] LogOutputStream:75 - [STDERR_REDIRECT] [Fatal Error] :1:1: Premature end of file.
2025-10-30 18:56:10,477 [ERROR] LogOutputStream:75 - [STDERR_REDIRECT] 
2025-10-30 18:56:11,475 [ERROR] LogOutputStream:75 - [STDERR_REDIRECT] [Fatal Error] :1:1: Premature end of file.
2025-10-30 18:56:11,476 [ERROR] LogOutputStream:75 - [STDERR_REDIRECT] 
2025-10-30 18:56:12,478 [ERROR] LogOutputStream:75 - [STDERR_REDIRECT] [Fatal Error] :1:1: Premature end of file.
2025-10-30 18:56:12,478 [ERROR] LogOutputStream:75 - [STDERR_REDIRECT] 
2025-10-30 18:56:13,477 [ERROR] LogOutputStream:75 - [STDERR_REDIRECT] [Fatal Error] :1:1: Premature end of file.
2025-10-30 18:56:13,478 [ERROR] LogOutputStream:75 - [STDERR_REDIRECT] 
2025-10-30 18:56:14,477 [ERROR] LogOutputStream:75 - [STDERR_REDIRECT] [Fatal Error] :1:1: Premature end of file.
2025-10-30 18:56:14,477 [ERROR] LogOutputStream:75 - [STDERR_REDIRECT] 
2025-10-30 18:56:15,475 [ERROR] LogOutputStream:75 - [STDERR_REDIRECT] [Fatal Error] :1:1: Premature end of file.
2025-10-30 18:56:15,475 [ERROR] LogOutputStream:75 - [STDERR_REDIRECT] 
2025-10-30 18:56:16,477 [ERROR] LogOutputStream:75 - [STDERR_REDIRECT] [Fatal Error] :1:1: Premature end of file.
2025-10-30 18:56:16,477 [ERROR] LogOutputStream:75 - [STDERR_REDIRECT] 
2025-10-30 18:56:17,478 [ERROR] LogOutputStream:75 - [STDERR_REDIRECT] [Fatal Error] :1:1: Premature end of file.
2025-10-30 18:56:17,478 [ERROR] LogOutputStream:75 - [STDERR_REDIRECT] 
2025-10-30 18:56:18,480 [ERROR] LogOutputStream:75 - [STDERR_REDIRECT] [Fatal Error] :1:1: Premature end of file.
2025-10-30 18:56:18,480 [ERROR] LogOutputStream:75 - [STDERR_REDIRECT] 
2025-10-30 18:56:19,475 [ERROR] LogOutputStream:75 - [STDERR_REDIRECT] [Fatal Error] :1:1: Premature end of file.
2025-10-30 18:56:19,475 [ERROR] LogOutputStream:75 - [STDERR_REDIRECT] 
2025-10-30 18:56:20,476 [ERROR] LogOutputStream:75 - [STDERR_REDIRECT] [Fatal Error] :1:1: Premature end of file.
2025-10-30 18:56:20,476 [ERROR] LogOutputStream:75 - [STDERR_REDIRECT] 
2025-10-30 18:56:21,475 [ERROR] LogOutputStream:75 - [STDERR_REDIRECT] [Fatal Error] :1:1: Premature end of file.
2025-10-30 18:56:21,475 [ERROR] LogOutputStream:75 - [STDERR_REDIRECT] 
2025-10-30 18:56:22,474 [ERROR] LogOutputStream:75 - [STDERR_REDIRECT] [Fatal Error] :1:1: Premature end of file.
2025-10-30 18:56:22,474 [ERROR] LogOutputStream:75 - [STDERR_REDIRECT] 
2025-10-30 18:56:23,480 [ERROR] LogOutputStream:75 - [STDERR_REDIRECT] [Fatal Error] :1:1: Premature end of file.
2025-10-30 18:56:23,481 [ERROR] LogOutputStream:75 - [STDERR_REDIRECT] 
2025-10-30 18:56:24,476 [ERROR] LogOutputStream:75 - [STDERR_REDIRECT] [Fatal Error] :1:1: Premature end of file.
2025-10-30 18:56:24,476 [ERROR] LogOutputStream:75 - [STDERR_REDIRECT] 
2025-10-30 18:56:25,477 [ERROR] LogOutputStream:75 - [STDERR_REDIRECT] [Fatal Error] :1:1: Premature end of file.
2025-10-30 18:56:25,477 [ERROR] LogOutputStream:75 - [STDERR_REDIRECT] 
2025-10-30 18:56:26,476 [ERROR] LogOutputStream:75 - [STDERR_REDIRECT] [Fatal Error] :1:1: Premature end of file.
2025-10-30 18:56:26,476 [ERROR] LogOutputStream:75 - [STDERR_REDIRECT] 
2025-10-30 18:56:27,476 [ERROR] LogOutputStream:75 - [STDERR_REDIRECT] [Fatal Error] :1:1: Premature end of file.
2025-10-30 18:56:27,476 [ERROR] LogOutputStream:75 - [STDERR_REDIRECT] 
2025-10-30 18:56:28,476 [ERROR] LogOutputStream:75 - [STDERR_REDIRECT] [Fatal Error] :1:1: Premature end of file.
2025-10-30 18:56:28,477 [ERROR] LogOutputStream:75 - [STDERR_REDIRECT] 
2025-10-30 18:56:29,477 [ERROR] LogOutputStream:75 - [STDERR_REDIRECT] [Fatal Error] :1:1: Premature end of file.
2025-10-30 18:56:29,477 [ERROR] LogOutputStream:75 - [STDERR_REDIRECT] 
2025-10-30 18:56:30,474 [ERROR] LogOutputStream:75 - [STDERR_REDIRECT] [Fatal Error] :1:1: Premature end of file.
2025-10-30 18:56:30,475 [ERROR] LogOutputStream:75 - [STDERR_REDIRECT] 
2025-10-30 18:56:31,477 [ERROR] LogOutputStream:75 - [STDERR_REDIRECT] [Fatal Error] :1:1: Premature end of file.
2025-10-30 18:56:31,478 [ERROR] LogOutputStream:75 - [STDERR_REDIRECT] 
2025-10-30 18:56:32,480 [ERROR] LogOutputStream:75 - [STDERR_REDIRECT] [Fatal Error] :1:1: Premature end of file.
2025-10-30 18:56:32,480 [ERROR] LogOutputStream:75 - [STDERR_REDIRECT] 
2025-10-30 18:56:33,477 [ERROR] LogOutputStream:75 - [STDERR_REDIRECT] [Fatal Error] :1:1: Premature end of file.
2025-10-30 18:56:33,477 [ERROR] LogOutputStream:75 - [STDERR_REDIRECT] 
2025-10-30 18:56:34,476 [ERROR] LogOutputStream:75 - [STDERR_REDIRECT] [Fatal Error] :1:1: Premature end of file.
2025-10-30 18:56:34,476 [ERROR] LogOutputStream:75 - [STDERR_REDIRECT] 
2025-10-30 18:56:35,479 [ERROR] LogOutputStream:75 - [STDERR_REDIRECT] [Fatal Error] :1:1: Premature end of file.
2025-10-30 18:56:35,479 [ERROR] LogOutputStream:75 - [STDERR_REDIRECT] 
2025-10-30 18:56:36,474 [ERROR] LogOutputStream:75 - [STDERR_REDIRECT] [Fatal Error] :1:1: Premature end of file.
2025-10-30 18:56:36,474 [ERROR] LogOutputStream:75 - [STDERR_REDIRECT] 
2025-10-30 18:56:37,477 [ERROR] LogOutputStream:75 - [STDERR_REDIRECT] [Fatal Error] :1:1: Premature end of file.
2025-10-30 18:56:37,477 [ERROR] LogOutputStream:75 - [STDERR_REDIRECT] 
2025-10-30 18:56:38,475 [ERROR] LogOutputStream:75 - [STDERR_REDIRECT] [Fatal Error] :1:1: Premature end of file.
2025-10-30 18:56:38,475 [ERROR] LogOutputStream:75 - [STDERR_REDIRECT] 
2025-10-30 18:56:39,476 [ERROR] LogOutputStream:75 - [STDERR_REDIRECT] [Fatal Error] :1:1: Premature end of file.
2025-10-30 18:56:39,476 [ERROR] LogOutputStream:75 - [STDERR_REDIRECT] 
2025-10-30 18:56:40,476 [ERROR] LogOutputStream:75 - [STDERR_REDIRECT] [Fatal Error] :1:1: Premature end of file.
2025-10-30 18:56:40,476 [ERROR] LogOutputStream:75 - [STDERR_REDIRECT] 
2025-10-30 18:56:41,475 [ERROR] LogOutputStream:75 - [STDERR_REDIRECT] [Fatal Error] :1:1: Premature end of file.
2025-10-30 18:56:41,476 [ERROR] LogOutputStream:75 - [STDERR_REDIRECT] 
2025-10-30 18:56:42,475 [ERROR] LogOutputStream:75 - [STDERR_REDIRECT] [Fatal Error] :1:1: Premature end of file.
2025-10-30 18:56:42,476 [ERROR] LogOutputStream:75 - [STDERR_REDIRECT] 
2025-10-30 18:56:43,476 [ERROR] LogOutputStream:75 - [STDERR_REDIRECT] [Fatal Error] :1:1: Premature end of file.
2025-10-30 18:56:43,476 [ERROR] LogOutputStream:75 - [STDERR_REDIRECT] 
2025-10-30 18:56:44,475 [ERROR] LogOutputStream:75 - [STDERR_REDIRECT] [Fatal Error] :1:1: Premature end of file.
2025-10-30 18:56:44,476 [ERROR] LogOutputStream:75 - [STDERR_REDIRECT] 
2025-10-30 18:56:45,475 [ERROR] LogOutputStream:75 - [STDERR_REDIRECT] [Fatal Error] :1:1: Premature end of file.
2025-10-30 18:56:45,475 [ERROR] LogOutputStream:75 - [STDERR_REDIRECT] 
2025-10-30 18:56:46,474 [ERROR] LogOutputStream:75 - [STDERR_REDIRECT] [Fatal Error] :1:1: Premature end of file.
2025-10-30 18:56:46,474 [ERROR] LogOutputStream:75 - [STDERR_REDIRECT] 
2025-10-30 18:56:47,477 [ERROR] LogOutputStream:75 - [STDERR_REDIRECT] [Fatal Error] :1:1: Premature end of file.
2025-10-30 18:56:47,477 [ERROR] LogOutputStream:75 - [STDERR_REDIRECT] 
2025-10-30 18:56:48,477 [ERROR] LogOutputStream:75 - [STDERR_REDIRECT] [Fatal Error] :1:1: Premature end of file.
2025-10-30 18:56:48,477 [ERROR] LogOutputStream:75 - [STDERR_REDIRECT] 
2025-10-30 18:56:49,476 [ERROR] LogOutputStream:75 - [STDERR_REDIRECT] [Fatal Error] :1:1: Premature end of file.
2025-10-30 18:56:49,476 [ERROR] LogOutputStream:75 - [STDERR_REDIRECT] 
2025-10-30 18:56:50,474 [ERROR] LogOutputStream:75 - [STDERR_REDIRECT] [Fatal Error] :1:1: Premature end of file.
2025-10-30 18:56:50,474 [ERROR] LogOutputStream:75 - [STDERR_REDIRECT] 
2025-10-30 18:56:51,474 [ERROR] LogOutputStream:75 - [STDERR_REDIRECT] [Fatal Error] :1:1: Premature end of file.
2025-10-30 18:56:51,474 [ERROR] LogOutputStream:75 - [STDERR_REDIRECT] 
2025-10-30 18:56:52,476 [ERROR] LogOutputStream:75 - [STDERR_REDIRECT] [Fatal Error] :1:1: Premature end of file.
2025-10-30 18:56:52,477 [ERROR] LogOutputStream:75 - [STDERR_REDIRECT] 
2025-10-30 18:56:53,478 [ERROR] LogOutputStream:75 - [STDERR_REDIRECT] [Fatal Error] :1:1: Premature end of file.
2025-10-30 18:56:53,478 [ERROR] LogOutputStream:75 - [STDERR_REDIRECT] 
2025-10-30 18:56:54,480 [ERROR] LogOutputStream:75 - [STDERR_REDIRECT] [Fatal Error] :1:1: Premature end of file.
2025-10-30 18:56:54,480 [ERROR] LogOutputStream:75 - [STDERR_REDIRECT] 
2025-10-30 18:56:55,485 [ERROR] LogOutputStream:75 - [STDERR_REDIRECT] [Fatal Error] :1:1: Premature end of file.
2025-10-30 18:56:55,486 [ERROR] LogOutputStream:75 - [STDERR_REDIRECT] 
2025-10-30 18:56:56,452 [ERROR] LogOutputStream:75 - [STDERR_REDIRECT] [Fatal Error] :1:1: Premature end of file.
2025-10-30 18:56:56,452 [ERROR] LogOutputStream:75 - [STDERR_REDIRECT] 
2025-10-30 18:56:57,495 [ERROR] LogOutputStream:75 - [STDERR_REDIRECT] [Fatal Error] :1:1: Premature end of file.
2025-10-30 18:56:57,495 [ERROR] LogOutputStream:75 - [STDERR_REDIRECT] 
2025-10-30 18:56:58,477 [ERROR] LogOutputStream:75 - [STDERR_REDIRECT] [Fatal Error] :1:1: Premature end of file.
2025-10-30 18:56:58,478 [ERROR] LogOutputStream:75 - [STDERR_REDIRECT] 
2025-10-30 18:56:59,474 [ERROR] LogOutputStream:75 - [STDERR_REDIRECT] [Fatal Error] :1:1: Premature end of file.
2025-10-30 18:56:59,474 [ERROR] LogOutputStream:75 - [STDERR_REDIRECT] 
2025-10-30 18:57:00,254 [INFO] WebApp:403 - JxBrowser engine has been closed 
2025-10-30 18:57:00,443 [ERROR] LogOutputStream:75 - [STDERR_REDIRECT] [Fatal Error] :1:1: Premature end of file.
2025-10-30 18:57:00,443 [ERROR] LogOutputStream:75 - [STDERR_REDIRECT] 
2025-10-30 18:57:01,442 [ERROR] LogOutputStream:75 - [STDERR_REDIRECT] [Fatal Error] :1:1: Premature end of file.
2025-10-30 18:57:01,442 [ERROR] LogOutputStream:75 - [STDERR_REDIRECT] 
