2026-02-18 11:41:37,607 [INFO] Activator:176 - 


2026-02-18 11:41:37,613 [INFO] Activator:177 - !SESSION log4j initialized
2026-02-18 11:41:42,855 [INFO] LogOutputStream:77 - [STDOUT_REDIRECT] 
2026-02-18 11:41:43,626 [ERROR] ConfigurationRetriever:142 - IOException on connection: sw-center.st.com
2026-02-18 11:41:43,626 [ERROR] ConfigurationRetriever:142 - IOException on connection: sw-center.st.com
2026-02-18 11:41:43,626 [ERROR] ConfigurationRetriever:142 - IOException on connection: sw-center.st.com
2026-02-18 11:41:45,028 [ERROR] ConfigurationRetriever:142 - IOException on connection: sw-center.st.com
2026-02-18 11:41:45,029 [ERROR] ConfigurationRetriever:142 - IOException on connection: sw-center.st.com
2026-02-18 11:41:45,029 [ERROR] ConfigurationRetriever:142 - IOException on connection: sw-center.st.com
2026-02-18 11:41:45,989 [INFO] ApplicationProperties:184 - Using Application install path: C:\ST\STM32CubeIDE_1.19.0\STM32CubeIDE\plugins\com.st.stm32cube.common.mx_6.15.0.202507011659
2026-02-18 11:41:46,005 [INFO] DbMcusXml:78 - Set database path to: C:\ST\STM32CubeIDE_1.19.0\STM32CubeIDE\plugins\com.st.stm32cube.common.mx_6.15.0.202507011659\\db\/mcu/
2026-02-18 11:41:46,005 [INFO] ApiDb:274 - Set plugin database path to: C:\ST\STM32CubeIDE_1.19.0\STM32CubeIDE\plugins\com.st.stm32cube.common.mx_6.15.0.202507011659\\db\/plugins/boardmanager/
2026-02-18 11:41:46,005 [WARN] ApiDb:259 - Overriding images path with different value:  => C:\ST\STM32CubeIDE_1.19.0\STM32CubeIDE\plugins\com.st.stm32cube.common.mx_6.15.0.202507011659\\db\/plugins/mcufinder/images/
2026-02-18 11:41:46,013 [INFO] ApiDb:250 - Set database path to: C:\Users\Song\.stmcufinder\plugins\mcufinder//mcu/
2026-02-18 11:41:46,014 [INFO] DbMcusAds:125 - Set database path to: C:\Users\Song\.stmcufinder\plugins\mcufinder//mcu/
2026-02-18 11:41:46,016 [INFO] CrossReferenceDbSqlite:203 - Set database path to: C:\Users\Song\.stmcufinder\plugins\mcufinder//mcu/cs/
2026-02-18 11:41:46,108 [INFO] RulesReader:64 - Compatibility file has been processed (317 Rules)
2026-02-18 11:41:46,224 [INFO] DbMcusXml:78 - Set database path to: C:\ST\STM32CubeIDE_1.19.0\STM32CubeIDE\plugins\com.st.stm32cube.common.mx_6.15.0.202507011659\\db\/mcu/
2026-02-18 11:41:46,224 [INFO] ApiDb:274 - Set plugin database path to: C:\ST\STM32CubeIDE_1.19.0\STM32CubeIDE\plugins\com.st.stm32cube.common.mx_6.15.0.202507011659\\db\/plugins/boardmanager/
2026-02-18 11:41:46,224 [INFO] ApiDb:261 - Set plugin images path to: C:\ST\STM32CubeIDE_1.19.0\STM32CubeIDE\plugins\com.st.stm32cube.common.mx_6.15.0.202507011659\\db\/plugins/mcufinder/images/
2026-02-18 11:41:46,224 [WARN] DbFile:41 - Overriding database path with different value: C:\Users\Song\.stmcufinder\plugins\mcufinder/ => C:\Users\Song\.stmcufinder\plugins\mcufinder
2026-02-18 11:41:46,224 [INFO] ApiDb:250 - Set database path to: C:\Users\Song\.stmcufinder\plugins\mcufinder//mcu/
2026-02-18 11:41:46,224 [WARN] DbFile:41 - Overriding database path with different value: C:\Users\Song\.stmcufinder\plugins\mcufinder/ => C:\Users\Song\.stmcufinder\plugins\mcufinder
2026-02-18 11:41:46,224 [INFO] DbMcusAds:125 - Set database path to: C:\Users\Song\.stmcufinder\plugins\mcufinder//mcu/
2026-02-18 11:41:46,224 [WARN] DbFile:41 - Overriding database path with different value: C:\Users\Song\.stmcufinder\plugins\mcufinder/ => C:\Users\Song\.stmcufinder\plugins\mcufinder
2026-02-18 11:41:46,224 [WARN] DbFile:41 - Overriding database path with different value: C:\Users\Song\.stmcufinder\plugins\mcufinder/ => C:\Users\Song\.stmcufinder\plugins\mcufinder
2026-02-18 11:41:46,224 [INFO] CrossReferenceDbSqlite:203 - Set database path to: C:\Users\Song\.stmcufinder\plugins\mcufinder//mcu/cs/
2026-02-18 11:41:46,289 [INFO] MainPanel:274 - HeapMemory: 268435456
2026-02-18 11:41:46,536 [INFO] DbMcusXml:78 - Set database path to: C:\ST\STM32CubeIDE_1.19.0\STM32CubeIDE\plugins\com.st.stm32cube.common.mx_6.15.0.202507011659\\db\/mcu/
2026-02-18 11:41:46,537 [INFO] ApiDb:274 - Set plugin database path to: C:\ST\STM32CubeIDE_1.19.0\STM32CubeIDE\plugins\com.st.stm32cube.common.mx_6.15.0.202507011659\\db\/plugins/boardmanager/
2026-02-18 11:41:46,537 [INFO] ApiDb:261 - Set plugin images path to: C:\ST\STM32CubeIDE_1.19.0\STM32CubeIDE\plugins\com.st.stm32cube.common.mx_6.15.0.202507011659\\db\/plugins/mcufinder/images/
2026-02-18 11:41:46,539 [WARN] DbFile:41 - Overriding database path with different value: C:\Users\Song\.stmcufinder\plugins\mcufinder/ => C:\Users\Song\.stmcufinder\plugins\mcufinder
2026-02-18 11:41:46,539 [INFO] ApiDb:250 - Set database path to: C:\Users\Song\.stmcufinder\plugins\mcufinder//mcu/
2026-02-18 11:41:46,539 [WARN] DbFile:41 - Overriding database path with different value: C:\Users\Song\.stmcufinder\plugins\mcufinder/ => C:\Users\Song\.stmcufinder\plugins\mcufinder
2026-02-18 11:41:46,539 [INFO] DbMcusAds:125 - Set database path to: C:\Users\Song\.stmcufinder\plugins\mcufinder//mcu/
2026-02-18 11:41:46,539 [WARN] DbFile:41 - Overriding database path with different value: C:\Users\Song\.stmcufinder\plugins\mcufinder/ => C:\Users\Song\.stmcufinder\plugins\mcufinder
2026-02-18 11:41:46,539 [WARN] DbFile:41 - Overriding database path with different value: C:\Users\Song\.stmcufinder\plugins\mcufinder/ => C:\Users\Song\.stmcufinder\plugins\mcufinder
2026-02-18 11:41:46,539 [INFO] CrossReferenceDbSqlite:203 - Set database path to: C:\Users\Song\.stmcufinder\plugins\mcufinder//mcu/cs/
2026-02-18 11:41:46,574 [INFO] ApplicationProperties:184 - Using Application install path: C:\ST\STM32CubeIDE_1.19.0\STM32CubeIDE\plugins\com.st.stm32cube.common.mx_6.15.0.202507011659
2026-02-18 11:41:46,576 [INFO] PluginManage:196 - Search for loadable plugins [exclusion list=, ]
2026-02-18 11:41:46,581 [INFO] PluginManage:310 - Check plugin analytics
2026-02-18 11:41:47,132 [INFO] AnalyticsPlugin:253 - Accepted Software Licenses: 
2026-02-18 11:41:47,132 [INFO] AnalyticsPlugin:255 - Accepted CMSIS Pack Licenses: 
2026-02-18 11:41:47,133 [INFO] AnalyticsPlugin:257 - Accepted Firmware Licenses: 
2026-02-18 11:41:47,137 [ERROR] ConfigurationRetriever:142 - IOException on connection: sw-center.st.com
2026-02-18 11:41:47,137 [ERROR] ConfigurationRetriever:142 - IOException on connection: sw-center.st.com
2026-02-18 11:41:47,137 [ERROR] ConfigurationRetriever:142 - IOException on connection: sw-center.st.com
2026-02-18 11:41:47,139 [INFO] PluginManage:359 - Loaded plugin analytics (category:tool,tabindex:-1)
2026-02-18 11:41:47,140 [INFO] PluginManage:310 - Check plugin cadmodel
2026-02-18 11:41:47,151 [INFO] CADModel:105 - Init CAD model plugin
2026-02-18 11:41:47,151 [INFO] PluginManage:359 - Loaded plugin cadmodel (category:power,tabindex:5)
2026-02-18 11:41:47,152 [INFO] PluginManage:310 - Check plugin clock
2026-02-18 11:41:47,171 [INFO] PluginManage:359 - Loaded plugin clock (category:base,tabindex:2)
2026-02-18 11:41:47,172 [INFO] PluginManage:310 - Check plugin ddr
2026-02-18 11:41:47,178 [INFO] PluginManage:359 - Loaded plugin ddr (category:tool,tabindex:6)
2026-02-18 11:41:47,178 [INFO] PluginManage:310 - Check plugin filemanager
2026-02-18 11:41:47,295 [INFO] PluginManage:359 - Loaded plugin filemanager (category:base,tabindex:10)
2026-02-18 11:41:47,295 [INFO] PluginManage:310 - Check plugin ipmanager
2026-02-18 11:41:47,300 [INFO] PluginManage:359 - Loaded plugin ipmanager (category:base,tabindex:5)
2026-02-18 11:41:47,300 [INFO] PluginManage:310 - Check plugin lpbam
2026-02-18 11:41:47,307 [INFO] PluginManage:359 - Loaded plugin lpbam (category:base,tabindex:0)
2026-02-18 11:41:47,307 [INFO] PluginManage:310 - Check plugin memorymap
2026-02-18 11:41:47,318 [INFO] PluginManage:359 - Loaded plugin memorymap (category:base,tabindex:4)
2026-02-18 11:41:47,318 [INFO] PluginManage:310 - Check plugin pinoutandconfiguration
2026-02-18 11:41:47,324 [INFO] PluginManage:359 - Loaded plugin pinoutandconfiguration (category:base,tabindex:1)
2026-02-18 11:41:47,324 [INFO] PluginManage:310 - Check plugin pinoutconfig
2026-02-18 11:41:47,397 [WARN] SupportedApi:132 - Cannot load RTOS API schema: s4s-elt-must-match.1: The content of 'definitions' must match (annotation?, (simpleType | complexType)?, (unique | key | keyref)*)). A problem was found starting at: attribute.
2026-02-18 11:41:47,512 [INFO] PluginManage:359 - Loaded plugin pinoutconfig (category:base,tabindex:0)
2026-02-18 11:41:47,512 [INFO] PluginManage:310 - Check plugin power
2026-02-18 11:41:47,530 [INFO] PluginManage:359 - Loaded plugin power (category:power,tabindex:4)
2026-02-18 11:41:47,530 [INFO] PluginManage:310 - Check plugin projectmanager
2026-02-18 11:41:47,547 [INFO] PluginManage:359 - Loaded plugin projectmanager (category:projectmanager,tabindex:4)
2026-02-18 11:41:47,547 [INFO] PluginManage:310 - Check plugin rif
2026-02-18 11:41:47,574 [INFO] PluginManage:359 - Loaded plugin rif (category:base,tabindex:3)
2026-02-18 11:41:47,574 [INFO] PluginManage:310 - Check plugin thirdparty
2026-02-18 11:41:47,813 [WARN] IntegrityCheckThread:84 - waiting for thirdparty lock release [integrity check]
2026-02-18 11:41:47,814 [INFO] IntegrityCheckThread:86 - entering critical section [integrity check]
2026-02-18 11:41:47,814 [INFO] ThirdPartyUpdaterWithRetryManager:70 - Updater plugin not ready yet. [1/15]
2026-02-18 11:41:47,814 [INFO] PluginManage:359 - Loaded plugin thirdparty (category:base,tabindex:-1)
2026-02-18 11:41:47,814 [INFO] PluginManage:310 - Check plugin tools
2026-02-18 11:41:47,817 [INFO] PluginManage:359 - Loaded plugin tools (category:base,tabindex:7)
2026-02-18 11:41:47,817 [INFO] PluginManage:310 - Check plugin tutovideos
2026-02-18 11:41:48,045 [INFO] PluginManage:359 - Loaded plugin tutovideos (category:base,tabindex:-1)
2026-02-18 11:41:48,046 [INFO] PluginManage:310 - Check plugin updater
2026-02-18 11:41:48,073 [INFO] PluginManage:359 - Loaded plugin updater (category:base,tabindex:12)
2026-02-18 11:41:48,073 [INFO] PluginManage:310 - Check plugin userauth
2026-02-18 11:41:48,084 [INFO] UserAuth:118 - Init User Auth plugin
2026-02-18 11:41:48,085 [INFO] PluginManage:359 - Loaded plugin userauth (category:base,tabindex:14)
2026-02-18 11:41:48,087 [INFO] PluginManage:283 - PluginManage : Loaded plugins [18]
2026-02-18 11:41:48,322 [INFO] PinOutPanel:1589 - setPackage(No Configuration,No Configuration)
2026-02-18 11:41:48,386 [INFO] CADModel:165 - CPN selected for project level
2026-02-18 11:41:48,386 [INFO] CADModel:114 - Register for checkConnection events
2026-02-18 11:41:48,401 [INFO] IPUIPlugin:80 - create IPUIPlugin
2026-02-18 11:41:48,401 [INFO] PluginManager:220 - loadIPPluginJar : add adc
2026-02-18 11:41:48,403 [INFO] IPUIPlugin:80 - create IPUIPlugin
2026-02-18 11:41:48,403 [INFO] PluginManager:220 - loadIPPluginJar : add aes
2026-02-18 11:41:48,405 [INFO] IPUIPlugin:80 - create IPUIPlugin
2026-02-18 11:41:48,405 [INFO] PluginManager:220 - loadIPPluginJar : add can
2026-02-18 11:41:48,406 [INFO] IPUIPlugin:80 - create IPUIPlugin
2026-02-18 11:41:48,406 [INFO] PluginManager:220 - loadIPPluginJar : add comp
2026-02-18 11:41:48,408 [INFO] IPUIPlugin:80 - create IPUIPlugin
2026-02-18 11:41:48,408 [INFO] PluginManager:220 - loadIPPluginJar : add cryp
2026-02-18 11:41:48,410 [INFO] IPUIPlugin:80 - create IPUIPlugin
2026-02-18 11:41:48,410 [INFO] PluginManager:220 - loadIPPluginJar : add ddr_ctrl_phy
2026-02-18 11:41:48,412 [INFO] IPUIPlugin:80 - create IPUIPlugin
2026-02-18 11:41:48,412 [INFO] PluginManager:220 - loadIPPluginJar : add dfsdm
2026-02-18 11:41:48,415 [INFO] IPUIPlugin:80 - create IPUIPlugin
2026-02-18 11:41:48,416 [INFO] PluginManager:220 - loadIPPluginJar : add dma
2026-02-18 11:41:48,417 [INFO] IPUIPlugin:80 - create IPUIPlugin
2026-02-18 11:41:48,417 [INFO] PluginManager:220 - loadIPPluginJar : add dma3
2026-02-18 11:41:48,419 [INFO] IPUIPlugin:80 - create IPUIPlugin
2026-02-18 11:41:48,419 [INFO] PluginManager:220 - loadIPPluginJar : add extmemmanager
2026-02-18 11:41:48,420 [INFO] IPUIPlugin:80 - create IPUIPlugin
2026-02-18 11:41:48,420 [INFO] PluginManager:220 - loadIPPluginJar : add fatfs
2026-02-18 11:41:48,423 [INFO] IPUIPlugin:80 - create IPUIPlugin
2026-02-18 11:41:48,423 [INFO] PluginManager:220 - loadIPPluginJar : add fmc
2026-02-18 11:41:48,428 [INFO] IPUIPlugin:80 - create IPUIPlugin
2026-02-18 11:41:48,428 [INFO] PluginManager:220 - loadIPPluginJar : add freertos
2026-02-18 11:41:48,429 [INFO] IPUIPlugin:80 - create IPUIPlugin
2026-02-18 11:41:48,429 [INFO] PluginManager:220 - loadIPPluginJar : add genericplugin
2026-02-18 11:41:48,431 [INFO] IPUIPlugin:80 - create IPUIPlugin
2026-02-18 11:41:48,431 [INFO] PluginManager:220 - loadIPPluginJar : add gfxmmu
2026-02-18 11:41:48,434 [INFO] IPUIPlugin:80 - create IPUIPlugin
2026-02-18 11:41:48,434 [INFO] PluginManager:220 - loadIPPluginJar : add gic
2026-02-18 11:41:48,436 [INFO] IPUIPlugin:80 - create IPUIPlugin
2026-02-18 11:41:48,436 [INFO] PluginManager:220 - loadIPPluginJar : add gpio
2026-02-18 11:41:48,438 [INFO] IPUIPlugin:80 - create IPUIPlugin
2026-02-18 11:41:48,438 [INFO] PluginManager:220 - loadIPPluginJar : add gtzc
2026-02-18 11:41:48,439 [INFO] IPUIPlugin:80 - create IPUIPlugin
2026-02-18 11:41:48,439 [INFO] PluginManager:220 - loadIPPluginJar : add hash
2026-02-18 11:41:48,441 [INFO] IPUIPlugin:80 - create IPUIPlugin
2026-02-18 11:41:48,441 [INFO] PluginManager:220 - loadIPPluginJar : add i2c
2026-02-18 11:41:48,443 [INFO] IPUIPlugin:80 - create IPUIPlugin
2026-02-18 11:41:48,444 [INFO] PluginManager:220 - loadIPPluginJar : add i2s
2026-02-18 11:41:48,446 [INFO] IPUIPlugin:80 - create IPUIPlugin
2026-02-18 11:41:48,446 [INFO] PluginManager:220 - loadIPPluginJar : add i3c
2026-02-18 11:41:48,448 [INFO] IPUIPlugin:80 - create IPUIPlugin
2026-02-18 11:41:48,449 [INFO] PluginManager:220 - loadIPPluginJar : add ipddr
2026-02-18 11:41:48,453 [INFO] IPUIPlugin:80 - create IPUIPlugin
2026-02-18 11:41:48,453 [INFO] PluginManager:220 - loadIPPluginJar : add linkedlist
2026-02-18 11:41:48,455 [INFO] IPUIPlugin:80 - create IPUIPlugin
2026-02-18 11:41:48,455 [INFO] PluginManager:220 - loadIPPluginJar : add lorawan
2026-02-18 11:41:48,456 [INFO] IPUIPlugin:80 - create IPUIPlugin
2026-02-18 11:41:48,456 [INFO] PluginManager:220 - loadIPPluginJar : add ltdc
2026-02-18 11:41:48,460 [INFO] IPUIPlugin:80 - create IPUIPlugin
2026-02-18 11:41:48,460 [INFO] PluginManager:220 - loadIPPluginJar : add mdma
2026-02-18 11:41:48,462 [INFO] IPUIPlugin:80 - create IPUIPlugin
2026-02-18 11:41:48,462 [INFO] PluginManager:220 - loadIPPluginJar : add nvic
2026-02-18 11:41:48,464 [INFO] IPUIPlugin:80 - create IPUIPlugin
2026-02-18 11:41:48,464 [INFO] PluginManager:220 - loadIPPluginJar : add opamp
2026-02-18 11:41:48,466 [INFO] IPUIPlugin:80 - create IPUIPlugin
2026-02-18 11:41:48,466 [INFO] PluginManager:220 - loadIPPluginJar : add openamp
2026-02-18 11:41:48,467 [INFO] IPUIPlugin:80 - create IPUIPlugin
2026-02-18 11:41:48,468 [INFO] PluginManager:220 - loadIPPluginJar : add pdm2pcm
2026-02-18 11:41:48,471 [INFO] IPUIPlugin:80 - create IPUIPlugin
2026-02-18 11:41:48,472 [INFO] PluginManager:220 - loadIPPluginJar : add plateformsettings
2026-02-18 11:41:48,473 [INFO] IPUIPlugin:80 - create IPUIPlugin
2026-02-18 11:41:48,473 [INFO] PluginManager:220 - loadIPPluginJar : add quadspi
2026-02-18 11:41:48,475 [INFO] IPUIPlugin:80 - create IPUIPlugin
2026-02-18 11:41:48,475 [INFO] PluginManager:220 - loadIPPluginJar : add radio
2026-02-18 11:41:48,478 [INFO] IPUIPlugin:80 - create IPUIPlugin
2026-02-18 11:41:48,478 [INFO] PluginManager:220 - loadIPPluginJar : add resmgrutility
2026-02-18 11:41:48,481 [INFO] IPUIPlugin:80 - create IPUIPlugin
2026-02-18 11:41:48,481 [INFO] PluginManager:220 - loadIPPluginJar : add sai
2026-02-18 11:41:48,482 [INFO] IPUIPlugin:80 - create IPUIPlugin
2026-02-18 11:41:48,482 [INFO] PluginManager:220 - loadIPPluginJar : add spi
2026-02-18 11:41:48,486 [INFO] IPUIPlugin:80 - create IPUIPlugin
2026-02-18 11:41:48,486 [INFO] PluginManager:220 - loadIPPluginJar : add stm32_wpan
2026-02-18 11:41:48,487 [INFO] IPUIPlugin:80 - create IPUIPlugin
2026-02-18 11:41:48,487 [INFO] PluginManager:220 - loadIPPluginJar : add tim
2026-02-18 11:41:48,489 [INFO] IPUIPlugin:80 - create IPUIPlugin
2026-02-18 11:41:48,489 [INFO] PluginManager:220 - loadIPPluginJar : add touchsensing
2026-02-18 11:41:48,490 [INFO] IPUIPlugin:80 - create IPUIPlugin
2026-02-18 11:41:48,490 [INFO] PluginManager:220 - loadIPPluginJar : add tracer_emb
2026-02-18 11:41:48,492 [INFO] IPUIPlugin:80 - create IPUIPlugin
2026-02-18 11:41:48,492 [INFO] PluginManager:220 - loadIPPluginJar : add ts
2026-02-18 11:41:48,493 [INFO] IPUIPlugin:80 - create IPUIPlugin
2026-02-18 11:41:48,493 [INFO] PluginManager:220 - loadIPPluginJar : add tsc
2026-02-18 11:41:48,494 [INFO] IPUIPlugin:80 - create IPUIPlugin
2026-02-18 11:41:48,494 [INFO] PluginManager:220 - loadIPPluginJar : add ucpd
2026-02-18 11:41:48,496 [INFO] IPUIPlugin:80 - create IPUIPlugin
2026-02-18 11:41:48,496 [INFO] PluginManager:220 - loadIPPluginJar : add usart
2026-02-18 11:41:48,498 [INFO] IPUIPlugin:80 - create IPUIPlugin
2026-02-18 11:41:48,498 [INFO] PluginManager:220 - loadIPPluginJar : add usbx
2026-02-18 11:41:48,607 [FATAL] Updater:351 - Updater called before beeing initialized
2026-02-18 11:41:48,623 [INFO] RulesReader:64 - Compatibility file has been processed (317 Rules)
2026-02-18 11:41:48,631 [INFO] RulesReader:64 - Compatibility file has been processed (317 Rules)
2026-02-18 11:41:48,644 [INFO] CADModel:165 - CPN selected for project level
2026-02-18 11:41:48,644 [INFO] CADModel:114 - Register for checkConnection events
2026-02-18 11:41:48,644 [FATAL] Updater:351 - Updater called before beeing initialized
2026-02-18 11:41:48,645 [ERROR] CADModel:125 - Updater not yet initialized, retry later 
2026-02-18 11:41:48,846 [FATAL] Updater:351 - Updater called before beeing initialized
2026-02-18 11:41:48,848 [INFO] CADModel:165 - CPN selected for project level
2026-02-18 11:41:48,848 [INFO] CADModel:114 - Register for checkConnection events
2026-02-18 11:41:48,848 [FATAL] Updater:351 - Updater called before beeing initialized
2026-02-18 11:41:48,848 [ERROR] CADModel:125 - Updater not yet initialized, retry later 
2026-02-18 11:41:48,850 [FATAL] Updater:351 - Updater called before beeing initialized
2026-02-18 11:41:48,953 [FATAL] Updater:351 - Updater called before beeing initialized
2026-02-18 11:41:48,960 [INFO] DbMcusAds:53 - JSON generation date=Thu Jan 08 23:57:51 HKT 2026 (1767887871456)
2026-02-18 11:41:48,960 [FATAL] Updater:351 - Updater called before beeing initialized
2026-02-18 11:41:48,990 [WARN] DetailPanel:346 - Failed to get advertising image, set to default
2026-02-18 11:41:49,051 [FATAL] Updater:351 - Updater called before beeing initialized
2026-02-18 11:41:49,053 [FATAL] Updater:351 - Updater called before beeing initialized
2026-02-18 11:41:49,053 [FATAL] Updater:351 - Updater called before beeing initialized
2026-02-18 11:41:49,053 [WARN] DetailPanel:346 - Failed to get advertising image, set to default
2026-02-18 11:41:49,053 [FATAL] Updater:351 - Updater called before beeing initialized
2026-02-18 11:41:49,095 [ERROR] Updater:1198 - MainUpdater not yet initialized. External WinMGr cannot be set.
2026-02-18 11:41:49,097 [INFO] Updater:1134 - Updater Version found : 6.15.0
2026-02-18 11:41:49,108 [INFO] ApplicationProperties:184 - Using Application install path: C:\ST\STM32CubeIDE_1.19.0\STM32CubeIDE\plugins\com.st.stm32cube.common.mx_6.15.0.202507011659
2026-02-18 11:41:50,678 [ERROR] LogOutputStream:75 - [STDERR_REDIRECT] Feb 18, 2026 11:41:50 AM java.util.prefs.WindowsPreferences <init>
2026-02-18 11:41:50,679 [ERROR] LogOutputStream:75 - [STDERR_REDIRECT] WARNING: Could not open/create prefs root node Software\JavaSoft\Prefs at root 0xffffffff80000002. Windows RegCreateKeyEx(...) returned error code 5.
2026-02-18 11:41:50,679 [ERROR] LogOutputStream:75 - [STDERR_REDIRECT] 
2026-02-18 11:41:50,815 [INFO] ThirdPartyUpdaterWithRetryManager:70 - Updater plugin not ready yet. [2/15]
2026-02-18 11:41:51,012 [INFO] MainUpdater:2872 - connection check result : 22
2026-02-18 11:41:51,012 [INFO] MainUpdater:289 - Updater Check For Update Now.
2026-02-18 11:41:51,012 [INFO] MicroXplorer:498 - Change Database Version : DB.6.0.150
2026-02-18 11:41:51,043 [INFO] McuFinderGlobals:63 - Set McuFinder mode to 2 (CubeIDE integrated)
2026-02-18 11:41:51,044 [INFO] UserAuth:487 - Internet connection configuration mode: 2
2026-02-18 11:41:51,062 [INFO] UserAuth:487 - Internet connection configuration mode: 2
2026-02-18 11:41:51,207 [INFO] CheckServerUpdateThread:120 - End of CheckServer Thread
2026-02-18 11:41:52,177 [ERROR] LogOutputStream:75 - [STDERR_REDIRECT] [Fatal Error] :1:1: Premature end of file.
2026-02-18 11:41:52,177 [ERROR] LogOutputStream:75 - [STDERR_REDIRECT] 
2026-02-18 11:41:53,165 [ERROR] LogOutputStream:75 - [STDERR_REDIRECT] [Fatal Error] :1:1: Premature end of file.
2026-02-18 11:41:53,165 [ERROR] LogOutputStream:75 - [STDERR_REDIRECT] 
2026-02-18 11:41:53,955 [WARN] PackLoader:240 - Cannot read IP mode file for STMicroelectronics.FP-SNS-MOTENVWB1.1.4.0
2026-02-18 11:41:53,961 [WARN] PackLoader:240 - Cannot read IP mode file for STMicroelectronics.FP-ATR-ASTRA1.2.0.2
2026-02-18 11:41:53,966 [WARN] PackLoader:240 - Cannot read IP mode file for STMicroelectronics.X-CUBE-SMBUS.2.1.0
2026-02-18 11:41:53,990 [WARN] PackLoader:240 - Cannot read IP mode file for STMicroelectronics.X-CUBE-AZRTOS-F7.1.1.0
2026-02-18 11:41:54,000 [WARN] PackLoader:240 - Cannot read IP mode file for STMicroelectronics.X-CUBE-DISPLAY.3.0.0
2026-02-18 11:41:54,013 [WARN] PackLoader:240 - Cannot read IP mode file for STMicroelectronics.X-CUBE-NFC10.1.0.0
2026-02-18 11:41:54,018 [WARN] PackLoader:240 - Cannot read IP mode file for STMicroelectronics.FP-SNS-SMARTAG2.1.2.0
2026-02-18 11:41:54,021 [WARN] PackLoader:240 - Cannot read IP mode file for STMicroelectronics.FP-SNS-FLIGHT1.5.1.0
2026-02-18 11:41:54,033 [INFO] LogOutputStream:77 - [STDOUT_REDIRECT] 1 : Invalid condition id : UX_CORESTACK_Condition cause : null
2026-02-18 11:41:54,034 [INFO] LogOutputStream:77 - [STDOUT_REDIRECT] 1 : Invalid condition id : UX_CORESTACK_Condition cause : null
2026-02-18 11:41:54,035 [INFO] LogOutputStream:77 - [STDOUT_REDIRECT] 1 : Invalid condition id : UX_CORESTACK_Condition cause : null
2026-02-18 11:41:54,036 [INFO] LogOutputStream:77 - [STDOUT_REDIRECT] 1 : Invalid condition id : UX_CORESTACK_Condition cause : null
2026-02-18 11:41:54,037 [INFO] LogOutputStream:77 - [STDOUT_REDIRECT] 1 : Invalid condition id : UX_CORESTACK_Condition cause : null
2026-02-18 11:41:54,039 [WARN] PackLoader:240 - Cannot read IP mode file for STMicroelectronics.X-CUBE-AZRTOS-WL.2.0.0
2026-02-18 11:41:54,057 [WARN] PackLoader:240 - Cannot read IP mode file for STMicroelectronics.X-CUBE-AZRTOS-H7RS.1.2.0
2026-02-18 11:41:54,063 [WARN] PackLoader:240 - Cannot read IP mode file for STMicroelectronics.X-CUBE-BLE2.3.3.0
2026-02-18 11:41:54,088 [WARN] PackLoader:240 - Cannot read IP mode file for Infineon.AIROC-Wi-Fi-Bluetooth-STM32.1.8.0
2026-02-18 11:41:54,094 [WARN] PackLoader:240 - Cannot read IP mode file for STMicroelectronics.X-CUBE-NFC9.1.0.0
2026-02-18 11:41:54,098 [WARN] PackLoader:240 - Cannot read IP mode file for STMicroelectronics.X-CUBE-BLE1.7.1.0
2026-02-18 11:41:54,101 [WARN] PackLoader:240 - Cannot read IP mode file for STMicroelectronics.X-CUBE-FREERTOS.1.4.0
2026-02-18 11:41:54,103 [WARN] PackLoader:240 - Cannot read IP mode file for Cesanta.I-CUBE-Mongoose.7.20.0
2026-02-18 11:41:54,128 [WARN] PackLoader:240 - Cannot read IP mode file for STMicroelectronics.X-CUBE-MEMS1.12.0.0
2026-02-18 11:41:54,168 [ERROR] LogOutputStream:75 - [STDERR_REDIRECT] [Fatal Error] :1:1: Premature end of file.
2026-02-18 11:41:54,169 [ERROR] LogOutputStream:75 - [STDERR_REDIRECT] 
2026-02-18 11:41:54,169 [WARN] PackLoader:240 - Cannot read IP mode file for STMicroelectronics.X-CUBE-AZRTOS-G0.1.1.0
2026-02-18 11:41:54,174 [WARN] PackLoader:240 - Cannot read IP mode file for STMicroelectronics.X-CUBE-SAFEA1.1.2.2
2026-02-18 11:41:54,178 [WARN] PackLoader:240 - Cannot read IP mode file for STMicroelectronics.X-CUBE-NFC4.3.0.0
2026-02-18 11:41:54,183 [WARN] PackLoader:240 - Cannot read IP mode file for EmbeddedOffice.I-CUBE-FS-RTOS.1.0.1
2026-02-18 11:41:54,187 [WARN] PackLoader:240 - Cannot read IP mode file for STMicroelectronics.X-CUBE-WB05N.2.0.0
2026-02-18 11:41:54,189 [WARN] PackLoader:240 - Cannot read IP mode file for STMicroelectronics.X-CUBE-TCPP.4.2.0
2026-02-18 11:41:54,192 [WARN] PackLoader:240 - Cannot read IP mode file for RealThread.X-CUBE-RT-Thread_Nano.4.1.1
2026-02-18 11:41:54,195 [WARN] PackLoader:240 - Cannot read IP mode file for STMicroelectronics.FP-ATR-SIGFOX1.3.2.0
2026-02-18 11:41:54,199 [WARN] PackLoader:240 - Cannot read IP mode file for STMicroelectronics.X-CUBE-NFC6.3.2.0
2026-02-18 11:41:54,256 [WARN] PackLoader:240 - Cannot read IP mode file for SEGGER.I-CUBE-embOS.1.3.1
2026-02-18 11:41:54,282 [WARN] PackLoader:240 - Cannot read IP mode file for STMicroelectronics.X-CUBE-ALGOBUILD.1.4.0
2026-02-18 11:41:54,299 [WARN] PackLoader:240 - Cannot read IP mode file for STMicroelectronics.X-CUBE-MEMS1.11.3.0
2026-02-18 11:41:54,358 [WARN] PackLoader:240 - Cannot read IP mode file for STMicroelectronics.X-CUBE-PM33A1.1.0.0
2026-02-18 11:41:54,364 [WARN] PackLoader:240 - Cannot read IP mode file for STMicroelectronics.X-CUBE-AZRTOS-F4.1.1.0
2026-02-18 11:41:54,368 [WARN] PackLoader:240 - Cannot read IP mode file for STMicroelectronics.X-CUBE-ISPU.2.1.0
2026-02-18 11:41:54,374 [WARN] PackLoader:240 - Cannot read IP mode file for STMicroelectronics.X-CUBE-AZRTOS-L5.2.0.0
2026-02-18 11:41:54,378 [WARN] PackLoader:240 - Cannot read IP mode file for STMicroelectronics.X-CUBE-NFC6.3.1.0
2026-02-18 11:41:54,381 [WARN] PackLoader:240 - Cannot read IP mode file for STMicroelectronics.X-CUBE-FREERTOS.1.3.1
2026-02-18 11:41:54,384 [WARN] PackLoader:240 - Cannot read IP mode file for STMicroelectronics.X-CUBE-DPower.1.3.0
2026-02-18 11:41:54,390 [WARN] ConditionMgr:438 - getConditionDescription Invalid condition id : LAN8742 Phy interface Condition cause : null
2026-02-18 11:41:54,390 [WARN] PackLoader:240 - Cannot read IP mode file for STMicroelectronics.X-CUBE-AZRTOS-L4.2.0.0
2026-02-18 11:41:54,392 [WARN] ConditionMgr:1044 - genDependencies : Invalid condition id : LAN8742 Phy interface Condition cause : null
2026-02-18 11:41:54,392 [WARN] ConditionMgr:1044 - genDependencies : Invalid condition id : LAN8742 Phy interface Condition cause : null
2026-02-18 11:41:54,392 [WARN] ConditionMgr:1044 - genDependencies : Invalid condition id : LAN8742 Phy interface Condition cause : null
2026-02-18 11:41:54,397 [WARN] PackLoader:240 - Cannot read IP mode file for STMicroelectronics.X-CUBE-SFXS2LP1.4.0.0
2026-02-18 11:41:54,401 [WARN] PackLoader:240 - Cannot read IP mode file for STMicroelectronics.X-CUBE-ST67W61.1.2.0
2026-02-18 11:41:54,410 [WARN] ConditionMgr:438 - getConditionDescription Invalid condition id : UX DEVICE CLASS RTOS Condition cause : null
2026-02-18 11:41:54,412 [WARN] ConditionMgr:438 - getConditionDescription Invalid condition id : UX DEVICE CLASS RTOS Condition cause : null
2026-02-18 11:41:54,412 [WARN] PackLoader:240 - Cannot read IP mode file for STMicroelectronics.X-CUBE-AZRTOS-WB.2.0.0
2026-02-18 11:41:54,412 [WARN] ConditionMgr:1044 - genDependencies : Invalid condition id : UX DEVICE CLASS RTOS Condition cause : null
2026-02-18 11:41:54,412 [WARN] ConditionMgr:1044 - genDependencies : Invalid condition id : UX DEVICE CLASS RTOS Condition cause : null
2026-02-18 11:41:54,413 [WARN] ConditionMgr:1044 - genDependencies : Invalid condition id : UX DEVICE CLASS RTOS Condition cause : null
2026-02-18 11:41:54,413 [WARN] ConditionMgr:1044 - genDependencies : Invalid condition id : UX DEVICE CLASS RTOS Condition cause : null
2026-02-18 11:41:54,413 [WARN] ConditionMgr:1044 - genDependencies : Invalid condition id : UX DEVICE CLASS RTOS Condition cause : null
2026-02-18 11:41:54,415 [WARN] ConditionMgr:438 - getConditionDescription Invalid condition id : Cortex-A Device cause : null
2026-02-18 11:41:54,420 [WARN] ConditionMgr:1044 - genDependencies : Invalid condition id : Cortex-A Device cause : null
2026-02-18 11:41:54,420 [WARN] ConditionMgr:1044 - genDependencies : Invalid condition id : Cortex-A Device cause : null
2026-02-18 11:41:54,420 [WARN] ConditionMgr:1044 - genDependencies : Invalid condition id : Cortex-A Device cause : null
2026-02-18 11:41:54,424 [WARN] PackLoader:240 - Cannot read IP mode file for STMicroelectronics.X-CUBE-STSE01.2.0.0
2026-02-18 11:41:54,429 [WARN] PackLoader:240 - Cannot read IP mode file for STMicroelectronics.X-CUBE-SUBG2.5.0.0
2026-02-18 11:41:54,438 [WARN] PackLoader:240 - Cannot read IP mode file for STMicroelectronics.X-CUBE-AZRTOS-H7RS.1.1.0
2026-02-18 11:41:54,445 [WARN] PackLoader:240 - Cannot read IP mode file for STMicroelectronics.X-CUBE-AZRTOS-G4.2.0.0
2026-02-18 11:41:54,448 [WARN] PackLoader:240 - Cannot read IP mode file for STMicroelectronics.X-CUBE-NFC7.2.0.0
2026-02-18 11:41:54,451 [WARN] PackLoader:240 - Cannot read IP mode file for STMicroelectronics.X-CUBE-ALS.1.0.2
2026-02-18 11:41:54,454 [WARN] PackLoader:240 - Cannot read IP mode file for STMicroelectronics.X-CUBE-STSE01.1.0.0
2026-02-18 11:41:54,459 [WARN] PackLoader:240 - Cannot read IP mode file for STMicroelectronics.X-CUBE-TOF1.3.4.3
2026-02-18 11:41:54,464 [INFO] ThirdParty:978 - Integrity check success = true
2026-02-18 11:41:54,464 [INFO] IntegrityCheckThread:100 - exiting critical section [integrity check]
2026-02-18 11:41:54,464 [INFO] IntegrityCheckThread:103 - End integrity checks thread
2026-02-18 11:41:55,167 [ERROR] LogOutputStream:75 - [STDERR_REDIRECT] [Fatal Error] :1:1: Premature end of file.
2026-02-18 11:41:55,170 [ERROR] LogOutputStream:75 - [STDERR_REDIRECT] 
2026-02-18 11:41:56,167 [ERROR] LogOutputStream:75 - [STDERR_REDIRECT] [Fatal Error] :1:1: Premature end of file.
2026-02-18 11:41:56,167 [ERROR] LogOutputStream:75 - [STDERR_REDIRECT] 
2026-02-18 11:41:57,165 [ERROR] LogOutputStream:75 - [STDERR_REDIRECT] [Fatal Error] :1:1: Premature end of file.
2026-02-18 11:41:57,165 [ERROR] LogOutputStream:75 - [STDERR_REDIRECT] 
2026-02-18 11:41:58,164 [ERROR] LogOutputStream:75 - [STDERR_REDIRECT] [Fatal Error] :1:1: Premature end of file.
2026-02-18 11:41:58,165 [ERROR] LogOutputStream:75 - [STDERR_REDIRECT] 
2026-02-18 11:41:59,165 [ERROR] LogOutputStream:75 - [STDERR_REDIRECT] [Fatal Error] :1:1: Premature end of file.
2026-02-18 11:41:59,165 [ERROR] LogOutputStream:75 - [STDERR_REDIRECT] 
2026-02-18 11:42:00,163 [ERROR] LogOutputStream:75 - [STDERR_REDIRECT] [Fatal Error] :1:1: Premature end of file.
2026-02-18 11:42:00,165 [ERROR] LogOutputStream:75 - [STDERR_REDIRECT] 
2026-02-18 11:42:01,165 [ERROR] LogOutputStream:75 - [STDERR_REDIRECT] [Fatal Error] :1:1: Premature end of file.
2026-02-18 11:42:01,165 [ERROR] LogOutputStream:75 - [STDERR_REDIRECT] 
2026-02-18 11:42:02,164 [ERROR] LogOutputStream:75 - [STDERR_REDIRECT] [Fatal Error] :1:1: Premature end of file.
2026-02-18 11:42:02,164 [ERROR] LogOutputStream:75 - [STDERR_REDIRECT] 
2026-02-18 11:42:03,163 [ERROR] LogOutputStream:75 - [STDERR_REDIRECT] [Fatal Error] :1:1: Premature end of file.
2026-02-18 11:42:03,163 [ERROR] LogOutputStream:75 - [STDERR_REDIRECT] 
2026-02-18 11:42:04,166 [ERROR] LogOutputStream:75 - [STDERR_REDIRECT] [Fatal Error] :1:1: Premature end of file.
2026-02-18 11:42:04,166 [ERROR] LogOutputStream:75 - [STDERR_REDIRECT] 
2026-02-18 11:42:05,165 [ERROR] LogOutputStream:75 - [STDERR_REDIRECT] [Fatal Error] :1:1: Premature end of file.
2026-02-18 11:42:05,165 [ERROR] LogOutputStream:75 - [STDERR_REDIRECT] 
2026-02-18 11:42:06,166 [ERROR] LogOutputStream:75 - [STDERR_REDIRECT] [Fatal Error] :1:1: Premature end of file.
2026-02-18 11:42:06,166 [ERROR] LogOutputStream:75 - [STDERR_REDIRECT] 
2026-02-18 11:42:07,167 [ERROR] LogOutputStream:75 - [STDERR_REDIRECT] [Fatal Error] :1:1: Premature end of file.
2026-02-18 11:42:07,167 [ERROR] LogOutputStream:75 - [STDERR_REDIRECT] 
2026-02-18 11:42:08,165 [ERROR] LogOutputStream:75 - [STDERR_REDIRECT] [Fatal Error] :1:1: Premature end of file.
2026-02-18 11:42:08,166 [ERROR] LogOutputStream:75 - [STDERR_REDIRECT] 
2026-02-18 11:42:09,164 [ERROR] LogOutputStream:75 - [STDERR_REDIRECT] [Fatal Error] :1:1: Premature end of file.
2026-02-18 11:42:09,164 [ERROR] LogOutputStream:75 - [STDERR_REDIRECT] 
2026-02-18 11:42:10,164 [ERROR] LogOutputStream:75 - [STDERR_REDIRECT] [Fatal Error] :1:1: Premature end of file.
2026-02-18 11:42:10,164 [ERROR] LogOutputStream:75 - [STDERR_REDIRECT] 
2026-02-18 11:42:11,164 [ERROR] LogOutputStream:75 - [STDERR_REDIRECT] [Fatal Error] :1:1: Premature end of file.
2026-02-18 11:42:11,165 [ERROR] LogOutputStream:75 - [STDERR_REDIRECT] 
2026-02-18 11:42:12,166 [ERROR] LogOutputStream:75 - [STDERR_REDIRECT] [Fatal Error] :1:1: Premature end of file.
2026-02-18 11:42:12,166 [ERROR] LogOutputStream:75 - [STDERR_REDIRECT] 
2026-02-18 11:42:13,168 [ERROR] LogOutputStream:75 - [STDERR_REDIRECT] [Fatal Error] :1:1: Premature end of file.
2026-02-18 11:42:13,168 [ERROR] LogOutputStream:75 - [STDERR_REDIRECT] 
2026-02-18 11:42:14,163 [ERROR] LogOutputStream:75 - [STDERR_REDIRECT] [Fatal Error] :1:1: Premature end of file.
2026-02-18 11:42:14,163 [ERROR] LogOutputStream:75 - [STDERR_REDIRECT] 
2026-02-18 11:42:15,166 [ERROR] LogOutputStream:75 - [STDERR_REDIRECT] [Fatal Error] :1:1: Premature end of file.
2026-02-18 11:42:15,167 [ERROR] LogOutputStream:75 - [STDERR_REDIRECT] 
2026-02-18 11:42:16,166 [ERROR] LogOutputStream:75 - [STDERR_REDIRECT] [Fatal Error] :1:1: Premature end of file.
2026-02-18 11:42:16,166 [ERROR] LogOutputStream:75 - [STDERR_REDIRECT] 
2026-02-18 11:42:17,165 [ERROR] LogOutputStream:75 - [STDERR_REDIRECT] [Fatal Error] :1:1: Premature end of file.
2026-02-18 11:42:17,165 [ERROR] LogOutputStream:75 - [STDERR_REDIRECT] 
2026-02-18 11:42:18,165 [ERROR] LogOutputStream:75 - [STDERR_REDIRECT] [Fatal Error] :1:1: Premature end of file.
2026-02-18 11:42:18,165 [ERROR] LogOutputStream:75 - [STDERR_REDIRECT] 
2026-02-18 11:42:19,166 [ERROR] LogOutputStream:75 - [STDERR_REDIRECT] [Fatal Error] :1:1: Premature end of file.
2026-02-18 11:42:19,166 [ERROR] LogOutputStream:75 - [STDERR_REDIRECT] 
2026-02-18 11:42:20,166 [ERROR] LogOutputStream:75 - [STDERR_REDIRECT] [Fatal Error] :1:1: Premature end of file.
2026-02-18 11:42:20,166 [ERROR] LogOutputStream:75 - [STDERR_REDIRECT] 
2026-02-18 11:42:21,164 [ERROR] LogOutputStream:75 - [STDERR_REDIRECT] [Fatal Error] :1:1: Premature end of file.
2026-02-18 11:42:21,166 [ERROR] LogOutputStream:75 - [STDERR_REDIRECT] 
2026-02-18 11:42:22,165 [ERROR] LogOutputStream:75 - [STDERR_REDIRECT] [Fatal Error] :1:1: Premature end of file.
2026-02-18 11:42:22,165 [ERROR] LogOutputStream:75 - [STDERR_REDIRECT] 
2026-02-18 11:42:23,166 [ERROR] LogOutputStream:75 - [STDERR_REDIRECT] [Fatal Error] :1:1: Premature end of file.
2026-02-18 11:42:23,166 [ERROR] LogOutputStream:75 - [STDERR_REDIRECT] 
2026-02-18 11:42:24,167 [ERROR] LogOutputStream:75 - [STDERR_REDIRECT] [Fatal Error] :1:1: Premature end of file.
2026-02-18 11:42:24,167 [ERROR] LogOutputStream:75 - [STDERR_REDIRECT] 
2026-02-18 11:42:25,164 [ERROR] LogOutputStream:75 - [STDERR_REDIRECT] [Fatal Error] :1:1: Premature end of file.
2026-02-18 11:42:25,164 [ERROR] LogOutputStream:75 - [STDERR_REDIRECT] 
2026-02-18 11:42:26,167 [ERROR] LogOutputStream:75 - [STDERR_REDIRECT] [Fatal Error] :1:1: Premature end of file.
2026-02-18 11:42:26,167 [ERROR] LogOutputStream:75 - [STDERR_REDIRECT] 
2026-02-18 11:42:27,176 [ERROR] LogOutputStream:75 - [STDERR_REDIRECT] [Fatal Error] :1:1: Premature end of file.
2026-02-18 11:42:27,176 [ERROR] LogOutputStream:75 - [STDERR_REDIRECT] 
2026-02-18 11:42:28,174 [ERROR] LogOutputStream:75 - [STDERR_REDIRECT] [Fatal Error] :1:1: Premature end of file.
2026-02-18 11:42:28,174 [ERROR] LogOutputStream:75 - [STDERR_REDIRECT] 
2026-02-18 11:42:29,167 [ERROR] LogOutputStream:75 - [STDERR_REDIRECT] [Fatal Error] :1:1: Premature end of file.
2026-02-18 11:42:29,167 [ERROR] LogOutputStream:75 - [STDERR_REDIRECT] 
2026-02-18 11:42:30,165 [ERROR] LogOutputStream:75 - [STDERR_REDIRECT] [Fatal Error] :1:1: Premature end of file.
2026-02-18 11:42:30,165 [ERROR] LogOutputStream:75 - [STDERR_REDIRECT] 
2026-02-18 11:42:31,165 [ERROR] LogOutputStream:75 - [STDERR_REDIRECT] [Fatal Error] :1:1: Premature end of file.
2026-02-18 11:42:31,165 [ERROR] LogOutputStream:75 - [STDERR_REDIRECT] 
2026-02-18 11:42:32,165 [ERROR] LogOutputStream:75 - [STDERR_REDIRECT] [Fatal Error] :1:1: Premature end of file.
2026-02-18 11:42:32,166 [ERROR] LogOutputStream:75 - [STDERR_REDIRECT] 
2026-02-18 11:42:33,165 [ERROR] LogOutputStream:75 - [STDERR_REDIRECT] [Fatal Error] :1:1: Premature end of file.
2026-02-18 11:42:33,166 [ERROR] LogOutputStream:75 - [STDERR_REDIRECT] 
2026-02-18 11:42:34,165 [ERROR] LogOutputStream:75 - [STDERR_REDIRECT] [Fatal Error] :1:1: Premature end of file.
2026-02-18 11:42:34,165 [ERROR] LogOutputStream:75 - [STDERR_REDIRECT] 
2026-02-18 11:42:35,168 [ERROR] LogOutputStream:75 - [STDERR_REDIRECT] [Fatal Error] :1:1: Premature end of file.
2026-02-18 11:42:35,168 [ERROR] LogOutputStream:75 - [STDERR_REDIRECT] 
2026-02-18 11:42:36,165 [ERROR] LogOutputStream:75 - [STDERR_REDIRECT] [Fatal Error] :1:1: Premature end of file.
2026-02-18 11:42:36,165 [ERROR] LogOutputStream:75 - [STDERR_REDIRECT] 
2026-02-18 11:42:37,166 [ERROR] LogOutputStream:75 - [STDERR_REDIRECT] [Fatal Error] :1:1: Premature end of file.
2026-02-18 11:42:37,167 [ERROR] LogOutputStream:75 - [STDERR_REDIRECT] 
2026-02-18 11:42:38,165 [ERROR] LogOutputStream:75 - [STDERR_REDIRECT] [Fatal Error] :1:1: Premature end of file.
2026-02-18 11:42:38,165 [ERROR] LogOutputStream:75 - [STDERR_REDIRECT] 
2026-02-18 11:42:39,168 [ERROR] LogOutputStream:75 - [STDERR_REDIRECT] [Fatal Error] :1:1: Premature end of file.
2026-02-18 11:42:39,168 [ERROR] LogOutputStream:75 - [STDERR_REDIRECT] 
2026-02-18 11:42:40,164 [ERROR] LogOutputStream:75 - [STDERR_REDIRECT] [Fatal Error] :1:1: Premature end of file.
2026-02-18 11:42:40,164 [ERROR] LogOutputStream:75 - [STDERR_REDIRECT] 
2026-02-18 11:42:41,167 [ERROR] LogOutputStream:75 - [STDERR_REDIRECT] [Fatal Error] :1:1: Premature end of file.
2026-02-18 11:42:41,167 [ERROR] LogOutputStream:75 - [STDERR_REDIRECT] 
2026-02-18 11:42:42,166 [ERROR] LogOutputStream:75 - [STDERR_REDIRECT] [Fatal Error] :1:1: Premature end of file.
2026-02-18 11:42:42,166 [ERROR] LogOutputStream:75 - [STDERR_REDIRECT] 
2026-02-18 11:42:43,166 [ERROR] LogOutputStream:75 - [STDERR_REDIRECT] [Fatal Error] :1:1: Premature end of file.
2026-02-18 11:42:43,166 [ERROR] LogOutputStream:75 - [STDERR_REDIRECT] 
2026-02-18 11:42:44,166 [ERROR] LogOutputStream:75 - [STDERR_REDIRECT] [Fatal Error] :1:1: Premature end of file.
2026-02-18 11:42:44,166 [ERROR] LogOutputStream:75 - [STDERR_REDIRECT] 
2026-02-18 11:42:45,166 [ERROR] LogOutputStream:75 - [STDERR_REDIRECT] [Fatal Error] :1:1: Premature end of file.
2026-02-18 11:42:45,166 [ERROR] LogOutputStream:75 - [STDERR_REDIRECT] 
2026-02-18 11:42:46,167 [ERROR] LogOutputStream:75 - [STDERR_REDIRECT] [Fatal Error] :1:1: Premature end of file.
2026-02-18 11:42:46,167 [ERROR] LogOutputStream:75 - [STDERR_REDIRECT] 
2026-02-18 11:42:47,165 [ERROR] LogOutputStream:75 - [STDERR_REDIRECT] [Fatal Error] :1:1: Premature end of file.
2026-02-18 11:42:47,166 [ERROR] LogOutputStream:75 - [STDERR_REDIRECT] 
2026-02-18 11:42:48,164 [ERROR] LogOutputStream:75 - [STDERR_REDIRECT] [Fatal Error] :1:1: Premature end of file.
2026-02-18 11:42:48,165 [ERROR] LogOutputStream:75 - [STDERR_REDIRECT] 
2026-02-18 11:42:49,166 [ERROR] LogOutputStream:75 - [STDERR_REDIRECT] [Fatal Error] :1:1: Premature end of file.
2026-02-18 11:42:49,166 [ERROR] LogOutputStream:75 - [STDERR_REDIRECT] 
2026-02-18 11:42:50,166 [ERROR] LogOutputStream:75 - [STDERR_REDIRECT] [Fatal Error] :1:1: Premature end of file.
2026-02-18 11:42:50,166 [ERROR] LogOutputStream:75 - [STDERR_REDIRECT] 
2026-02-18 11:42:51,166 [ERROR] LogOutputStream:75 - [STDERR_REDIRECT] [Fatal Error] :1:1: Premature end of file.
2026-02-18 11:42:51,166 [ERROR] LogOutputStream:75 - [STDERR_REDIRECT] 
2026-02-18 11:42:52,165 [ERROR] LogOutputStream:75 - [STDERR_REDIRECT] [Fatal Error] :1:1: Premature end of file.
2026-02-18 11:42:52,166 [ERROR] LogOutputStream:75 - [STDERR_REDIRECT] 
2026-02-18 11:42:53,165 [ERROR] LogOutputStream:75 - [STDERR_REDIRECT] [Fatal Error] :1:1: Premature end of file.
2026-02-18 11:42:53,165 [ERROR] LogOutputStream:75 - [STDERR_REDIRECT] 
2026-02-18 11:42:54,166 [ERROR] LogOutputStream:75 - [STDERR_REDIRECT] [Fatal Error] :1:1: Premature end of file.
2026-02-18 11:42:54,166 [ERROR] LogOutputStream:75 - [STDERR_REDIRECT] 
2026-02-18 11:42:55,164 [ERROR] LogOutputStream:75 - [STDERR_REDIRECT] [Fatal Error] :1:1: Premature end of file.
2026-02-18 11:42:55,164 [ERROR] LogOutputStream:75 - [STDERR_REDIRECT] 
2026-02-18 11:42:56,165 [ERROR] LogOutputStream:75 - [STDERR_REDIRECT] [Fatal Error] :1:1: Premature end of file.
2026-02-18 11:42:56,165 [ERROR] LogOutputStream:75 - [STDERR_REDIRECT] 
2026-02-18 11:42:57,166 [ERROR] LogOutputStream:75 - [STDERR_REDIRECT] [Fatal Error] :1:1: Premature end of file.
2026-02-18 11:42:57,166 [ERROR] LogOutputStream:75 - [STDERR_REDIRECT] 
2026-02-18 11:42:58,164 [ERROR] LogOutputStream:75 - [STDERR_REDIRECT] [Fatal Error] :1:1: Premature end of file.
2026-02-18 11:42:58,164 [ERROR] LogOutputStream:75 - [STDERR_REDIRECT] 
2026-02-18 11:42:59,165 [ERROR] LogOutputStream:75 - [STDERR_REDIRECT] [Fatal Error] :1:1: Premature end of file.
2026-02-18 11:42:59,165 [ERROR] LogOutputStream:75 - [STDERR_REDIRECT] 
2026-02-18 11:43:00,166 [ERROR] LogOutputStream:75 - [STDERR_REDIRECT] [Fatal Error] :1:1: Premature end of file.
2026-02-18 11:43:00,166 [ERROR] LogOutputStream:75 - [STDERR_REDIRECT] 
2026-02-18 11:43:01,166 [ERROR] LogOutputStream:75 - [STDERR_REDIRECT] [Fatal Error] :1:1: Premature end of file.
2026-02-18 11:43:01,166 [ERROR] LogOutputStream:75 - [STDERR_REDIRECT] 
2026-02-18 11:43:02,167 [ERROR] LogOutputStream:75 - [STDERR_REDIRECT] [Fatal Error] :1:1: Premature end of file.
2026-02-18 11:43:02,167 [ERROR] LogOutputStream:75 - [STDERR_REDIRECT] 
2026-02-18 11:43:03,165 [ERROR] LogOutputStream:75 - [STDERR_REDIRECT] [Fatal Error] :1:1: Premature end of file.
2026-02-18 11:43:03,165 [ERROR] LogOutputStream:75 - [STDERR_REDIRECT] 
2026-02-18 11:43:04,165 [ERROR] LogOutputStream:75 - [STDERR_REDIRECT] [Fatal Error] :1:1: Premature end of file.
2026-02-18 11:43:04,165 [ERROR] LogOutputStream:75 - [STDERR_REDIRECT] 
2026-02-18 11:43:05,167 [ERROR] LogOutputStream:75 - [STDERR_REDIRECT] [Fatal Error] :1:1: Premature end of file.
2026-02-18 11:43:05,167 [ERROR] LogOutputStream:75 - [STDERR_REDIRECT] 
2026-02-18 11:43:06,164 [ERROR] LogOutputStream:75 - [STDERR_REDIRECT] [Fatal Error] :1:1: Premature end of file.
2026-02-18 11:43:06,164 [ERROR] LogOutputStream:75 - [STDERR_REDIRECT] 
2026-02-18 11:43:07,167 [ERROR] LogOutputStream:75 - [STDERR_REDIRECT] [Fatal Error] :1:1: Premature end of file.
2026-02-18 11:43:07,167 [ERROR] LogOutputStream:75 - [STDERR_REDIRECT] 
2026-02-18 11:43:08,165 [ERROR] LogOutputStream:75 - [STDERR_REDIRECT] [Fatal Error] :1:1: Premature end of file.
2026-02-18 11:43:08,165 [ERROR] LogOutputStream:75 - [STDERR_REDIRECT] 
2026-02-18 11:43:09,167 [ERROR] LogOutputStream:75 - [STDERR_REDIRECT] [Fatal Error] :1:1: Premature end of file.
2026-02-18 11:43:09,167 [ERROR] LogOutputStream:75 - [STDERR_REDIRECT] 
2026-02-18 11:43:10,167 [ERROR] LogOutputStream:75 - [STDERR_REDIRECT] [Fatal Error] :1:1: Premature end of file.
2026-02-18 11:43:10,167 [ERROR] LogOutputStream:75 - [STDERR_REDIRECT] 
2026-02-18 11:43:11,166 [ERROR] LogOutputStream:75 - [STDERR_REDIRECT] [Fatal Error] :1:1: Premature end of file.
2026-02-18 11:43:11,166 [ERROR] LogOutputStream:75 - [STDERR_REDIRECT] 
2026-02-18 11:43:12,165 [ERROR] LogOutputStream:75 - [STDERR_REDIRECT] [Fatal Error] :1:1: Premature end of file.
2026-02-18 11:43:12,165 [ERROR] LogOutputStream:75 - [STDERR_REDIRECT] 
2026-02-18 11:43:13,168 [ERROR] LogOutputStream:75 - [STDERR_REDIRECT] [Fatal Error] :1:1: Premature end of file.
2026-02-18 11:43:13,168 [ERROR] LogOutputStream:75 - [STDERR_REDIRECT] 
2026-02-18 11:43:14,166 [ERROR] LogOutputStream:75 - [STDERR_REDIRECT] [Fatal Error] :1:1: Premature end of file.
2026-02-18 11:43:14,166 [ERROR] LogOutputStream:75 - [STDERR_REDIRECT] 
2026-02-18 11:43:15,166 [ERROR] LogOutputStream:75 - [STDERR_REDIRECT] [Fatal Error] :1:1: Premature end of file.
2026-02-18 11:43:15,166 [ERROR] LogOutputStream:75 - [STDERR_REDIRECT] 
2026-02-18 11:43:16,165 [ERROR] LogOutputStream:75 - [STDERR_REDIRECT] [Fatal Error] :1:1: Premature end of file.
2026-02-18 11:43:16,165 [ERROR] LogOutputStream:75 - [STDERR_REDIRECT] 
2026-02-18 11:43:17,166 [ERROR] LogOutputStream:75 - [STDERR_REDIRECT] [Fatal Error] :1:1: Premature end of file.
2026-02-18 11:43:17,166 [ERROR] LogOutputStream:75 - [STDERR_REDIRECT] 
2026-02-18 11:43:18,165 [ERROR] LogOutputStream:75 - [STDERR_REDIRECT] [Fatal Error] :1:1: Premature end of file.
2026-02-18 11:43:18,165 [ERROR] LogOutputStream:75 - [STDERR_REDIRECT] 
2026-02-18 11:43:19,166 [ERROR] LogOutputStream:75 - [STDERR_REDIRECT] [Fatal Error] :1:1: Premature end of file.
2026-02-18 11:43:19,166 [ERROR] LogOutputStream:75 - [STDERR_REDIRECT] 
2026-02-18 11:43:20,166 [ERROR] LogOutputStream:75 - [STDERR_REDIRECT] [Fatal Error] :1:1: Premature end of file.
2026-02-18 11:43:20,166 [ERROR] LogOutputStream:75 - [STDERR_REDIRECT] 
2026-02-18 11:43:21,164 [ERROR] LogOutputStream:75 - [STDERR_REDIRECT] [Fatal Error] :1:1: Premature end of file.
2026-02-18 11:43:21,164 [ERROR] LogOutputStream:75 - [STDERR_REDIRECT] 
2026-02-18 11:43:22,166 [ERROR] LogOutputStream:75 - [STDERR_REDIRECT] [Fatal Error] :1:1: Premature end of file.
2026-02-18 11:43:22,166 [ERROR] LogOutputStream:75 - [STDERR_REDIRECT] 
2026-02-18 11:43:23,166 [ERROR] LogOutputStream:75 - [STDERR_REDIRECT] [Fatal Error] :1:1: Premature end of file.
2026-02-18 11:43:23,167 [ERROR] LogOutputStream:75 - [STDERR_REDIRECT] 
2026-02-18 11:43:24,165 [ERROR] LogOutputStream:75 - [STDERR_REDIRECT] [Fatal Error] :1:1: Premature end of file.
2026-02-18 11:43:24,166 [ERROR] LogOutputStream:75 - [STDERR_REDIRECT] 
2026-02-18 11:43:25,165 [ERROR] LogOutputStream:75 - [STDERR_REDIRECT] [Fatal Error] :1:1: Premature end of file.
2026-02-18 11:43:25,165 [ERROR] LogOutputStream:75 - [STDERR_REDIRECT] 
2026-02-18 11:43:26,168 [ERROR] LogOutputStream:75 - [STDERR_REDIRECT] [Fatal Error] :1:1: Premature end of file.
2026-02-18 11:43:26,168 [ERROR] LogOutputStream:75 - [STDERR_REDIRECT] 
2026-02-18 11:43:27,167 [ERROR] LogOutputStream:75 - [STDERR_REDIRECT] [Fatal Error] :1:1: Premature end of file.
2026-02-18 11:43:27,167 [ERROR] LogOutputStream:75 - [STDERR_REDIRECT] 
2026-02-18 11:43:28,166 [ERROR] LogOutputStream:75 - [STDERR_REDIRECT] [Fatal Error] :1:1: Premature end of file.
2026-02-18 11:43:28,166 [ERROR] LogOutputStream:75 - [STDERR_REDIRECT] 
2026-02-18 11:43:29,166 [ERROR] LogOutputStream:75 - [STDERR_REDIRECT] [Fatal Error] :1:1: Premature end of file.
2026-02-18 11:43:29,166 [ERROR] LogOutputStream:75 - [STDERR_REDIRECT] 
2026-02-18 11:43:30,165 [ERROR] LogOutputStream:75 - [STDERR_REDIRECT] [Fatal Error] :1:1: Premature end of file.
2026-02-18 11:43:30,165 [ERROR] LogOutputStream:75 - [STDERR_REDIRECT] 
2026-02-18 11:43:31,165 [ERROR] LogOutputStream:75 - [STDERR_REDIRECT] [Fatal Error] :1:1: Premature end of file.
2026-02-18 11:43:31,165 [ERROR] LogOutputStream:75 - [STDERR_REDIRECT] 
2026-02-18 11:43:32,166 [ERROR] LogOutputStream:75 - [STDERR_REDIRECT] [Fatal Error] :1:1: Premature end of file.
2026-02-18 11:43:32,166 [ERROR] LogOutputStream:75 - [STDERR_REDIRECT] 
2026-02-18 11:43:33,165 [ERROR] LogOutputStream:75 - [STDERR_REDIRECT] [Fatal Error] :1:1: Premature end of file.
2026-02-18 11:43:33,165 [ERROR] LogOutputStream:75 - [STDERR_REDIRECT] 
2026-02-18 11:43:34,165 [ERROR] LogOutputStream:75 - [STDERR_REDIRECT] [Fatal Error] :1:1: Premature end of file.
2026-02-18 11:43:34,165 [ERROR] LogOutputStream:75 - [STDERR_REDIRECT] 
2026-02-18 11:43:35,166 [ERROR] LogOutputStream:75 - [STDERR_REDIRECT] [Fatal Error] :1:1: Premature end of file.
2026-02-18 11:43:35,167 [ERROR] LogOutputStream:75 - [STDERR_REDIRECT] 
2026-02-18 11:43:36,166 [ERROR] LogOutputStream:75 - [STDERR_REDIRECT] [Fatal Error] :1:1: Premature end of file.
2026-02-18 11:43:36,166 [ERROR] LogOutputStream:75 - [STDERR_REDIRECT] 
2026-02-18 11:43:37,167 [ERROR] LogOutputStream:75 - [STDERR_REDIRECT] [Fatal Error] :1:1: Premature end of file.
2026-02-18 11:43:37,167 [ERROR] LogOutputStream:75 - [STDERR_REDIRECT] 
2026-02-18 11:43:38,166 [ERROR] LogOutputStream:75 - [STDERR_REDIRECT] [Fatal Error] :1:1: Premature end of file.
2026-02-18 11:43:38,166 [ERROR] LogOutputStream:75 - [STDERR_REDIRECT] 
2026-02-18 11:43:39,166 [ERROR] LogOutputStream:75 - [STDERR_REDIRECT] [Fatal Error] :1:1: Premature end of file.
2026-02-18 11:43:39,166 [ERROR] LogOutputStream:75 - [STDERR_REDIRECT] 
2026-02-18 11:43:40,165 [ERROR] LogOutputStream:75 - [STDERR_REDIRECT] [Fatal Error] :1:1: Premature end of file.
2026-02-18 11:43:40,165 [ERROR] LogOutputStream:75 - [STDERR_REDIRECT] 
2026-02-18 11:43:41,164 [ERROR] LogOutputStream:75 - [STDERR_REDIRECT] [Fatal Error] :1:1: Premature end of file.
2026-02-18 11:43:41,164 [ERROR] LogOutputStream:75 - [STDERR_REDIRECT] 
2026-02-18 11:43:42,167 [ERROR] LogOutputStream:75 - [STDERR_REDIRECT] [Fatal Error] :1:1: Premature end of file.
2026-02-18 11:43:42,167 [ERROR] LogOutputStream:75 - [STDERR_REDIRECT] 
2026-02-18 11:43:43,165 [ERROR] LogOutputStream:75 - [STDERR_REDIRECT] [Fatal Error] :1:1: Premature end of file.
2026-02-18 11:43:43,165 [ERROR] LogOutputStream:75 - [STDERR_REDIRECT] 
2026-02-18 11:43:44,166 [ERROR] LogOutputStream:75 - [STDERR_REDIRECT] [Fatal Error] :1:1: Premature end of file.
2026-02-18 11:43:44,166 [ERROR] LogOutputStream:75 - [STDERR_REDIRECT] 
2026-02-18 11:43:45,165 [ERROR] LogOutputStream:75 - [STDERR_REDIRECT] [Fatal Error] :1:1: Premature end of file.
2026-02-18 11:43:45,166 [ERROR] LogOutputStream:75 - [STDERR_REDIRECT] 
2026-02-18 11:43:46,166 [ERROR] LogOutputStream:75 - [STDERR_REDIRECT] [Fatal Error] :1:1: Premature end of file.
2026-02-18 11:43:46,166 [ERROR] LogOutputStream:75 - [STDERR_REDIRECT] 
2026-02-18 11:43:47,167 [ERROR] LogOutputStream:75 - [STDERR_REDIRECT] [Fatal Error] :1:1: Premature end of file.
2026-02-18 11:43:47,167 [ERROR] LogOutputStream:75 - [STDERR_REDIRECT] 
2026-02-18 11:43:48,166 [ERROR] LogOutputStream:75 - [STDERR_REDIRECT] [Fatal Error] :1:1: Premature end of file.
2026-02-18 11:43:48,166 [ERROR] LogOutputStream:75 - [STDERR_REDIRECT] 
2026-02-18 11:43:49,165 [ERROR] LogOutputStream:75 - [STDERR_REDIRECT] [Fatal Error] :1:1: Premature end of file.
2026-02-18 11:43:49,165 [ERROR] LogOutputStream:75 - [STDERR_REDIRECT] 
2026-02-18 11:43:50,165 [ERROR] LogOutputStream:75 - [STDERR_REDIRECT] [Fatal Error] :1:1: Premature end of file.
2026-02-18 11:43:50,166 [ERROR] LogOutputStream:75 - [STDERR_REDIRECT] 
2026-02-18 11:43:51,165 [ERROR] LogOutputStream:75 - [STDERR_REDIRECT] [Fatal Error] :1:1: Premature end of file.
2026-02-18 11:43:51,166 [ERROR] LogOutputStream:75 - [STDERR_REDIRECT] 
2026-02-18 11:43:52,166 [ERROR] LogOutputStream:75 - [STDERR_REDIRECT] [Fatal Error] :1:1: Premature end of file.
2026-02-18 11:43:52,166 [ERROR] LogOutputStream:75 - [STDERR_REDIRECT] 
2026-02-18 11:43:53,166 [ERROR] LogOutputStream:75 - [STDERR_REDIRECT] [Fatal Error] :1:1: Premature end of file.
2026-02-18 11:43:53,166 [ERROR] LogOutputStream:75 - [STDERR_REDIRECT] 
2026-02-18 11:43:54,166 [ERROR] LogOutputStream:75 - [STDERR_REDIRECT] [Fatal Error] :1:1: Premature end of file.
2026-02-18 11:43:54,166 [ERROR] LogOutputStream:75 - [STDERR_REDIRECT] 
2026-02-18 11:43:55,168 [ERROR] LogOutputStream:75 - [STDERR_REDIRECT] [Fatal Error] :1:1: Premature end of file.
2026-02-18 11:43:55,168 [ERROR] LogOutputStream:75 - [STDERR_REDIRECT] 
2026-02-18 11:43:56,166 [ERROR] LogOutputStream:75 - [STDERR_REDIRECT] [Fatal Error] :1:1: Premature end of file.
2026-02-18 11:43:56,166 [ERROR] LogOutputStream:75 - [STDERR_REDIRECT] 
2026-02-18 11:43:57,166 [ERROR] LogOutputStream:75 - [STDERR_REDIRECT] [Fatal Error] :1:1: Premature end of file.
2026-02-18 11:43:57,166 [ERROR] LogOutputStream:75 - [STDERR_REDIRECT] 
2026-02-18 11:43:58,165 [ERROR] LogOutputStream:75 - [STDERR_REDIRECT] [Fatal Error] :1:1: Premature end of file.
2026-02-18 11:43:58,165 [ERROR] LogOutputStream:75 - [STDERR_REDIRECT] 
2026-02-18 11:43:59,165 [ERROR] LogOutputStream:75 - [STDERR_REDIRECT] [Fatal Error] :1:1: Premature end of file.
2026-02-18 11:43:59,166 [ERROR] LogOutputStream:75 - [STDERR_REDIRECT] 
2026-02-18 11:44:00,166 [ERROR] LogOutputStream:75 - [STDERR_REDIRECT] [Fatal Error] :1:1: Premature end of file.
2026-02-18 11:44:00,166 [ERROR] LogOutputStream:75 - [STDERR_REDIRECT] 
2026-02-18 11:44:01,166 [ERROR] LogOutputStream:75 - [STDERR_REDIRECT] [Fatal Error] :1:1: Premature end of file.
2026-02-18 11:44:01,166 [ERROR] LogOutputStream:75 - [STDERR_REDIRECT] 
2026-02-18 11:44:02,167 [ERROR] LogOutputStream:75 - [STDERR_REDIRECT] [Fatal Error] :1:1: Premature end of file.
2026-02-18 11:44:02,167 [ERROR] LogOutputStream:75 - [STDERR_REDIRECT] 
2026-02-18 11:44:03,165 [ERROR] LogOutputStream:75 - [STDERR_REDIRECT] [Fatal Error] :1:1: Premature end of file.
2026-02-18 11:44:03,166 [ERROR] LogOutputStream:75 - [STDERR_REDIRECT] 
2026-02-18 11:44:04,166 [ERROR] LogOutputStream:75 - [STDERR_REDIRECT] [Fatal Error] :1:1: Premature end of file.
2026-02-18 11:44:04,166 [ERROR] LogOutputStream:75 - [STDERR_REDIRECT] 
2026-02-18 11:44:05,165 [ERROR] LogOutputStream:75 - [STDERR_REDIRECT] [Fatal Error] :1:1: Premature end of file.
2026-02-18 11:44:05,165 [ERROR] LogOutputStream:75 - [STDERR_REDIRECT] 
2026-02-18 11:44:06,165 [ERROR] LogOutputStream:75 - [STDERR_REDIRECT] [Fatal Error] :1:1: Premature end of file.
2026-02-18 11:44:06,166 [ERROR] LogOutputStream:75 - [STDERR_REDIRECT] 
2026-02-18 11:44:07,166 [ERROR] LogOutputStream:75 - [STDERR_REDIRECT] [Fatal Error] :1:1: Premature end of file.
2026-02-18 11:44:07,166 [ERROR] LogOutputStream:75 - [STDERR_REDIRECT] 
2026-02-18 11:44:08,165 [ERROR] LogOutputStream:75 - [STDERR_REDIRECT] [Fatal Error] :1:1: Premature end of file.
2026-02-18 11:44:08,166 [ERROR] LogOutputStream:75 - [STDERR_REDIRECT] 
2026-02-18 11:44:09,165 [ERROR] LogOutputStream:75 - [STDERR_REDIRECT] [Fatal Error] :1:1: Premature end of file.
2026-02-18 11:44:09,165 [ERROR] LogOutputStream:75 - [STDERR_REDIRECT] 
2026-02-18 11:44:10,165 [ERROR] LogOutputStream:75 - [STDERR_REDIRECT] [Fatal Error] :1:1: Premature end of file.
2026-02-18 11:44:10,165 [ERROR] LogOutputStream:75 - [STDERR_REDIRECT] 
2026-02-18 11:44:11,164 [ERROR] LogOutputStream:75 - [STDERR_REDIRECT] [Fatal Error] :1:1: Premature end of file.
2026-02-18 11:44:11,164 [ERROR] LogOutputStream:75 - [STDERR_REDIRECT] 
2026-02-18 11:44:12,164 [ERROR] LogOutputStream:75 - [STDERR_REDIRECT] [Fatal Error] :1:1: Premature end of file.
2026-02-18 11:44:12,182 [ERROR] LogOutputStream:75 - [STDERR_REDIRECT] 
2026-02-18 11:44:13,165 [ERROR] LogOutputStream:75 - [STDERR_REDIRECT] [Fatal Error] :1:1: Premature end of file.
2026-02-18 11:44:13,165 [ERROR] LogOutputStream:75 - [STDERR_REDIRECT] 
2026-02-18 11:44:14,164 [ERROR] LogOutputStream:75 - [STDERR_REDIRECT] [Fatal Error] :1:1: Premature end of file.
2026-02-18 11:44:14,165 [ERROR] LogOutputStream:75 - [STDERR_REDIRECT] 
2026-02-18 11:44:15,166 [ERROR] LogOutputStream:75 - [STDERR_REDIRECT] [Fatal Error] :1:1: Premature end of file.
2026-02-18 11:44:15,166 [ERROR] LogOutputStream:75 - [STDERR_REDIRECT] 
2026-02-18 11:44:16,165 [ERROR] LogOutputStream:75 - [STDERR_REDIRECT] [Fatal Error] :1:1: Premature end of file.
2026-02-18 11:44:16,165 [ERROR] LogOutputStream:75 - [STDERR_REDIRECT] 
2026-02-18 11:44:17,165 [ERROR] LogOutputStream:75 - [STDERR_REDIRECT] [Fatal Error] :1:1: Premature end of file.
2026-02-18 11:44:17,165 [ERROR] LogOutputStream:75 - [STDERR_REDIRECT] 
2026-02-18 11:44:18,166 [ERROR] LogOutputStream:75 - [STDERR_REDIRECT] [Fatal Error] :1:1: Premature end of file.
2026-02-18 11:44:18,166 [ERROR] LogOutputStream:75 - [STDERR_REDIRECT] 
2026-02-18 11:44:19,164 [ERROR] LogOutputStream:75 - [STDERR_REDIRECT] [Fatal Error] :1:1: Premature end of file.
2026-02-18 11:44:19,164 [ERROR] LogOutputStream:75 - [STDERR_REDIRECT] 
2026-02-18 11:44:20,166 [ERROR] LogOutputStream:75 - [STDERR_REDIRECT] [Fatal Error] :1:1: Premature end of file.
2026-02-18 11:44:20,167 [ERROR] LogOutputStream:75 - [STDERR_REDIRECT] 
2026-02-18 11:44:21,164 [ERROR] LogOutputStream:75 - [STDERR_REDIRECT] [Fatal Error] :1:1: Premature end of file.
2026-02-18 11:44:21,165 [ERROR] LogOutputStream:75 - [STDERR_REDIRECT] 
2026-02-18 11:44:22,164 [ERROR] LogOutputStream:75 - [STDERR_REDIRECT] [Fatal Error] :1:1: Premature end of file.
2026-02-18 11:44:22,164 [ERROR] LogOutputStream:75 - [STDERR_REDIRECT] 
2026-02-18 11:44:23,165 [ERROR] LogOutputStream:75 - [STDERR_REDIRECT] [Fatal Error] :1:1: Premature end of file.
2026-02-18 11:44:23,167 [ERROR] LogOutputStream:75 - [STDERR_REDIRECT] 
2026-02-18 11:44:24,165 [ERROR] LogOutputStream:75 - [STDERR_REDIRECT] [Fatal Error] :1:1: Premature end of file.
2026-02-18 11:44:24,165 [ERROR] LogOutputStream:75 - [STDERR_REDIRECT] 
2026-02-18 11:44:25,165 [ERROR] LogOutputStream:75 - [STDERR_REDIRECT] [Fatal Error] :1:1: Premature end of file.
2026-02-18 11:44:25,166 [ERROR] LogOutputStream:75 - [STDERR_REDIRECT] 
2026-02-18 11:44:26,166 [ERROR] LogOutputStream:75 - [STDERR_REDIRECT] [Fatal Error] :1:1: Premature end of file.
2026-02-18 11:44:26,166 [ERROR] LogOutputStream:75 - [STDERR_REDIRECT] 
2026-02-18 11:44:27,165 [ERROR] LogOutputStream:75 - [STDERR_REDIRECT] [Fatal Error] :1:1: Premature end of file.
2026-02-18 11:44:27,165 [ERROR] LogOutputStream:75 - [STDERR_REDIRECT] 
2026-02-18 11:44:28,164 [ERROR] LogOutputStream:75 - [STDERR_REDIRECT] [Fatal Error] :1:1: Premature end of file.
2026-02-18 11:44:28,164 [ERROR] LogOutputStream:75 - [STDERR_REDIRECT] 
2026-02-18 11:44:29,166 [ERROR] LogOutputStream:75 - [STDERR_REDIRECT] [Fatal Error] :1:1: Premature end of file.
2026-02-18 11:44:29,166 [ERROR] LogOutputStream:75 - [STDERR_REDIRECT] 
2026-02-18 11:44:30,165 [ERROR] LogOutputStream:75 - [STDERR_REDIRECT] [Fatal Error] :1:1: Premature end of file.
2026-02-18 11:44:30,165 [ERROR] LogOutputStream:75 - [STDERR_REDIRECT] 
2026-02-18 11:44:31,164 [ERROR] LogOutputStream:75 - [STDERR_REDIRECT] [Fatal Error] :1:1: Premature end of file.
2026-02-18 11:44:31,164 [ERROR] LogOutputStream:75 - [STDERR_REDIRECT] 
2026-02-18 11:44:32,166 [ERROR] LogOutputStream:75 - [STDERR_REDIRECT] [Fatal Error] :1:1: Premature end of file.
2026-02-18 11:44:32,166 [ERROR] LogOutputStream:75 - [STDERR_REDIRECT] 
2026-02-18 11:44:33,179 [ERROR] LogOutputStream:75 - [STDERR_REDIRECT] [Fatal Error] :1:1: Premature end of file.
2026-02-18 11:44:33,179 [ERROR] LogOutputStream:75 - [STDERR_REDIRECT] 
2026-02-18 11:44:34,165 [ERROR] LogOutputStream:75 - [STDERR_REDIRECT] [Fatal Error] :1:1: Premature end of file.
2026-02-18 11:44:34,166 [ERROR] LogOutputStream:75 - [STDERR_REDIRECT] 
2026-02-18 11:44:35,166 [ERROR] LogOutputStream:75 - [STDERR_REDIRECT] [Fatal Error] :1:1: Premature end of file.
2026-02-18 11:44:35,166 [ERROR] LogOutputStream:75 - [STDERR_REDIRECT] 
2026-02-18 11:44:36,166 [ERROR] LogOutputStream:75 - [STDERR_REDIRECT] [Fatal Error] :1:1: Premature end of file.
2026-02-18 11:44:36,166 [ERROR] LogOutputStream:75 - [STDERR_REDIRECT] 
2026-02-18 11:44:37,165 [ERROR] LogOutputStream:75 - [STDERR_REDIRECT] [Fatal Error] :1:1: Premature end of file.
2026-02-18 11:44:37,165 [ERROR] LogOutputStream:75 - [STDERR_REDIRECT] 
2026-02-18 11:44:38,168 [ERROR] LogOutputStream:75 - [STDERR_REDIRECT] [Fatal Error] :1:1: Premature end of file.
2026-02-18 11:44:38,168 [ERROR] LogOutputStream:75 - [STDERR_REDIRECT] 
2026-02-18 11:44:39,168 [ERROR] LogOutputStream:75 - [STDERR_REDIRECT] [Fatal Error] :1:1: Premature end of file.
2026-02-18 11:44:39,168 [ERROR] LogOutputStream:75 - [STDERR_REDIRECT] 
2026-02-18 11:44:40,168 [ERROR] LogOutputStream:75 - [STDERR_REDIRECT] [Fatal Error] :1:1: Premature end of file.
2026-02-18 11:44:40,168 [ERROR] LogOutputStream:75 - [STDERR_REDIRECT] 
2026-02-18 11:44:41,178 [ERROR] LogOutputStream:75 - [STDERR_REDIRECT] [Fatal Error] :1:1: Premature end of file.
2026-02-18 11:44:41,178 [ERROR] LogOutputStream:75 - [STDERR_REDIRECT] 
2026-02-18 11:44:42,172 [ERROR] LogOutputStream:75 - [STDERR_REDIRECT] [Fatal Error] :1:1: Premature end of file.
2026-02-18 11:44:42,172 [ERROR] LogOutputStream:75 - [STDERR_REDIRECT] 
2026-02-18 11:44:43,161 [ERROR] LogOutputStream:75 - [STDERR_REDIRECT] [Fatal Error] :1:1: Premature end of file.
2026-02-18 11:44:43,161 [ERROR] LogOutputStream:75 - [STDERR_REDIRECT] 
2026-02-18 11:44:44,166 [ERROR] LogOutputStream:75 - [STDERR_REDIRECT] [Fatal Error] :1:1: Premature end of file.
2026-02-18 11:44:44,166 [ERROR] LogOutputStream:75 - [STDERR_REDIRECT] 
2026-02-18 11:44:45,163 [ERROR] LogOutputStream:75 - [STDERR_REDIRECT] [Fatal Error] :1:1: Premature end of file.
2026-02-18 11:44:45,163 [ERROR] LogOutputStream:75 - [STDERR_REDIRECT] 
2026-02-18 11:44:46,171 [ERROR] LogOutputStream:75 - [STDERR_REDIRECT] [Fatal Error] :1:1: Premature end of file.
2026-02-18 11:44:46,171 [ERROR] LogOutputStream:75 - [STDERR_REDIRECT] 
2026-02-18 11:44:47,170 [ERROR] LogOutputStream:75 - [STDERR_REDIRECT] [Fatal Error] :1:1: Premature end of file.
2026-02-18 11:44:47,170 [ERROR] LogOutputStream:75 - [STDERR_REDIRECT] 
2026-02-18 11:44:48,164 [ERROR] LogOutputStream:75 - [STDERR_REDIRECT] [Fatal Error] :1:1: Premature end of file.
2026-02-18 11:44:48,164 [ERROR] LogOutputStream:75 - [STDERR_REDIRECT] 
2026-02-18 11:44:49,176 [ERROR] LogOutputStream:75 - [STDERR_REDIRECT] [Fatal Error] :1:1: Premature end of file.
2026-02-18 11:44:49,176 [ERROR] LogOutputStream:75 - [STDERR_REDIRECT] 
2026-02-18 11:44:50,161 [ERROR] LogOutputStream:75 - [STDERR_REDIRECT] [Fatal Error] :1:1: Premature end of file.
2026-02-18 11:44:50,161 [ERROR] LogOutputStream:75 - [STDERR_REDIRECT] 
2026-02-18 11:44:51,161 [ERROR] LogOutputStream:75 - [STDERR_REDIRECT] [Fatal Error] :1:1: Premature end of file.
2026-02-18 11:44:51,161 [ERROR] LogOutputStream:75 - [STDERR_REDIRECT] 
2026-02-18 11:44:52,172 [ERROR] LogOutputStream:75 - [STDERR_REDIRECT] [Fatal Error] :1:1: Premature end of file.
2026-02-18 11:44:52,172 [ERROR] LogOutputStream:75 - [STDERR_REDIRECT] 
2026-02-18 11:44:53,162 [ERROR] LogOutputStream:75 - [STDERR_REDIRECT] [Fatal Error] :1:1: Premature end of file.
2026-02-18 11:44:53,162 [ERROR] LogOutputStream:75 - [STDERR_REDIRECT] 
2026-02-18 11:44:54,171 [ERROR] LogOutputStream:75 - [STDERR_REDIRECT] [Fatal Error] :1:1: Premature end of file.
2026-02-18 11:44:54,171 [ERROR] LogOutputStream:75 - [STDERR_REDIRECT] 
2026-02-18 11:44:55,166 [ERROR] LogOutputStream:75 - [STDERR_REDIRECT] [Fatal Error] :1:1: Premature end of file.
2026-02-18 11:44:55,166 [ERROR] LogOutputStream:75 - [STDERR_REDIRECT] 
2026-02-18 11:44:56,176 [ERROR] LogOutputStream:75 - [STDERR_REDIRECT] [Fatal Error] :1:1: Premature end of file.
2026-02-18 11:44:56,176 [ERROR] LogOutputStream:75 - [STDERR_REDIRECT] 
2026-02-18 11:44:57,162 [ERROR] LogOutputStream:75 - [STDERR_REDIRECT] [Fatal Error] :1:1: Premature end of file.
2026-02-18 11:44:57,162 [ERROR] LogOutputStream:75 - [STDERR_REDIRECT] 
2026-02-18 11:44:58,162 [ERROR] LogOutputStream:75 - [STDERR_REDIRECT] [Fatal Error] :1:1: Premature end of file.
2026-02-18 11:44:58,162 [ERROR] LogOutputStream:75 - [STDERR_REDIRECT] 
2026-02-18 11:44:59,166 [ERROR] LogOutputStream:75 - [STDERR_REDIRECT] [Fatal Error] :1:1: Premature end of file.
2026-02-18 11:44:59,166 [ERROR] LogOutputStream:75 - [STDERR_REDIRECT] 
2026-02-18 11:45:00,163 [ERROR] LogOutputStream:75 - [STDERR_REDIRECT] [Fatal Error] :1:1: Premature end of file.
2026-02-18 11:45:00,163 [ERROR] LogOutputStream:75 - [STDERR_REDIRECT] 
2026-02-18 11:45:01,170 [ERROR] LogOutputStream:75 - [STDERR_REDIRECT] [Fatal Error] :1:1: Premature end of file.
2026-02-18 11:45:01,170 [ERROR] LogOutputStream:75 - [STDERR_REDIRECT] 
2026-02-18 11:45:02,165 [ERROR] LogOutputStream:75 - [STDERR_REDIRECT] [Fatal Error] :1:1: Premature end of file.
2026-02-18 11:45:02,165 [ERROR] LogOutputStream:75 - [STDERR_REDIRECT] 
2026-02-18 11:45:03,169 [ERROR] LogOutputStream:75 - [STDERR_REDIRECT] [Fatal Error] :1:1: Premature end of file.
2026-02-18 11:45:03,169 [ERROR] LogOutputStream:75 - [STDERR_REDIRECT] 
2026-02-18 11:45:04,164 [ERROR] LogOutputStream:75 - [STDERR_REDIRECT] [Fatal Error] :1:1: Premature end of file.
2026-02-18 11:45:04,164 [ERROR] LogOutputStream:75 - [STDERR_REDIRECT] 
2026-02-18 11:45:05,181 [ERROR] LogOutputStream:75 - [STDERR_REDIRECT] [Fatal Error] :1:1: Premature end of file.
2026-02-18 11:45:05,181 [ERROR] LogOutputStream:75 - [STDERR_REDIRECT] 
2026-02-18 11:45:06,164 [ERROR] LogOutputStream:75 - [STDERR_REDIRECT] [Fatal Error] :1:1: Premature end of file.
2026-02-18 11:45:06,164 [ERROR] LogOutputStream:75 - [STDERR_REDIRECT] 
2026-02-18 11:45:07,165 [ERROR] LogOutputStream:75 - [STDERR_REDIRECT] [Fatal Error] :1:1: Premature end of file.
2026-02-18 11:45:07,165 [ERROR] LogOutputStream:75 - [STDERR_REDIRECT] 
2026-02-18 11:45:08,172 [ERROR] LogOutputStream:75 - [STDERR_REDIRECT] [Fatal Error] :1:1: Premature end of file.
2026-02-18 11:45:08,172 [ERROR] LogOutputStream:75 - [STDERR_REDIRECT] 
2026-02-18 11:45:09,174 [ERROR] LogOutputStream:75 - [STDERR_REDIRECT] [Fatal Error] :1:1: Premature end of file.
2026-02-18 11:45:09,174 [ERROR] LogOutputStream:75 - [STDERR_REDIRECT] 
2026-02-18 11:45:10,176 [ERROR] LogOutputStream:75 - [STDERR_REDIRECT] [Fatal Error] :1:1: Premature end of file.
2026-02-18 11:45:10,176 [ERROR] LogOutputStream:75 - [STDERR_REDIRECT] 
2026-02-18 11:45:11,164 [ERROR] LogOutputStream:75 - [STDERR_REDIRECT] [Fatal Error] :1:1: Premature end of file.
2026-02-18 11:45:11,164 [ERROR] LogOutputStream:75 - [STDERR_REDIRECT] 
2026-02-18 11:45:12,170 [ERROR] LogOutputStream:75 - [STDERR_REDIRECT] [Fatal Error] :1:1: Premature end of file.
2026-02-18 11:45:12,170 [ERROR] LogOutputStream:75 - [STDERR_REDIRECT] 
2026-02-18 11:45:13,168 [ERROR] LogOutputStream:75 - [STDERR_REDIRECT] [Fatal Error] :1:1: Premature end of file.
2026-02-18 11:45:13,168 [ERROR] LogOutputStream:75 - [STDERR_REDIRECT] 
2026-02-18 11:45:14,170 [ERROR] LogOutputStream:75 - [STDERR_REDIRECT] [Fatal Error] :1:1: Premature end of file.
2026-02-18 11:45:14,170 [ERROR] LogOutputStream:75 - [STDERR_REDIRECT] 
2026-02-18 11:45:15,163 [ERROR] LogOutputStream:75 - [STDERR_REDIRECT] [Fatal Error] :1:1: Premature end of file.
2026-02-18 11:45:15,163 [ERROR] LogOutputStream:75 - [STDERR_REDIRECT] 
2026-02-18 11:45:16,170 [ERROR] LogOutputStream:75 - [STDERR_REDIRECT] [Fatal Error] :1:1: Premature end of file.
2026-02-18 11:45:16,170 [ERROR] LogOutputStream:75 - [STDERR_REDIRECT] 
2026-02-18 11:45:17,167 [ERROR] LogOutputStream:75 - [STDERR_REDIRECT] [Fatal Error] :1:1: Premature end of file.
2026-02-18 11:45:17,167 [ERROR] LogOutputStream:75 - [STDERR_REDIRECT] 
2026-02-18 11:45:18,169 [ERROR] LogOutputStream:75 - [STDERR_REDIRECT] [Fatal Error] :1:1: Premature end of file.
2026-02-18 11:45:18,169 [ERROR] LogOutputStream:75 - [STDERR_REDIRECT] 
2026-02-18 11:45:19,163 [ERROR] LogOutputStream:75 - [STDERR_REDIRECT] [Fatal Error] :1:1: Premature end of file.
2026-02-18 11:45:19,163 [ERROR] LogOutputStream:75 - [STDERR_REDIRECT] 
2026-02-18 11:45:20,169 [ERROR] LogOutputStream:75 - [STDERR_REDIRECT] [Fatal Error] :1:1: Premature end of file.
2026-02-18 11:45:20,175 [ERROR] LogOutputStream:75 - [STDERR_REDIRECT] 
2026-02-18 11:45:21,167 [ERROR] LogOutputStream:75 - [STDERR_REDIRECT] [Fatal Error] :1:1: Premature end of file.
2026-02-18 11:45:21,167 [ERROR] LogOutputStream:75 - [STDERR_REDIRECT] 
2026-02-18 11:45:22,170 [ERROR] LogOutputStream:75 - [STDERR_REDIRECT] [Fatal Error] :1:1: Premature end of file.
2026-02-18 11:45:22,170 [ERROR] LogOutputStream:75 - [STDERR_REDIRECT] 
2026-02-18 11:45:23,176 [ERROR] LogOutputStream:75 - [STDERR_REDIRECT] [Fatal Error] :1:1: Premature end of file.
2026-02-18 11:45:23,176 [ERROR] LogOutputStream:75 - [STDERR_REDIRECT] 
2026-02-18 11:45:24,173 [ERROR] LogOutputStream:75 - [STDERR_REDIRECT] [Fatal Error] :1:1: Premature end of file.
2026-02-18 11:45:24,173 [ERROR] LogOutputStream:75 - [STDERR_REDIRECT] 
2026-02-18 11:45:25,164 [ERROR] LogOutputStream:75 - [STDERR_REDIRECT] [Fatal Error] :1:1: Premature end of file.
2026-02-18 11:45:25,164 [ERROR] LogOutputStream:75 - [STDERR_REDIRECT] 
2026-02-18 11:45:26,163 [ERROR] LogOutputStream:75 - [STDERR_REDIRECT] [Fatal Error] :1:1: Premature end of file.
2026-02-18 11:45:26,163 [ERROR] LogOutputStream:75 - [STDERR_REDIRECT] 
2026-02-18 11:45:27,179 [ERROR] LogOutputStream:75 - [STDERR_REDIRECT] [Fatal Error] :1:1: Premature end of file.
2026-02-18 11:45:27,179 [ERROR] LogOutputStream:75 - [STDERR_REDIRECT] 
2026-02-18 11:45:28,170 [ERROR] LogOutputStream:75 - [STDERR_REDIRECT] [Fatal Error] :1:1: Premature end of file.
2026-02-18 11:45:28,170 [ERROR] LogOutputStream:75 - [STDERR_REDIRECT] 
2026-02-18 11:45:29,172 [ERROR] LogOutputStream:75 - [STDERR_REDIRECT] [Fatal Error] :1:1: Premature end of file.
2026-02-18 11:45:29,172 [ERROR] LogOutputStream:75 - [STDERR_REDIRECT] 
2026-02-18 11:45:30,165 [ERROR] LogOutputStream:75 - [STDERR_REDIRECT] [Fatal Error] :1:1: Premature end of file.
2026-02-18 11:45:30,165 [ERROR] LogOutputStream:75 - [STDERR_REDIRECT] 
2026-02-18 11:45:31,172 [ERROR] LogOutputStream:75 - [STDERR_REDIRECT] [Fatal Error] :1:1: Premature end of file.
2026-02-18 11:45:31,172 [ERROR] LogOutputStream:75 - [STDERR_REDIRECT] 
2026-02-18 11:45:32,167 [ERROR] LogOutputStream:75 - [STDERR_REDIRECT] [Fatal Error] :1:1: Premature end of file.
2026-02-18 11:45:32,167 [ERROR] LogOutputStream:75 - [STDERR_REDIRECT] 
2026-02-18 11:45:33,164 [ERROR] LogOutputStream:75 - [STDERR_REDIRECT] [Fatal Error] :1:1: Premature end of file.
2026-02-18 11:45:33,164 [ERROR] LogOutputStream:75 - [STDERR_REDIRECT] 
2026-02-18 11:45:34,175 [ERROR] LogOutputStream:75 - [STDERR_REDIRECT] [Fatal Error] :1:1: Premature end of file.
2026-02-18 11:45:34,175 [ERROR] LogOutputStream:75 - [STDERR_REDIRECT] 
2026-02-18 11:45:35,170 [ERROR] LogOutputStream:75 - [STDERR_REDIRECT] [Fatal Error] :1:1: Premature end of file.
2026-02-18 11:45:35,170 [ERROR] LogOutputStream:75 - [STDERR_REDIRECT] 
2026-02-18 11:45:36,165 [ERROR] LogOutputStream:75 - [STDERR_REDIRECT] [Fatal Error] :1:1: Premature end of file.
2026-02-18 11:45:36,165 [ERROR] LogOutputStream:75 - [STDERR_REDIRECT] 
2026-02-18 11:45:37,166 [ERROR] LogOutputStream:75 - [STDERR_REDIRECT] [Fatal Error] :1:1: Premature end of file.
2026-02-18 11:45:37,166 [ERROR] LogOutputStream:75 - [STDERR_REDIRECT] 
2026-02-18 11:45:38,171 [ERROR] LogOutputStream:75 - [STDERR_REDIRECT] [Fatal Error] :1:1: Premature end of file.
2026-02-18 11:45:38,171 [ERROR] LogOutputStream:75 - [STDERR_REDIRECT] 
2026-02-18 11:45:39,174 [ERROR] LogOutputStream:75 - [STDERR_REDIRECT] [Fatal Error] :1:1: Premature end of file.
2026-02-18 11:45:39,174 [ERROR] LogOutputStream:75 - [STDERR_REDIRECT] 
2026-02-18 11:45:40,170 [ERROR] LogOutputStream:75 - [STDERR_REDIRECT] [Fatal Error] :1:1: Premature end of file.
2026-02-18 11:45:40,170 [ERROR] LogOutputStream:75 - [STDERR_REDIRECT] 
2026-02-18 11:45:41,174 [ERROR] LogOutputStream:75 - [STDERR_REDIRECT] [Fatal Error] :1:1: Premature end of file.
2026-02-18 11:45:41,174 [ERROR] LogOutputStream:75 - [STDERR_REDIRECT] 
2026-02-18 11:45:42,167 [ERROR] LogOutputStream:75 - [STDERR_REDIRECT] [Fatal Error] :1:1: Premature end of file.
2026-02-18 11:45:42,167 [ERROR] LogOutputStream:75 - [STDERR_REDIRECT] 
2026-02-18 11:45:43,174 [ERROR] LogOutputStream:75 - [STDERR_REDIRECT] [Fatal Error] :1:1: Premature end of file.
2026-02-18 11:45:43,174 [ERROR] LogOutputStream:75 - [STDERR_REDIRECT] 
2026-02-18 11:45:44,166 [ERROR] LogOutputStream:75 - [STDERR_REDIRECT] [Fatal Error] :1:1: Premature end of file.
2026-02-18 11:45:44,166 [ERROR] LogOutputStream:75 - [STDERR_REDIRECT] 
2026-02-18 11:45:45,163 [ERROR] LogOutputStream:75 - [STDERR_REDIRECT] [Fatal Error] :1:1: Premature end of file.
2026-02-18 11:45:45,163 [ERROR] LogOutputStream:75 - [STDERR_REDIRECT] 
2026-02-18 11:45:46,173 [ERROR] LogOutputStream:75 - [STDERR_REDIRECT] [Fatal Error] :1:1: Premature end of file.
2026-02-18 11:45:46,173 [ERROR] LogOutputStream:75 - [STDERR_REDIRECT] 
2026-02-18 11:45:47,170 [ERROR] LogOutputStream:75 - [STDERR_REDIRECT] [Fatal Error] :1:1: Premature end of file.
2026-02-18 11:45:47,170 [ERROR] LogOutputStream:75 - [STDERR_REDIRECT] 
2026-02-18 11:45:48,175 [ERROR] LogOutputStream:75 - [STDERR_REDIRECT] [Fatal Error] :1:1: Premature end of file.
2026-02-18 11:45:48,175 [ERROR] LogOutputStream:75 - [STDERR_REDIRECT] 
2026-02-18 11:45:49,167 [ERROR] LogOutputStream:75 - [STDERR_REDIRECT] [Fatal Error] :1:1: Premature end of file.
2026-02-18 11:45:49,167 [ERROR] LogOutputStream:75 - [STDERR_REDIRECT] 
2026-02-18 11:45:50,166 [ERROR] LogOutputStream:75 - [STDERR_REDIRECT] [Fatal Error] :1:1: Premature end of file.
2026-02-18 11:45:50,166 [ERROR] LogOutputStream:75 - [STDERR_REDIRECT] 
2026-02-18 11:45:51,169 [ERROR] LogOutputStream:75 - [STDERR_REDIRECT] [Fatal Error] :1:1: Premature end of file.
2026-02-18 11:45:51,169 [ERROR] LogOutputStream:75 - [STDERR_REDIRECT] 
2026-02-18 11:45:52,168 [ERROR] LogOutputStream:75 - [STDERR_REDIRECT] [Fatal Error] :1:1: Premature end of file.
2026-02-18 11:45:52,168 [ERROR] LogOutputStream:75 - [STDERR_REDIRECT] 
2026-02-18 11:45:53,164 [ERROR] LogOutputStream:75 - [STDERR_REDIRECT] [Fatal Error] :1:1: Premature end of file.
2026-02-18 11:45:53,164 [ERROR] LogOutputStream:75 - [STDERR_REDIRECT] 
2026-02-18 11:45:54,168 [ERROR] LogOutputStream:75 - [STDERR_REDIRECT] [Fatal Error] :1:1: Premature end of file.
2026-02-18 11:45:54,168 [ERROR] LogOutputStream:75 - [STDERR_REDIRECT] 
2026-02-18 11:45:55,177 [ERROR] LogOutputStream:75 - [STDERR_REDIRECT] [Fatal Error] :1:1: Premature end of file.
2026-02-18 11:45:55,177 [ERROR] LogOutputStream:75 - [STDERR_REDIRECT] 
2026-02-18 11:45:56,164 [ERROR] LogOutputStream:75 - [STDERR_REDIRECT] [Fatal Error] :1:1: Premature end of file.
2026-02-18 11:45:56,164 [ERROR] LogOutputStream:75 - [STDERR_REDIRECT] 
2026-02-18 11:45:57,176 [ERROR] LogOutputStream:75 - [STDERR_REDIRECT] [Fatal Error] :1:1: Premature end of file.
2026-02-18 11:45:57,176 [ERROR] LogOutputStream:75 - [STDERR_REDIRECT] 
2026-02-18 11:45:58,170 [ERROR] LogOutputStream:75 - [STDERR_REDIRECT] [Fatal Error] :1:1: Premature end of file.
2026-02-18 11:45:58,170 [ERROR] LogOutputStream:75 - [STDERR_REDIRECT] 
2026-02-18 11:45:59,165 [ERROR] LogOutputStream:75 - [STDERR_REDIRECT] [Fatal Error] :1:1: Premature end of file.
2026-02-18 11:45:59,165 [ERROR] LogOutputStream:75 - [STDERR_REDIRECT] 
2026-02-18 11:46:00,167 [ERROR] LogOutputStream:75 - [STDERR_REDIRECT] [Fatal Error] :1:1: Premature end of file.
2026-02-18 11:46:00,167 [ERROR] LogOutputStream:75 - [STDERR_REDIRECT] 
2026-02-18 11:46:01,172 [ERROR] LogOutputStream:75 - [STDERR_REDIRECT] [Fatal Error] :1:1: Premature end of file.
2026-02-18 11:46:01,172 [ERROR] LogOutputStream:75 - [STDERR_REDIRECT] 
2026-02-18 11:46:02,172 [ERROR] LogOutputStream:75 - [STDERR_REDIRECT] [Fatal Error] :1:1: Premature end of file.
2026-02-18 11:46:02,172 [ERROR] LogOutputStream:75 - [STDERR_REDIRECT] 
2026-02-18 11:46:03,171 [ERROR] LogOutputStream:75 - [STDERR_REDIRECT] [Fatal Error] :1:1: Premature end of file.
2026-02-18 11:46:03,171 [ERROR] LogOutputStream:75 - [STDERR_REDIRECT] 
2026-02-18 11:46:04,176 [ERROR] LogOutputStream:75 - [STDERR_REDIRECT] [Fatal Error] :1:1: Premature end of file.
2026-02-18 11:46:04,176 [ERROR] LogOutputStream:75 - [STDERR_REDIRECT] 
2026-02-18 11:46:05,168 [ERROR] LogOutputStream:75 - [STDERR_REDIRECT] [Fatal Error] :1:1: Premature end of file.
2026-02-18 11:46:05,168 [ERROR] LogOutputStream:75 - [STDERR_REDIRECT] 
2026-02-18 11:46:06,169 [ERROR] LogOutputStream:75 - [STDERR_REDIRECT] [Fatal Error] :1:1: Premature end of file.
2026-02-18 11:46:06,169 [ERROR] LogOutputStream:75 - [STDERR_REDIRECT] 
2026-02-18 11:46:07,168 [ERROR] LogOutputStream:75 - [STDERR_REDIRECT] [Fatal Error] :1:1: Premature end of file.
2026-02-18 11:46:07,168 [ERROR] LogOutputStream:75 - [STDERR_REDIRECT] 
2026-02-18 11:46:08,164 [ERROR] LogOutputStream:75 - [STDERR_REDIRECT] [Fatal Error] :1:1: Premature end of file.
2026-02-18 11:46:08,164 [ERROR] LogOutputStream:75 - [STDERR_REDIRECT] 
2026-02-18 11:46:09,170 [ERROR] LogOutputStream:75 - [STDERR_REDIRECT] [Fatal Error] :1:1: Premature end of file.
2026-02-18 11:46:09,170 [ERROR] LogOutputStream:75 - [STDERR_REDIRECT] 
2026-02-18 11:46:10,166 [ERROR] LogOutputStream:75 - [STDERR_REDIRECT] [Fatal Error] :1:1: Premature end of file.
2026-02-18 11:46:10,166 [ERROR] LogOutputStream:75 - [STDERR_REDIRECT] 
2026-02-18 11:46:11,172 [ERROR] LogOutputStream:75 - [STDERR_REDIRECT] [Fatal Error] :1:1: Premature end of file.
2026-02-18 11:46:11,172 [ERROR] LogOutputStream:75 - [STDERR_REDIRECT] 
2026-02-18 11:46:12,163 [ERROR] LogOutputStream:75 - [STDERR_REDIRECT] [Fatal Error] :1:1: Premature end of file.
2026-02-18 11:46:12,163 [ERROR] LogOutputStream:75 - [STDERR_REDIRECT] 
2026-02-18 11:46:13,168 [ERROR] LogOutputStream:75 - [STDERR_REDIRECT] [Fatal Error] :1:1: Premature end of file.
2026-02-18 11:46:13,168 [ERROR] LogOutputStream:75 - [STDERR_REDIRECT] 
2026-02-18 11:46:14,167 [ERROR] LogOutputStream:75 - [STDERR_REDIRECT] [Fatal Error] :1:1: Premature end of file.
2026-02-18 11:46:14,167 [ERROR] LogOutputStream:75 - [STDERR_REDIRECT] 
2026-02-18 11:46:15,169 [ERROR] LogOutputStream:75 - [STDERR_REDIRECT] [Fatal Error] :1:1: Premature end of file.
2026-02-18 11:46:15,169 [ERROR] LogOutputStream:75 - [STDERR_REDIRECT] 
2026-02-18 11:46:16,172 [ERROR] LogOutputStream:75 - [STDERR_REDIRECT] [Fatal Error] :1:1: Premature end of file.
2026-02-18 11:46:16,172 [ERROR] LogOutputStream:75 - [STDERR_REDIRECT] 
2026-02-18 11:46:17,167 [ERROR] LogOutputStream:75 - [STDERR_REDIRECT] [Fatal Error] :1:1: Premature end of file.
2026-02-18 11:46:17,167 [ERROR] LogOutputStream:75 - [STDERR_REDIRECT] 
2026-02-18 11:46:18,162 [ERROR] LogOutputStream:75 - [STDERR_REDIRECT] [Fatal Error] :1:1: Premature end of file.
2026-02-18 11:46:18,162 [ERROR] LogOutputStream:75 - [STDERR_REDIRECT] 
2026-02-18 11:46:19,166 [ERROR] LogOutputStream:75 - [STDERR_REDIRECT] [Fatal Error] :1:1: Premature end of file.
2026-02-18 11:46:19,166 [ERROR] LogOutputStream:75 - [STDERR_REDIRECT] 
2026-02-18 11:46:20,168 [ERROR] LogOutputStream:75 - [STDERR_REDIRECT] [Fatal Error] :1:1: Premature end of file.
2026-02-18 11:46:20,168 [ERROR] LogOutputStream:75 - [STDERR_REDIRECT] 
2026-02-18 11:46:21,173 [ERROR] LogOutputStream:75 - [STDERR_REDIRECT] [Fatal Error] :1:1: Premature end of file.
2026-02-18 11:46:21,173 [ERROR] LogOutputStream:75 - [STDERR_REDIRECT] 
2026-02-18 11:46:22,171 [ERROR] LogOutputStream:75 - [STDERR_REDIRECT] [Fatal Error] :1:1: Premature end of file.
2026-02-18 11:46:22,171 [ERROR] LogOutputStream:75 - [STDERR_REDIRECT] 
2026-02-18 11:46:23,163 [ERROR] LogOutputStream:75 - [STDERR_REDIRECT] [Fatal Error] :1:1: Premature end of file.
2026-02-18 11:46:23,163 [ERROR] LogOutputStream:75 - [STDERR_REDIRECT] 
2026-02-18 11:46:24,165 [ERROR] LogOutputStream:75 - [STDERR_REDIRECT] [Fatal Error] :1:1: Premature end of file.
2026-02-18 11:46:24,165 [ERROR] LogOutputStream:75 - [STDERR_REDIRECT] 
2026-02-18 11:46:25,173 [ERROR] LogOutputStream:75 - [STDERR_REDIRECT] [Fatal Error] :1:1: Premature end of file.
2026-02-18 11:46:25,173 [ERROR] LogOutputStream:75 - [STDERR_REDIRECT] 
2026-02-18 11:46:26,169 [ERROR] LogOutputStream:75 - [STDERR_REDIRECT] [Fatal Error] :1:1: Premature end of file.
2026-02-18 11:46:26,169 [ERROR] LogOutputStream:75 - [STDERR_REDIRECT] 
2026-02-18 11:46:27,168 [ERROR] LogOutputStream:75 - [STDERR_REDIRECT] [Fatal Error] :1:1: Premature end of file.
2026-02-18 11:46:27,168 [ERROR] LogOutputStream:75 - [STDERR_REDIRECT] 
2026-02-18 11:46:28,164 [ERROR] LogOutputStream:75 - [STDERR_REDIRECT] [Fatal Error] :1:1: Premature end of file.
2026-02-18 11:46:28,164 [ERROR] LogOutputStream:75 - [STDERR_REDIRECT] 
2026-02-18 11:46:29,168 [ERROR] LogOutputStream:75 - [STDERR_REDIRECT] [Fatal Error] :1:1: Premature end of file.
2026-02-18 11:46:29,168 [ERROR] LogOutputStream:75 - [STDERR_REDIRECT] 
2026-02-18 11:46:30,164 [ERROR] LogOutputStream:75 - [STDERR_REDIRECT] [Fatal Error] :1:1: Premature end of file.
2026-02-18 11:46:30,164 [ERROR] LogOutputStream:75 - [STDERR_REDIRECT] 
2026-02-18 11:46:31,162 [ERROR] LogOutputStream:75 - [STDERR_REDIRECT] [Fatal Error] :1:1: Premature end of file.
2026-02-18 11:46:31,162 [ERROR] LogOutputStream:75 - [STDERR_REDIRECT] 
2026-02-18 11:46:32,164 [ERROR] LogOutputStream:75 - [STDERR_REDIRECT] [Fatal Error] :1:1: Premature end of file.
2026-02-18 11:46:32,164 [ERROR] LogOutputStream:75 - [STDERR_REDIRECT] 
2026-02-18 11:46:33,166 [ERROR] LogOutputStream:75 - [STDERR_REDIRECT] [Fatal Error] :1:1: Premature end of file.
2026-02-18 11:46:33,166 [ERROR] LogOutputStream:75 - [STDERR_REDIRECT] 
2026-02-18 11:46:34,165 [ERROR] LogOutputStream:75 - [STDERR_REDIRECT] [Fatal Error] :1:1: Premature end of file.
2026-02-18 11:46:34,165 [ERROR] LogOutputStream:75 - [STDERR_REDIRECT] 
2026-02-18 11:46:35,171 [ERROR] LogOutputStream:75 - [STDERR_REDIRECT] [Fatal Error] :1:1: Premature end of file.
2026-02-18 11:46:35,174 [ERROR] LogOutputStream:75 - [STDERR_REDIRECT] 
2026-02-18 11:46:36,182 [ERROR] LogOutputStream:75 - [STDERR_REDIRECT] [Fatal Error] :1:1: Premature end of file.
2026-02-18 11:46:36,182 [ERROR] LogOutputStream:75 - [STDERR_REDIRECT] 
2026-02-18 11:46:37,175 [ERROR] LogOutputStream:75 - [STDERR_REDIRECT] [Fatal Error] :1:1: Premature end of file.
2026-02-18 11:46:37,175 [ERROR] LogOutputStream:75 - [STDERR_REDIRECT] 
2026-02-18 11:46:38,170 [ERROR] LogOutputStream:75 - [STDERR_REDIRECT] [Fatal Error] :1:1: Premature end of file.
2026-02-18 11:46:38,170 [ERROR] LogOutputStream:75 - [STDERR_REDIRECT] 
2026-02-18 11:46:39,171 [ERROR] LogOutputStream:75 - [STDERR_REDIRECT] [Fatal Error] :1:1: Premature end of file.
2026-02-18 11:46:39,171 [ERROR] LogOutputStream:75 - [STDERR_REDIRECT] 
2026-02-18 11:46:40,178 [ERROR] LogOutputStream:75 - [STDERR_REDIRECT] [Fatal Error] :1:1: Premature end of file.
2026-02-18 11:46:40,178 [ERROR] LogOutputStream:75 - [STDERR_REDIRECT] 
2026-02-18 11:46:41,175 [ERROR] LogOutputStream:75 - [STDERR_REDIRECT] [Fatal Error] :1:1: Premature end of file.
2026-02-18 11:46:41,175 [ERROR] LogOutputStream:75 - [STDERR_REDIRECT] 
2026-02-18 11:46:42,175 [ERROR] LogOutputStream:75 - [STDERR_REDIRECT] [Fatal Error] :1:1: Premature end of file.
2026-02-18 11:46:42,175 [ERROR] LogOutputStream:75 - [STDERR_REDIRECT] 
2026-02-18 11:46:43,170 [ERROR] LogOutputStream:75 - [STDERR_REDIRECT] [Fatal Error] :1:1: Premature end of file.
2026-02-18 11:46:43,170 [ERROR] LogOutputStream:75 - [STDERR_REDIRECT] 
2026-02-18 11:46:44,169 [ERROR] LogOutputStream:75 - [STDERR_REDIRECT] [Fatal Error] :1:1: Premature end of file.
2026-02-18 11:46:44,169 [ERROR] LogOutputStream:75 - [STDERR_REDIRECT] 
2026-02-18 11:46:45,171 [ERROR] LogOutputStream:75 - [STDERR_REDIRECT] [Fatal Error] :1:1: Premature end of file.
2026-02-18 11:46:45,171 [ERROR] LogOutputStream:75 - [STDERR_REDIRECT] 
2026-02-18 11:46:46,167 [ERROR] LogOutputStream:75 - [STDERR_REDIRECT] [Fatal Error] :1:1: Premature end of file.
2026-02-18 11:46:46,167 [ERROR] LogOutputStream:75 - [STDERR_REDIRECT] 
2026-02-18 11:46:47,164 [ERROR] LogOutputStream:75 - [STDERR_REDIRECT] [Fatal Error] :1:1: Premature end of file.
2026-02-18 11:46:47,164 [ERROR] LogOutputStream:75 - [STDERR_REDIRECT] 
2026-02-18 11:46:48,169 [ERROR] LogOutputStream:75 - [STDERR_REDIRECT] [Fatal Error] :1:1: Premature end of file.
2026-02-18 11:46:48,169 [ERROR] LogOutputStream:75 - [STDERR_REDIRECT] 
2026-02-18 11:46:49,172 [ERROR] LogOutputStream:75 - [STDERR_REDIRECT] [Fatal Error] :1:1: Premature end of file.
2026-02-18 11:46:49,172 [ERROR] LogOutputStream:75 - [STDERR_REDIRECT] 
2026-02-18 11:46:50,162 [ERROR] LogOutputStream:75 - [STDERR_REDIRECT] [Fatal Error] :1:1: Premature end of file.
2026-02-18 11:46:50,170 [ERROR] LogOutputStream:75 - [STDERR_REDIRECT] 
2026-02-18 11:46:51,183 [ERROR] LogOutputStream:75 - [STDERR_REDIRECT] [Fatal Error] :1:1: Premature end of file.
2026-02-18 11:46:51,183 [ERROR] LogOutputStream:75 - [STDERR_REDIRECT] 
2026-02-18 11:46:52,168 [ERROR] LogOutputStream:75 - [STDERR_REDIRECT] [Fatal Error] :1:1: Premature end of file.
2026-02-18 11:46:52,168 [ERROR] LogOutputStream:75 - [STDERR_REDIRECT] 
2026-02-18 11:46:53,175 [ERROR] LogOutputStream:75 - [STDERR_REDIRECT] [Fatal Error] :1:1: Premature end of file.
2026-02-18 11:46:53,175 [ERROR] LogOutputStream:75 - [STDERR_REDIRECT] 
2026-02-18 11:46:54,168 [ERROR] LogOutputStream:75 - [STDERR_REDIRECT] [Fatal Error] :1:1: Premature end of file.
2026-02-18 11:46:54,168 [ERROR] LogOutputStream:75 - [STDERR_REDIRECT] 
2026-02-18 11:46:55,175 [ERROR] LogOutputStream:75 - [STDERR_REDIRECT] [Fatal Error] :1:1: Premature end of file.
2026-02-18 11:46:55,175 [ERROR] LogOutputStream:75 - [STDERR_REDIRECT] 
2026-02-18 11:46:56,163 [ERROR] LogOutputStream:75 - [STDERR_REDIRECT] [Fatal Error] :1:1: Premature end of file.
2026-02-18 11:46:56,163 [ERROR] LogOutputStream:75 - [STDERR_REDIRECT] 
2026-02-18 11:46:57,169 [ERROR] LogOutputStream:75 - [STDERR_REDIRECT] [Fatal Error] :1:1: Premature end of file.
2026-02-18 11:46:57,169 [ERROR] LogOutputStream:75 - [STDERR_REDIRECT] 
2026-02-18 11:46:58,174 [ERROR] LogOutputStream:75 - [STDERR_REDIRECT] [Fatal Error] :1:1: Premature end of file.
2026-02-18 11:46:58,174 [ERROR] LogOutputStream:75 - [STDERR_REDIRECT] 
2026-02-18 11:46:59,162 [ERROR] LogOutputStream:75 - [STDERR_REDIRECT] [Fatal Error] :1:1: Premature end of file.
2026-02-18 11:46:59,162 [ERROR] LogOutputStream:75 - [STDERR_REDIRECT] 
2026-02-18 11:47:00,165 [ERROR] LogOutputStream:75 - [STDERR_REDIRECT] [Fatal Error] :1:1: Premature end of file.
2026-02-18 11:47:00,165 [ERROR] LogOutputStream:75 - [STDERR_REDIRECT] 
2026-02-18 11:47:01,179 [ERROR] LogOutputStream:75 - [STDERR_REDIRECT] [Fatal Error] :1:1: Premature end of file.
2026-02-18 11:47:01,179 [ERROR] LogOutputStream:75 - [STDERR_REDIRECT] 
2026-02-18 11:47:02,164 [ERROR] LogOutputStream:75 - [STDERR_REDIRECT] [Fatal Error] :1:1: Premature end of file.
2026-02-18 11:47:02,164 [ERROR] LogOutputStream:75 - [STDERR_REDIRECT] 
2026-02-18 11:47:03,175 [ERROR] LogOutputStream:75 - [STDERR_REDIRECT] [Fatal Error] :1:1: Premature end of file.
2026-02-18 11:47:03,175 [ERROR] LogOutputStream:75 - [STDERR_REDIRECT] 
2026-02-18 11:47:04,166 [ERROR] LogOutputStream:75 - [STDERR_REDIRECT] [Fatal Error] :1:1: Premature end of file.
2026-02-18 11:47:04,166 [ERROR] LogOutputStream:75 - [STDERR_REDIRECT] 
2026-02-18 11:47:05,164 [ERROR] LogOutputStream:75 - [STDERR_REDIRECT] [Fatal Error] :1:1: Premature end of file.
2026-02-18 11:47:05,164 [ERROR] LogOutputStream:75 - [STDERR_REDIRECT] 
2026-02-18 11:47:06,171 [ERROR] LogOutputStream:75 - [STDERR_REDIRECT] [Fatal Error] :1:1: Premature end of file.
2026-02-18 11:47:06,171 [ERROR] LogOutputStream:75 - [STDERR_REDIRECT] 
2026-02-18 11:47:07,165 [ERROR] LogOutputStream:75 - [STDERR_REDIRECT] [Fatal Error] :1:1: Premature end of file.
2026-02-18 11:47:07,165 [ERROR] LogOutputStream:75 - [STDERR_REDIRECT] 
2026-02-18 11:47:08,167 [ERROR] LogOutputStream:75 - [STDERR_REDIRECT] [Fatal Error] :1:1: Premature end of file.
2026-02-18 11:47:08,167 [ERROR] LogOutputStream:75 - [STDERR_REDIRECT] 
2026-02-18 11:47:09,169 [ERROR] LogOutputStream:75 - [STDERR_REDIRECT] [Fatal Error] :1:1: Premature end of file.
2026-02-18 11:47:09,169 [ERROR] LogOutputStream:75 - [STDERR_REDIRECT] 
2026-02-18 11:47:10,171 [ERROR] LogOutputStream:75 - [STDERR_REDIRECT] [Fatal Error] :1:1: Premature end of file.
2026-02-18 11:47:10,171 [ERROR] LogOutputStream:75 - [STDERR_REDIRECT] 
2026-02-18 11:47:11,160 [ERROR] LogOutputStream:75 - [STDERR_REDIRECT] [Fatal Error] :1:1: Premature end of file.
2026-02-18 11:47:11,160 [ERROR] LogOutputStream:75 - [STDERR_REDIRECT] 
2026-02-18 11:47:12,164 [ERROR] LogOutputStream:75 - [STDERR_REDIRECT] [Fatal Error] :1:1: Premature end of file.
2026-02-18 11:47:12,164 [ERROR] LogOutputStream:75 - [STDERR_REDIRECT] 
2026-02-18 11:47:13,172 [ERROR] LogOutputStream:75 - [STDERR_REDIRECT] [Fatal Error] :1:1: Premature end of file.
2026-02-18 11:47:13,172 [ERROR] LogOutputStream:75 - [STDERR_REDIRECT] 
2026-02-18 11:47:14,170 [ERROR] LogOutputStream:75 - [STDERR_REDIRECT] [Fatal Error] :1:1: Premature end of file.
2026-02-18 11:47:14,170 [ERROR] LogOutputStream:75 - [STDERR_REDIRECT] 
2026-02-18 11:47:15,168 [ERROR] LogOutputStream:75 - [STDERR_REDIRECT] [Fatal Error] :1:1: Premature end of file.
2026-02-18 11:47:15,168 [ERROR] LogOutputStream:75 - [STDERR_REDIRECT] 
2026-02-18 11:47:16,163 [ERROR] LogOutputStream:75 - [STDERR_REDIRECT] [Fatal Error] :1:1: Premature end of file.
2026-02-18 11:47:16,163 [ERROR] LogOutputStream:75 - [STDERR_REDIRECT] 
2026-02-18 11:47:17,176 [ERROR] LogOutputStream:75 - [STDERR_REDIRECT] [Fatal Error] :1:1: Premature end of file.
2026-02-18 11:47:17,176 [ERROR] LogOutputStream:75 - [STDERR_REDIRECT] 
2026-02-18 11:47:18,164 [ERROR] LogOutputStream:75 - [STDERR_REDIRECT] [Fatal Error] :1:1: Premature end of file.
2026-02-18 11:47:18,164 [ERROR] LogOutputStream:75 - [STDERR_REDIRECT] 
2026-02-18 11:47:19,174 [ERROR] LogOutputStream:75 - [STDERR_REDIRECT] [Fatal Error] :1:1: Premature end of file.
2026-02-18 11:47:19,174 [ERROR] LogOutputStream:75 - [STDERR_REDIRECT] 
2026-02-18 11:47:20,167 [ERROR] LogOutputStream:75 - [STDERR_REDIRECT] [Fatal Error] :1:1: Premature end of file.
2026-02-18 11:47:20,167 [ERROR] LogOutputStream:75 - [STDERR_REDIRECT] 
2026-02-18 11:47:21,177 [ERROR] LogOutputStream:75 - [STDERR_REDIRECT] [Fatal Error] :1:1: Premature end of file.
2026-02-18 11:47:21,177 [ERROR] LogOutputStream:75 - [STDERR_REDIRECT] 
2026-02-18 11:47:22,165 [ERROR] LogOutputStream:75 - [STDERR_REDIRECT] [Fatal Error] :1:1: Premature end of file.
2026-02-18 11:47:22,165 [ERROR] LogOutputStream:75 - [STDERR_REDIRECT] 
2026-02-18 11:47:23,170 [ERROR] LogOutputStream:75 - [STDERR_REDIRECT] [Fatal Error] :1:1: Premature end of file.
2026-02-18 11:47:23,170 [ERROR] LogOutputStream:75 - [STDERR_REDIRECT] 
2026-02-18 11:47:24,173 [ERROR] LogOutputStream:75 - [STDERR_REDIRECT] [Fatal Error] :1:1: Premature end of file.
2026-02-18 11:47:24,173 [ERROR] LogOutputStream:75 - [STDERR_REDIRECT] 
2026-02-18 11:47:25,178 [ERROR] LogOutputStream:75 - [STDERR_REDIRECT] [Fatal Error] :1:1: Premature end of file.
2026-02-18 11:47:25,178 [ERROR] LogOutputStream:75 - [STDERR_REDIRECT] 
2026-02-18 11:47:26,169 [ERROR] LogOutputStream:75 - [STDERR_REDIRECT] [Fatal Error] :1:1: Premature end of file.
2026-02-18 11:47:26,169 [ERROR] LogOutputStream:75 - [STDERR_REDIRECT] 
2026-02-18 11:47:27,166 [ERROR] LogOutputStream:75 - [STDERR_REDIRECT] [Fatal Error] :1:1: Premature end of file.
2026-02-18 11:47:27,166 [ERROR] LogOutputStream:75 - [STDERR_REDIRECT] 
2026-02-18 11:47:28,167 [ERROR] LogOutputStream:75 - [STDERR_REDIRECT] [Fatal Error] :1:1: Premature end of file.
2026-02-18 11:47:28,167 [ERROR] LogOutputStream:75 - [STDERR_REDIRECT] 
2026-02-18 11:47:29,163 [ERROR] LogOutputStream:75 - [STDERR_REDIRECT] [Fatal Error] :1:1: Premature end of file.
2026-02-18 11:47:29,163 [ERROR] LogOutputStream:75 - [STDERR_REDIRECT] 
2026-02-18 11:47:30,164 [ERROR] LogOutputStream:75 - [STDERR_REDIRECT] [Fatal Error] :1:1: Premature end of file.
2026-02-18 11:47:30,164 [ERROR] LogOutputStream:75 - [STDERR_REDIRECT] 
2026-02-18 11:47:31,169 [ERROR] LogOutputStream:75 - [STDERR_REDIRECT] [Fatal Error] :1:1: Premature end of file.
2026-02-18 11:47:31,169 [ERROR] LogOutputStream:75 - [STDERR_REDIRECT] 
2026-02-18 11:47:32,180 [ERROR] LogOutputStream:75 - [STDERR_REDIRECT] [Fatal Error] :1:1: Premature end of file.
2026-02-18 11:47:32,180 [ERROR] LogOutputStream:75 - [STDERR_REDIRECT] 
2026-02-18 11:47:33,171 [ERROR] LogOutputStream:75 - [STDERR_REDIRECT] [Fatal Error] :1:1: Premature end of file.
2026-02-18 11:47:33,171 [ERROR] LogOutputStream:75 - [STDERR_REDIRECT] 
2026-02-18 11:47:34,180 [ERROR] LogOutputStream:75 - [STDERR_REDIRECT] [Fatal Error] :1:1: Premature end of file.
2026-02-18 11:47:34,180 [ERROR] LogOutputStream:75 - [STDERR_REDIRECT] 
2026-02-18 11:47:35,176 [ERROR] LogOutputStream:75 - [STDERR_REDIRECT] [Fatal Error] :1:1: Premature end of file.
2026-02-18 11:47:35,176 [ERROR] LogOutputStream:75 - [STDERR_REDIRECT] 
2026-02-18 11:47:36,169 [ERROR] LogOutputStream:75 - [STDERR_REDIRECT] [Fatal Error] :1:1: Premature end of file.
2026-02-18 11:47:36,169 [ERROR] LogOutputStream:75 - [STDERR_REDIRECT] 
2026-02-18 11:47:37,169 [ERROR] LogOutputStream:75 - [STDERR_REDIRECT] [Fatal Error] :1:1: Premature end of file.
2026-02-18 11:47:37,169 [ERROR] LogOutputStream:75 - [STDERR_REDIRECT] 
2026-02-18 11:47:38,161 [ERROR] LogOutputStream:75 - [STDERR_REDIRECT] [Fatal Error] :1:1: Premature end of file.
2026-02-18 11:47:38,161 [ERROR] LogOutputStream:75 - [STDERR_REDIRECT] 
2026-02-18 11:47:39,171 [ERROR] LogOutputStream:75 - [STDERR_REDIRECT] [Fatal Error] :1:1: Premature end of file.
2026-02-18 11:47:39,171 [ERROR] LogOutputStream:75 - [STDERR_REDIRECT] 
2026-02-18 11:47:40,171 [ERROR] LogOutputStream:75 - [STDERR_REDIRECT] [Fatal Error] :1:1: Premature end of file.
2026-02-18 11:47:40,171 [ERROR] LogOutputStream:75 - [STDERR_REDIRECT] 
2026-02-18 11:47:41,165 [ERROR] LogOutputStream:75 - [STDERR_REDIRECT] [Fatal Error] :1:1: Premature end of file.
2026-02-18 11:47:41,165 [ERROR] LogOutputStream:75 - [STDERR_REDIRECT] 
2026-02-18 11:47:42,172 [ERROR] LogOutputStream:75 - [STDERR_REDIRECT] [Fatal Error] :1:1: Premature end of file.
2026-02-18 11:47:42,172 [ERROR] LogOutputStream:75 - [STDERR_REDIRECT] 
2026-02-18 11:47:43,163 [ERROR] LogOutputStream:75 - [STDERR_REDIRECT] [Fatal Error] :1:1: Premature end of file.
2026-02-18 11:47:43,163 [ERROR] LogOutputStream:75 - [STDERR_REDIRECT] 
2026-02-18 11:47:44,171 [ERROR] LogOutputStream:75 - [STDERR_REDIRECT] [Fatal Error] :1:1: Premature end of file.
2026-02-18 11:47:44,171 [ERROR] LogOutputStream:75 - [STDERR_REDIRECT] 
2026-02-18 11:47:45,169 [ERROR] LogOutputStream:75 - [STDERR_REDIRECT] [Fatal Error] :1:1: Premature end of file.
2026-02-18 11:47:45,169 [ERROR] LogOutputStream:75 - [STDERR_REDIRECT] 
2026-02-18 11:47:46,166 [ERROR] LogOutputStream:75 - [STDERR_REDIRECT] [Fatal Error] :1:1: Premature end of file.
2026-02-18 11:47:46,166 [ERROR] LogOutputStream:75 - [STDERR_REDIRECT] 
2026-02-18 11:47:47,167 [ERROR] LogOutputStream:75 - [STDERR_REDIRECT] [Fatal Error] :1:1: Premature end of file.
2026-02-18 11:47:47,167 [ERROR] LogOutputStream:75 - [STDERR_REDIRECT] 
2026-02-18 11:47:48,163 [ERROR] LogOutputStream:75 - [STDERR_REDIRECT] [Fatal Error] :1:1: Premature end of file.
2026-02-18 11:47:48,163 [ERROR] LogOutputStream:75 - [STDERR_REDIRECT] 
2026-02-18 11:47:49,167 [ERROR] LogOutputStream:75 - [STDERR_REDIRECT] [Fatal Error] :1:1: Premature end of file.
2026-02-18 11:47:49,167 [ERROR] LogOutputStream:75 - [STDERR_REDIRECT] 
2026-02-18 11:47:50,165 [ERROR] LogOutputStream:75 - [STDERR_REDIRECT] [Fatal Error] :1:1: Premature end of file.
2026-02-18 11:47:50,165 [ERROR] LogOutputStream:75 - [STDERR_REDIRECT] 
2026-02-18 11:47:51,167 [ERROR] LogOutputStream:75 - [STDERR_REDIRECT] [Fatal Error] :1:1: Premature end of file.
2026-02-18 11:47:51,167 [ERROR] LogOutputStream:75 - [STDERR_REDIRECT] 
2026-02-18 11:47:52,173 [ERROR] LogOutputStream:75 - [STDERR_REDIRECT] [Fatal Error] :1:1: Premature end of file.
2026-02-18 11:47:52,173 [ERROR] LogOutputStream:75 - [STDERR_REDIRECT] 
2026-02-18 11:47:53,171 [ERROR] LogOutputStream:75 - [STDERR_REDIRECT] [Fatal Error] :1:1: Premature end of file.
2026-02-18 11:47:53,171 [ERROR] LogOutputStream:75 - [STDERR_REDIRECT] 
2026-02-18 11:47:54,164 [ERROR] LogOutputStream:75 - [STDERR_REDIRECT] [Fatal Error] :1:1: Premature end of file.
2026-02-18 11:47:54,164 [ERROR] LogOutputStream:75 - [STDERR_REDIRECT] 
2026-02-18 11:47:55,160 [ERROR] LogOutputStream:75 - [STDERR_REDIRECT] [Fatal Error] :1:1: Premature end of file.
2026-02-18 11:47:55,160 [ERROR] LogOutputStream:75 - [STDERR_REDIRECT] 
2026-02-18 11:47:56,168 [ERROR] LogOutputStream:75 - [STDERR_REDIRECT] [Fatal Error] :1:1: Premature end of file.
2026-02-18 11:47:56,174 [ERROR] LogOutputStream:75 - [STDERR_REDIRECT] 
2026-02-18 11:47:57,166 [ERROR] LogOutputStream:75 - [STDERR_REDIRECT] [Fatal Error] :1:1: Premature end of file.
2026-02-18 11:47:57,166 [ERROR] LogOutputStream:75 - [STDERR_REDIRECT] 
2026-02-18 11:47:58,169 [ERROR] LogOutputStream:75 - [STDERR_REDIRECT] [Fatal Error] :1:1: Premature end of file.
2026-02-18 11:47:58,169 [ERROR] LogOutputStream:75 - [STDERR_REDIRECT] 
2026-02-18 11:47:59,165 [ERROR] LogOutputStream:75 - [STDERR_REDIRECT] [Fatal Error] :1:1: Premature end of file.
2026-02-18 11:47:59,165 [ERROR] LogOutputStream:75 - [STDERR_REDIRECT] 
2026-02-18 11:48:00,165 [ERROR] LogOutputStream:75 - [STDERR_REDIRECT] [Fatal Error] :1:1: Premature end of file.
2026-02-18 11:48:00,165 [ERROR] LogOutputStream:75 - [STDERR_REDIRECT] 
2026-02-18 11:48:01,170 [ERROR] LogOutputStream:75 - [STDERR_REDIRECT] [Fatal Error] :1:1: Premature end of file.
2026-02-18 11:48:01,170 [ERROR] LogOutputStream:75 - [STDERR_REDIRECT] 
2026-02-18 11:48:02,167 [ERROR] LogOutputStream:75 - [STDERR_REDIRECT] [Fatal Error] :1:1: Premature end of file.
2026-02-18 11:48:02,167 [ERROR] LogOutputStream:75 - [STDERR_REDIRECT] 
2026-02-18 11:48:03,167 [ERROR] LogOutputStream:75 - [STDERR_REDIRECT] [Fatal Error] :1:1: Premature end of file.
2026-02-18 11:48:03,167 [ERROR] LogOutputStream:75 - [STDERR_REDIRECT] 
2026-02-18 11:48:04,165 [ERROR] LogOutputStream:75 - [STDERR_REDIRECT] [Fatal Error] :1:1: Premature end of file.
2026-02-18 11:48:04,167 [ERROR] LogOutputStream:75 - [STDERR_REDIRECT] 
2026-02-18 11:48:05,165 [ERROR] LogOutputStream:75 - [STDERR_REDIRECT] [Fatal Error] :1:1: Premature end of file.
2026-02-18 11:48:05,169 [ERROR] LogOutputStream:75 - [STDERR_REDIRECT] 
2026-02-18 11:48:06,157 [ERROR] LogOutputStream:75 - [STDERR_REDIRECT] [Fatal Error] :1:1: Premature end of file.
2026-02-18 11:48:06,157 [ERROR] LogOutputStream:75 - [STDERR_REDIRECT] 
2026-02-18 11:48:07,165 [ERROR] LogOutputStream:75 - [STDERR_REDIRECT] [Fatal Error] :1:1: Premature end of file.
2026-02-18 11:48:07,165 [ERROR] LogOutputStream:75 - [STDERR_REDIRECT] 
2026-02-18 11:48:08,170 [ERROR] LogOutputStream:75 - [STDERR_REDIRECT] [Fatal Error] :1:1: Premature end of file.
2026-02-18 11:48:08,171 [ERROR] LogOutputStream:75 - [STDERR_REDIRECT] 
2026-02-18 11:48:09,175 [ERROR] LogOutputStream:75 - [STDERR_REDIRECT] [Fatal Error] :1:1: Premature end of file.
2026-02-18 11:48:09,175 [ERROR] LogOutputStream:75 - [STDERR_REDIRECT] 
2026-02-18 11:48:10,169 [ERROR] LogOutputStream:75 - [STDERR_REDIRECT] [Fatal Error] :1:1: Premature end of file.
2026-02-18 11:48:10,169 [ERROR] LogOutputStream:75 - [STDERR_REDIRECT] 
2026-02-18 11:48:11,164 [ERROR] LogOutputStream:75 - [STDERR_REDIRECT] [Fatal Error] :1:1: Premature end of file.
2026-02-18 11:48:11,164 [ERROR] LogOutputStream:75 - [STDERR_REDIRECT] 
2026-02-18 11:48:12,169 [ERROR] LogOutputStream:75 - [STDERR_REDIRECT] [Fatal Error] :1:1: Premature end of file.
2026-02-18 11:48:12,169 [ERROR] LogOutputStream:75 - [STDERR_REDIRECT] 
2026-02-18 11:48:13,168 [ERROR] LogOutputStream:75 - [STDERR_REDIRECT] [Fatal Error] :1:1: Premature end of file.
2026-02-18 11:48:13,168 [ERROR] LogOutputStream:75 - [STDERR_REDIRECT] 
2026-02-18 11:48:14,170 [ERROR] LogOutputStream:75 - [STDERR_REDIRECT] [Fatal Error] :1:1: Premature end of file.
2026-02-18 11:48:14,170 [ERROR] LogOutputStream:75 - [STDERR_REDIRECT] 
2026-02-18 11:48:15,166 [ERROR] LogOutputStream:75 - [STDERR_REDIRECT] [Fatal Error] :1:1: Premature end of file.
2026-02-18 11:48:15,166 [ERROR] LogOutputStream:75 - [STDERR_REDIRECT] 
2026-02-18 11:48:16,164 [ERROR] LogOutputStream:75 - [STDERR_REDIRECT] [Fatal Error] :1:1: Premature end of file.
2026-02-18 11:48:16,164 [ERROR] LogOutputStream:75 - [STDERR_REDIRECT] 
2026-02-18 11:48:17,168 [ERROR] LogOutputStream:75 - [STDERR_REDIRECT] [Fatal Error] :1:1: Premature end of file.
2026-02-18 11:48:17,168 [ERROR] LogOutputStream:75 - [STDERR_REDIRECT] 
2026-02-18 11:48:18,165 [ERROR] LogOutputStream:75 - [STDERR_REDIRECT] [Fatal Error] :1:1: Premature end of file.
2026-02-18 11:48:18,165 [ERROR] LogOutputStream:75 - [STDERR_REDIRECT] 
2026-02-18 11:48:19,165 [ERROR] LogOutputStream:75 - [STDERR_REDIRECT] [Fatal Error] :1:1: Premature end of file.
2026-02-18 11:48:19,165 [ERROR] LogOutputStream:75 - [STDERR_REDIRECT] 
2026-02-18 11:48:20,162 [ERROR] LogOutputStream:75 - [STDERR_REDIRECT] [Fatal Error] :1:1: Premature end of file.
2026-02-18 11:48:20,162 [ERROR] LogOutputStream:75 - [STDERR_REDIRECT] 
2026-02-18 11:48:21,166 [ERROR] LogOutputStream:75 - [STDERR_REDIRECT] [Fatal Error] :1:1: Premature end of file.
2026-02-18 11:48:21,166 [ERROR] LogOutputStream:75 - [STDERR_REDIRECT] 
2026-02-18 11:48:22,169 [ERROR] LogOutputStream:75 - [STDERR_REDIRECT] [Fatal Error] :1:1: Premature end of file.
2026-02-18 11:48:22,169 [ERROR] LogOutputStream:75 - [STDERR_REDIRECT] 
2026-02-18 11:48:23,178 [ERROR] LogOutputStream:75 - [STDERR_REDIRECT] [Fatal Error] :1:1: Premature end of file.
2026-02-18 11:48:23,178 [ERROR] LogOutputStream:75 - [STDERR_REDIRECT] 
2026-02-18 11:48:24,164 [ERROR] LogOutputStream:75 - [STDERR_REDIRECT] [Fatal Error] :1:1: Premature end of file.
2026-02-18 11:48:24,164 [ERROR] LogOutputStream:75 - [STDERR_REDIRECT] 
2026-02-18 11:48:25,174 [ERROR] LogOutputStream:75 - [STDERR_REDIRECT] [Fatal Error] :1:1: Premature end of file.
2026-02-18 11:48:25,174 [ERROR] LogOutputStream:75 - [STDERR_REDIRECT] 
2026-02-18 11:48:26,165 [ERROR] LogOutputStream:75 - [STDERR_REDIRECT] [Fatal Error] :1:1: Premature end of file.
2026-02-18 11:48:26,165 [ERROR] LogOutputStream:75 - [STDERR_REDIRECT] 
2026-02-18 11:48:27,171 [ERROR] LogOutputStream:75 - [STDERR_REDIRECT] [Fatal Error] :1:1: Premature end of file.
2026-02-18 11:48:27,171 [ERROR] LogOutputStream:75 - [STDERR_REDIRECT] 
2026-02-18 11:48:28,173 [ERROR] LogOutputStream:75 - [STDERR_REDIRECT] [Fatal Error] :1:1: Premature end of file.
2026-02-18 11:48:28,173 [ERROR] LogOutputStream:75 - [STDERR_REDIRECT] 
2026-02-18 11:48:29,172 [ERROR] LogOutputStream:75 - [STDERR_REDIRECT] [Fatal Error] :1:1: Premature end of file.
2026-02-18 11:48:29,172 [ERROR] LogOutputStream:75 - [STDERR_REDIRECT] 
2026-02-18 11:48:30,168 [ERROR] LogOutputStream:75 - [STDERR_REDIRECT] [Fatal Error] :1:1: Premature end of file.
2026-02-18 11:48:30,168 [ERROR] LogOutputStream:75 - [STDERR_REDIRECT] 
2026-02-18 11:48:31,172 [ERROR] LogOutputStream:75 - [STDERR_REDIRECT] [Fatal Error] :1:1: Premature end of file.
2026-02-18 11:48:31,172 [ERROR] LogOutputStream:75 - [STDERR_REDIRECT] 
2026-02-18 11:48:32,173 [ERROR] LogOutputStream:75 - [STDERR_REDIRECT] [Fatal Error] :1:1: Premature end of file.
2026-02-18 11:48:32,173 [ERROR] LogOutputStream:75 - [STDERR_REDIRECT] 
2026-02-18 11:48:33,172 [ERROR] LogOutputStream:75 - [STDERR_REDIRECT] [Fatal Error] :1:1: Premature end of file.
2026-02-18 11:48:33,172 [ERROR] LogOutputStream:75 - [STDERR_REDIRECT] 
2026-02-18 11:48:34,171 [ERROR] LogOutputStream:75 - [STDERR_REDIRECT] [Fatal Error] :1:1: Premature end of file.
2026-02-18 11:48:34,171 [ERROR] LogOutputStream:75 - [STDERR_REDIRECT] 
2026-02-18 11:48:35,166 [ERROR] LogOutputStream:75 - [STDERR_REDIRECT] [Fatal Error] :1:1: Premature end of file.
2026-02-18 11:48:35,166 [ERROR] LogOutputStream:75 - [STDERR_REDIRECT] 
2026-02-18 11:48:36,164 [ERROR] LogOutputStream:75 - [STDERR_REDIRECT] [Fatal Error] :1:1: Premature end of file.
2026-02-18 11:48:36,164 [ERROR] LogOutputStream:75 - [STDERR_REDIRECT] 
2026-02-18 11:48:37,168 [ERROR] LogOutputStream:75 - [STDERR_REDIRECT] [Fatal Error] :1:1: Premature end of file.
2026-02-18 11:48:37,168 [ERROR] LogOutputStream:75 - [STDERR_REDIRECT] 
2026-02-18 11:48:38,167 [ERROR] LogOutputStream:75 - [STDERR_REDIRECT] [Fatal Error] :1:1: Premature end of file.
2026-02-18 11:48:38,167 [ERROR] LogOutputStream:75 - [STDERR_REDIRECT] 
2026-02-18 11:48:39,167 [ERROR] LogOutputStream:75 - [STDERR_REDIRECT] [Fatal Error] :1:1: Premature end of file.
2026-02-18 11:48:39,167 [ERROR] LogOutputStream:75 - [STDERR_REDIRECT] 
2026-02-18 11:48:40,171 [ERROR] LogOutputStream:75 - [STDERR_REDIRECT] [Fatal Error] :1:1: Premature end of file.
2026-02-18 11:48:40,171 [ERROR] LogOutputStream:75 - [STDERR_REDIRECT] 
2026-02-18 11:48:41,167 [ERROR] LogOutputStream:75 - [STDERR_REDIRECT] [Fatal Error] :1:1: Premature end of file.
2026-02-18 11:48:41,167 [ERROR] LogOutputStream:75 - [STDERR_REDIRECT] 
2026-02-18 11:48:42,163 [ERROR] LogOutputStream:75 - [STDERR_REDIRECT] [Fatal Error] :1:1: Premature end of file.
2026-02-18 11:48:42,163 [ERROR] LogOutputStream:75 - [STDERR_REDIRECT] 
2026-02-18 11:48:43,174 [ERROR] LogOutputStream:75 - [STDERR_REDIRECT] [Fatal Error] :1:1: Premature end of file.
2026-02-18 11:48:43,174 [ERROR] LogOutputStream:75 - [STDERR_REDIRECT] 
2026-02-18 11:48:44,176 [ERROR] LogOutputStream:75 - [STDERR_REDIRECT] [Fatal Error] :1:1: Premature end of file.
2026-02-18 11:48:44,176 [ERROR] LogOutputStream:75 - [STDERR_REDIRECT] 
2026-02-18 11:48:45,173 [ERROR] LogOutputStream:75 - [STDERR_REDIRECT] [Fatal Error] :1:1: Premature end of file.
2026-02-18 11:48:45,173 [ERROR] LogOutputStream:75 - [STDERR_REDIRECT] 
2026-02-18 11:48:46,168 [ERROR] LogOutputStream:75 - [STDERR_REDIRECT] [Fatal Error] :1:1: Premature end of file.
2026-02-18 11:48:46,168 [ERROR] LogOutputStream:75 - [STDERR_REDIRECT] 
2026-02-18 11:48:47,166 [ERROR] LogOutputStream:75 - [STDERR_REDIRECT] [Fatal Error] :1:1: Premature end of file.
2026-02-18 11:48:47,166 [ERROR] LogOutputStream:75 - [STDERR_REDIRECT] 
2026-02-18 11:48:48,170 [ERROR] LogOutputStream:75 - [STDERR_REDIRECT] [Fatal Error] :1:1: Premature end of file.
2026-02-18 11:48:48,170 [ERROR] LogOutputStream:75 - [STDERR_REDIRECT] 
2026-02-18 11:48:49,166 [ERROR] LogOutputStream:75 - [STDERR_REDIRECT] [Fatal Error] :1:1: Premature end of file.
2026-02-18 11:48:49,166 [ERROR] LogOutputStream:75 - [STDERR_REDIRECT] 
2026-02-18 11:48:50,169 [ERROR] LogOutputStream:75 - [STDERR_REDIRECT] [Fatal Error] :1:1: Premature end of file.
2026-02-18 11:48:50,169 [ERROR] LogOutputStream:75 - [STDERR_REDIRECT] 
2026-02-18 11:48:51,167 [ERROR] LogOutputStream:75 - [STDERR_REDIRECT] [Fatal Error] :1:1: Premature end of file.
2026-02-18 11:48:51,167 [ERROR] LogOutputStream:75 - [STDERR_REDIRECT] 
2026-02-18 11:48:52,168 [ERROR] LogOutputStream:75 - [STDERR_REDIRECT] [Fatal Error] :1:1: Premature end of file.
2026-02-18 11:48:52,168 [ERROR] LogOutputStream:75 - [STDERR_REDIRECT] 
2026-02-18 11:48:53,174 [ERROR] LogOutputStream:75 - [STDERR_REDIRECT] [Fatal Error] :1:1: Premature end of file.
2026-02-18 11:48:53,174 [ERROR] LogOutputStream:75 - [STDERR_REDIRECT] 
2026-02-18 11:48:54,170 [ERROR] LogOutputStream:75 - [STDERR_REDIRECT] [Fatal Error] :1:1: Premature end of file.
2026-02-18 11:48:54,170 [ERROR] LogOutputStream:75 - [STDERR_REDIRECT] 
2026-02-18 11:48:55,173 [ERROR] LogOutputStream:75 - [STDERR_REDIRECT] [Fatal Error] :1:1: Premature end of file.
2026-02-18 11:48:55,173 [ERROR] LogOutputStream:75 - [STDERR_REDIRECT] 
2026-02-18 11:48:56,167 [ERROR] LogOutputStream:75 - [STDERR_REDIRECT] [Fatal Error] :1:1: Premature end of file.
2026-02-18 11:48:56,167 [ERROR] LogOutputStream:75 - [STDERR_REDIRECT] 
2026-02-18 11:48:57,171 [ERROR] LogOutputStream:75 - [STDERR_REDIRECT] [Fatal Error] :1:1: Premature end of file.
2026-02-18 11:48:57,171 [ERROR] LogOutputStream:75 - [STDERR_REDIRECT] 
2026-02-18 11:48:58,176 [ERROR] LogOutputStream:75 - [STDERR_REDIRECT] [Fatal Error] :1:1: Premature end of file.
2026-02-18 11:48:58,176 [ERROR] LogOutputStream:75 - [STDERR_REDIRECT] 
2026-02-18 11:48:59,162 [ERROR] LogOutputStream:75 - [STDERR_REDIRECT] [Fatal Error] :1:1: Premature end of file.
2026-02-18 11:48:59,162 [ERROR] LogOutputStream:75 - [STDERR_REDIRECT] 
2026-02-18 11:49:00,168 [ERROR] LogOutputStream:75 - [STDERR_REDIRECT] [Fatal Error] :1:1: Premature end of file.
2026-02-18 11:49:00,168 [ERROR] LogOutputStream:75 - [STDERR_REDIRECT] 
2026-02-18 11:49:01,169 [ERROR] LogOutputStream:75 - [STDERR_REDIRECT] [Fatal Error] :1:1: Premature end of file.
2026-02-18 11:49:01,169 [ERROR] LogOutputStream:75 - [STDERR_REDIRECT] 
2026-02-18 11:49:02,166 [ERROR] LogOutputStream:75 - [STDERR_REDIRECT] [Fatal Error] :1:1: Premature end of file.
2026-02-18 11:49:02,166 [ERROR] LogOutputStream:75 - [STDERR_REDIRECT] 
2026-02-18 11:49:03,171 [ERROR] LogOutputStream:75 - [STDERR_REDIRECT] [Fatal Error] :1:1: Premature end of file.
2026-02-18 11:49:03,171 [ERROR] LogOutputStream:75 - [STDERR_REDIRECT] 
2026-02-18 11:49:04,170 [ERROR] LogOutputStream:75 - [STDERR_REDIRECT] [Fatal Error] :1:1: Premature end of file.
2026-02-18 11:49:04,170 [ERROR] LogOutputStream:75 - [STDERR_REDIRECT] 
2026-02-18 11:49:05,168 [ERROR] LogOutputStream:75 - [STDERR_REDIRECT] [Fatal Error] :1:1: Premature end of file.
2026-02-18 11:49:05,168 [ERROR] LogOutputStream:75 - [STDERR_REDIRECT] 
2026-02-18 11:49:06,164 [ERROR] LogOutputStream:75 - [STDERR_REDIRECT] [Fatal Error] :1:1: Premature end of file.
2026-02-18 11:49:06,164 [ERROR] LogOutputStream:75 - [STDERR_REDIRECT] 
2026-02-18 11:49:07,171 [ERROR] LogOutputStream:75 - [STDERR_REDIRECT] [Fatal Error] :1:1: Premature end of file.
2026-02-18 11:49:07,171 [ERROR] LogOutputStream:75 - [STDERR_REDIRECT] 
2026-02-18 11:49:08,170 [ERROR] LogOutputStream:75 - [STDERR_REDIRECT] [Fatal Error] :1:1: Premature end of file.
2026-02-18 11:49:08,170 [ERROR] LogOutputStream:75 - [STDERR_REDIRECT] 
2026-02-18 11:49:09,168 [ERROR] LogOutputStream:75 - [STDERR_REDIRECT] [Fatal Error] :1:1: Premature end of file.
2026-02-18 11:49:09,168 [ERROR] LogOutputStream:75 - [STDERR_REDIRECT] 
2026-02-18 11:49:10,163 [ERROR] LogOutputStream:75 - [STDERR_REDIRECT] [Fatal Error] :1:1: Premature end of file.
2026-02-18 11:49:10,163 [ERROR] LogOutputStream:75 - [STDERR_REDIRECT] 
2026-02-18 11:49:11,172 [ERROR] LogOutputStream:75 - [STDERR_REDIRECT] [Fatal Error] :1:1: Premature end of file.
2026-02-18 11:49:11,172 [ERROR] LogOutputStream:75 - [STDERR_REDIRECT] 
2026-02-18 11:49:12,163 [ERROR] LogOutputStream:75 - [STDERR_REDIRECT] [Fatal Error] :1:1: Premature end of file.
2026-02-18 11:49:12,163 [ERROR] LogOutputStream:75 - [STDERR_REDIRECT] 
2026-02-18 11:49:13,163 [ERROR] LogOutputStream:75 - [STDERR_REDIRECT] [Fatal Error] :1:1: Premature end of file.
2026-02-18 11:49:13,163 [ERROR] LogOutputStream:75 - [STDERR_REDIRECT] 
2026-02-18 11:49:14,169 [ERROR] LogOutputStream:75 - [STDERR_REDIRECT] [Fatal Error] :1:1: Premature end of file.
2026-02-18 11:49:14,169 [ERROR] LogOutputStream:75 - [STDERR_REDIRECT] 
2026-02-18 11:49:15,175 [ERROR] LogOutputStream:75 - [STDERR_REDIRECT] [Fatal Error] :1:1: Premature end of file.
2026-02-18 11:49:15,175 [ERROR] LogOutputStream:75 - [STDERR_REDIRECT] 
2026-02-18 11:49:16,168 [ERROR] LogOutputStream:75 - [STDERR_REDIRECT] [Fatal Error] :1:1: Premature end of file.
2026-02-18 11:49:16,168 [ERROR] LogOutputStream:75 - [STDERR_REDIRECT] 
2026-02-18 11:49:17,171 [ERROR] LogOutputStream:75 - [STDERR_REDIRECT] [Fatal Error] :1:1: Premature end of file.
2026-02-18 11:49:17,172 [ERROR] LogOutputStream:75 - [STDERR_REDIRECT] 
2026-02-18 11:49:18,177 [ERROR] LogOutputStream:75 - [STDERR_REDIRECT] [Fatal Error] :1:1: Premature end of file.
2026-02-18 11:49:18,177 [ERROR] LogOutputStream:75 - [STDERR_REDIRECT] 
2026-02-18 11:49:19,167 [ERROR] LogOutputStream:75 - [STDERR_REDIRECT] [Fatal Error] :1:1: Premature end of file.
2026-02-18 11:49:19,167 [ERROR] LogOutputStream:75 - [STDERR_REDIRECT] 
2026-02-18 11:49:20,170 [ERROR] LogOutputStream:75 - [STDERR_REDIRECT] [Fatal Error] :1:1: Premature end of file.
2026-02-18 11:49:20,170 [ERROR] LogOutputStream:75 - [STDERR_REDIRECT] 
2026-02-18 11:49:21,169 [ERROR] LogOutputStream:75 - [STDERR_REDIRECT] [Fatal Error] :1:1: Premature end of file.
2026-02-18 11:49:21,169 [ERROR] LogOutputStream:75 - [STDERR_REDIRECT] 
2026-02-18 11:49:22,167 [ERROR] LogOutputStream:75 - [STDERR_REDIRECT] [Fatal Error] :1:1: Premature end of file.
2026-02-18 11:49:22,167 [ERROR] LogOutputStream:75 - [STDERR_REDIRECT] 
2026-02-18 11:49:23,163 [ERROR] LogOutputStream:75 - [STDERR_REDIRECT] [Fatal Error] :1:1: Premature end of file.
2026-02-18 11:49:23,163 [ERROR] LogOutputStream:75 - [STDERR_REDIRECT] 
2026-02-18 11:49:24,170 [ERROR] LogOutputStream:75 - [STDERR_REDIRECT] [Fatal Error] :1:1: Premature end of file.
2026-02-18 11:49:24,170 [ERROR] LogOutputStream:75 - [STDERR_REDIRECT] 
2026-02-18 11:49:25,164 [ERROR] LogOutputStream:75 - [STDERR_REDIRECT] [Fatal Error] :1:1: Premature end of file.
2026-02-18 11:49:25,164 [ERROR] LogOutputStream:75 - [STDERR_REDIRECT] 
2026-02-18 11:49:26,171 [ERROR] LogOutputStream:75 - [STDERR_REDIRECT] [Fatal Error] :1:1: Premature end of file.
2026-02-18 11:49:26,171 [ERROR] LogOutputStream:75 - [STDERR_REDIRECT] 
2026-02-18 11:49:27,170 [ERROR] LogOutputStream:75 - [STDERR_REDIRECT] [Fatal Error] :1:1: Premature end of file.
2026-02-18 11:49:27,170 [ERROR] LogOutputStream:75 - [STDERR_REDIRECT] 
2026-02-18 11:49:28,168 [ERROR] LogOutputStream:75 - [STDERR_REDIRECT] [Fatal Error] :1:1: Premature end of file.
2026-02-18 11:49:28,168 [ERROR] LogOutputStream:75 - [STDERR_REDIRECT] 
2026-02-18 11:49:29,171 [ERROR] LogOutputStream:75 - [STDERR_REDIRECT] [Fatal Error] :1:1: Premature end of file.
2026-02-18 11:49:29,171 [ERROR] LogOutputStream:75 - [STDERR_REDIRECT] 
2026-02-18 11:49:30,164 [ERROR] LogOutputStream:75 - [STDERR_REDIRECT] [Fatal Error] :1:1: Premature end of file.
2026-02-18 11:49:30,164 [ERROR] LogOutputStream:75 - [STDERR_REDIRECT] 
2026-02-18 11:49:31,171 [ERROR] LogOutputStream:75 - [STDERR_REDIRECT] [Fatal Error] :1:1: Premature end of file.
2026-02-18 11:49:31,171 [ERROR] LogOutputStream:75 - [STDERR_REDIRECT] 
2026-02-18 11:49:32,168 [ERROR] LogOutputStream:75 - [STDERR_REDIRECT] [Fatal Error] :1:1: Premature end of file.
2026-02-18 11:49:32,168 [ERROR] LogOutputStream:75 - [STDERR_REDIRECT] 
2026-02-18 11:49:33,167 [ERROR] LogOutputStream:75 - [STDERR_REDIRECT] [Fatal Error] :1:1: Premature end of file.
2026-02-18 11:49:33,167 [ERROR] LogOutputStream:75 - [STDERR_REDIRECT] 
2026-02-18 11:49:34,174 [ERROR] LogOutputStream:75 - [STDERR_REDIRECT] [Fatal Error] :1:1: Premature end of file.
2026-02-18 11:49:34,174 [ERROR] LogOutputStream:75 - [STDERR_REDIRECT] 
2026-02-18 11:49:35,170 [ERROR] LogOutputStream:75 - [STDERR_REDIRECT] [Fatal Error] :1:1: Premature end of file.
2026-02-18 11:49:35,170 [ERROR] LogOutputStream:75 - [STDERR_REDIRECT] 
2026-02-18 11:49:36,169 [ERROR] LogOutputStream:75 - [STDERR_REDIRECT] [Fatal Error] :1:1: Premature end of file.
2026-02-18 11:49:36,169 [ERROR] LogOutputStream:75 - [STDERR_REDIRECT] 
2026-02-18 11:49:37,166 [ERROR] LogOutputStream:75 - [STDERR_REDIRECT] [Fatal Error] :1:1: Premature end of file.
2026-02-18 11:49:37,166 [ERROR] LogOutputStream:75 - [STDERR_REDIRECT] 
2026-02-18 11:49:38,176 [ERROR] LogOutputStream:75 - [STDERR_REDIRECT] [Fatal Error] :1:1: Premature end of file.
2026-02-18 11:49:38,176 [ERROR] LogOutputStream:75 - [STDERR_REDIRECT] 
2026-02-18 11:49:39,173 [ERROR] LogOutputStream:75 - [STDERR_REDIRECT] [Fatal Error] :1:1: Premature end of file.
2026-02-18 11:49:39,173 [ERROR] LogOutputStream:75 - [STDERR_REDIRECT] 
2026-02-18 11:49:40,162 [ERROR] LogOutputStream:75 - [STDERR_REDIRECT] [Fatal Error] :1:1: Premature end of file.
2026-02-18 11:49:40,162 [ERROR] LogOutputStream:75 - [STDERR_REDIRECT] 
2026-02-18 11:49:41,164 [ERROR] LogOutputStream:75 - [STDERR_REDIRECT] [Fatal Error] :1:1: Premature end of file.
2026-02-18 11:49:41,164 [ERROR] LogOutputStream:75 - [STDERR_REDIRECT] 
2026-02-18 11:49:42,166 [ERROR] LogOutputStream:75 - [STDERR_REDIRECT] [Fatal Error] :1:1: Premature end of file.
2026-02-18 11:49:42,166 [ERROR] LogOutputStream:75 - [STDERR_REDIRECT] 
2026-02-18 11:49:43,174 [ERROR] LogOutputStream:75 - [STDERR_REDIRECT] [Fatal Error] :1:1: Premature end of file.
2026-02-18 11:49:43,174 [ERROR] LogOutputStream:75 - [STDERR_REDIRECT] 
2026-02-18 11:49:44,168 [ERROR] LogOutputStream:75 - [STDERR_REDIRECT] [Fatal Error] :1:1: Premature end of file.
2026-02-18 11:49:44,168 [ERROR] LogOutputStream:75 - [STDERR_REDIRECT] 
2026-02-18 11:49:45,169 [ERROR] LogOutputStream:75 - [STDERR_REDIRECT] [Fatal Error] :1:1: Premature end of file.
2026-02-18 11:49:45,169 [ERROR] LogOutputStream:75 - [STDERR_REDIRECT] 
2026-02-18 11:49:46,166 [ERROR] LogOutputStream:75 - [STDERR_REDIRECT] [Fatal Error] :1:1: Premature end of file.
2026-02-18 11:49:46,166 [ERROR] LogOutputStream:75 - [STDERR_REDIRECT] 
2026-02-18 11:49:47,170 [ERROR] LogOutputStream:75 - [STDERR_REDIRECT] [Fatal Error] :1:1: Premature end of file.
2026-02-18 11:49:47,170 [ERROR] LogOutputStream:75 - [STDERR_REDIRECT] 
2026-02-18 11:49:48,165 [ERROR] LogOutputStream:75 - [STDERR_REDIRECT] [Fatal Error] :1:1: Premature end of file.
2026-02-18 11:49:48,165 [ERROR] LogOutputStream:75 - [STDERR_REDIRECT] 
2026-02-18 11:49:49,161 [ERROR] LogOutputStream:75 - [STDERR_REDIRECT] [Fatal Error] :1:1: Premature end of file.
2026-02-18 11:49:49,161 [ERROR] LogOutputStream:75 - [STDERR_REDIRECT] 
2026-02-18 11:49:50,171 [ERROR] LogOutputStream:75 - [STDERR_REDIRECT] [Fatal Error] :1:1: Premature end of file.
2026-02-18 11:49:50,171 [ERROR] LogOutputStream:75 - [STDERR_REDIRECT] 
2026-02-18 11:49:51,168 [ERROR] LogOutputStream:75 - [STDERR_REDIRECT] [Fatal Error] :1:1: Premature end of file.
2026-02-18 11:49:51,168 [ERROR] LogOutputStream:75 - [STDERR_REDIRECT] 
2026-02-18 11:49:52,170 [ERROR] LogOutputStream:75 - [STDERR_REDIRECT] [Fatal Error] :1:1: Premature end of file.
2026-02-18 11:49:52,170 [ERROR] LogOutputStream:75 - [STDERR_REDIRECT] 
2026-02-18 11:49:53,178 [ERROR] LogOutputStream:75 - [STDERR_REDIRECT] [Fatal Error] :1:1: Premature end of file.
2026-02-18 11:49:53,178 [ERROR] LogOutputStream:75 - [STDERR_REDIRECT] 
2026-02-18 11:49:54,176 [ERROR] LogOutputStream:75 - [STDERR_REDIRECT] [Fatal Error] :1:1: Premature end of file.
2026-02-18 11:49:54,176 [ERROR] LogOutputStream:75 - [STDERR_REDIRECT] 
2026-02-18 11:49:55,177 [ERROR] LogOutputStream:75 - [STDERR_REDIRECT] [Fatal Error] :1:1: Premature end of file.
2026-02-18 11:49:55,177 [ERROR] LogOutputStream:75 - [STDERR_REDIRECT] 
2026-02-18 11:49:56,172 [ERROR] LogOutputStream:75 - [STDERR_REDIRECT] [Fatal Error] :1:1: Premature end of file.
2026-02-18 11:49:56,172 [ERROR] LogOutputStream:75 - [STDERR_REDIRECT] 
2026-02-18 11:49:57,173 [ERROR] LogOutputStream:75 - [STDERR_REDIRECT] [Fatal Error] :1:1: Premature end of file.
2026-02-18 11:49:57,173 [ERROR] LogOutputStream:75 - [STDERR_REDIRECT] 
2026-02-18 11:49:58,173 [ERROR] LogOutputStream:75 - [STDERR_REDIRECT] [Fatal Error] :1:1: Premature end of file.
2026-02-18 11:49:58,173 [ERROR] LogOutputStream:75 - [STDERR_REDIRECT] 
2026-02-18 11:49:59,168 [ERROR] LogOutputStream:75 - [STDERR_REDIRECT] [Fatal Error] :1:1: Premature end of file.
2026-02-18 11:49:59,168 [ERROR] LogOutputStream:75 - [STDERR_REDIRECT] 
2026-02-18 11:50:00,172 [ERROR] LogOutputStream:75 - [STDERR_REDIRECT] [Fatal Error] :1:1: Premature end of file.
2026-02-18 11:50:00,172 [ERROR] LogOutputStream:75 - [STDERR_REDIRECT] 
2026-02-18 11:50:01,169 [ERROR] LogOutputStream:75 - [STDERR_REDIRECT] [Fatal Error] :1:1: Premature end of file.
2026-02-18 11:50:01,169 [ERROR] LogOutputStream:75 - [STDERR_REDIRECT] 
2026-02-18 11:50:02,166 [ERROR] LogOutputStream:75 - [STDERR_REDIRECT] [Fatal Error] :1:1: Premature end of file.
2026-02-18 11:50:02,166 [ERROR] LogOutputStream:75 - [STDERR_REDIRECT] 
2026-02-18 11:50:03,165 [ERROR] LogOutputStream:75 - [STDERR_REDIRECT] [Fatal Error] :1:1: Premature end of file.
2026-02-18 11:50:03,165 [ERROR] LogOutputStream:75 - [STDERR_REDIRECT] 
2026-02-18 11:50:04,167 [ERROR] LogOutputStream:75 - [STDERR_REDIRECT] [Fatal Error] :1:1: Premature end of file.
2026-02-18 11:50:04,167 [ERROR] LogOutputStream:75 - [STDERR_REDIRECT] 
2026-02-18 11:50:05,169 [ERROR] LogOutputStream:75 - [STDERR_REDIRECT] [Fatal Error] :1:1: Premature end of file.
2026-02-18 11:50:05,169 [ERROR] LogOutputStream:75 - [STDERR_REDIRECT] 
2026-02-18 11:50:06,165 [ERROR] LogOutputStream:75 - [STDERR_REDIRECT] [Fatal Error] :1:1: Premature end of file.
2026-02-18 11:50:06,168 [ERROR] LogOutputStream:75 - [STDERR_REDIRECT] 
2026-02-18 11:50:07,172 [ERROR] LogOutputStream:75 - [STDERR_REDIRECT] [Fatal Error] :1:1: Premature end of file.
2026-02-18 11:50:07,172 [ERROR] LogOutputStream:75 - [STDERR_REDIRECT] 
2026-02-18 11:50:08,168 [ERROR] LogOutputStream:75 - [STDERR_REDIRECT] [Fatal Error] :1:1: Premature end of file.
2026-02-18 11:50:08,168 [ERROR] LogOutputStream:75 - [STDERR_REDIRECT] 
2026-02-18 11:50:09,173 [ERROR] LogOutputStream:75 - [STDERR_REDIRECT] [Fatal Error] :1:1: Premature end of file.
2026-02-18 11:50:09,173 [ERROR] LogOutputStream:75 - [STDERR_REDIRECT] 
2026-02-18 11:50:10,164 [ERROR] LogOutputStream:75 - [STDERR_REDIRECT] [Fatal Error] :1:1: Premature end of file.
2026-02-18 11:50:10,164 [ERROR] LogOutputStream:75 - [STDERR_REDIRECT] 
2026-02-18 11:50:11,174 [ERROR] LogOutputStream:75 - [STDERR_REDIRECT] [Fatal Error] :1:1: Premature end of file.
2026-02-18 11:50:11,174 [ERROR] LogOutputStream:75 - [STDERR_REDIRECT] 
2026-02-18 11:50:12,167 [ERROR] LogOutputStream:75 - [STDERR_REDIRECT] [Fatal Error] :1:1: Premature end of file.
2026-02-18 11:50:12,167 [ERROR] LogOutputStream:75 - [STDERR_REDIRECT] 
2026-02-18 11:50:13,165 [ERROR] LogOutputStream:75 - [STDERR_REDIRECT] [Fatal Error] :1:1: Premature end of file.
2026-02-18 11:50:13,165 [ERROR] LogOutputStream:75 - [STDERR_REDIRECT] 
2026-02-18 11:50:14,173 [ERROR] LogOutputStream:75 - [STDERR_REDIRECT] [Fatal Error] :1:1: Premature end of file.
2026-02-18 11:50:14,173 [ERROR] LogOutputStream:75 - [STDERR_REDIRECT] 
2026-02-18 11:50:15,172 [ERROR] LogOutputStream:75 - [STDERR_REDIRECT] [Fatal Error] :1:1: Premature end of file.
2026-02-18 11:50:15,172 [ERROR] LogOutputStream:75 - [STDERR_REDIRECT] 
2026-02-18 11:50:16,172 [ERROR] LogOutputStream:75 - [STDERR_REDIRECT] [Fatal Error] :1:1: Premature end of file.
2026-02-18 11:50:16,172 [ERROR] LogOutputStream:75 - [STDERR_REDIRECT] 
2026-02-18 11:50:17,170 [ERROR] LogOutputStream:75 - [STDERR_REDIRECT] [Fatal Error] :1:1: Premature end of file.
2026-02-18 11:50:17,170 [ERROR] LogOutputStream:75 - [STDERR_REDIRECT] 
2026-02-18 11:50:18,162 [ERROR] LogOutputStream:75 - [STDERR_REDIRECT] [Fatal Error] :1:1: Premature end of file.
2026-02-18 11:50:18,162 [ERROR] LogOutputStream:75 - [STDERR_REDIRECT] 
2026-02-18 11:50:19,172 [ERROR] LogOutputStream:75 - [STDERR_REDIRECT] [Fatal Error] :1:1: Premature end of file.
2026-02-18 11:50:19,172 [ERROR] LogOutputStream:75 - [STDERR_REDIRECT] 
2026-02-18 11:50:20,169 [ERROR] LogOutputStream:75 - [STDERR_REDIRECT] [Fatal Error] :1:1: Premature end of file.
2026-02-18 11:50:20,169 [ERROR] LogOutputStream:75 - [STDERR_REDIRECT] 
2026-02-18 11:50:21,176 [ERROR] LogOutputStream:75 - [STDERR_REDIRECT] [Fatal Error] :1:1: Premature end of file.
2026-02-18 11:50:21,176 [ERROR] LogOutputStream:75 - [STDERR_REDIRECT] 
2026-02-18 11:50:22,173 [ERROR] LogOutputStream:75 - [STDERR_REDIRECT] [Fatal Error] :1:1: Premature end of file.
2026-02-18 11:50:22,173 [ERROR] LogOutputStream:75 - [STDERR_REDIRECT] 
2026-02-18 11:50:23,166 [ERROR] LogOutputStream:75 - [STDERR_REDIRECT] [Fatal Error] :1:1: Premature end of file.
2026-02-18 11:50:23,166 [ERROR] LogOutputStream:75 - [STDERR_REDIRECT] 
2026-02-18 11:50:24,167 [ERROR] LogOutputStream:75 - [STDERR_REDIRECT] [Fatal Error] :1:1: Premature end of file.
2026-02-18 11:50:24,167 [ERROR] LogOutputStream:75 - [STDERR_REDIRECT] 
2026-02-18 11:50:25,168 [ERROR] LogOutputStream:75 - [STDERR_REDIRECT] [Fatal Error] :1:1: Premature end of file.
2026-02-18 11:50:25,168 [ERROR] LogOutputStream:75 - [STDERR_REDIRECT] 
2026-02-18 11:50:26,173 [ERROR] LogOutputStream:75 - [STDERR_REDIRECT] [Fatal Error] :1:1: Premature end of file.
2026-02-18 11:50:26,173 [ERROR] LogOutputStream:75 - [STDERR_REDIRECT] 
2026-02-18 11:50:27,169 [ERROR] LogOutputStream:75 - [STDERR_REDIRECT] [Fatal Error] :1:1: Premature end of file.
2026-02-18 11:50:27,169 [ERROR] LogOutputStream:75 - [STDERR_REDIRECT] 
2026-02-18 11:50:28,168 [ERROR] LogOutputStream:75 - [STDERR_REDIRECT] [Fatal Error] :1:1: Premature end of file.
2026-02-18 11:50:28,168 [ERROR] LogOutputStream:75 - [STDERR_REDIRECT] 
2026-02-18 11:50:29,171 [ERROR] LogOutputStream:75 - [STDERR_REDIRECT] [Fatal Error] :1:1: Premature end of file.
2026-02-18 11:50:29,171 [ERROR] LogOutputStream:75 - [STDERR_REDIRECT] 
2026-02-18 11:50:30,169 [ERROR] LogOutputStream:75 - [STDERR_REDIRECT] [Fatal Error] :1:1: Premature end of file.
2026-02-18 11:50:30,169 [ERROR] LogOutputStream:75 - [STDERR_REDIRECT] 
2026-02-18 11:50:31,175 [ERROR] LogOutputStream:75 - [STDERR_REDIRECT] [Fatal Error] :1:1: Premature end of file.
2026-02-18 11:50:31,175 [ERROR] LogOutputStream:75 - [STDERR_REDIRECT] 
2026-02-18 11:50:32,161 [ERROR] LogOutputStream:75 - [STDERR_REDIRECT] [Fatal Error] :1:1: Premature end of file.
2026-02-18 11:50:32,161 [ERROR] LogOutputStream:75 - [STDERR_REDIRECT] 
2026-02-18 11:50:33,168 [ERROR] LogOutputStream:75 - [STDERR_REDIRECT] [Fatal Error] :1:1: Premature end of file.
2026-02-18 11:50:33,168 [ERROR] LogOutputStream:75 - [STDERR_REDIRECT] 
2026-02-18 11:50:34,164 [ERROR] LogOutputStream:75 - [STDERR_REDIRECT] [Fatal Error] :1:1: Premature end of file.
2026-02-18 11:50:34,164 [ERROR] LogOutputStream:75 - [STDERR_REDIRECT] 
2026-02-18 11:50:35,170 [ERROR] LogOutputStream:75 - [STDERR_REDIRECT] [Fatal Error] :1:1: Premature end of file.
2026-02-18 11:50:35,170 [ERROR] LogOutputStream:75 - [STDERR_REDIRECT] 
2026-02-18 11:50:36,168 [ERROR] LogOutputStream:75 - [STDERR_REDIRECT] [Fatal Error] :1:1: Premature end of file.
2026-02-18 11:50:36,168 [ERROR] LogOutputStream:75 - [STDERR_REDIRECT] 
2026-02-18 11:50:37,170 [ERROR] LogOutputStream:75 - [STDERR_REDIRECT] [Fatal Error] :1:1: Premature end of file.
2026-02-18 11:50:37,170 [ERROR] LogOutputStream:75 - [STDERR_REDIRECT] 
2026-02-18 11:50:38,172 [ERROR] LogOutputStream:75 - [STDERR_REDIRECT] [Fatal Error] :1:1: Premature end of file.
2026-02-18 11:50:38,172 [ERROR] LogOutputStream:75 - [STDERR_REDIRECT] 
2026-02-18 11:50:39,169 [ERROR] LogOutputStream:75 - [STDERR_REDIRECT] [Fatal Error] :1:1: Premature end of file.
2026-02-18 11:50:39,169 [ERROR] LogOutputStream:75 - [STDERR_REDIRECT] 
2026-02-18 11:50:40,168 [ERROR] LogOutputStream:75 - [STDERR_REDIRECT] [Fatal Error] :1:1: Premature end of file.
2026-02-18 11:50:40,168 [ERROR] LogOutputStream:75 - [STDERR_REDIRECT] 
2026-02-18 11:50:41,170 [ERROR] LogOutputStream:75 - [STDERR_REDIRECT] [Fatal Error] :1:1: Premature end of file.
2026-02-18 11:50:41,170 [ERROR] LogOutputStream:75 - [STDERR_REDIRECT] 
2026-02-18 11:50:42,165 [ERROR] LogOutputStream:75 - [STDERR_REDIRECT] [Fatal Error] :1:1: Premature end of file.
2026-02-18 11:50:42,165 [ERROR] LogOutputStream:75 - [STDERR_REDIRECT] 
2026-02-18 11:50:43,170 [ERROR] LogOutputStream:75 - [STDERR_REDIRECT] [Fatal Error] :1:1: Premature end of file.
2026-02-18 11:50:43,170 [ERROR] LogOutputStream:75 - [STDERR_REDIRECT] 
2026-02-18 11:50:44,171 [ERROR] LogOutputStream:75 - [STDERR_REDIRECT] [Fatal Error] :1:1: Premature end of file.
2026-02-18 11:50:44,171 [ERROR] LogOutputStream:75 - [STDERR_REDIRECT] 
2026-02-18 11:50:45,163 [ERROR] LogOutputStream:75 - [STDERR_REDIRECT] [Fatal Error] :1:1: Premature end of file.
2026-02-18 11:50:45,163 [ERROR] LogOutputStream:75 - [STDERR_REDIRECT] 
2026-02-18 11:50:46,170 [ERROR] LogOutputStream:75 - [STDERR_REDIRECT] [Fatal Error] :1:1: Premature end of file.
2026-02-18 11:50:46,170 [ERROR] LogOutputStream:75 - [STDERR_REDIRECT] 
2026-02-18 11:50:47,170 [ERROR] LogOutputStream:75 - [STDERR_REDIRECT] [Fatal Error] :1:1: Premature end of file.
2026-02-18 11:50:47,170 [ERROR] LogOutputStream:75 - [STDERR_REDIRECT] 
2026-02-18 11:50:48,172 [ERROR] LogOutputStream:75 - [STDERR_REDIRECT] [Fatal Error] :1:1: Premature end of file.
2026-02-18 11:50:48,172 [ERROR] LogOutputStream:75 - [STDERR_REDIRECT] 
2026-02-18 11:50:49,173 [ERROR] LogOutputStream:75 - [STDERR_REDIRECT] [Fatal Error] :1:1: Premature end of file.
2026-02-18 11:50:49,173 [ERROR] LogOutputStream:75 - [STDERR_REDIRECT] 
2026-02-18 11:50:50,168 [ERROR] LogOutputStream:75 - [STDERR_REDIRECT] [Fatal Error] :1:1: Premature end of file.
2026-02-18 11:50:50,168 [ERROR] LogOutputStream:75 - [STDERR_REDIRECT] 
2026-02-18 11:50:51,161 [ERROR] LogOutputStream:75 - [STDERR_REDIRECT] [Fatal Error] :1:1: Premature end of file.
2026-02-18 11:50:51,161 [ERROR] LogOutputStream:75 - [STDERR_REDIRECT] 
2026-02-18 11:50:52,169 [ERROR] LogOutputStream:75 - [STDERR_REDIRECT] [Fatal Error] :1:1: Premature end of file.
2026-02-18 11:50:52,169 [ERROR] LogOutputStream:75 - [STDERR_REDIRECT] 
2026-02-18 11:50:53,176 [ERROR] LogOutputStream:75 - [STDERR_REDIRECT] [Fatal Error] :1:1: Premature end of file.
2026-02-18 11:50:53,176 [ERROR] LogOutputStream:75 - [STDERR_REDIRECT] 
2026-02-18 11:50:54,162 [ERROR] LogOutputStream:75 - [STDERR_REDIRECT] [Fatal Error] :1:1: Premature end of file.
2026-02-18 11:50:54,162 [ERROR] LogOutputStream:75 - [STDERR_REDIRECT] 
2026-02-18 11:50:55,169 [ERROR] LogOutputStream:75 - [STDERR_REDIRECT] [Fatal Error] :1:1: Premature end of file.
2026-02-18 11:50:55,169 [ERROR] LogOutputStream:75 - [STDERR_REDIRECT] 
2026-02-18 11:50:56,164 [ERROR] LogOutputStream:75 - [STDERR_REDIRECT] [Fatal Error] :1:1: Premature end of file.
2026-02-18 11:50:56,164 [ERROR] LogOutputStream:75 - [STDERR_REDIRECT] 
2026-02-18 11:50:57,171 [ERROR] LogOutputStream:75 - [STDERR_REDIRECT] [Fatal Error] :1:1: Premature end of file.
2026-02-18 11:50:57,171 [ERROR] LogOutputStream:75 - [STDERR_REDIRECT] 
2026-02-18 11:50:58,173 [ERROR] LogOutputStream:75 - [STDERR_REDIRECT] [Fatal Error] :1:1: Premature end of file.
2026-02-18 11:50:58,175 [ERROR] LogOutputStream:75 - [STDERR_REDIRECT] 
2026-02-18 11:50:59,165 [ERROR] LogOutputStream:75 - [STDERR_REDIRECT] [Fatal Error] :1:1: Premature end of file.
2026-02-18 11:50:59,165 [ERROR] LogOutputStream:75 - [STDERR_REDIRECT] 
2026-02-18 11:51:00,174 [ERROR] LogOutputStream:75 - [STDERR_REDIRECT] [Fatal Error] :1:1: Premature end of file.
2026-02-18 11:51:00,174 [ERROR] LogOutputStream:75 - [STDERR_REDIRECT] 
2026-02-18 11:51:01,167 [ERROR] LogOutputStream:75 - [STDERR_REDIRECT] [Fatal Error] :1:1: Premature end of file.
2026-02-18 11:51:01,167 [ERROR] LogOutputStream:75 - [STDERR_REDIRECT] 
2026-02-18 11:51:02,172 [ERROR] LogOutputStream:75 - [STDERR_REDIRECT] [Fatal Error] :1:1: Premature end of file.
2026-02-18 11:51:02,173 [ERROR] LogOutputStream:75 - [STDERR_REDIRECT] 
2026-02-18 11:51:03,166 [ERROR] LogOutputStream:75 - [STDERR_REDIRECT] [Fatal Error] :1:1: Premature end of file.
2026-02-18 11:51:03,166 [ERROR] LogOutputStream:75 - [STDERR_REDIRECT] 
2026-02-18 11:51:04,174 [ERROR] LogOutputStream:75 - [STDERR_REDIRECT] [Fatal Error] :1:1: Premature end of file.
2026-02-18 11:51:04,174 [ERROR] LogOutputStream:75 - [STDERR_REDIRECT] 
2026-02-18 11:51:05,176 [ERROR] LogOutputStream:75 - [STDERR_REDIRECT] [Fatal Error] :1:1: Premature end of file.
2026-02-18 11:51:05,176 [ERROR] LogOutputStream:75 - [STDERR_REDIRECT] 
2026-02-18 11:51:06,171 [ERROR] LogOutputStream:75 - [STDERR_REDIRECT] [Fatal Error] :1:1: Premature end of file.
2026-02-18 11:51:06,171 [ERROR] LogOutputStream:75 - [STDERR_REDIRECT] 
2026-02-18 11:51:07,168 [ERROR] LogOutputStream:75 - [STDERR_REDIRECT] [Fatal Error] :1:1: Premature end of file.
2026-02-18 11:51:07,168 [ERROR] LogOutputStream:75 - [STDERR_REDIRECT] 
2026-02-18 11:51:08,176 [ERROR] LogOutputStream:75 - [STDERR_REDIRECT] [Fatal Error] :1:1: Premature end of file.
2026-02-18 11:51:08,176 [ERROR] LogOutputStream:75 - [STDERR_REDIRECT] 
2026-02-18 11:51:09,163 [ERROR] LogOutputStream:75 - [STDERR_REDIRECT] [Fatal Error] :1:1: Premature end of file.
2026-02-18 11:51:09,163 [ERROR] LogOutputStream:75 - [STDERR_REDIRECT] 
2026-02-18 11:51:10,169 [ERROR] LogOutputStream:75 - [STDERR_REDIRECT] [Fatal Error] :1:1: Premature end of file.
2026-02-18 11:51:10,169 [ERROR] LogOutputStream:75 - [STDERR_REDIRECT] 
2026-02-18 11:51:11,177 [ERROR] LogOutputStream:75 - [STDERR_REDIRECT] [Fatal Error] :1:1: Premature end of file.
2026-02-18 11:51:11,180 [ERROR] LogOutputStream:75 - [STDERR_REDIRECT] 
2026-02-18 11:51:12,167 [ERROR] LogOutputStream:75 - [STDERR_REDIRECT] [Fatal Error] :1:1: Premature end of file.
2026-02-18 11:51:12,167 [ERROR] LogOutputStream:75 - [STDERR_REDIRECT] 
2026-02-18 11:51:13,164 [ERROR] LogOutputStream:75 - [STDERR_REDIRECT] [Fatal Error] :1:1: Premature end of file.
2026-02-18 11:51:13,164 [ERROR] LogOutputStream:75 - [STDERR_REDIRECT] 
2026-02-18 11:51:14,168 [ERROR] LogOutputStream:75 - [STDERR_REDIRECT] [Fatal Error] :1:1: Premature end of file.
2026-02-18 11:51:14,168 [ERROR] LogOutputStream:75 - [STDERR_REDIRECT] 
2026-02-18 11:51:15,165 [ERROR] LogOutputStream:75 - [STDERR_REDIRECT] [Fatal Error] :1:1: Premature end of file.
2026-02-18 11:51:15,170 [ERROR] LogOutputStream:75 - [STDERR_REDIRECT] 
2026-02-18 11:51:16,163 [ERROR] LogOutputStream:75 - [STDERR_REDIRECT] [Fatal Error] :1:1: Premature end of file.
2026-02-18 11:51:16,163 [ERROR] LogOutputStream:75 - [STDERR_REDIRECT] 
2026-02-18 11:51:17,169 [ERROR] LogOutputStream:75 - [STDERR_REDIRECT] [Fatal Error] :1:1: Premature end of file.
2026-02-18 11:51:17,169 [ERROR] LogOutputStream:75 - [STDERR_REDIRECT] 
2026-02-18 11:51:18,175 [ERROR] LogOutputStream:75 - [STDERR_REDIRECT] [Fatal Error] :1:1: Premature end of file.
2026-02-18 11:51:18,175 [ERROR] LogOutputStream:75 - [STDERR_REDIRECT] 
2026-02-18 11:51:19,175 [ERROR] LogOutputStream:75 - [STDERR_REDIRECT] [Fatal Error] :1:1: Premature end of file.
2026-02-18 11:51:19,175 [ERROR] LogOutputStream:75 - [STDERR_REDIRECT] 
2026-02-18 11:51:20,160 [ERROR] LogOutputStream:75 - [STDERR_REDIRECT] [Fatal Error] :1:1: Premature end of file.
2026-02-18 11:51:20,160 [ERROR] LogOutputStream:75 - [STDERR_REDIRECT] 
2026-02-18 11:51:21,170 [ERROR] LogOutputStream:75 - [STDERR_REDIRECT] [Fatal Error] :1:1: Premature end of file.
2026-02-18 11:51:21,170 [ERROR] LogOutputStream:75 - [STDERR_REDIRECT] 
2026-02-18 11:51:22,174 [ERROR] LogOutputStream:75 - [STDERR_REDIRECT] [Fatal Error] :1:1: Premature end of file.
2026-02-18 11:51:22,174 [ERROR] LogOutputStream:75 - [STDERR_REDIRECT] 
2026-02-18 11:51:23,169 [ERROR] LogOutputStream:75 - [STDERR_REDIRECT] [Fatal Error] :1:1: Premature end of file.
2026-02-18 11:51:23,169 [ERROR] LogOutputStream:75 - [STDERR_REDIRECT] 
2026-02-18 11:51:24,163 [ERROR] LogOutputStream:75 - [STDERR_REDIRECT] [Fatal Error] :1:1: Premature end of file.
2026-02-18 11:51:24,163 [ERROR] LogOutputStream:75 - [STDERR_REDIRECT] 
2026-02-18 11:51:25,169 [ERROR] LogOutputStream:75 - [STDERR_REDIRECT] [Fatal Error] :1:1: Premature end of file.
2026-02-18 11:51:25,169 [ERROR] LogOutputStream:75 - [STDERR_REDIRECT] 
2026-02-18 11:51:26,175 [ERROR] LogOutputStream:75 - [STDERR_REDIRECT] [Fatal Error] :1:1: Premature end of file.
2026-02-18 11:51:26,175 [ERROR] LogOutputStream:75 - [STDERR_REDIRECT] 
2026-02-18 11:51:27,164 [ERROR] LogOutputStream:75 - [STDERR_REDIRECT] [Fatal Error] :1:1: Premature end of file.
2026-02-18 11:51:27,164 [ERROR] LogOutputStream:75 - [STDERR_REDIRECT] 
2026-02-18 11:51:28,171 [ERROR] LogOutputStream:75 - [STDERR_REDIRECT] [Fatal Error] :1:1: Premature end of file.
2026-02-18 11:51:28,171 [ERROR] LogOutputStream:75 - [STDERR_REDIRECT] 
2026-02-18 11:51:29,162 [ERROR] LogOutputStream:75 - [STDERR_REDIRECT] [Fatal Error] :1:1: Premature end of file.
2026-02-18 11:51:29,162 [ERROR] LogOutputStream:75 - [STDERR_REDIRECT] 
2026-02-18 11:51:30,173 [ERROR] LogOutputStream:75 - [STDERR_REDIRECT] [Fatal Error] :1:1: Premature end of file.
2026-02-18 11:51:30,173 [ERROR] LogOutputStream:75 - [STDERR_REDIRECT] 
2026-02-18 11:51:31,163 [ERROR] LogOutputStream:75 - [STDERR_REDIRECT] [Fatal Error] :1:1: Premature end of file.
2026-02-18 11:51:31,163 [ERROR] LogOutputStream:75 - [STDERR_REDIRECT] 
2026-02-18 11:51:32,169 [ERROR] LogOutputStream:75 - [STDERR_REDIRECT] [Fatal Error] :1:1: Premature end of file.
2026-02-18 11:51:32,169 [ERROR] LogOutputStream:75 - [STDERR_REDIRECT] 
2026-02-18 11:51:33,165 [ERROR] LogOutputStream:75 - [STDERR_REDIRECT] [Fatal Error] :1:1: Premature end of file.
2026-02-18 11:51:33,165 [ERROR] LogOutputStream:75 - [STDERR_REDIRECT] 
2026-02-18 11:51:34,162 [ERROR] LogOutputStream:75 - [STDERR_REDIRECT] [Fatal Error] :1:1: Premature end of file.
2026-02-18 11:51:34,162 [ERROR] LogOutputStream:75 - [STDERR_REDIRECT] 
2026-02-18 11:51:35,167 [ERROR] LogOutputStream:75 - [STDERR_REDIRECT] [Fatal Error] :1:1: Premature end of file.
2026-02-18 11:51:35,167 [ERROR] LogOutputStream:75 - [STDERR_REDIRECT] 
2026-02-18 11:51:36,168 [ERROR] LogOutputStream:75 - [STDERR_REDIRECT] [Fatal Error] :1:1: Premature end of file.
2026-02-18 11:51:36,168 [ERROR] LogOutputStream:75 - [STDERR_REDIRECT] 
2026-02-18 11:51:37,164 [ERROR] LogOutputStream:75 - [STDERR_REDIRECT] [Fatal Error] :1:1: Premature end of file.
2026-02-18 11:51:37,164 [ERROR] LogOutputStream:75 - [STDERR_REDIRECT] 
2026-02-18 11:51:38,170 [ERROR] LogOutputStream:75 - [STDERR_REDIRECT] [Fatal Error] :1:1: Premature end of file.
2026-02-18 11:51:38,170 [ERROR] LogOutputStream:75 - [STDERR_REDIRECT] 
2026-02-18 11:51:39,171 [ERROR] LogOutputStream:75 - [STDERR_REDIRECT] [Fatal Error] :1:1: Premature end of file.
2026-02-18 11:51:39,171 [ERROR] LogOutputStream:75 - [STDERR_REDIRECT] 
2026-02-18 11:51:40,171 [ERROR] LogOutputStream:75 - [STDERR_REDIRECT] [Fatal Error] :1:1: Premature end of file.
2026-02-18 11:51:40,171 [ERROR] LogOutputStream:75 - [STDERR_REDIRECT] 
2026-02-18 11:51:41,170 [ERROR] LogOutputStream:75 - [STDERR_REDIRECT] [Fatal Error] :1:1: Premature end of file.
2026-02-18 11:51:41,170 [ERROR] LogOutputStream:75 - [STDERR_REDIRECT] 
2026-02-18 11:51:42,167 [ERROR] LogOutputStream:75 - [STDERR_REDIRECT] [Fatal Error] :1:1: Premature end of file.
2026-02-18 11:51:42,167 [ERROR] LogOutputStream:75 - [STDERR_REDIRECT] 
2026-02-18 11:51:43,170 [ERROR] LogOutputStream:75 - [STDERR_REDIRECT] [Fatal Error] :1:1: Premature end of file.
2026-02-18 11:51:43,170 [ERROR] LogOutputStream:75 - [STDERR_REDIRECT] 
2026-02-18 11:51:44,181 [ERROR] LogOutputStream:75 - [STDERR_REDIRECT] [Fatal Error] :1:1: Premature end of file.
2026-02-18 11:51:44,181 [ERROR] LogOutputStream:75 - [STDERR_REDIRECT] 
2026-02-18 11:51:45,169 [ERROR] LogOutputStream:75 - [STDERR_REDIRECT] [Fatal Error] :1:1: Premature end of file.
2026-02-18 11:51:45,169 [ERROR] LogOutputStream:75 - [STDERR_REDIRECT] 
2026-02-18 11:51:46,173 [ERROR] LogOutputStream:75 - [STDERR_REDIRECT] [Fatal Error] :1:1: Premature end of file.
2026-02-18 11:51:46,173 [ERROR] LogOutputStream:75 - [STDERR_REDIRECT] 
2026-02-18 11:51:47,173 [ERROR] LogOutputStream:75 - [STDERR_REDIRECT] [Fatal Error] :1:1: Premature end of file.
2026-02-18 11:51:47,173 [ERROR] LogOutputStream:75 - [STDERR_REDIRECT] 
2026-02-18 11:51:48,173 [ERROR] LogOutputStream:75 - [STDERR_REDIRECT] [Fatal Error] :1:1: Premature end of file.
2026-02-18 11:51:48,173 [ERROR] LogOutputStream:75 - [STDERR_REDIRECT] 
2026-02-18 11:51:49,170 [ERROR] LogOutputStream:75 - [STDERR_REDIRECT] [Fatal Error] :1:1: Premature end of file.
2026-02-18 11:51:49,170 [ERROR] LogOutputStream:75 - [STDERR_REDIRECT] 
2026-02-18 11:51:50,164 [ERROR] LogOutputStream:75 - [STDERR_REDIRECT] [Fatal Error] :1:1: Premature end of file.
2026-02-18 11:51:50,164 [ERROR] LogOutputStream:75 - [STDERR_REDIRECT] 
2026-02-18 11:51:51,170 [ERROR] LogOutputStream:75 - [STDERR_REDIRECT] [Fatal Error] :1:1: Premature end of file.
2026-02-18 11:51:51,170 [ERROR] LogOutputStream:75 - [STDERR_REDIRECT] 
2026-02-18 11:51:52,177 [ERROR] LogOutputStream:75 - [STDERR_REDIRECT] [Fatal Error] :1:1: Premature end of file.
2026-02-18 11:51:52,177 [ERROR] LogOutputStream:75 - [STDERR_REDIRECT] 
2026-02-18 11:51:53,169 [ERROR] LogOutputStream:75 - [STDERR_REDIRECT] [Fatal Error] :1:1: Premature end of file.
2026-02-18 11:51:53,169 [ERROR] LogOutputStream:75 - [STDERR_REDIRECT] 
2026-02-18 11:51:54,168 [ERROR] LogOutputStream:75 - [STDERR_REDIRECT] [Fatal Error] :1:1: Premature end of file.
2026-02-18 11:51:54,168 [ERROR] LogOutputStream:75 - [STDERR_REDIRECT] 
2026-02-18 11:51:55,175 [ERROR] LogOutputStream:75 - [STDERR_REDIRECT] [Fatal Error] :1:1: Premature end of file.
2026-02-18 11:51:55,175 [ERROR] LogOutputStream:75 - [STDERR_REDIRECT] 
2026-02-18 11:51:56,170 [ERROR] LogOutputStream:75 - [STDERR_REDIRECT] [Fatal Error] :1:1: Premature end of file.
2026-02-18 11:51:56,170 [ERROR] LogOutputStream:75 - [STDERR_REDIRECT] 
2026-02-18 11:51:57,171 [ERROR] LogOutputStream:75 - [STDERR_REDIRECT] [Fatal Error] :1:1: Premature end of file.
2026-02-18 11:51:57,171 [ERROR] LogOutputStream:75 - [STDERR_REDIRECT] 
2026-02-18 11:51:58,170 [ERROR] LogOutputStream:75 - [STDERR_REDIRECT] [Fatal Error] :1:1: Premature end of file.
2026-02-18 11:51:58,170 [ERROR] LogOutputStream:75 - [STDERR_REDIRECT] 
2026-02-18 11:51:59,170 [ERROR] LogOutputStream:75 - [STDERR_REDIRECT] [Fatal Error] :1:1: Premature end of file.
2026-02-18 11:51:59,170 [ERROR] LogOutputStream:75 - [STDERR_REDIRECT] 
2026-02-18 11:52:00,174 [ERROR] LogOutputStream:75 - [STDERR_REDIRECT] [Fatal Error] :1:1: Premature end of file.
2026-02-18 11:52:00,174 [ERROR] LogOutputStream:75 - [STDERR_REDIRECT] 
2026-02-18 11:52:01,175 [ERROR] LogOutputStream:75 - [STDERR_REDIRECT] [Fatal Error] :1:1: Premature end of file.
2026-02-18 11:52:01,175 [ERROR] LogOutputStream:75 - [STDERR_REDIRECT] 
2026-02-18 11:52:02,165 [ERROR] LogOutputStream:75 - [STDERR_REDIRECT] [Fatal Error] :1:1: Premature end of file.
2026-02-18 11:52:02,165 [ERROR] LogOutputStream:75 - [STDERR_REDIRECT] 
2026-02-18 11:52:03,166 [ERROR] LogOutputStream:75 - [STDERR_REDIRECT] [Fatal Error] :1:1: Premature end of file.
2026-02-18 11:52:03,166 [ERROR] LogOutputStream:75 - [STDERR_REDIRECT] 
2026-02-18 11:52:04,168 [ERROR] LogOutputStream:75 - [STDERR_REDIRECT] [Fatal Error] :1:1: Premature end of file.
2026-02-18 11:52:04,168 [ERROR] LogOutputStream:75 - [STDERR_REDIRECT] 
2026-02-18 11:52:05,169 [ERROR] LogOutputStream:75 - [STDERR_REDIRECT] [Fatal Error] :1:1: Premature end of file.
2026-02-18 11:52:05,169 [ERROR] LogOutputStream:75 - [STDERR_REDIRECT] 
2026-02-18 11:52:06,172 [ERROR] LogOutputStream:75 - [STDERR_REDIRECT] [Fatal Error] :1:1: Premature end of file.
2026-02-18 11:52:06,172 [ERROR] LogOutputStream:75 - [STDERR_REDIRECT] 
2026-02-18 11:52:07,160 [ERROR] LogOutputStream:75 - [STDERR_REDIRECT] [Fatal Error] :1:1: Premature end of file.
2026-02-18 11:52:07,160 [ERROR] LogOutputStream:75 - [STDERR_REDIRECT] 
2026-02-18 11:52:08,172 [ERROR] LogOutputStream:75 - [STDERR_REDIRECT] [Fatal Error] :1:1: Premature end of file.
2026-02-18 11:52:08,172 [ERROR] LogOutputStream:75 - [STDERR_REDIRECT] 
2026-02-18 11:52:09,177 [ERROR] LogOutputStream:75 - [STDERR_REDIRECT] [Fatal Error] :1:1: Premature end of file.
2026-02-18 11:52:09,177 [ERROR] LogOutputStream:75 - [STDERR_REDIRECT] 
2026-02-18 11:52:10,168 [ERROR] LogOutputStream:75 - [STDERR_REDIRECT] [Fatal Error] :1:1: Premature end of file.
2026-02-18 11:52:10,168 [ERROR] LogOutputStream:75 - [STDERR_REDIRECT] 
2026-02-18 11:52:11,166 [ERROR] LogOutputStream:75 - [STDERR_REDIRECT] [Fatal Error] :1:1: Premature end of file.
2026-02-18 11:52:11,166 [ERROR] LogOutputStream:75 - [STDERR_REDIRECT] 
2026-02-18 11:52:12,164 [ERROR] LogOutputStream:75 - [STDERR_REDIRECT] [Fatal Error] :1:1: Premature end of file.
2026-02-18 11:52:12,164 [ERROR] LogOutputStream:75 - [STDERR_REDIRECT] 
2026-02-18 11:52:13,161 [ERROR] LogOutputStream:75 - [STDERR_REDIRECT] [Fatal Error] :1:1: Premature end of file.
2026-02-18 11:52:13,161 [ERROR] LogOutputStream:75 - [STDERR_REDIRECT] 
2026-02-18 11:52:14,175 [ERROR] LogOutputStream:75 - [STDERR_REDIRECT] [Fatal Error] :1:1: Premature end of file.
2026-02-18 11:52:14,175 [ERROR] LogOutputStream:75 - [STDERR_REDIRECT] 
2026-02-18 11:52:15,176 [ERROR] LogOutputStream:75 - [STDERR_REDIRECT] [Fatal Error] :1:1: Premature end of file.
2026-02-18 11:52:15,176 [ERROR] LogOutputStream:75 - [STDERR_REDIRECT] 
2026-02-18 11:52:16,167 [ERROR] LogOutputStream:75 - [STDERR_REDIRECT] [Fatal Error] :1:1: Premature end of file.
2026-02-18 11:52:16,167 [ERROR] LogOutputStream:75 - [STDERR_REDIRECT] 
2026-02-18 11:52:17,162 [ERROR] LogOutputStream:75 - [STDERR_REDIRECT] [Fatal Error] :1:1: Premature end of file.
2026-02-18 11:52:17,162 [ERROR] LogOutputStream:75 - [STDERR_REDIRECT] 
2026-02-18 11:52:18,168 [ERROR] LogOutputStream:75 - [STDERR_REDIRECT] [Fatal Error] :1:1: Premature end of file.
2026-02-18 11:52:18,168 [ERROR] LogOutputStream:75 - [STDERR_REDIRECT] 
2026-02-18 11:52:19,174 [ERROR] LogOutputStream:75 - [STDERR_REDIRECT] [Fatal Error] :1:1: Premature end of file.
2026-02-18 11:52:19,174 [ERROR] LogOutputStream:75 - [STDERR_REDIRECT] 
2026-02-18 11:52:20,173 [ERROR] LogOutputStream:75 - [STDERR_REDIRECT] [Fatal Error] :1:1: Premature end of file.
2026-02-18 11:52:20,173 [ERROR] LogOutputStream:75 - [STDERR_REDIRECT] 
2026-02-18 11:52:21,179 [ERROR] LogOutputStream:75 - [STDERR_REDIRECT] [Fatal Error] :1:1: Premature end of file.
2026-02-18 11:52:21,179 [ERROR] LogOutputStream:75 - [STDERR_REDIRECT] 
2026-02-18 11:52:22,173 [ERROR] LogOutputStream:75 - [STDERR_REDIRECT] [Fatal Error] :1:1: Premature end of file.
2026-02-18 11:52:22,173 [ERROR] LogOutputStream:75 - [STDERR_REDIRECT] 
2026-02-18 11:52:23,172 [ERROR] LogOutputStream:75 - [STDERR_REDIRECT] [Fatal Error] :1:1: Premature end of file.
2026-02-18 11:52:23,172 [ERROR] LogOutputStream:75 - [STDERR_REDIRECT] 
2026-02-18 11:52:24,171 [ERROR] LogOutputStream:75 - [STDERR_REDIRECT] [Fatal Error] :1:1: Premature end of file.
2026-02-18 11:52:24,171 [ERROR] LogOutputStream:75 - [STDERR_REDIRECT] 
2026-02-18 11:52:25,169 [ERROR] LogOutputStream:75 - [STDERR_REDIRECT] [Fatal Error] :1:1: Premature end of file.
2026-02-18 11:52:25,169 [ERROR] LogOutputStream:75 - [STDERR_REDIRECT] 
2026-02-18 11:52:26,169 [ERROR] LogOutputStream:75 - [STDERR_REDIRECT] [Fatal Error] :1:1: Premature end of file.
2026-02-18 11:52:26,169 [ERROR] LogOutputStream:75 - [STDERR_REDIRECT] 
2026-02-18 11:52:27,167 [ERROR] LogOutputStream:75 - [STDERR_REDIRECT] [Fatal Error] :1:1: Premature end of file.
2026-02-18 11:52:27,167 [ERROR] LogOutputStream:75 - [STDERR_REDIRECT] 
2026-02-18 11:52:28,165 [ERROR] LogOutputStream:75 - [STDERR_REDIRECT] [Fatal Error] :1:1: Premature end of file.
2026-02-18 11:52:28,165 [ERROR] LogOutputStream:75 - [STDERR_REDIRECT] 
2026-02-18 11:52:29,170 [ERROR] LogOutputStream:75 - [STDERR_REDIRECT] [Fatal Error] :1:1: Premature end of file.
2026-02-18 11:52:29,170 [ERROR] LogOutputStream:75 - [STDERR_REDIRECT] 
2026-02-18 11:52:30,168 [ERROR] LogOutputStream:75 - [STDERR_REDIRECT] [Fatal Error] :1:1: Premature end of file.
2026-02-18 11:52:30,168 [ERROR] LogOutputStream:75 - [STDERR_REDIRECT] 
2026-02-18 11:52:31,171 [ERROR] LogOutputStream:75 - [STDERR_REDIRECT] [Fatal Error] :1:1: Premature end of file.
2026-02-18 11:52:31,171 [ERROR] LogOutputStream:75 - [STDERR_REDIRECT] 
2026-02-18 11:52:32,168 [ERROR] LogOutputStream:75 - [STDERR_REDIRECT] [Fatal Error] :1:1: Premature end of file.
2026-02-18 11:52:32,168 [ERROR] LogOutputStream:75 - [STDERR_REDIRECT] 
2026-02-18 11:52:33,173 [ERROR] LogOutputStream:75 - [STDERR_REDIRECT] [Fatal Error] :1:1: Premature end of file.
2026-02-18 11:52:33,173 [ERROR] LogOutputStream:75 - [STDERR_REDIRECT] 
2026-02-18 11:52:34,169 [ERROR] LogOutputStream:75 - [STDERR_REDIRECT] [Fatal Error] :1:1: Premature end of file.
2026-02-18 11:52:34,169 [ERROR] LogOutputStream:75 - [STDERR_REDIRECT] 
2026-02-18 11:52:35,173 [ERROR] LogOutputStream:75 - [STDERR_REDIRECT] [Fatal Error] :1:1: Premature end of file.
2026-02-18 11:52:35,175 [ERROR] LogOutputStream:75 - [STDERR_REDIRECT] 
2026-02-18 11:52:36,165 [ERROR] LogOutputStream:75 - [STDERR_REDIRECT] [Fatal Error] :1:1: Premature end of file.
2026-02-18 11:52:36,165 [ERROR] LogOutputStream:75 - [STDERR_REDIRECT] 
2026-02-18 11:52:37,172 [ERROR] LogOutputStream:75 - [STDERR_REDIRECT] [Fatal Error] :1:1: Premature end of file.
2026-02-18 11:52:37,172 [ERROR] LogOutputStream:75 - [STDERR_REDIRECT] 
2026-02-18 11:52:38,170 [ERROR] LogOutputStream:75 - [STDERR_REDIRECT] [Fatal Error] :1:1: Premature end of file.
2026-02-18 11:52:38,170 [ERROR] LogOutputStream:75 - [STDERR_REDIRECT] 
2026-02-18 11:52:39,176 [ERROR] LogOutputStream:75 - [STDERR_REDIRECT] [Fatal Error] :1:1: Premature end of file.
2026-02-18 11:52:39,176 [ERROR] LogOutputStream:75 - [STDERR_REDIRECT] 
2026-02-18 11:52:40,172 [ERROR] LogOutputStream:75 - [STDERR_REDIRECT] [Fatal Error] :1:1: Premature end of file.
2026-02-18 11:52:40,172 [ERROR] LogOutputStream:75 - [STDERR_REDIRECT] 
2026-02-18 11:52:41,167 [ERROR] LogOutputStream:75 - [STDERR_REDIRECT] [Fatal Error] :1:1: Premature end of file.
2026-02-18 11:52:41,167 [ERROR] LogOutputStream:75 - [STDERR_REDIRECT] 
2026-02-18 11:52:42,173 [ERROR] LogOutputStream:75 - [STDERR_REDIRECT] [Fatal Error] :1:1: Premature end of file.
2026-02-18 11:52:42,173 [ERROR] LogOutputStream:75 - [STDERR_REDIRECT] 
2026-02-18 11:52:43,161 [ERROR] LogOutputStream:75 - [STDERR_REDIRECT] [Fatal Error] :1:1: Premature end of file.
2026-02-18 11:52:43,161 [ERROR] LogOutputStream:75 - [STDERR_REDIRECT] 
2026-02-18 11:52:44,169 [ERROR] LogOutputStream:75 - [STDERR_REDIRECT] [Fatal Error] :1:1: Premature end of file.
2026-02-18 11:52:44,169 [ERROR] LogOutputStream:75 - [STDERR_REDIRECT] 
2026-02-18 11:52:45,165 [ERROR] LogOutputStream:75 - [STDERR_REDIRECT] [Fatal Error] :1:1: Premature end of file.
2026-02-18 11:52:45,165 [ERROR] LogOutputStream:75 - [STDERR_REDIRECT] 
2026-02-18 11:52:46,169 [ERROR] LogOutputStream:75 - [STDERR_REDIRECT] [Fatal Error] :1:1: Premature end of file.
2026-02-18 11:52:46,169 [ERROR] LogOutputStream:75 - [STDERR_REDIRECT] 
2026-02-18 11:52:47,170 [ERROR] LogOutputStream:75 - [STDERR_REDIRECT] [Fatal Error] :1:1: Premature end of file.
2026-02-18 11:52:47,170 [ERROR] LogOutputStream:75 - [STDERR_REDIRECT] 
2026-02-18 11:52:48,167 [ERROR] LogOutputStream:75 - [STDERR_REDIRECT] [Fatal Error] :1:1: Premature end of file.
2026-02-18 11:52:48,167 [ERROR] LogOutputStream:75 - [STDERR_REDIRECT] 
2026-02-18 11:52:49,172 [ERROR] LogOutputStream:75 - [STDERR_REDIRECT] [Fatal Error] :1:1: Premature end of file.
2026-02-18 11:52:49,172 [ERROR] LogOutputStream:75 - [STDERR_REDIRECT] 
2026-02-18 11:52:50,165 [ERROR] LogOutputStream:75 - [STDERR_REDIRECT] [Fatal Error] :1:1: Premature end of file.
2026-02-18 11:52:50,165 [ERROR] LogOutputStream:75 - [STDERR_REDIRECT] 
2026-02-18 11:52:51,162 [ERROR] LogOutputStream:75 - [STDERR_REDIRECT] [Fatal Error] :1:1: Premature end of file.
2026-02-18 11:52:51,162 [ERROR] LogOutputStream:75 - [STDERR_REDIRECT] 
2026-02-18 11:52:52,160 [ERROR] LogOutputStream:75 - [STDERR_REDIRECT] [Fatal Error] :1:1: Premature end of file.
2026-02-18 11:52:52,160 [ERROR] LogOutputStream:75 - [STDERR_REDIRECT] 
2026-02-18 11:52:53,169 [ERROR] LogOutputStream:75 - [STDERR_REDIRECT] [Fatal Error] :1:1: Premature end of file.
2026-02-18 11:52:53,169 [ERROR] LogOutputStream:75 - [STDERR_REDIRECT] 
2026-02-18 11:52:54,163 [ERROR] LogOutputStream:75 - [STDERR_REDIRECT] [Fatal Error] :1:1: Premature end of file.
2026-02-18 11:52:54,173 [ERROR] LogOutputStream:75 - [STDERR_REDIRECT] 
2026-02-18 11:52:55,163 [ERROR] LogOutputStream:75 - [STDERR_REDIRECT] [Fatal Error] :1:1: Premature end of file.
2026-02-18 11:52:55,163 [ERROR] LogOutputStream:75 - [STDERR_REDIRECT] 
2026-02-18 11:52:56,180 [ERROR] LogOutputStream:75 - [STDERR_REDIRECT] [Fatal Error] :1:1: Premature end of file.
2026-02-18 11:52:56,180 [ERROR] LogOutputStream:75 - [STDERR_REDIRECT] 
2026-02-18 11:52:57,179 [ERROR] LogOutputStream:75 - [STDERR_REDIRECT] [Fatal Error] :1:1: Premature end of file.
2026-02-18 11:52:57,179 [ERROR] LogOutputStream:75 - [STDERR_REDIRECT] 
2026-02-18 11:52:58,165 [ERROR] LogOutputStream:75 - [STDERR_REDIRECT] [Fatal Error] :1:1: Premature end of file.
2026-02-18 11:52:58,165 [ERROR] LogOutputStream:75 - [STDERR_REDIRECT] 
2026-02-18 11:52:59,181 [ERROR] LogOutputStream:75 - [STDERR_REDIRECT] [Fatal Error] :1:1: Premature end of file.
2026-02-18 11:52:59,182 [ERROR] LogOutputStream:75 - [STDERR_REDIRECT] 
2026-02-18 11:53:00,164 [ERROR] LogOutputStream:75 - [STDERR_REDIRECT] [Fatal Error] :1:1: Premature end of file.
2026-02-18 11:53:00,164 [ERROR] LogOutputStream:75 - [STDERR_REDIRECT] 
2026-02-18 11:53:01,171 [ERROR] LogOutputStream:75 - [STDERR_REDIRECT] [Fatal Error] :1:1: Premature end of file.
2026-02-18 11:53:01,171 [ERROR] LogOutputStream:75 - [STDERR_REDIRECT] 
2026-02-18 11:53:02,168 [ERROR] LogOutputStream:75 - [STDERR_REDIRECT] [Fatal Error] :1:1: Premature end of file.
2026-02-18 11:53:02,168 [ERROR] LogOutputStream:75 - [STDERR_REDIRECT] 
2026-02-18 11:53:03,175 [ERROR] LogOutputStream:75 - [STDERR_REDIRECT] [Fatal Error] :1:1: Premature end of file.
2026-02-18 11:53:03,175 [ERROR] LogOutputStream:75 - [STDERR_REDIRECT] 
2026-02-18 11:53:04,172 [ERROR] LogOutputStream:75 - [STDERR_REDIRECT] [Fatal Error] :1:1: Premature end of file.
2026-02-18 11:53:04,172 [ERROR] LogOutputStream:75 - [STDERR_REDIRECT] 
2026-02-18 11:53:05,168 [ERROR] LogOutputStream:75 - [STDERR_REDIRECT] [Fatal Error] :1:1: Premature end of file.
2026-02-18 11:53:05,168 [ERROR] LogOutputStream:75 - [STDERR_REDIRECT] 
2026-02-18 11:53:06,171 [ERROR] LogOutputStream:75 - [STDERR_REDIRECT] [Fatal Error] :1:1: Premature end of file.
2026-02-18 11:53:06,171 [ERROR] LogOutputStream:75 - [STDERR_REDIRECT] 
2026-02-18 11:53:07,166 [ERROR] LogOutputStream:75 - [STDERR_REDIRECT] [Fatal Error] :1:1: Premature end of file.
2026-02-18 11:53:07,166 [ERROR] LogOutputStream:75 - [STDERR_REDIRECT] 
2026-02-18 11:53:08,169 [ERROR] LogOutputStream:75 - [STDERR_REDIRECT] [Fatal Error] :1:1: Premature end of file.
2026-02-18 11:53:08,169 [ERROR] LogOutputStream:75 - [STDERR_REDIRECT] 
2026-02-18 11:53:09,171 [ERROR] LogOutputStream:75 - [STDERR_REDIRECT] [Fatal Error] :1:1: Premature end of file.
2026-02-18 11:53:09,171 [ERROR] LogOutputStream:75 - [STDERR_REDIRECT] 
2026-02-18 11:53:10,165 [ERROR] LogOutputStream:75 - [STDERR_REDIRECT] [Fatal Error] :1:1: Premature end of file.
2026-02-18 11:53:10,165 [ERROR] LogOutputStream:75 - [STDERR_REDIRECT] 
2026-02-18 11:53:11,172 [ERROR] LogOutputStream:75 - [STDERR_REDIRECT] [Fatal Error] :1:1: Premature end of file.
2026-02-18 11:53:11,172 [ERROR] LogOutputStream:75 - [STDERR_REDIRECT] 
2026-02-18 11:53:12,167 [ERROR] LogOutputStream:75 - [STDERR_REDIRECT] [Fatal Error] :1:1: Premature end of file.
2026-02-18 11:53:12,168 [ERROR] LogOutputStream:75 - [STDERR_REDIRECT] 
2026-02-18 11:53:13,180 [ERROR] LogOutputStream:75 - [STDERR_REDIRECT] [Fatal Error] :1:1: Premature end of file.
2026-02-18 11:53:13,180 [ERROR] LogOutputStream:75 - [STDERR_REDIRECT] 
2026-02-18 11:53:14,170 [ERROR] LogOutputStream:75 - [STDERR_REDIRECT] [Fatal Error] :1:1: Premature end of file.
2026-02-18 11:53:14,170 [ERROR] LogOutputStream:75 - [STDERR_REDIRECT] 
2026-02-18 11:53:15,164 [ERROR] LogOutputStream:75 - [STDERR_REDIRECT] [Fatal Error] :1:1: Premature end of file.
2026-02-18 11:53:15,164 [ERROR] LogOutputStream:75 - [STDERR_REDIRECT] 
2026-02-18 11:53:16,160 [ERROR] LogOutputStream:75 - [STDERR_REDIRECT] [Fatal Error] :1:1: Premature end of file.
2026-02-18 11:53:16,160 [ERROR] LogOutputStream:75 - [STDERR_REDIRECT] 
2026-02-18 11:53:17,174 [ERROR] LogOutputStream:75 - [STDERR_REDIRECT] [Fatal Error] :1:1: Premature end of file.
2026-02-18 11:53:17,174 [ERROR] LogOutputStream:75 - [STDERR_REDIRECT] 
2026-02-18 11:53:18,169 [ERROR] LogOutputStream:75 - [STDERR_REDIRECT] [Fatal Error] :1:1: Premature end of file.
2026-02-18 11:53:18,169 [ERROR] LogOutputStream:75 - [STDERR_REDIRECT] 
2026-02-18 11:53:19,173 [ERROR] LogOutputStream:75 - [STDERR_REDIRECT] [Fatal Error] :1:1: Premature end of file.
2026-02-18 11:53:19,173 [ERROR] LogOutputStream:75 - [STDERR_REDIRECT] 
2026-02-18 11:53:20,172 [ERROR] LogOutputStream:75 - [STDERR_REDIRECT] [Fatal Error] :1:1: Premature end of file.
2026-02-18 11:53:20,172 [ERROR] LogOutputStream:75 - [STDERR_REDIRECT] 
2026-02-18 11:53:21,167 [ERROR] LogOutputStream:75 - [STDERR_REDIRECT] [Fatal Error] :1:1: Premature end of file.
2026-02-18 11:53:21,167 [ERROR] LogOutputStream:75 - [STDERR_REDIRECT] 
2026-02-18 11:53:22,166 [ERROR] LogOutputStream:75 - [STDERR_REDIRECT] [Fatal Error] :1:1: Premature end of file.
2026-02-18 11:53:22,166 [ERROR] LogOutputStream:75 - [STDERR_REDIRECT] 
2026-02-18 11:53:23,161 [ERROR] LogOutputStream:75 - [STDERR_REDIRECT] [Fatal Error] :1:1: Premature end of file.
2026-02-18 11:53:23,161 [ERROR] LogOutputStream:75 - [STDERR_REDIRECT] 
2026-02-18 11:53:24,173 [ERROR] LogOutputStream:75 - [STDERR_REDIRECT] [Fatal Error] :1:1: Premature end of file.
2026-02-18 11:53:24,173 [ERROR] LogOutputStream:75 - [STDERR_REDIRECT] 
2026-02-18 11:53:25,166 [ERROR] LogOutputStream:75 - [STDERR_REDIRECT] [Fatal Error] :1:1: Premature end of file.
2026-02-18 11:53:25,166 [ERROR] LogOutputStream:75 - [STDERR_REDIRECT] 
2026-02-18 11:53:26,163 [ERROR] LogOutputStream:75 - [STDERR_REDIRECT] [Fatal Error] :1:1: Premature end of file.
2026-02-18 11:53:26,163 [ERROR] LogOutputStream:75 - [STDERR_REDIRECT] 
2026-02-18 11:53:27,171 [ERROR] LogOutputStream:75 - [STDERR_REDIRECT] [Fatal Error] :1:1: Premature end of file.
2026-02-18 11:53:27,171 [ERROR] LogOutputStream:75 - [STDERR_REDIRECT] 
2026-02-18 11:53:28,173 [ERROR] LogOutputStream:75 - [STDERR_REDIRECT] [Fatal Error] :1:1: Premature end of file.
2026-02-18 11:53:28,173 [ERROR] LogOutputStream:75 - [STDERR_REDIRECT] 
2026-02-18 11:53:29,169 [ERROR] LogOutputStream:75 - [STDERR_REDIRECT] [Fatal Error] :1:1: Premature end of file.
2026-02-18 11:53:29,169 [ERROR] LogOutputStream:75 - [STDERR_REDIRECT] 
2026-02-18 11:53:30,172 [ERROR] LogOutputStream:75 - [STDERR_REDIRECT] [Fatal Error] :1:1: Premature end of file.
2026-02-18 11:53:30,172 [ERROR] LogOutputStream:75 - [STDERR_REDIRECT] 
2026-02-18 11:53:31,169 [ERROR] LogOutputStream:75 - [STDERR_REDIRECT] [Fatal Error] :1:1: Premature end of file.
2026-02-18 11:53:31,169 [ERROR] LogOutputStream:75 - [STDERR_REDIRECT] 
2026-02-18 11:53:32,171 [ERROR] LogOutputStream:75 - [STDERR_REDIRECT] [Fatal Error] :1:1: Premature end of file.
2026-02-18 11:53:32,171 [ERROR] LogOutputStream:75 - [STDERR_REDIRECT] 
2026-02-18 11:53:33,172 [ERROR] LogOutputStream:75 - [STDERR_REDIRECT] [Fatal Error] :1:1: Premature end of file.
2026-02-18 11:53:33,172 [ERROR] LogOutputStream:75 - [STDERR_REDIRECT] 
2026-02-18 11:53:34,164 [ERROR] LogOutputStream:75 - [STDERR_REDIRECT] [Fatal Error] :1:1: Premature end of file.
2026-02-18 11:53:34,164 [ERROR] LogOutputStream:75 - [STDERR_REDIRECT] 
2026-02-18 11:53:35,169 [ERROR] LogOutputStream:75 - [STDERR_REDIRECT] [Fatal Error] :1:1: Premature end of file.
2026-02-18 11:53:35,169 [ERROR] LogOutputStream:75 - [STDERR_REDIRECT] 
2026-02-18 11:53:36,170 [ERROR] LogOutputStream:75 - [STDERR_REDIRECT] [Fatal Error] :1:1: Premature end of file.
2026-02-18 11:53:36,170 [ERROR] LogOutputStream:75 - [STDERR_REDIRECT] 
2026-02-18 11:53:37,170 [ERROR] LogOutputStream:75 - [STDERR_REDIRECT] [Fatal Error] :1:1: Premature end of file.
2026-02-18 11:53:37,170 [ERROR] LogOutputStream:75 - [STDERR_REDIRECT] 
2026-02-18 11:53:38,172 [ERROR] LogOutputStream:75 - [STDERR_REDIRECT] [Fatal Error] :1:1: Premature end of file.
2026-02-18 11:53:38,172 [ERROR] LogOutputStream:75 - [STDERR_REDIRECT] 
2026-02-18 11:53:39,168 [ERROR] LogOutputStream:75 - [STDERR_REDIRECT] [Fatal Error] :1:1: Premature end of file.
2026-02-18 11:53:39,168 [ERROR] LogOutputStream:75 - [STDERR_REDIRECT] 
2026-02-18 11:53:40,168 [ERROR] LogOutputStream:75 - [STDERR_REDIRECT] [Fatal Error] :1:1: Premature end of file.
2026-02-18 11:53:40,168 [ERROR] LogOutputStream:75 - [STDERR_REDIRECT] 
2026-02-18 11:53:41,165 [ERROR] LogOutputStream:75 - [STDERR_REDIRECT] [Fatal Error] :1:1: Premature end of file.
2026-02-18 11:53:41,165 [ERROR] LogOutputStream:75 - [STDERR_REDIRECT] 
2026-02-18 11:53:42,163 [ERROR] LogOutputStream:75 - [STDERR_REDIRECT] [Fatal Error] :1:1: Premature end of file.
2026-02-18 11:53:42,163 [ERROR] LogOutputStream:75 - [STDERR_REDIRECT] 
2026-02-18 11:53:43,167 [ERROR] LogOutputStream:75 - [STDERR_REDIRECT] [Fatal Error] :1:1: Premature end of file.
2026-02-18 11:53:43,167 [ERROR] LogOutputStream:75 - [STDERR_REDIRECT] 
2026-02-18 11:53:44,161 [ERROR] LogOutputStream:75 - [STDERR_REDIRECT] [Fatal Error] :1:1: Premature end of file.
2026-02-18 11:53:44,161 [ERROR] LogOutputStream:75 - [STDERR_REDIRECT] 
2026-02-18 11:53:45,166 [ERROR] LogOutputStream:75 - [STDERR_REDIRECT] [Fatal Error] :1:1: Premature end of file.
2026-02-18 11:53:45,166 [ERROR] LogOutputStream:75 - [STDERR_REDIRECT] 
2026-02-18 11:53:46,173 [ERROR] LogOutputStream:75 - [STDERR_REDIRECT] [Fatal Error] :1:1: Premature end of file.
2026-02-18 11:53:46,173 [ERROR] LogOutputStream:75 - [STDERR_REDIRECT] 
2026-02-18 11:53:47,170 [ERROR] LogOutputStream:75 - [STDERR_REDIRECT] [Fatal Error] :1:1: Premature end of file.
2026-02-18 11:53:47,170 [ERROR] LogOutputStream:75 - [STDERR_REDIRECT] 
2026-02-18 11:53:48,175 [ERROR] LogOutputStream:75 - [STDERR_REDIRECT] [Fatal Error] :1:1: Premature end of file.
2026-02-18 11:53:48,175 [ERROR] LogOutputStream:75 - [STDERR_REDIRECT] 
2026-02-18 11:53:49,167 [ERROR] LogOutputStream:75 - [STDERR_REDIRECT] [Fatal Error] :1:1: Premature end of file.
2026-02-18 11:53:49,167 [ERROR] LogOutputStream:75 - [STDERR_REDIRECT] 
2026-02-18 11:53:50,163 [ERROR] LogOutputStream:75 - [STDERR_REDIRECT] [Fatal Error] :1:1: Premature end of file.
2026-02-18 11:53:50,163 [ERROR] LogOutputStream:75 - [STDERR_REDIRECT] 
2026-02-18 11:53:51,167 [ERROR] LogOutputStream:75 - [STDERR_REDIRECT] [Fatal Error] :1:1: Premature end of file.
2026-02-18 11:53:51,167 [ERROR] LogOutputStream:75 - [STDERR_REDIRECT] 
2026-02-18 11:53:52,169 [ERROR] LogOutputStream:75 - [STDERR_REDIRECT] [Fatal Error] :1:1: Premature end of file.
2026-02-18 11:53:52,169 [ERROR] LogOutputStream:75 - [STDERR_REDIRECT] 
2026-02-18 11:53:53,167 [ERROR] LogOutputStream:75 - [STDERR_REDIRECT] [Fatal Error] :1:1: Premature end of file.
2026-02-18 11:53:53,167 [ERROR] LogOutputStream:75 - [STDERR_REDIRECT] 
2026-02-18 11:53:54,175 [ERROR] LogOutputStream:75 - [STDERR_REDIRECT] [Fatal Error] :1:1: Premature end of file.
2026-02-18 11:53:54,175 [ERROR] LogOutputStream:75 - [STDERR_REDIRECT] 
2026-02-18 11:53:55,167 [ERROR] LogOutputStream:75 - [STDERR_REDIRECT] [Fatal Error] :1:1: Premature end of file.
2026-02-18 11:53:55,167 [ERROR] LogOutputStream:75 - [STDERR_REDIRECT] 
2026-02-18 11:53:56,164 [ERROR] LogOutputStream:75 - [STDERR_REDIRECT] [Fatal Error] :1:1: Premature end of file.
2026-02-18 11:53:56,164 [ERROR] LogOutputStream:75 - [STDERR_REDIRECT] 
2026-02-18 11:53:57,171 [ERROR] LogOutputStream:75 - [STDERR_REDIRECT] [Fatal Error] :1:1: Premature end of file.
2026-02-18 11:53:57,171 [ERROR] LogOutputStream:75 - [STDERR_REDIRECT] 
2026-02-18 11:53:58,171 [ERROR] LogOutputStream:75 - [STDERR_REDIRECT] [Fatal Error] :1:1: Premature end of file.
2026-02-18 11:53:58,171 [ERROR] LogOutputStream:75 - [STDERR_REDIRECT] 
2026-02-18 11:53:59,167 [ERROR] LogOutputStream:75 - [STDERR_REDIRECT] [Fatal Error] :1:1: Premature end of file.
2026-02-18 11:53:59,167 [ERROR] LogOutputStream:75 - [STDERR_REDIRECT] 
2026-02-18 11:54:00,172 [ERROR] LogOutputStream:75 - [STDERR_REDIRECT] [Fatal Error] :1:1: Premature end of file.
2026-02-18 11:54:00,172 [ERROR] LogOutputStream:75 - [STDERR_REDIRECT] 
2026-02-18 11:54:01,172 [ERROR] LogOutputStream:75 - [STDERR_REDIRECT] [Fatal Error] :1:1: Premature end of file.
2026-02-18 11:54:01,172 [ERROR] LogOutputStream:75 - [STDERR_REDIRECT] 
2026-02-18 11:54:02,173 [ERROR] LogOutputStream:75 - [STDERR_REDIRECT] [Fatal Error] :1:1: Premature end of file.
2026-02-18 11:54:02,173 [ERROR] LogOutputStream:75 - [STDERR_REDIRECT] 
2026-02-18 11:54:03,168 [ERROR] LogOutputStream:75 - [STDERR_REDIRECT] [Fatal Error] :1:1: Premature end of file.
2026-02-18 11:54:03,168 [ERROR] LogOutputStream:75 - [STDERR_REDIRECT] 
2026-02-18 11:54:04,164 [ERROR] LogOutputStream:75 - [STDERR_REDIRECT] [Fatal Error] :1:1: Premature end of file.
2026-02-18 11:54:04,164 [ERROR] LogOutputStream:75 - [STDERR_REDIRECT] 
2026-02-18 11:54:05,160 [ERROR] LogOutputStream:75 - [STDERR_REDIRECT] [Fatal Error] :1:1: Premature end of file.
2026-02-18 11:54:05,160 [ERROR] LogOutputStream:75 - [STDERR_REDIRECT] 
2026-02-18 11:54:06,169 [ERROR] LogOutputStream:75 - [STDERR_REDIRECT] [Fatal Error] :1:1: Premature end of file.
2026-02-18 11:54:06,169 [ERROR] LogOutputStream:75 - [STDERR_REDIRECT] 
2026-02-18 11:54:07,167 [ERROR] LogOutputStream:75 - [STDERR_REDIRECT] [Fatal Error] :1:1: Premature end of file.
2026-02-18 11:54:07,167 [ERROR] LogOutputStream:75 - [STDERR_REDIRECT] 
2026-02-18 11:54:08,170 [ERROR] LogOutputStream:75 - [STDERR_REDIRECT] [Fatal Error] :1:1: Premature end of file.
2026-02-18 11:54:08,170 [ERROR] LogOutputStream:75 - [STDERR_REDIRECT] 
2026-02-18 11:54:09,171 [ERROR] LogOutputStream:75 - [STDERR_REDIRECT] [Fatal Error] :1:1: Premature end of file.
2026-02-18 11:54:09,171 [ERROR] LogOutputStream:75 - [STDERR_REDIRECT] 
2026-02-18 11:54:10,173 [ERROR] LogOutputStream:75 - [STDERR_REDIRECT] [Fatal Error] :1:1: Premature end of file.
2026-02-18 11:54:10,173 [ERROR] LogOutputStream:75 - [STDERR_REDIRECT] 
2026-02-18 11:54:11,162 [ERROR] LogOutputStream:75 - [STDERR_REDIRECT] [Fatal Error] :1:1: Premature end of file.
2026-02-18 11:54:11,162 [ERROR] LogOutputStream:75 - [STDERR_REDIRECT] 
2026-02-18 11:54:12,171 [ERROR] LogOutputStream:75 - [STDERR_REDIRECT] [Fatal Error] :1:1: Premature end of file.
2026-02-18 11:54:12,171 [ERROR] LogOutputStream:75 - [STDERR_REDIRECT] 
2026-02-18 11:54:13,164 [ERROR] LogOutputStream:75 - [STDERR_REDIRECT] [Fatal Error] :1:1: Premature end of file.
2026-02-18 11:54:13,164 [ERROR] LogOutputStream:75 - [STDERR_REDIRECT] 
2026-02-18 11:54:14,170 [ERROR] LogOutputStream:75 - [STDERR_REDIRECT] [Fatal Error] :1:1: Premature end of file.
2026-02-18 11:54:14,170 [ERROR] LogOutputStream:75 - [STDERR_REDIRECT] 
2026-02-18 11:54:15,167 [ERROR] LogOutputStream:75 - [STDERR_REDIRECT] [Fatal Error] :1:1: Premature end of file.
2026-02-18 11:54:15,167 [ERROR] LogOutputStream:75 - [STDERR_REDIRECT] 
2026-02-18 11:54:16,162 [ERROR] LogOutputStream:75 - [STDERR_REDIRECT] [Fatal Error] :1:1: Premature end of file.
2026-02-18 11:54:16,168 [ERROR] LogOutputStream:75 - [STDERR_REDIRECT] 
2026-02-18 11:54:17,168 [ERROR] LogOutputStream:75 - [STDERR_REDIRECT] [Fatal Error] :1:1: Premature end of file.
2026-02-18 11:54:17,168 [ERROR] LogOutputStream:75 - [STDERR_REDIRECT] 
2026-02-18 11:54:18,173 [ERROR] LogOutputStream:75 - [STDERR_REDIRECT] [Fatal Error] :1:1: Premature end of file.
2026-02-18 11:54:18,173 [ERROR] LogOutputStream:75 - [STDERR_REDIRECT] 
2026-02-18 11:54:19,175 [ERROR] LogOutputStream:75 - [STDERR_REDIRECT] [Fatal Error] :1:1: Premature end of file.
2026-02-18 11:54:19,175 [ERROR] LogOutputStream:75 - [STDERR_REDIRECT] 
2026-02-18 11:54:20,166 [ERROR] LogOutputStream:75 - [STDERR_REDIRECT] [Fatal Error] :1:1: Premature end of file.
2026-02-18 11:54:20,166 [ERROR] LogOutputStream:75 - [STDERR_REDIRECT] 
2026-02-18 11:54:21,175 [ERROR] LogOutputStream:75 - [STDERR_REDIRECT] [Fatal Error] :1:1: Premature end of file.
2026-02-18 11:54:21,175 [ERROR] LogOutputStream:75 - [STDERR_REDIRECT] 
2026-02-18 11:54:22,168 [ERROR] LogOutputStream:75 - [STDERR_REDIRECT] [Fatal Error] :1:1: Premature end of file.
2026-02-18 11:54:22,168 [ERROR] LogOutputStream:75 - [STDERR_REDIRECT] 
2026-02-18 11:54:23,164 [ERROR] LogOutputStream:75 - [STDERR_REDIRECT] [Fatal Error] :1:1: Premature end of file.
2026-02-18 11:54:23,164 [ERROR] LogOutputStream:75 - [STDERR_REDIRECT] 
2026-02-18 11:54:24,168 [ERROR] LogOutputStream:75 - [STDERR_REDIRECT] [Fatal Error] :1:1: Premature end of file.
2026-02-18 11:54:24,168 [ERROR] LogOutputStream:75 - [STDERR_REDIRECT] 
2026-02-18 11:54:25,168 [ERROR] LogOutputStream:75 - [STDERR_REDIRECT] [Fatal Error] :1:1: Premature end of file.
2026-02-18 11:54:25,168 [ERROR] LogOutputStream:75 - [STDERR_REDIRECT] 
2026-02-18 11:54:26,165 [ERROR] LogOutputStream:75 - [STDERR_REDIRECT] [Fatal Error] :1:1: Premature end of file.
2026-02-18 11:54:26,165 [ERROR] LogOutputStream:75 - [STDERR_REDIRECT] 
2026-02-18 11:54:27,170 [ERROR] LogOutputStream:75 - [STDERR_REDIRECT] [Fatal Error] :1:1: Premature end of file.
2026-02-18 11:54:27,170 [ERROR] LogOutputStream:75 - [STDERR_REDIRECT] 
2026-02-18 11:54:28,171 [ERROR] LogOutputStream:75 - [STDERR_REDIRECT] [Fatal Error] :1:1: Premature end of file.
2026-02-18 11:54:28,171 [ERROR] LogOutputStream:75 - [STDERR_REDIRECT] 
2026-02-18 11:54:29,168 [ERROR] LogOutputStream:75 - [STDERR_REDIRECT] [Fatal Error] :1:1: Premature end of file.
2026-02-18 11:54:29,168 [ERROR] LogOutputStream:75 - [STDERR_REDIRECT] 
2026-02-18 11:54:30,170 [ERROR] LogOutputStream:75 - [STDERR_REDIRECT] [Fatal Error] :1:1: Premature end of file.
2026-02-18 11:54:30,170 [ERROR] LogOutputStream:75 - [STDERR_REDIRECT] 
2026-02-18 11:54:31,165 [ERROR] LogOutputStream:75 - [STDERR_REDIRECT] [Fatal Error] :1:1: Premature end of file.
2026-02-18 11:54:31,165 [ERROR] LogOutputStream:75 - [STDERR_REDIRECT] 
2026-02-18 11:54:32,167 [ERROR] LogOutputStream:75 - [STDERR_REDIRECT] [Fatal Error] :1:1: Premature end of file.
2026-02-18 11:54:32,167 [ERROR] LogOutputStream:75 - [STDERR_REDIRECT] 
2026-02-18 11:54:33,162 [ERROR] LogOutputStream:75 - [STDERR_REDIRECT] [Fatal Error] :1:1: Premature end of file.
2026-02-18 11:54:33,162 [ERROR] LogOutputStream:75 - [STDERR_REDIRECT] 
2026-02-18 11:54:34,169 [ERROR] LogOutputStream:75 - [STDERR_REDIRECT] [Fatal Error] :1:1: Premature end of file.
2026-02-18 11:54:34,173 [ERROR] LogOutputStream:75 - [STDERR_REDIRECT] 
2026-02-18 11:54:35,167 [ERROR] LogOutputStream:75 - [STDERR_REDIRECT] [Fatal Error] :1:1: Premature end of file.
2026-02-18 11:54:35,167 [ERROR] LogOutputStream:75 - [STDERR_REDIRECT] 
2026-02-18 11:54:36,166 [ERROR] LogOutputStream:75 - [STDERR_REDIRECT] [Fatal Error] :1:1: Premature end of file.
2026-02-18 11:54:36,166 [ERROR] LogOutputStream:75 - [STDERR_REDIRECT] 
2026-02-18 11:54:37,169 [ERROR] LogOutputStream:75 - [STDERR_REDIRECT] [Fatal Error] :1:1: Premature end of file.
2026-02-18 11:54:37,169 [ERROR] LogOutputStream:75 - [STDERR_REDIRECT] 
2026-02-18 11:54:38,170 [ERROR] LogOutputStream:75 - [STDERR_REDIRECT] [Fatal Error] :1:1: Premature end of file.
2026-02-18 11:54:38,170 [ERROR] LogOutputStream:75 - [STDERR_REDIRECT] 
2026-02-18 11:54:39,167 [ERROR] LogOutputStream:75 - [STDERR_REDIRECT] [Fatal Error] :1:1: Premature end of file.
2026-02-18 11:54:39,173 [ERROR] LogOutputStream:75 - [STDERR_REDIRECT] 
2026-02-18 11:54:40,167 [ERROR] LogOutputStream:75 - [STDERR_REDIRECT] [Fatal Error] :1:1: Premature end of file.
2026-02-18 11:54:40,167 [ERROR] LogOutputStream:75 - [STDERR_REDIRECT] 
2026-02-18 11:54:41,163 [ERROR] LogOutputStream:75 - [STDERR_REDIRECT] [Fatal Error] :1:1: Premature end of file.
2026-02-18 11:54:41,163 [ERROR] LogOutputStream:75 - [STDERR_REDIRECT] 
2026-02-18 11:54:42,180 [ERROR] LogOutputStream:75 - [STDERR_REDIRECT] [Fatal Error] :1:1: Premature end of file.
2026-02-18 11:54:42,180 [ERROR] LogOutputStream:75 - [STDERR_REDIRECT] 
2026-02-18 11:54:43,165 [ERROR] LogOutputStream:75 - [STDERR_REDIRECT] [Fatal Error] :1:1: Premature end of file.
2026-02-18 11:54:43,165 [ERROR] LogOutputStream:75 - [STDERR_REDIRECT] 
2026-02-18 11:54:44,178 [ERROR] LogOutputStream:75 - [STDERR_REDIRECT] [Fatal Error] :1:1: Premature end of file.
2026-02-18 11:54:44,178 [ERROR] LogOutputStream:75 - [STDERR_REDIRECT] 
2026-02-18 11:54:45,180 [ERROR] LogOutputStream:75 - [STDERR_REDIRECT] [Fatal Error] :1:1: Premature end of file.
2026-02-18 11:54:45,180 [ERROR] LogOutputStream:75 - [STDERR_REDIRECT] 
2026-02-18 11:54:46,175 [ERROR] LogOutputStream:75 - [STDERR_REDIRECT] [Fatal Error] :1:1: Premature end of file.
2026-02-18 11:54:46,175 [ERROR] LogOutputStream:75 - [STDERR_REDIRECT] 
2026-02-18 11:54:47,168 [ERROR] LogOutputStream:75 - [STDERR_REDIRECT] [Fatal Error] :1:1: Premature end of file.
2026-02-18 11:54:47,168 [ERROR] LogOutputStream:75 - [STDERR_REDIRECT] 
2026-02-18 11:54:48,168 [ERROR] LogOutputStream:75 - [STDERR_REDIRECT] [Fatal Error] :1:1: Premature end of file.
2026-02-18 11:54:48,168 [ERROR] LogOutputStream:75 - [STDERR_REDIRECT] 
2026-02-18 11:54:49,171 [ERROR] LogOutputStream:75 - [STDERR_REDIRECT] [Fatal Error] :1:1: Premature end of file.
2026-02-18 11:54:49,171 [ERROR] LogOutputStream:75 - [STDERR_REDIRECT] 
2026-02-18 11:54:50,163 [ERROR] LogOutputStream:75 - [STDERR_REDIRECT] [Fatal Error] :1:1: Premature end of file.
2026-02-18 11:54:50,163 [ERROR] LogOutputStream:75 - [STDERR_REDIRECT] 
2026-02-18 11:54:51,166 [ERROR] LogOutputStream:75 - [STDERR_REDIRECT] [Fatal Error] :1:1: Premature end of file.
2026-02-18 11:54:51,166 [ERROR] LogOutputStream:75 - [STDERR_REDIRECT] 
2026-02-18 11:54:52,169 [ERROR] LogOutputStream:75 - [STDERR_REDIRECT] [Fatal Error] :1:1: Premature end of file.
2026-02-18 11:54:52,169 [ERROR] LogOutputStream:75 - [STDERR_REDIRECT] 
2026-02-18 11:54:53,164 [ERROR] LogOutputStream:75 - [STDERR_REDIRECT] [Fatal Error] :1:1: Premature end of file.
2026-02-18 11:54:53,164 [ERROR] LogOutputStream:75 - [STDERR_REDIRECT] 
2026-02-18 11:54:54,164 [ERROR] LogOutputStream:75 - [STDERR_REDIRECT] [Fatal Error] :1:1: Premature end of file.
2026-02-18 11:54:54,164 [ERROR] LogOutputStream:75 - [STDERR_REDIRECT] 
2026-02-18 11:54:55,171 [ERROR] LogOutputStream:75 - [STDERR_REDIRECT] [Fatal Error] :1:1: Premature end of file.
2026-02-18 11:54:55,171 [ERROR] LogOutputStream:75 - [STDERR_REDIRECT] 
2026-02-18 11:54:56,162 [ERROR] LogOutputStream:75 - [STDERR_REDIRECT] [Fatal Error] :1:1: Premature end of file.
2026-02-18 11:54:56,162 [ERROR] LogOutputStream:75 - [STDERR_REDIRECT] 
2026-02-18 11:54:57,168 [ERROR] LogOutputStream:75 - [STDERR_REDIRECT] [Fatal Error] :1:1: Premature end of file.
2026-02-18 11:54:57,168 [ERROR] LogOutputStream:75 - [STDERR_REDIRECT] 
2026-02-18 11:54:58,166 [ERROR] LogOutputStream:75 - [STDERR_REDIRECT] [Fatal Error] :1:1: Premature end of file.
2026-02-18 11:54:58,166 [ERROR] LogOutputStream:75 - [STDERR_REDIRECT] 
2026-02-18 11:54:59,169 [ERROR] LogOutputStream:75 - [STDERR_REDIRECT] [Fatal Error] :1:1: Premature end of file.
2026-02-18 11:54:59,169 [ERROR] LogOutputStream:75 - [STDERR_REDIRECT] 
2026-02-18 11:55:00,173 [ERROR] LogOutputStream:75 - [STDERR_REDIRECT] [Fatal Error] :1:1: Premature end of file.
2026-02-18 11:55:00,173 [ERROR] LogOutputStream:75 - [STDERR_REDIRECT] 
2026-02-18 11:55:01,166 [ERROR] LogOutputStream:75 - [STDERR_REDIRECT] [Fatal Error] :1:1: Premature end of file.
2026-02-18 11:55:01,166 [ERROR] LogOutputStream:75 - [STDERR_REDIRECT] 
2026-02-18 11:55:02,170 [ERROR] LogOutputStream:75 - [STDERR_REDIRECT] [Fatal Error] :1:1: Premature end of file.
2026-02-18 11:55:02,170 [ERROR] LogOutputStream:75 - [STDERR_REDIRECT] 
2026-02-18 11:55:03,169 [ERROR] LogOutputStream:75 - [STDERR_REDIRECT] [Fatal Error] :1:1: Premature end of file.
2026-02-18 11:55:03,169 [ERROR] LogOutputStream:75 - [STDERR_REDIRECT] 
2026-02-18 11:55:04,171 [ERROR] LogOutputStream:75 - [STDERR_REDIRECT] [Fatal Error] :1:1: Premature end of file.
2026-02-18 11:55:04,171 [ERROR] LogOutputStream:75 - [STDERR_REDIRECT] 
2026-02-18 11:55:05,165 [ERROR] LogOutputStream:75 - [STDERR_REDIRECT] [Fatal Error] :1:1: Premature end of file.
2026-02-18 11:55:05,165 [ERROR] LogOutputStream:75 - [STDERR_REDIRECT] 
2026-02-18 11:55:06,171 [ERROR] LogOutputStream:75 - [STDERR_REDIRECT] [Fatal Error] :1:1: Premature end of file.
2026-02-18 11:55:06,171 [ERROR] LogOutputStream:75 - [STDERR_REDIRECT] 
2026-02-18 11:55:07,168 [ERROR] LogOutputStream:75 - [STDERR_REDIRECT] [Fatal Error] :1:1: Premature end of file.
2026-02-18 11:55:07,168 [ERROR] LogOutputStream:75 - [STDERR_REDIRECT] 
2026-02-18 11:55:08,163 [ERROR] LogOutputStream:75 - [STDERR_REDIRECT] [Fatal Error] :1:1: Premature end of file.
2026-02-18 11:55:08,163 [ERROR] LogOutputStream:75 - [STDERR_REDIRECT] 
2026-02-18 11:55:09,168 [ERROR] LogOutputStream:75 - [STDERR_REDIRECT] [Fatal Error] :1:1: Premature end of file.
2026-02-18 11:55:09,168 [ERROR] LogOutputStream:75 - [STDERR_REDIRECT] 
2026-02-18 11:55:10,171 [ERROR] LogOutputStream:75 - [STDERR_REDIRECT] [Fatal Error] :1:1: Premature end of file.
2026-02-18 11:55:10,171 [ERROR] LogOutputStream:75 - [STDERR_REDIRECT] 
2026-02-18 11:55:11,171 [ERROR] LogOutputStream:75 - [STDERR_REDIRECT] [Fatal Error] :1:1: Premature end of file.
2026-02-18 11:55:11,171 [ERROR] LogOutputStream:75 - [STDERR_REDIRECT] 
2026-02-18 11:55:12,168 [ERROR] LogOutputStream:75 - [STDERR_REDIRECT] [Fatal Error] :1:1: Premature end of file.
2026-02-18 11:55:12,168 [ERROR] LogOutputStream:75 - [STDERR_REDIRECT] 
2026-02-18 11:55:13,167 [ERROR] LogOutputStream:75 - [STDERR_REDIRECT] [Fatal Error] :1:1: Premature end of file.
2026-02-18 11:55:13,167 [ERROR] LogOutputStream:75 - [STDERR_REDIRECT] 
2026-02-18 11:55:14,164 [ERROR] LogOutputStream:75 - [STDERR_REDIRECT] [Fatal Error] :1:1: Premature end of file.
2026-02-18 11:55:14,164 [ERROR] LogOutputStream:75 - [STDERR_REDIRECT] 
2026-02-18 11:55:15,173 [ERROR] LogOutputStream:75 - [STDERR_REDIRECT] [Fatal Error] :1:1: Premature end of file.
2026-02-18 11:55:15,173 [ERROR] LogOutputStream:75 - [STDERR_REDIRECT] 
2026-02-18 11:55:16,162 [ERROR] LogOutputStream:75 - [STDERR_REDIRECT] [Fatal Error] :1:1: Premature end of file.
2026-02-18 11:55:16,162 [ERROR] LogOutputStream:75 - [STDERR_REDIRECT] 
2026-02-18 11:55:17,169 [ERROR] LogOutputStream:75 - [STDERR_REDIRECT] [Fatal Error] :1:1: Premature end of file.
2026-02-18 11:55:17,169 [ERROR] LogOutputStream:75 - [STDERR_REDIRECT] 
2026-02-18 11:55:18,183 [ERROR] LogOutputStream:75 - [STDERR_REDIRECT] [Fatal Error] :1:1: Premature end of file.
2026-02-18 11:55:18,183 [ERROR] LogOutputStream:75 - [STDERR_REDIRECT] 
2026-02-18 11:55:19,176 [ERROR] LogOutputStream:75 - [STDERR_REDIRECT] [Fatal Error] :1:1: Premature end of file.
2026-02-18 11:55:19,176 [ERROR] LogOutputStream:75 - [STDERR_REDIRECT] 
2026-02-18 11:55:20,173 [ERROR] LogOutputStream:75 - [STDERR_REDIRECT] [Fatal Error] :1:1: Premature end of file.
2026-02-18 11:55:20,173 [ERROR] LogOutputStream:75 - [STDERR_REDIRECT] 
2026-02-18 11:55:21,172 [ERROR] LogOutputStream:75 - [STDERR_REDIRECT] [Fatal Error] :1:1: Premature end of file.
2026-02-18 11:55:21,172 [ERROR] LogOutputStream:75 - [STDERR_REDIRECT] 
2026-02-18 11:55:22,171 [ERROR] LogOutputStream:75 - [STDERR_REDIRECT] [Fatal Error] :1:1: Premature end of file.
2026-02-18 11:55:22,172 [ERROR] LogOutputStream:75 - [STDERR_REDIRECT] 
2026-02-18 11:55:23,170 [ERROR] LogOutputStream:75 - [STDERR_REDIRECT] [Fatal Error] :1:1: Premature end of file.
2026-02-18 11:55:23,170 [ERROR] LogOutputStream:75 - [STDERR_REDIRECT] 
2026-02-18 11:55:24,160 [ERROR] LogOutputStream:75 - [STDERR_REDIRECT] [Fatal Error] :1:1: Premature end of file.
2026-02-18 11:55:24,160 [ERROR] LogOutputStream:75 - [STDERR_REDIRECT] 
2026-02-18 11:55:25,173 [ERROR] LogOutputStream:75 - [STDERR_REDIRECT] [Fatal Error] :1:1: Premature end of file.
2026-02-18 11:55:25,173 [ERROR] LogOutputStream:75 - [STDERR_REDIRECT] 
2026-02-18 11:55:26,161 [ERROR] LogOutputStream:75 - [STDERR_REDIRECT] [Fatal Error] :1:1: Premature end of file.
2026-02-18 11:55:26,161 [ERROR] LogOutputStream:75 - [STDERR_REDIRECT] 
2026-02-18 11:55:27,168 [ERROR] LogOutputStream:75 - [STDERR_REDIRECT] [Fatal Error] :1:1: Premature end of file.
2026-02-18 11:55:27,168 [ERROR] LogOutputStream:75 - [STDERR_REDIRECT] 
2026-02-18 11:55:28,168 [ERROR] LogOutputStream:75 - [STDERR_REDIRECT] [Fatal Error] :1:1: Premature end of file.
2026-02-18 11:55:28,168 [ERROR] LogOutputStream:75 - [STDERR_REDIRECT] 
2026-02-18 11:55:29,170 [ERROR] LogOutputStream:75 - [STDERR_REDIRECT] [Fatal Error] :1:1: Premature end of file.
2026-02-18 11:55:29,170 [ERROR] LogOutputStream:75 - [STDERR_REDIRECT] 
2026-02-18 11:55:30,171 [ERROR] LogOutputStream:75 - [STDERR_REDIRECT] [Fatal Error] :1:1: Premature end of file.
2026-02-18 11:55:30,171 [ERROR] LogOutputStream:75 - [STDERR_REDIRECT] 
2026-02-18 11:55:31,166 [ERROR] LogOutputStream:75 - [STDERR_REDIRECT] [Fatal Error] :1:1: Premature end of file.
2026-02-18 11:55:31,171 [ERROR] LogOutputStream:75 - [STDERR_REDIRECT] 
2026-02-18 11:55:32,165 [ERROR] LogOutputStream:75 - [STDERR_REDIRECT] [Fatal Error] :1:1: Premature end of file.
2026-02-18 11:55:32,165 [ERROR] LogOutputStream:75 - [STDERR_REDIRECT] 
2026-02-18 11:55:33,166 [ERROR] LogOutputStream:75 - [STDERR_REDIRECT] [Fatal Error] :1:1: Premature end of file.
2026-02-18 11:55:33,166 [ERROR] LogOutputStream:75 - [STDERR_REDIRECT] 
2026-02-18 11:55:34,168 [ERROR] LogOutputStream:75 - [STDERR_REDIRECT] [Fatal Error] :1:1: Premature end of file.
2026-02-18 11:55:34,168 [ERROR] LogOutputStream:75 - [STDERR_REDIRECT] 
2026-02-18 11:55:35,166 [ERROR] LogOutputStream:75 - [STDERR_REDIRECT] [Fatal Error] :1:1: Premature end of file.
2026-02-18 11:55:35,166 [ERROR] LogOutputStream:75 - [STDERR_REDIRECT] 
2026-02-18 11:55:36,171 [ERROR] LogOutputStream:75 - [STDERR_REDIRECT] [Fatal Error] :1:1: Premature end of file.
2026-02-18 11:55:36,171 [ERROR] LogOutputStream:75 - [STDERR_REDIRECT] 
2026-02-18 11:55:37,165 [ERROR] LogOutputStream:75 - [STDERR_REDIRECT] [Fatal Error] :1:1: Premature end of file.
2026-02-18 11:55:37,165 [ERROR] LogOutputStream:75 - [STDERR_REDIRECT] 
2026-02-18 11:55:38,171 [ERROR] LogOutputStream:75 - [STDERR_REDIRECT] [Fatal Error] :1:1: Premature end of file.
2026-02-18 11:55:38,171 [ERROR] LogOutputStream:75 - [STDERR_REDIRECT] 
2026-02-18 11:55:39,168 [ERROR] LogOutputStream:75 - [STDERR_REDIRECT] [Fatal Error] :1:1: Premature end of file.
2026-02-18 11:55:39,168 [ERROR] LogOutputStream:75 - [STDERR_REDIRECT] 
2026-02-18 11:55:40,169 [ERROR] LogOutputStream:75 - [STDERR_REDIRECT] [Fatal Error] :1:1: Premature end of file.
2026-02-18 11:55:40,169 [ERROR] LogOutputStream:75 - [STDERR_REDIRECT] 
2026-02-18 11:55:41,162 [ERROR] LogOutputStream:75 - [STDERR_REDIRECT] [Fatal Error] :1:1: Premature end of file.
2026-02-18 11:55:41,162 [ERROR] LogOutputStream:75 - [STDERR_REDIRECT] 
2026-02-18 11:55:42,170 [ERROR] LogOutputStream:75 - [STDERR_REDIRECT] [Fatal Error] :1:1: Premature end of file.
2026-02-18 11:55:42,170 [ERROR] LogOutputStream:75 - [STDERR_REDIRECT] 
2026-02-18 11:55:43,160 [ERROR] LogOutputStream:75 - [STDERR_REDIRECT] [Fatal Error] :1:1: Premature end of file.
2026-02-18 11:55:43,160 [ERROR] LogOutputStream:75 - [STDERR_REDIRECT] 
2026-02-18 11:55:44,161 [ERROR] LogOutputStream:75 - [STDERR_REDIRECT] [Fatal Error] :1:1: Premature end of file.
2026-02-18 11:55:44,161 [ERROR] LogOutputStream:75 - [STDERR_REDIRECT] 
2026-02-18 11:55:45,168 [ERROR] LogOutputStream:75 - [STDERR_REDIRECT] [Fatal Error] :1:1: Premature end of file.
2026-02-18 11:55:45,168 [ERROR] LogOutputStream:75 - [STDERR_REDIRECT] 
2026-02-18 11:55:46,168 [ERROR] LogOutputStream:75 - [STDERR_REDIRECT] [Fatal Error] :1:1: Premature end of file.
2026-02-18 11:55:46,168 [ERROR] LogOutputStream:75 - [STDERR_REDIRECT] 
2026-02-18 11:55:47,171 [ERROR] LogOutputStream:75 - [STDERR_REDIRECT] [Fatal Error] :1:1: Premature end of file.
2026-02-18 11:55:47,171 [ERROR] LogOutputStream:75 - [STDERR_REDIRECT] 
2026-02-18 11:55:48,167 [ERROR] LogOutputStream:75 - [STDERR_REDIRECT] [Fatal Error] :1:1: Premature end of file.
2026-02-18 11:55:48,167 [ERROR] LogOutputStream:75 - [STDERR_REDIRECT] 
2026-02-18 11:55:49,164 [ERROR] LogOutputStream:75 - [STDERR_REDIRECT] [Fatal Error] :1:1: Premature end of file.
2026-02-18 11:55:49,164 [ERROR] LogOutputStream:75 - [STDERR_REDIRECT] 
2026-02-18 11:55:50,170 [ERROR] LogOutputStream:75 - [STDERR_REDIRECT] [Fatal Error] :1:1: Premature end of file.
2026-02-18 11:55:50,170 [ERROR] LogOutputStream:75 - [STDERR_REDIRECT] 
2026-02-18 11:55:51,173 [ERROR] LogOutputStream:75 - [STDERR_REDIRECT] [Fatal Error] :1:1: Premature end of file.
2026-02-18 11:55:51,173 [ERROR] LogOutputStream:75 - [STDERR_REDIRECT] 
2026-02-18 11:55:52,164 [ERROR] LogOutputStream:75 - [STDERR_REDIRECT] [Fatal Error] :1:1: Premature end of file.
2026-02-18 11:55:52,164 [ERROR] LogOutputStream:75 - [STDERR_REDIRECT] 
2026-02-18 11:55:53,170 [ERROR] LogOutputStream:75 - [STDERR_REDIRECT] [Fatal Error] :1:1: Premature end of file.
2026-02-18 11:55:53,170 [ERROR] LogOutputStream:75 - [STDERR_REDIRECT] 
2026-02-18 11:55:54,171 [ERROR] LogOutputStream:75 - [STDERR_REDIRECT] [Fatal Error] :1:1: Premature end of file.
2026-02-18 11:55:54,171 [ERROR] LogOutputStream:75 - [STDERR_REDIRECT] 
2026-02-18 11:55:55,165 [ERROR] LogOutputStream:75 - [STDERR_REDIRECT] [Fatal Error] :1:1: Premature end of file.
2026-02-18 11:55:55,165 [ERROR] LogOutputStream:75 - [STDERR_REDIRECT] 
2026-02-18 11:55:56,163 [ERROR] LogOutputStream:75 - [STDERR_REDIRECT] [Fatal Error] :1:1: Premature end of file.
2026-02-18 11:55:56,168 [ERROR] LogOutputStream:75 - [STDERR_REDIRECT] 
2026-02-18 11:55:57,172 [ERROR] LogOutputStream:75 - [STDERR_REDIRECT] [Fatal Error] :1:1: Premature end of file.
2026-02-18 11:55:57,172 [ERROR] LogOutputStream:75 - [STDERR_REDIRECT] 
2026-02-18 11:55:58,176 [ERROR] LogOutputStream:75 - [STDERR_REDIRECT] [Fatal Error] :1:1: Premature end of file.
2026-02-18 11:55:58,176 [ERROR] LogOutputStream:75 - [STDERR_REDIRECT] 
2026-02-18 11:55:59,168 [ERROR] LogOutputStream:75 - [STDERR_REDIRECT] [Fatal Error] :1:1: Premature end of file.
2026-02-18 11:55:59,168 [ERROR] LogOutputStream:75 - [STDERR_REDIRECT] 
2026-02-18 11:56:00,161 [ERROR] LogOutputStream:75 - [STDERR_REDIRECT] [Fatal Error] :1:1: Premature end of file.
2026-02-18 11:56:00,161 [ERROR] LogOutputStream:75 - [STDERR_REDIRECT] 
2026-02-18 11:56:01,169 [ERROR] LogOutputStream:75 - [STDERR_REDIRECT] [Fatal Error] :1:1: Premature end of file.
2026-02-18 11:56:01,169 [ERROR] LogOutputStream:75 - [STDERR_REDIRECT] 
2026-02-18 11:56:02,176 [ERROR] LogOutputStream:75 - [STDERR_REDIRECT] [Fatal Error] :1:1: Premature end of file.
2026-02-18 11:56:02,176 [ERROR] LogOutputStream:75 - [STDERR_REDIRECT] 
2026-02-18 11:56:03,175 [ERROR] LogOutputStream:75 - [STDERR_REDIRECT] [Fatal Error] :1:1: Premature end of file.
2026-02-18 11:56:03,175 [ERROR] LogOutputStream:75 - [STDERR_REDIRECT] 
2026-02-18 11:56:04,167 [ERROR] LogOutputStream:75 - [STDERR_REDIRECT] [Fatal Error] :1:1: Premature end of file.
2026-02-18 11:56:04,167 [ERROR] LogOutputStream:75 - [STDERR_REDIRECT] 
2026-02-18 11:56:05,162 [ERROR] LogOutputStream:75 - [STDERR_REDIRECT] [Fatal Error] :1:1: Premature end of file.
2026-02-18 11:56:05,162 [ERROR] LogOutputStream:75 - [STDERR_REDIRECT] 
2026-02-18 11:56:06,167 [ERROR] LogOutputStream:75 - [STDERR_REDIRECT] [Fatal Error] :1:1: Premature end of file.
2026-02-18 11:56:06,173 [ERROR] LogOutputStream:75 - [STDERR_REDIRECT] 
2026-02-18 11:56:07,170 [ERROR] LogOutputStream:75 - [STDERR_REDIRECT] [Fatal Error] :1:1: Premature end of file.
2026-02-18 11:56:07,170 [ERROR] LogOutputStream:75 - [STDERR_REDIRECT] 
2026-02-18 11:56:08,164 [ERROR] LogOutputStream:75 - [STDERR_REDIRECT] [Fatal Error] :1:1: Premature end of file.
2026-02-18 11:56:08,164 [ERROR] LogOutputStream:75 - [STDERR_REDIRECT] 
2026-02-18 11:56:09,169 [ERROR] LogOutputStream:75 - [STDERR_REDIRECT] [Fatal Error] :1:1: Premature end of file.
2026-02-18 11:56:09,169 [ERROR] LogOutputStream:75 - [STDERR_REDIRECT] 
2026-02-18 11:56:10,168 [ERROR] LogOutputStream:75 - [STDERR_REDIRECT] [Fatal Error] :1:1: Premature end of file.
2026-02-18 11:56:10,168 [ERROR] LogOutputStream:75 - [STDERR_REDIRECT] 
2026-02-18 11:56:11,162 [ERROR] LogOutputStream:75 - [STDERR_REDIRECT] [Fatal Error] :1:1: Premature end of file.
2026-02-18 11:56:11,162 [ERROR] LogOutputStream:75 - [STDERR_REDIRECT] 
2026-02-18 11:56:12,171 [ERROR] LogOutputStream:75 - [STDERR_REDIRECT] [Fatal Error] :1:1: Premature end of file.
2026-02-18 11:56:12,171 [ERROR] LogOutputStream:75 - [STDERR_REDIRECT] 
2026-02-18 11:56:13,171 [ERROR] LogOutputStream:75 - [STDERR_REDIRECT] [Fatal Error] :1:1: Premature end of file.
2026-02-18 11:56:13,171 [ERROR] LogOutputStream:75 - [STDERR_REDIRECT] 
2026-02-18 11:56:14,166 [ERROR] LogOutputStream:75 - [STDERR_REDIRECT] [Fatal Error] :1:1: Premature end of file.
2026-02-18 11:56:14,166 [ERROR] LogOutputStream:75 - [STDERR_REDIRECT] 
2026-02-18 11:56:15,174 [ERROR] LogOutputStream:75 - [STDERR_REDIRECT] [Fatal Error] :1:1: Premature end of file.
2026-02-18 11:56:15,174 [ERROR] LogOutputStream:75 - [STDERR_REDIRECT] 
2026-02-18 11:56:16,167 [ERROR] LogOutputStream:75 - [STDERR_REDIRECT] [Fatal Error] :1:1: Premature end of file.
2026-02-18 11:56:16,167 [ERROR] LogOutputStream:75 - [STDERR_REDIRECT] 
2026-02-18 11:56:17,168 [ERROR] LogOutputStream:75 - [STDERR_REDIRECT] [Fatal Error] :1:1: Premature end of file.
2026-02-18 11:56:17,168 [ERROR] LogOutputStream:75 - [STDERR_REDIRECT] 
2026-02-18 11:56:18,163 [ERROR] LogOutputStream:75 - [STDERR_REDIRECT] [Fatal Error] :1:1: Premature end of file.
2026-02-18 11:56:18,163 [ERROR] LogOutputStream:75 - [STDERR_REDIRECT] 
2026-02-18 11:56:19,167 [ERROR] LogOutputStream:75 - [STDERR_REDIRECT] [Fatal Error] :1:1: Premature end of file.
2026-02-18 11:56:19,167 [ERROR] LogOutputStream:75 - [STDERR_REDIRECT] 
2026-02-18 11:56:20,160 [ERROR] LogOutputStream:75 - [STDERR_REDIRECT] [Fatal Error] :1:1: Premature end of file.
2026-02-18 11:56:20,160 [ERROR] LogOutputStream:75 - [STDERR_REDIRECT] 
2026-02-18 11:56:21,170 [ERROR] LogOutputStream:75 - [STDERR_REDIRECT] [Fatal Error] :1:1: Premature end of file.
2026-02-18 11:56:21,170 [ERROR] LogOutputStream:75 - [STDERR_REDIRECT] 
2026-02-18 11:56:22,176 [ERROR] LogOutputStream:75 - [STDERR_REDIRECT] [Fatal Error] :1:1: Premature end of file.
2026-02-18 11:56:22,176 [ERROR] LogOutputStream:75 - [STDERR_REDIRECT] 
2026-02-18 11:56:23,168 [ERROR] LogOutputStream:75 - [STDERR_REDIRECT] [Fatal Error] :1:1: Premature end of file.
2026-02-18 11:56:23,168 [ERROR] LogOutputStream:75 - [STDERR_REDIRECT] 
2026-02-18 11:56:24,160 [ERROR] LogOutputStream:75 - [STDERR_REDIRECT] [Fatal Error] :1:1: Premature end of file.
2026-02-18 11:56:24,160 [ERROR] LogOutputStream:75 - [STDERR_REDIRECT] 
2026-02-18 11:56:25,165 [ERROR] LogOutputStream:75 - [STDERR_REDIRECT] [Fatal Error] :1:1: Premature end of file.
2026-02-18 11:56:25,165 [ERROR] LogOutputStream:75 - [STDERR_REDIRECT] 
2026-02-18 11:56:26,167 [ERROR] LogOutputStream:75 - [STDERR_REDIRECT] [Fatal Error] :1:1: Premature end of file.
2026-02-18 11:56:26,167 [ERROR] LogOutputStream:75 - [STDERR_REDIRECT] 
2026-02-18 11:56:27,167 [ERROR] LogOutputStream:75 - [STDERR_REDIRECT] [Fatal Error] :1:1: Premature end of file.
2026-02-18 11:56:27,167 [ERROR] LogOutputStream:75 - [STDERR_REDIRECT] 
2026-02-18 11:56:28,162 [ERROR] LogOutputStream:75 - [STDERR_REDIRECT] [Fatal Error] :1:1: Premature end of file.
2026-02-18 11:56:28,162 [ERROR] LogOutputStream:75 - [STDERR_REDIRECT] 
2026-02-18 11:56:29,173 [ERROR] LogOutputStream:75 - [STDERR_REDIRECT] [Fatal Error] :1:1: Premature end of file.
2026-02-18 11:56:29,173 [ERROR] LogOutputStream:75 - [STDERR_REDIRECT] 
2026-02-18 11:56:30,175 [ERROR] LogOutputStream:75 - [STDERR_REDIRECT] [Fatal Error] :1:1: Premature end of file.
2026-02-18 11:56:30,175 [ERROR] LogOutputStream:75 - [STDERR_REDIRECT] 
2026-02-18 11:56:31,175 [ERROR] LogOutputStream:75 - [STDERR_REDIRECT] [Fatal Error] :1:1: Premature end of file.
2026-02-18 11:56:31,175 [ERROR] LogOutputStream:75 - [STDERR_REDIRECT] 
2026-02-18 11:56:32,171 [ERROR] LogOutputStream:75 - [STDERR_REDIRECT] [Fatal Error] :1:1: Premature end of file.
2026-02-18 11:56:32,171 [ERROR] LogOutputStream:75 - [STDERR_REDIRECT] 
2026-02-18 11:56:33,171 [ERROR] LogOutputStream:75 - [STDERR_REDIRECT] [Fatal Error] :1:1: Premature end of file.
2026-02-18 11:56:33,171 [ERROR] LogOutputStream:75 - [STDERR_REDIRECT] 
2026-02-18 11:56:34,172 [ERROR] LogOutputStream:75 - [STDERR_REDIRECT] [Fatal Error] :1:1: Premature end of file.
2026-02-18 11:56:34,173 [ERROR] LogOutputStream:75 - [STDERR_REDIRECT] 
2026-02-18 11:56:35,171 [ERROR] LogOutputStream:75 - [STDERR_REDIRECT] [Fatal Error] :1:1: Premature end of file.
2026-02-18 11:56:35,171 [ERROR] LogOutputStream:75 - [STDERR_REDIRECT] 
2026-02-18 11:56:36,168 [ERROR] LogOutputStream:75 - [STDERR_REDIRECT] [Fatal Error] :1:1: Premature end of file.
2026-02-18 11:56:36,168 [ERROR] LogOutputStream:75 - [STDERR_REDIRECT] 
2026-02-18 11:56:37,172 [ERROR] LogOutputStream:75 - [STDERR_REDIRECT] [Fatal Error] :1:1: Premature end of file.
2026-02-18 11:56:37,172 [ERROR] LogOutputStream:75 - [STDERR_REDIRECT] 
2026-02-18 11:56:38,170 [ERROR] LogOutputStream:75 - [STDERR_REDIRECT] [Fatal Error] :1:1: Premature end of file.
2026-02-18 11:56:38,170 [ERROR] LogOutputStream:75 - [STDERR_REDIRECT] 
2026-02-18 11:56:39,170 [ERROR] LogOutputStream:75 - [STDERR_REDIRECT] [Fatal Error] :1:1: Premature end of file.
2026-02-18 11:56:39,170 [ERROR] LogOutputStream:75 - [STDERR_REDIRECT] 
2026-02-18 11:56:40,171 [ERROR] LogOutputStream:75 - [STDERR_REDIRECT] [Fatal Error] :1:1: Premature end of file.
2026-02-18 11:56:40,171 [ERROR] LogOutputStream:75 - [STDERR_REDIRECT] 
2026-02-18 11:56:41,176 [ERROR] LogOutputStream:75 - [STDERR_REDIRECT] [Fatal Error] :1:1: Premature end of file.
2026-02-18 11:56:41,176 [ERROR] LogOutputStream:75 - [STDERR_REDIRECT] 
2026-02-18 11:56:42,162 [ERROR] LogOutputStream:75 - [STDERR_REDIRECT] [Fatal Error] :1:1: Premature end of file.
2026-02-18 11:56:42,162 [ERROR] LogOutputStream:75 - [STDERR_REDIRECT] 
2026-02-18 11:56:43,172 [ERROR] LogOutputStream:75 - [STDERR_REDIRECT] [Fatal Error] :1:1: Premature end of file.
2026-02-18 11:56:43,172 [ERROR] LogOutputStream:75 - [STDERR_REDIRECT] 
2026-02-18 11:56:44,162 [ERROR] LogOutputStream:75 - [STDERR_REDIRECT] [Fatal Error] :1:1: Premature end of file.
2026-02-18 11:56:44,162 [ERROR] LogOutputStream:75 - [STDERR_REDIRECT] 
2026-02-18 11:56:45,164 [ERROR] LogOutputStream:75 - [STDERR_REDIRECT] [Fatal Error] :1:1: Premature end of file.
2026-02-18 11:56:45,164 [ERROR] LogOutputStream:75 - [STDERR_REDIRECT] 
2026-02-18 11:56:46,164 [ERROR] LogOutputStream:75 - [STDERR_REDIRECT] [Fatal Error] :1:1: Premature end of file.
2026-02-18 11:56:46,164 [ERROR] LogOutputStream:75 - [STDERR_REDIRECT] 
2026-02-18 11:56:47,171 [ERROR] LogOutputStream:75 - [STDERR_REDIRECT] [Fatal Error] :1:1: Premature end of file.
2026-02-18 11:56:47,171 [ERROR] LogOutputStream:75 - [STDERR_REDIRECT] 
2026-02-18 11:56:48,164 [ERROR] LogOutputStream:75 - [STDERR_REDIRECT] [Fatal Error] :1:1: Premature end of file.
2026-02-18 11:56:48,164 [ERROR] LogOutputStream:75 - [STDERR_REDIRECT] 
2026-02-18 11:56:49,161 [ERROR] LogOutputStream:75 - [STDERR_REDIRECT] [Fatal Error] :1:1: Premature end of file.
2026-02-18 11:56:49,161 [ERROR] LogOutputStream:75 - [STDERR_REDIRECT] 
2026-02-18 11:56:50,167 [ERROR] LogOutputStream:75 - [STDERR_REDIRECT] [Fatal Error] :1:1: Premature end of file.
2026-02-18 11:56:50,167 [ERROR] LogOutputStream:75 - [STDERR_REDIRECT] 
2026-02-18 11:56:51,167 [ERROR] LogOutputStream:75 - [STDERR_REDIRECT] [Fatal Error] :1:1: Premature end of file.
2026-02-18 11:56:51,167 [ERROR] LogOutputStream:75 - [STDERR_REDIRECT] 
2026-02-18 11:56:52,177 [ERROR] LogOutputStream:75 - [STDERR_REDIRECT] [Fatal Error] :1:1: Premature end of file.
2026-02-18 11:56:52,177 [ERROR] LogOutputStream:75 - [STDERR_REDIRECT] 
2026-02-18 11:56:53,168 [ERROR] LogOutputStream:75 - [STDERR_REDIRECT] [Fatal Error] :1:1: Premature end of file.
2026-02-18 11:56:53,168 [ERROR] LogOutputStream:75 - [STDERR_REDIRECT] 
2026-02-18 11:56:54,175 [ERROR] LogOutputStream:75 - [STDERR_REDIRECT] [Fatal Error] :1:1: Premature end of file.
2026-02-18 11:56:54,175 [ERROR] LogOutputStream:75 - [STDERR_REDIRECT] 
2026-02-18 11:56:55,171 [ERROR] LogOutputStream:75 - [STDERR_REDIRECT] [Fatal Error] :1:1: Premature end of file.
2026-02-18 11:56:55,171 [ERROR] LogOutputStream:75 - [STDERR_REDIRECT] 
2026-02-18 11:56:56,168 [ERROR] LogOutputStream:75 - [STDERR_REDIRECT] [Fatal Error] :1:1: Premature end of file.
2026-02-18 11:56:56,168 [ERROR] LogOutputStream:75 - [STDERR_REDIRECT] 
2026-02-18 11:56:57,167 [ERROR] LogOutputStream:75 - [STDERR_REDIRECT] [Fatal Error] :1:1: Premature end of file.
2026-02-18 11:56:57,167 [ERROR] LogOutputStream:75 - [STDERR_REDIRECT] 
2026-02-18 11:56:58,164 [ERROR] LogOutputStream:75 - [STDERR_REDIRECT] [Fatal Error] :1:1: Premature end of file.
2026-02-18 11:56:58,164 [ERROR] LogOutputStream:75 - [STDERR_REDIRECT] 
2026-02-18 11:56:59,170 [ERROR] LogOutputStream:75 - [STDERR_REDIRECT] [Fatal Error] :1:1: Premature end of file.
2026-02-18 11:56:59,170 [ERROR] LogOutputStream:75 - [STDERR_REDIRECT] 
2026-02-18 11:57:00,176 [ERROR] LogOutputStream:75 - [STDERR_REDIRECT] [Fatal Error] :1:1: Premature end of file.
2026-02-18 11:57:00,176 [ERROR] LogOutputStream:75 - [STDERR_REDIRECT] 
2026-02-18 11:57:01,161 [ERROR] LogOutputStream:75 - [STDERR_REDIRECT] [Fatal Error] :1:1: Premature end of file.
2026-02-18 11:57:01,161 [ERROR] LogOutputStream:75 - [STDERR_REDIRECT] 
2026-02-18 11:57:02,167 [ERROR] LogOutputStream:75 - [STDERR_REDIRECT] [Fatal Error] :1:1: Premature end of file.
2026-02-18 11:57:02,167 [ERROR] LogOutputStream:75 - [STDERR_REDIRECT] 
2026-02-18 11:57:03,173 [ERROR] LogOutputStream:75 - [STDERR_REDIRECT] [Fatal Error] :1:1: Premature end of file.
2026-02-18 11:57:03,173 [ERROR] LogOutputStream:75 - [STDERR_REDIRECT] 
2026-02-18 11:57:04,180 [ERROR] LogOutputStream:75 - [STDERR_REDIRECT] [Fatal Error] :1:1: Premature end of file.
2026-02-18 11:57:04,180 [ERROR] LogOutputStream:75 - [STDERR_REDIRECT] 
2026-02-18 11:57:05,167 [ERROR] LogOutputStream:75 - [STDERR_REDIRECT] [Fatal Error] :1:1: Premature end of file.
2026-02-18 11:57:05,167 [ERROR] LogOutputStream:75 - [STDERR_REDIRECT] 
2026-02-18 11:57:06,178 [ERROR] LogOutputStream:75 - [STDERR_REDIRECT] [Fatal Error] :1:1: Premature end of file.
2026-02-18 11:57:06,178 [ERROR] LogOutputStream:75 - [STDERR_REDIRECT] 
2026-02-18 11:57:07,167 [ERROR] LogOutputStream:75 - [STDERR_REDIRECT] [Fatal Error] :1:1: Premature end of file.
2026-02-18 11:57:07,167 [ERROR] LogOutputStream:75 - [STDERR_REDIRECT] 
2026-02-18 11:57:08,171 [ERROR] LogOutputStream:75 - [STDERR_REDIRECT] [Fatal Error] :1:1: Premature end of file.
2026-02-18 11:57:08,171 [ERROR] LogOutputStream:75 - [STDERR_REDIRECT] 
2026-02-18 11:57:09,170 [ERROR] LogOutputStream:75 - [STDERR_REDIRECT] [Fatal Error] :1:1: Premature end of file.
2026-02-18 11:57:09,170 [ERROR] LogOutputStream:75 - [STDERR_REDIRECT] 
2026-02-18 11:57:10,173 [ERROR] LogOutputStream:75 - [STDERR_REDIRECT] [Fatal Error] :1:1: Premature end of file.
2026-02-18 11:57:10,173 [ERROR] LogOutputStream:75 - [STDERR_REDIRECT] 
2026-02-18 11:57:11,178 [ERROR] LogOutputStream:75 - [STDERR_REDIRECT] [Fatal Error] :1:1: Premature end of file.
2026-02-18 11:57:11,178 [ERROR] LogOutputStream:75 - [STDERR_REDIRECT] 
2026-02-18 11:57:12,170 [ERROR] LogOutputStream:75 - [STDERR_REDIRECT] [Fatal Error] :1:1: Premature end of file.
2026-02-18 11:57:12,170 [ERROR] LogOutputStream:75 - [STDERR_REDIRECT] 
2026-02-18 11:57:13,163 [ERROR] LogOutputStream:75 - [STDERR_REDIRECT] [Fatal Error] :1:1: Premature end of file.
2026-02-18 11:57:13,163 [ERROR] LogOutputStream:75 - [STDERR_REDIRECT] 
2026-02-18 11:57:14,176 [ERROR] LogOutputStream:75 - [STDERR_REDIRECT] [Fatal Error] :1:1: Premature end of file.
2026-02-18 11:57:14,176 [ERROR] LogOutputStream:75 - [STDERR_REDIRECT] 
2026-02-18 11:57:15,170 [ERROR] LogOutputStream:75 - [STDERR_REDIRECT] [Fatal Error] :1:1: Premature end of file.
2026-02-18 11:57:15,170 [ERROR] LogOutputStream:75 - [STDERR_REDIRECT] 
2026-02-18 11:57:16,174 [ERROR] LogOutputStream:75 - [STDERR_REDIRECT] [Fatal Error] :1:1: Premature end of file.
2026-02-18 11:57:16,174 [ERROR] LogOutputStream:75 - [STDERR_REDIRECT] 
2026-02-18 11:57:17,165 [ERROR] LogOutputStream:75 - [STDERR_REDIRECT] [Fatal Error] :1:1: Premature end of file.
2026-02-18 11:57:17,165 [ERROR] LogOutputStream:75 - [STDERR_REDIRECT] 
2026-02-18 11:57:18,161 [ERROR] LogOutputStream:75 - [STDERR_REDIRECT] [Fatal Error] :1:1: Premature end of file.
2026-02-18 11:57:18,161 [ERROR] LogOutputStream:75 - [STDERR_REDIRECT] 
2026-02-18 11:57:19,163 [ERROR] LogOutputStream:75 - [STDERR_REDIRECT] [Fatal Error] :1:1: Premature end of file.
2026-02-18 11:57:19,163 [ERROR] LogOutputStream:75 - [STDERR_REDIRECT] 
2026-02-18 11:57:20,168 [ERROR] LogOutputStream:75 - [STDERR_REDIRECT] [Fatal Error] :1:1: Premature end of file.
2026-02-18 11:57:20,168 [ERROR] LogOutputStream:75 - [STDERR_REDIRECT] 
2026-02-18 11:57:21,162 [ERROR] LogOutputStream:75 - [STDERR_REDIRECT] [Fatal Error] :1:1: Premature end of file.
2026-02-18 11:57:21,162 [ERROR] LogOutputStream:75 - [STDERR_REDIRECT] 
2026-02-18 11:57:22,172 [ERROR] LogOutputStream:75 - [STDERR_REDIRECT] [Fatal Error] :1:1: Premature end of file.
2026-02-18 11:57:22,172 [ERROR] LogOutputStream:75 - [STDERR_REDIRECT] 
2026-02-18 11:57:23,165 [ERROR] LogOutputStream:75 - [STDERR_REDIRECT] [Fatal Error] :1:1: Premature end of file.
2026-02-18 11:57:23,165 [ERROR] LogOutputStream:75 - [STDERR_REDIRECT] 
2026-02-18 11:57:24,170 [ERROR] LogOutputStream:75 - [STDERR_REDIRECT] [Fatal Error] :1:1: Premature end of file.
2026-02-18 11:57:24,170 [ERROR] LogOutputStream:75 - [STDERR_REDIRECT] 
2026-02-18 11:57:25,170 [ERROR] LogOutputStream:75 - [STDERR_REDIRECT] [Fatal Error] :1:1: Premature end of file.
2026-02-18 11:57:25,170 [ERROR] LogOutputStream:75 - [STDERR_REDIRECT] 
2026-02-18 11:57:26,163 [ERROR] LogOutputStream:75 - [STDERR_REDIRECT] [Fatal Error] :1:1: Premature end of file.
2026-02-18 11:57:26,163 [ERROR] LogOutputStream:75 - [STDERR_REDIRECT] 
2026-02-18 11:57:27,174 [ERROR] LogOutputStream:75 - [STDERR_REDIRECT] [Fatal Error] :1:1: Premature end of file.
2026-02-18 11:57:27,174 [ERROR] LogOutputStream:75 - [STDERR_REDIRECT] 
2026-02-18 11:57:28,169 [ERROR] LogOutputStream:75 - [STDERR_REDIRECT] [Fatal Error] :1:1: Premature end of file.
2026-02-18 11:57:28,169 [ERROR] LogOutputStream:75 - [STDERR_REDIRECT] 
2026-02-18 11:57:29,169 [ERROR] LogOutputStream:75 - [STDERR_REDIRECT] [Fatal Error] :1:1: Premature end of file.
2026-02-18 11:57:29,169 [ERROR] LogOutputStream:75 - [STDERR_REDIRECT] 
2026-02-18 11:57:30,162 [ERROR] LogOutputStream:75 - [STDERR_REDIRECT] [Fatal Error] :1:1: Premature end of file.
2026-02-18 11:57:30,162 [ERROR] LogOutputStream:75 - [STDERR_REDIRECT] 
2026-02-18 11:57:31,168 [ERROR] LogOutputStream:75 - [STDERR_REDIRECT] [Fatal Error] :1:1: Premature end of file.
2026-02-18 11:57:31,168 [ERROR] LogOutputStream:75 - [STDERR_REDIRECT] 
2026-02-18 11:57:32,164 [ERROR] LogOutputStream:75 - [STDERR_REDIRECT] [Fatal Error] :1:1: Premature end of file.
2026-02-18 11:57:32,164 [ERROR] LogOutputStream:75 - [STDERR_REDIRECT] 
2026-02-18 11:57:33,170 [ERROR] LogOutputStream:75 - [STDERR_REDIRECT] [Fatal Error] :1:1: Premature end of file.
2026-02-18 11:57:33,170 [ERROR] LogOutputStream:75 - [STDERR_REDIRECT] 
2026-02-18 11:57:34,165 [ERROR] LogOutputStream:75 - [STDERR_REDIRECT] [Fatal Error] :1:1: Premature end of file.
2026-02-18 11:57:34,165 [ERROR] LogOutputStream:75 - [STDERR_REDIRECT] 
2026-02-18 11:57:35,166 [ERROR] LogOutputStream:75 - [STDERR_REDIRECT] [Fatal Error] :1:1: Premature end of file.
2026-02-18 11:57:35,166 [ERROR] LogOutputStream:75 - [STDERR_REDIRECT] 
2026-02-18 11:57:36,172 [ERROR] LogOutputStream:75 - [STDERR_REDIRECT] [Fatal Error] :1:1: Premature end of file.
2026-02-18 11:57:36,172 [ERROR] LogOutputStream:75 - [STDERR_REDIRECT] 
2026-02-18 11:57:37,175 [ERROR] LogOutputStream:75 - [STDERR_REDIRECT] [Fatal Error] :1:1: Premature end of file.
2026-02-18 11:57:37,175 [ERROR] LogOutputStream:75 - [STDERR_REDIRECT] 
2026-02-18 11:57:38,175 [ERROR] LogOutputStream:75 - [STDERR_REDIRECT] [Fatal Error] :1:1: Premature end of file.
2026-02-18 11:57:38,175 [ERROR] LogOutputStream:75 - [STDERR_REDIRECT] 
2026-02-18 11:57:39,170 [ERROR] LogOutputStream:75 - [STDERR_REDIRECT] [Fatal Error] :1:1: Premature end of file.
2026-02-18 11:57:39,170 [ERROR] LogOutputStream:75 - [STDERR_REDIRECT] 
2026-02-18 11:57:40,167 [ERROR] LogOutputStream:75 - [STDERR_REDIRECT] [Fatal Error] :1:1: Premature end of file.
2026-02-18 11:57:40,167 [ERROR] LogOutputStream:75 - [STDERR_REDIRECT] 
2026-02-18 11:57:41,168 [ERROR] LogOutputStream:75 - [STDERR_REDIRECT] [Fatal Error] :1:1: Premature end of file.
2026-02-18 11:57:41,168 [ERROR] LogOutputStream:75 - [STDERR_REDIRECT] 
2026-02-18 11:57:42,167 [ERROR] LogOutputStream:75 - [STDERR_REDIRECT] [Fatal Error] :1:1: Premature end of file.
2026-02-18 11:57:42,167 [ERROR] LogOutputStream:75 - [STDERR_REDIRECT] 
2026-02-18 11:57:43,170 [ERROR] LogOutputStream:75 - [STDERR_REDIRECT] [Fatal Error] :1:1: Premature end of file.
2026-02-18 11:57:43,170 [ERROR] LogOutputStream:75 - [STDERR_REDIRECT] 
2026-02-18 11:57:44,170 [ERROR] LogOutputStream:75 - [STDERR_REDIRECT] [Fatal Error] :1:1: Premature end of file.
2026-02-18 11:57:44,170 [ERROR] LogOutputStream:75 - [STDERR_REDIRECT] 
2026-02-18 11:57:45,170 [ERROR] LogOutputStream:75 - [STDERR_REDIRECT] [Fatal Error] :1:1: Premature end of file.
2026-02-18 11:57:45,170 [ERROR] LogOutputStream:75 - [STDERR_REDIRECT] 
2026-02-18 11:57:46,181 [ERROR] LogOutputStream:75 - [STDERR_REDIRECT] [Fatal Error] :1:1: Premature end of file.
2026-02-18 11:57:46,181 [ERROR] LogOutputStream:75 - [STDERR_REDIRECT] 
2026-02-18 11:57:47,167 [ERROR] LogOutputStream:75 - [STDERR_REDIRECT] [Fatal Error] :1:1: Premature end of file.
2026-02-18 11:57:47,167 [ERROR] LogOutputStream:75 - [STDERR_REDIRECT] 
2026-02-18 11:57:48,169 [ERROR] LogOutputStream:75 - [STDERR_REDIRECT] [Fatal Error] :1:1: Premature end of file.
2026-02-18 11:57:48,169 [ERROR] LogOutputStream:75 - [STDERR_REDIRECT] 
2026-02-18 11:57:49,165 [ERROR] LogOutputStream:75 - [STDERR_REDIRECT] [Fatal Error] :1:1: Premature end of file.
2026-02-18 11:57:49,165 [ERROR] LogOutputStream:75 - [STDERR_REDIRECT] 
2026-02-18 11:57:50,169 [ERROR] LogOutputStream:75 - [STDERR_REDIRECT] [Fatal Error] :1:1: Premature end of file.
2026-02-18 11:57:50,169 [ERROR] LogOutputStream:75 - [STDERR_REDIRECT] 
2026-02-18 11:57:51,166 [ERROR] LogOutputStream:75 - [STDERR_REDIRECT] [Fatal Error] :1:1: Premature end of file.
2026-02-18 11:57:51,166 [ERROR] LogOutputStream:75 - [STDERR_REDIRECT] 
2026-02-18 11:57:52,177 [ERROR] LogOutputStream:75 - [STDERR_REDIRECT] [Fatal Error] :1:1: Premature end of file.
2026-02-18 11:57:52,177 [ERROR] LogOutputStream:75 - [STDERR_REDIRECT] 
2026-02-18 11:57:53,177 [ERROR] LogOutputStream:75 - [STDERR_REDIRECT] [Fatal Error] :1:1: Premature end of file.
2026-02-18 11:57:53,177 [ERROR] LogOutputStream:75 - [STDERR_REDIRECT] 
2026-02-18 11:57:54,174 [ERROR] LogOutputStream:75 - [STDERR_REDIRECT] [Fatal Error] :1:1: Premature end of file.
2026-02-18 11:57:54,174 [ERROR] LogOutputStream:75 - [STDERR_REDIRECT] 
2026-02-18 11:57:55,164 [ERROR] LogOutputStream:75 - [STDERR_REDIRECT] [Fatal Error] :1:1: Premature end of file.
2026-02-18 11:57:55,164 [ERROR] LogOutputStream:75 - [STDERR_REDIRECT] 
2026-02-18 11:57:56,166 [ERROR] LogOutputStream:75 - [STDERR_REDIRECT] [Fatal Error] :1:1: Premature end of file.
2026-02-18 11:57:56,166 [ERROR] LogOutputStream:75 - [STDERR_REDIRECT] 
2026-02-18 11:57:57,175 [ERROR] LogOutputStream:75 - [STDERR_REDIRECT] [Fatal Error] :1:1: Premature end of file.
2026-02-18 11:57:57,175 [ERROR] LogOutputStream:75 - [STDERR_REDIRECT] 
2026-02-18 11:57:58,168 [ERROR] LogOutputStream:75 - [STDERR_REDIRECT] [Fatal Error] :1:1: Premature end of file.
2026-02-18 11:57:58,168 [ERROR] LogOutputStream:75 - [STDERR_REDIRECT] 
2026-02-18 11:57:59,170 [ERROR] LogOutputStream:75 - [STDERR_REDIRECT] [Fatal Error] :1:1: Premature end of file.
2026-02-18 11:57:59,170 [ERROR] LogOutputStream:75 - [STDERR_REDIRECT] 
2026-02-18 11:58:00,165 [ERROR] LogOutputStream:75 - [STDERR_REDIRECT] [Fatal Error] :1:1: Premature end of file.
2026-02-18 11:58:00,165 [ERROR] LogOutputStream:75 - [STDERR_REDIRECT] 
2026-02-18 11:58:01,177 [ERROR] LogOutputStream:75 - [STDERR_REDIRECT] [Fatal Error] :1:1: Premature end of file.
2026-02-18 11:58:01,177 [ERROR] LogOutputStream:75 - [STDERR_REDIRECT] 
2026-02-18 11:58:02,170 [ERROR] LogOutputStream:75 - [STDERR_REDIRECT] [Fatal Error] :1:1: Premature end of file.
2026-02-18 11:58:02,170 [ERROR] LogOutputStream:75 - [STDERR_REDIRECT] 
2026-02-18 11:58:03,166 [ERROR] LogOutputStream:75 - [STDERR_REDIRECT] [Fatal Error] :1:1: Premature end of file.
2026-02-18 11:58:03,166 [ERROR] LogOutputStream:75 - [STDERR_REDIRECT] 
2026-02-18 11:58:04,170 [ERROR] LogOutputStream:75 - [STDERR_REDIRECT] [Fatal Error] :1:1: Premature end of file.
2026-02-18 11:58:04,170 [ERROR] LogOutputStream:75 - [STDERR_REDIRECT] 
2026-02-18 11:58:05,168 [ERROR] LogOutputStream:75 - [STDERR_REDIRECT] [Fatal Error] :1:1: Premature end of file.
2026-02-18 11:58:05,168 [ERROR] LogOutputStream:75 - [STDERR_REDIRECT] 
2026-02-18 11:58:06,168 [ERROR] LogOutputStream:75 - [STDERR_REDIRECT] [Fatal Error] :1:1: Premature end of file.
2026-02-18 11:58:06,168 [ERROR] LogOutputStream:75 - [STDERR_REDIRECT] 
2026-02-18 11:58:07,162 [ERROR] LogOutputStream:75 - [STDERR_REDIRECT] [Fatal Error] :1:1: Premature end of file.
2026-02-18 11:58:07,162 [ERROR] LogOutputStream:75 - [STDERR_REDIRECT] 
2026-02-18 11:58:08,170 [ERROR] LogOutputStream:75 - [STDERR_REDIRECT] [Fatal Error] :1:1: Premature end of file.
2026-02-18 11:58:08,170 [ERROR] LogOutputStream:75 - [STDERR_REDIRECT] 
2026-02-18 11:58:09,171 [ERROR] LogOutputStream:75 - [STDERR_REDIRECT] [Fatal Error] :1:1: Premature end of file.
2026-02-18 11:58:09,171 [ERROR] LogOutputStream:75 - [STDERR_REDIRECT] 
2026-02-18 11:58:10,171 [ERROR] LogOutputStream:75 - [STDERR_REDIRECT] [Fatal Error] :1:1: Premature end of file.
2026-02-18 11:58:10,171 [ERROR] LogOutputStream:75 - [STDERR_REDIRECT] 
2026-02-18 11:58:11,167 [ERROR] LogOutputStream:75 - [STDERR_REDIRECT] [Fatal Error] :1:1: Premature end of file.
2026-02-18 11:58:11,167 [ERROR] LogOutputStream:75 - [STDERR_REDIRECT] 
2026-02-18 11:58:12,167 [ERROR] LogOutputStream:75 - [STDERR_REDIRECT] [Fatal Error] :1:1: Premature end of file.
2026-02-18 11:58:12,167 [ERROR] LogOutputStream:75 - [STDERR_REDIRECT] 
2026-02-18 11:58:13,171 [ERROR] LogOutputStream:75 - [STDERR_REDIRECT] [Fatal Error] :1:1: Premature end of file.
2026-02-18 11:58:13,171 [ERROR] LogOutputStream:75 - [STDERR_REDIRECT] 
2026-02-18 11:58:14,176 [ERROR] LogOutputStream:75 - [STDERR_REDIRECT] [Fatal Error] :1:1: Premature end of file.
2026-02-18 11:58:14,176 [ERROR] LogOutputStream:75 - [STDERR_REDIRECT] 
2026-02-18 11:58:15,168 [ERROR] LogOutputStream:75 - [STDERR_REDIRECT] [Fatal Error] :1:1: Premature end of file.
2026-02-18 11:58:15,168 [ERROR] LogOutputStream:75 - [STDERR_REDIRECT] 
2026-02-18 11:58:16,173 [ERROR] LogOutputStream:75 - [STDERR_REDIRECT] [Fatal Error] :1:1: Premature end of file.
2026-02-18 11:58:16,173 [ERROR] LogOutputStream:75 - [STDERR_REDIRECT] 
2026-02-18 11:58:17,169 [ERROR] LogOutputStream:75 - [STDERR_REDIRECT] [Fatal Error] :1:1: Premature end of file.
2026-02-18 11:58:17,169 [ERROR] LogOutputStream:75 - [STDERR_REDIRECT] 
2026-02-18 11:58:18,162 [ERROR] LogOutputStream:75 - [STDERR_REDIRECT] [Fatal Error] :1:1: Premature end of file.
2026-02-18 11:58:18,162 [ERROR] LogOutputStream:75 - [STDERR_REDIRECT] 
2026-02-18 11:58:19,165 [ERROR] LogOutputStream:75 - [STDERR_REDIRECT] [Fatal Error] :1:1: Premature end of file.
2026-02-18 11:58:19,165 [ERROR] LogOutputStream:75 - [STDERR_REDIRECT] 
2026-02-18 11:58:20,167 [ERROR] LogOutputStream:75 - [STDERR_REDIRECT] [Fatal Error] :1:1: Premature end of file.
2026-02-18 11:58:20,167 [ERROR] LogOutputStream:75 - [STDERR_REDIRECT] 
2026-02-18 11:58:21,170 [ERROR] LogOutputStream:75 - [STDERR_REDIRECT] [Fatal Error] :1:1: Premature end of file.
2026-02-18 11:58:21,170 [ERROR] LogOutputStream:75 - [STDERR_REDIRECT] 
2026-02-18 11:58:22,161 [ERROR] LogOutputStream:75 - [STDERR_REDIRECT] [Fatal Error] :1:1: Premature end of file.
2026-02-18 11:58:22,161 [ERROR] LogOutputStream:75 - [STDERR_REDIRECT] 
2026-02-18 11:58:23,167 [ERROR] LogOutputStream:75 - [STDERR_REDIRECT] [Fatal Error] :1:1: Premature end of file.
2026-02-18 11:58:23,167 [ERROR] LogOutputStream:75 - [STDERR_REDIRECT] 
2026-02-18 11:58:24,164 [ERROR] LogOutputStream:75 - [STDERR_REDIRECT] [Fatal Error] :1:1: Premature end of file.
2026-02-18 11:58:24,164 [ERROR] LogOutputStream:75 - [STDERR_REDIRECT] 
2026-02-18 11:58:25,169 [ERROR] LogOutputStream:75 - [STDERR_REDIRECT] [Fatal Error] :1:1: Premature end of file.
2026-02-18 11:58:25,169 [ERROR] LogOutputStream:75 - [STDERR_REDIRECT] 
2026-02-18 11:58:26,164 [ERROR] LogOutputStream:75 - [STDERR_REDIRECT] [Fatal Error] :1:1: Premature end of file.
2026-02-18 11:58:26,164 [ERROR] LogOutputStream:75 - [STDERR_REDIRECT] 
2026-02-18 11:58:27,169 [ERROR] LogOutputStream:75 - [STDERR_REDIRECT] [Fatal Error] :1:1: Premature end of file.
2026-02-18 11:58:27,169 [ERROR] LogOutputStream:75 - [STDERR_REDIRECT] 
2026-02-18 11:58:28,168 [ERROR] LogOutputStream:75 - [STDERR_REDIRECT] [Fatal Error] :1:1: Premature end of file.
2026-02-18 11:58:28,168 [ERROR] LogOutputStream:75 - [STDERR_REDIRECT] 
2026-02-18 11:58:29,161 [ERROR] LogOutputStream:75 - [STDERR_REDIRECT] [Fatal Error] :1:1: Premature end of file.
2026-02-18 11:58:29,167 [ERROR] LogOutputStream:75 - [STDERR_REDIRECT] 
2026-02-18 11:58:30,163 [ERROR] LogOutputStream:75 - [STDERR_REDIRECT] [Fatal Error] :1:1: Premature end of file.
2026-02-18 11:58:30,163 [ERROR] LogOutputStream:75 - [STDERR_REDIRECT] 
2026-02-18 11:58:31,171 [ERROR] LogOutputStream:75 - [STDERR_REDIRECT] [Fatal Error] :1:1: Premature end of file.
2026-02-18 11:58:31,171 [ERROR] LogOutputStream:75 - [STDERR_REDIRECT] 
2026-02-18 11:58:32,173 [ERROR] LogOutputStream:75 - [STDERR_REDIRECT] [Fatal Error] :1:1: Premature end of file.
2026-02-18 11:58:32,173 [ERROR] LogOutputStream:75 - [STDERR_REDIRECT] 
2026-02-18 11:58:33,168 [ERROR] LogOutputStream:75 - [STDERR_REDIRECT] [Fatal Error] :1:1: Premature end of file.
2026-02-18 11:58:33,168 [ERROR] LogOutputStream:75 - [STDERR_REDIRECT] 
2026-02-18 11:58:34,169 [ERROR] LogOutputStream:75 - [STDERR_REDIRECT] [Fatal Error] :1:1: Premature end of file.
2026-02-18 11:58:34,169 [ERROR] LogOutputStream:75 - [STDERR_REDIRECT] 
2026-02-18 11:58:35,164 [ERROR] LogOutputStream:75 - [STDERR_REDIRECT] [Fatal Error] :1:1: Premature end of file.
2026-02-18 11:58:35,164 [ERROR] LogOutputStream:75 - [STDERR_REDIRECT] 
2026-02-18 11:58:36,170 [ERROR] LogOutputStream:75 - [STDERR_REDIRECT] [Fatal Error] :1:1: Premature end of file.
2026-02-18 11:58:36,170 [ERROR] LogOutputStream:75 - [STDERR_REDIRECT] 
2026-02-18 11:58:37,171 [ERROR] LogOutputStream:75 - [STDERR_REDIRECT] [Fatal Error] :1:1: Premature end of file.
2026-02-18 11:58:37,171 [ERROR] LogOutputStream:75 - [STDERR_REDIRECT] 
2026-02-18 11:58:38,174 [ERROR] LogOutputStream:75 - [STDERR_REDIRECT] [Fatal Error] :1:1: Premature end of file.
2026-02-18 11:58:38,174 [ERROR] LogOutputStream:75 - [STDERR_REDIRECT] 
2026-02-18 11:58:39,167 [ERROR] LogOutputStream:75 - [STDERR_REDIRECT] [Fatal Error] :1:1: Premature end of file.
2026-02-18 11:58:39,167 [ERROR] LogOutputStream:75 - [STDERR_REDIRECT] 
2026-02-18 11:58:40,172 [ERROR] LogOutputStream:75 - [STDERR_REDIRECT] [Fatal Error] :1:1: Premature end of file.
2026-02-18 11:58:40,172 [ERROR] LogOutputStream:75 - [STDERR_REDIRECT] 
2026-02-18 11:58:41,168 [ERROR] LogOutputStream:75 - [STDERR_REDIRECT] [Fatal Error] :1:1: Premature end of file.
2026-02-18 11:58:41,168 [ERROR] LogOutputStream:75 - [STDERR_REDIRECT] 
2026-02-18 11:58:42,169 [ERROR] LogOutputStream:75 - [STDERR_REDIRECT] [Fatal Error] :1:1: Premature end of file.
2026-02-18 11:58:42,169 [ERROR] LogOutputStream:75 - [STDERR_REDIRECT] 
2026-02-18 11:58:43,167 [ERROR] LogOutputStream:75 - [STDERR_REDIRECT] [Fatal Error] :1:1: Premature end of file.
2026-02-18 11:58:43,167 [ERROR] LogOutputStream:75 - [STDERR_REDIRECT] 
2026-02-18 11:58:44,167 [ERROR] LogOutputStream:75 - [STDERR_REDIRECT] [Fatal Error] :1:1: Premature end of file.
2026-02-18 11:58:44,167 [ERROR] LogOutputStream:75 - [STDERR_REDIRECT] 
2026-02-18 11:58:45,168 [ERROR] LogOutputStream:75 - [STDERR_REDIRECT] [Fatal Error] :1:1: Premature end of file.
2026-02-18 11:58:45,168 [ERROR] LogOutputStream:75 - [STDERR_REDIRECT] 
2026-02-18 11:58:46,172 [ERROR] LogOutputStream:75 - [STDERR_REDIRECT] [Fatal Error] :1:1: Premature end of file.
2026-02-18 11:58:46,172 [ERROR] LogOutputStream:75 - [STDERR_REDIRECT] 
2026-02-18 11:58:47,163 [ERROR] LogOutputStream:75 - [STDERR_REDIRECT] [Fatal Error] :1:1: Premature end of file.
2026-02-18 11:58:47,163 [ERROR] LogOutputStream:75 - [STDERR_REDIRECT] 
2026-02-18 11:58:48,174 [ERROR] LogOutputStream:75 - [STDERR_REDIRECT] [Fatal Error] :1:1: Premature end of file.
2026-02-18 11:58:48,174 [ERROR] LogOutputStream:75 - [STDERR_REDIRECT] 
2026-02-18 11:58:49,166 [ERROR] LogOutputStream:75 - [STDERR_REDIRECT] [Fatal Error] :1:1: Premature end of file.
2026-02-18 11:58:49,166 [ERROR] LogOutputStream:75 - [STDERR_REDIRECT] 
2026-02-18 11:58:50,169 [ERROR] LogOutputStream:75 - [STDERR_REDIRECT] [Fatal Error] :1:1: Premature end of file.
2026-02-18 11:58:50,170 [ERROR] LogOutputStream:75 - [STDERR_REDIRECT] 
2026-02-18 11:58:51,169 [ERROR] LogOutputStream:75 - [STDERR_REDIRECT] [Fatal Error] :1:1: Premature end of file.
2026-02-18 11:58:51,169 [ERROR] LogOutputStream:75 - [STDERR_REDIRECT] 
2026-02-18 11:58:52,172 [ERROR] LogOutputStream:75 - [STDERR_REDIRECT] [Fatal Error] :1:1: Premature end of file.
2026-02-18 11:58:52,172 [ERROR] LogOutputStream:75 - [STDERR_REDIRECT] 
2026-02-18 11:58:53,168 [ERROR] LogOutputStream:75 - [STDERR_REDIRECT] [Fatal Error] :1:1: Premature end of file.
2026-02-18 11:58:53,168 [ERROR] LogOutputStream:75 - [STDERR_REDIRECT] 
2026-02-18 11:58:54,171 [ERROR] LogOutputStream:75 - [STDERR_REDIRECT] [Fatal Error] :1:1: Premature end of file.
2026-02-18 11:58:54,171 [ERROR] LogOutputStream:75 - [STDERR_REDIRECT] 
2026-02-18 11:58:55,170 [ERROR] LogOutputStream:75 - [STDERR_REDIRECT] [Fatal Error] :1:1: Premature end of file.
2026-02-18 11:58:55,170 [ERROR] LogOutputStream:75 - [STDERR_REDIRECT] 
2026-02-18 11:58:56,161 [ERROR] LogOutputStream:75 - [STDERR_REDIRECT] [Fatal Error] :1:1: Premature end of file.
2026-02-18 11:58:56,161 [ERROR] LogOutputStream:75 - [STDERR_REDIRECT] 
2026-02-18 11:58:57,172 [ERROR] LogOutputStream:75 - [STDERR_REDIRECT] [Fatal Error] :1:1: Premature end of file.
2026-02-18 11:58:57,172 [ERROR] LogOutputStream:75 - [STDERR_REDIRECT] 
2026-02-18 11:58:58,169 [ERROR] LogOutputStream:75 - [STDERR_REDIRECT] [Fatal Error] :1:1: Premature end of file.
2026-02-18 11:58:58,169 [ERROR] LogOutputStream:75 - [STDERR_REDIRECT] 
2026-02-18 11:58:59,168 [ERROR] LogOutputStream:75 - [STDERR_REDIRECT] [Fatal Error] :1:1: Premature end of file.
2026-02-18 11:58:59,168 [ERROR] LogOutputStream:75 - [STDERR_REDIRECT] 
2026-02-18 11:59:00,163 [ERROR] LogOutputStream:75 - [STDERR_REDIRECT] [Fatal Error] :1:1: Premature end of file.
2026-02-18 11:59:00,163 [ERROR] LogOutputStream:75 - [STDERR_REDIRECT] 
2026-02-18 11:59:01,170 [ERROR] LogOutputStream:75 - [STDERR_REDIRECT] [Fatal Error] :1:1: Premature end of file.
2026-02-18 11:59:01,170 [ERROR] LogOutputStream:75 - [STDERR_REDIRECT] 
2026-02-18 11:59:02,169 [ERROR] LogOutputStream:75 - [STDERR_REDIRECT] [Fatal Error] :1:1: Premature end of file.
2026-02-18 11:59:02,169 [ERROR] LogOutputStream:75 - [STDERR_REDIRECT] 
2026-02-18 11:59:03,173 [ERROR] LogOutputStream:75 - [STDERR_REDIRECT] [Fatal Error] :1:1: Premature end of file.
2026-02-18 11:59:03,173 [ERROR] LogOutputStream:75 - [STDERR_REDIRECT] 
2026-02-18 11:59:04,169 [ERROR] LogOutputStream:75 - [STDERR_REDIRECT] [Fatal Error] :1:1: Premature end of file.
2026-02-18 11:59:04,169 [ERROR] LogOutputStream:75 - [STDERR_REDIRECT] 
2026-02-18 11:59:05,168 [ERROR] LogOutputStream:75 - [STDERR_REDIRECT] [Fatal Error] :1:1: Premature end of file.
2026-02-18 11:59:05,168 [ERROR] LogOutputStream:75 - [STDERR_REDIRECT] 
2026-02-18 11:59:06,165 [ERROR] LogOutputStream:75 - [STDERR_REDIRECT] [Fatal Error] :1:1: Premature end of file.
2026-02-18 11:59:06,165 [ERROR] LogOutputStream:75 - [STDERR_REDIRECT] 
2026-02-18 11:59:07,171 [ERROR] LogOutputStream:75 - [STDERR_REDIRECT] [Fatal Error] :1:1: Premature end of file.
2026-02-18 11:59:07,171 [ERROR] LogOutputStream:75 - [STDERR_REDIRECT] 
2026-02-18 11:59:08,169 [ERROR] LogOutputStream:75 - [STDERR_REDIRECT] [Fatal Error] :1:1: Premature end of file.
2026-02-18 11:59:08,169 [ERROR] LogOutputStream:75 - [STDERR_REDIRECT] 
2026-02-18 11:59:09,166 [ERROR] LogOutputStream:75 - [STDERR_REDIRECT] [Fatal Error] :1:1: Premature end of file.
2026-02-18 11:59:09,166 [ERROR] LogOutputStream:75 - [STDERR_REDIRECT] 
2026-02-18 11:59:10,162 [ERROR] LogOutputStream:75 - [STDERR_REDIRECT] [Fatal Error] :1:1: Premature end of file.
2026-02-18 11:59:10,162 [ERROR] LogOutputStream:75 - [STDERR_REDIRECT] 
2026-02-18 11:59:11,169 [ERROR] LogOutputStream:75 - [STDERR_REDIRECT] [Fatal Error] :1:1: Premature end of file.
2026-02-18 11:59:11,169 [ERROR] LogOutputStream:75 - [STDERR_REDIRECT] 
2026-02-18 11:59:12,171 [ERROR] LogOutputStream:75 - [STDERR_REDIRECT] [Fatal Error] :1:1: Premature end of file.
2026-02-18 11:59:12,171 [ERROR] LogOutputStream:75 - [STDERR_REDIRECT] 
2026-02-18 11:59:13,163 [ERROR] LogOutputStream:75 - [STDERR_REDIRECT] [Fatal Error] :1:1: Premature end of file.
2026-02-18 11:59:13,163 [ERROR] LogOutputStream:75 - [STDERR_REDIRECT] 
2026-02-18 11:59:14,168 [ERROR] LogOutputStream:75 - [STDERR_REDIRECT] [Fatal Error] :1:1: Premature end of file.
2026-02-18 11:59:14,168 [ERROR] LogOutputStream:75 - [STDERR_REDIRECT] 
2026-02-18 11:59:15,170 [ERROR] LogOutputStream:75 - [STDERR_REDIRECT] [Fatal Error] :1:1: Premature end of file.
2026-02-18 11:59:15,170 [ERROR] LogOutputStream:75 - [STDERR_REDIRECT] 
2026-02-18 11:59:16,166 [ERROR] LogOutputStream:75 - [STDERR_REDIRECT] [Fatal Error] :1:1: Premature end of file.
2026-02-18 11:59:16,166 [ERROR] LogOutputStream:75 - [STDERR_REDIRECT] 
2026-02-18 11:59:17,167 [ERROR] LogOutputStream:75 - [STDERR_REDIRECT] [Fatal Error] :1:1: Premature end of file.
2026-02-18 11:59:17,167 [ERROR] LogOutputStream:75 - [STDERR_REDIRECT] 
2026-02-18 11:59:18,161 [ERROR] LogOutputStream:75 - [STDERR_REDIRECT] [Fatal Error] :1:1: Premature end of file.
2026-02-18 11:59:18,161 [ERROR] LogOutputStream:75 - [STDERR_REDIRECT] 
2026-02-18 11:59:19,172 [ERROR] LogOutputStream:75 - [STDERR_REDIRECT] [Fatal Error] :1:1: Premature end of file.
2026-02-18 11:59:19,172 [ERROR] LogOutputStream:75 - [STDERR_REDIRECT] 
2026-02-18 11:59:20,167 [ERROR] LogOutputStream:75 - [STDERR_REDIRECT] [Fatal Error] :1:1: Premature end of file.
2026-02-18 11:59:20,167 [ERROR] LogOutputStream:75 - [STDERR_REDIRECT] 
2026-02-18 11:59:21,162 [ERROR] LogOutputStream:75 - [STDERR_REDIRECT] [Fatal Error] :1:1: Premature end of file.
2026-02-18 11:59:21,162 [ERROR] LogOutputStream:75 - [STDERR_REDIRECT] 
2026-02-18 11:59:22,168 [ERROR] LogOutputStream:75 - [STDERR_REDIRECT] [Fatal Error] :1:1: Premature end of file.
2026-02-18 11:59:22,168 [ERROR] LogOutputStream:75 - [STDERR_REDIRECT] 
2026-02-18 11:59:23,176 [ERROR] LogOutputStream:75 - [STDERR_REDIRECT] [Fatal Error] :1:1: Premature end of file.
2026-02-18 11:59:23,176 [ERROR] LogOutputStream:75 - [STDERR_REDIRECT] 
2026-02-18 11:59:24,164 [ERROR] LogOutputStream:75 - [STDERR_REDIRECT] [Fatal Error] :1:1: Premature end of file.
2026-02-18 11:59:24,164 [ERROR] LogOutputStream:75 - [STDERR_REDIRECT] 
2026-02-18 11:59:25,168 [ERROR] LogOutputStream:75 - [STDERR_REDIRECT] [Fatal Error] :1:1: Premature end of file.
2026-02-18 11:59:25,168 [ERROR] LogOutputStream:75 - [STDERR_REDIRECT] 
2026-02-18 11:59:26,173 [ERROR] LogOutputStream:75 - [STDERR_REDIRECT] [Fatal Error] :1:1: Premature end of file.
2026-02-18 11:59:26,173 [ERROR] LogOutputStream:75 - [STDERR_REDIRECT] 
2026-02-18 11:59:27,170 [ERROR] LogOutputStream:75 - [STDERR_REDIRECT] [Fatal Error] :1:1: Premature end of file.
2026-02-18 11:59:27,170 [ERROR] LogOutputStream:75 - [STDERR_REDIRECT] 
2026-02-18 11:59:28,168 [ERROR] LogOutputStream:75 - [STDERR_REDIRECT] [Fatal Error] :1:1: Premature end of file.
2026-02-18 11:59:28,168 [ERROR] LogOutputStream:75 - [STDERR_REDIRECT] 
2026-02-18 11:59:29,168 [ERROR] LogOutputStream:75 - [STDERR_REDIRECT] [Fatal Error] :1:1: Premature end of file.
2026-02-18 11:59:29,168 [ERROR] LogOutputStream:75 - [STDERR_REDIRECT] 
2026-02-18 11:59:30,169 [ERROR] LogOutputStream:75 - [STDERR_REDIRECT] [Fatal Error] :1:1: Premature end of file.
2026-02-18 11:59:30,169 [ERROR] LogOutputStream:75 - [STDERR_REDIRECT] 
2026-02-18 11:59:31,164 [ERROR] LogOutputStream:75 - [STDERR_REDIRECT] [Fatal Error] :1:1: Premature end of file.
2026-02-18 11:59:31,164 [ERROR] LogOutputStream:75 - [STDERR_REDIRECT] 
2026-02-18 11:59:32,168 [ERROR] LogOutputStream:75 - [STDERR_REDIRECT] [Fatal Error] :1:1: Premature end of file.
2026-02-18 11:59:32,168 [ERROR] LogOutputStream:75 - [STDERR_REDIRECT] 
2026-02-18 11:59:33,160 [ERROR] LogOutputStream:75 - [STDERR_REDIRECT] [Fatal Error] :1:1: Premature end of file.
2026-02-18 11:59:33,160 [ERROR] LogOutputStream:75 - [STDERR_REDIRECT] 
2026-02-18 11:59:34,168 [ERROR] LogOutputStream:75 - [STDERR_REDIRECT] [Fatal Error] :1:1: Premature end of file.
2026-02-18 11:59:34,168 [ERROR] LogOutputStream:75 - [STDERR_REDIRECT] 
2026-02-18 11:59:35,166 [ERROR] LogOutputStream:75 - [STDERR_REDIRECT] [Fatal Error] :1:1: Premature end of file.
2026-02-18 11:59:35,166 [ERROR] LogOutputStream:75 - [STDERR_REDIRECT] 
2026-02-18 11:59:36,175 [ERROR] LogOutputStream:75 - [STDERR_REDIRECT] [Fatal Error] :1:1: Premature end of file.
2026-02-18 11:59:36,175 [ERROR] LogOutputStream:75 - [STDERR_REDIRECT] 
2026-02-18 11:59:37,167 [ERROR] LogOutputStream:75 - [STDERR_REDIRECT] [Fatal Error] :1:1: Premature end of file.
2026-02-18 11:59:37,167 [ERROR] LogOutputStream:75 - [STDERR_REDIRECT] 
2026-02-18 11:59:38,168 [ERROR] LogOutputStream:75 - [STDERR_REDIRECT] [Fatal Error] :1:1: Premature end of file.
2026-02-18 11:59:38,168 [ERROR] LogOutputStream:75 - [STDERR_REDIRECT] 
2026-02-18 11:59:39,162 [ERROR] LogOutputStream:75 - [STDERR_REDIRECT] [Fatal Error] :1:1: Premature end of file.
2026-02-18 11:59:39,162 [ERROR] LogOutputStream:75 - [STDERR_REDIRECT] 
2026-02-18 11:59:40,171 [ERROR] LogOutputStream:75 - [STDERR_REDIRECT] [Fatal Error] :1:1: Premature end of file.
2026-02-18 11:59:40,171 [ERROR] LogOutputStream:75 - [STDERR_REDIRECT] 
2026-02-18 11:59:41,171 [ERROR] LogOutputStream:75 - [STDERR_REDIRECT] [Fatal Error] :1:1: Premature end of file.
2026-02-18 11:59:41,171 [ERROR] LogOutputStream:75 - [STDERR_REDIRECT] 
2026-02-18 11:59:42,170 [ERROR] LogOutputStream:75 - [STDERR_REDIRECT] [Fatal Error] :1:1: Premature end of file.
2026-02-18 11:59:42,170 [ERROR] LogOutputStream:75 - [STDERR_REDIRECT] 
2026-02-18 11:59:43,168 [ERROR] LogOutputStream:75 - [STDERR_REDIRECT] [Fatal Error] :1:1: Premature end of file.
2026-02-18 11:59:43,168 [ERROR] LogOutputStream:75 - [STDERR_REDIRECT] 
2026-02-18 11:59:44,164 [ERROR] LogOutputStream:75 - [STDERR_REDIRECT] [Fatal Error] :1:1: Premature end of file.
2026-02-18 11:59:44,164 [ERROR] LogOutputStream:75 - [STDERR_REDIRECT] 
2026-02-18 11:59:45,164 [ERROR] LogOutputStream:75 - [STDERR_REDIRECT] [Fatal Error] :1:1: Premature end of file.
2026-02-18 11:59:45,164 [ERROR] LogOutputStream:75 - [STDERR_REDIRECT] 
2026-02-18 11:59:46,173 [ERROR] LogOutputStream:75 - [STDERR_REDIRECT] [Fatal Error] :1:1: Premature end of file.
2026-02-18 11:59:46,173 [ERROR] LogOutputStream:75 - [STDERR_REDIRECT] 
2026-02-18 11:59:47,167 [ERROR] LogOutputStream:75 - [STDERR_REDIRECT] [Fatal Error] :1:1: Premature end of file.
2026-02-18 11:59:47,167 [ERROR] LogOutputStream:75 - [STDERR_REDIRECT] 
2026-02-18 11:59:48,163 [ERROR] LogOutputStream:75 - [STDERR_REDIRECT] [Fatal Error] :1:1: Premature end of file.
2026-02-18 11:59:48,163 [ERROR] LogOutputStream:75 - [STDERR_REDIRECT] 
2026-02-18 11:59:49,175 [ERROR] LogOutputStream:75 - [STDERR_REDIRECT] [Fatal Error] :1:1: Premature end of file.
2026-02-18 11:59:49,175 [ERROR] LogOutputStream:75 - [STDERR_REDIRECT] 
2026-02-18 11:59:50,171 [ERROR] LogOutputStream:75 - [STDERR_REDIRECT] [Fatal Error] :1:1: Premature end of file.
2026-02-18 11:59:50,171 [ERROR] LogOutputStream:75 - [STDERR_REDIRECT] 
2026-02-18 11:59:51,173 [ERROR] LogOutputStream:75 - [STDERR_REDIRECT] [Fatal Error] :1:1: Premature end of file.
2026-02-18 11:59:51,173 [ERROR] LogOutputStream:75 - [STDERR_REDIRECT] 
2026-02-18 11:59:52,167 [ERROR] LogOutputStream:75 - [STDERR_REDIRECT] [Fatal Error] :1:1: Premature end of file.
2026-02-18 11:59:52,167 [ERROR] LogOutputStream:75 - [STDERR_REDIRECT] 
2026-02-18 11:59:53,163 [ERROR] LogOutputStream:75 - [STDERR_REDIRECT] [Fatal Error] :1:1: Premature end of file.
2026-02-18 11:59:53,163 [ERROR] LogOutputStream:75 - [STDERR_REDIRECT] 
2026-02-18 11:59:54,163 [ERROR] LogOutputStream:75 - [STDERR_REDIRECT] [Fatal Error] :1:1: Premature end of file.
2026-02-18 11:59:54,163 [ERROR] LogOutputStream:75 - [STDERR_REDIRECT] 
2026-02-18 11:59:55,164 [ERROR] LogOutputStream:75 - [STDERR_REDIRECT] [Fatal Error] :1:1: Premature end of file.
2026-02-18 11:59:55,164 [ERROR] LogOutputStream:75 - [STDERR_REDIRECT] 
2026-02-18 11:59:56,162 [ERROR] LogOutputStream:75 - [STDERR_REDIRECT] [Fatal Error] :1:1: Premature end of file.
2026-02-18 11:59:56,162 [ERROR] LogOutputStream:75 - [STDERR_REDIRECT] 
2026-02-18 11:59:57,167 [ERROR] LogOutputStream:75 - [STDERR_REDIRECT] [Fatal Error] :1:1: Premature end of file.
2026-02-18 11:59:57,167 [ERROR] LogOutputStream:75 - [STDERR_REDIRECT] 
2026-02-18 11:59:58,169 [ERROR] LogOutputStream:75 - [STDERR_REDIRECT] [Fatal Error] :1:1: Premature end of file.
2026-02-18 11:59:58,169 [ERROR] LogOutputStream:75 - [STDERR_REDIRECT] 
2026-02-18 11:59:59,182 [ERROR] LogOutputStream:75 - [STDERR_REDIRECT] [Fatal Error] :1:1: Premature end of file.
2026-02-18 11:59:59,182 [ERROR] LogOutputStream:75 - [STDERR_REDIRECT] 
2026-02-18 12:00:00,169 [ERROR] LogOutputStream:75 - [STDERR_REDIRECT] [Fatal Error] :1:1: Premature end of file.
2026-02-18 12:00:00,169 [ERROR] LogOutputStream:75 - [STDERR_REDIRECT] 
2026-02-18 12:00:01,179 [ERROR] LogOutputStream:75 - [STDERR_REDIRECT] [Fatal Error] :1:1: Premature end of file.
2026-02-18 12:00:01,179 [ERROR] LogOutputStream:75 - [STDERR_REDIRECT] 
2026-02-18 12:00:02,172 [ERROR] LogOutputStream:75 - [STDERR_REDIRECT] [Fatal Error] :1:1: Premature end of file.
2026-02-18 12:00:02,172 [ERROR] LogOutputStream:75 - [STDERR_REDIRECT] 
2026-02-18 12:00:03,172 [ERROR] LogOutputStream:75 - [STDERR_REDIRECT] [Fatal Error] :1:1: Premature end of file.
2026-02-18 12:00:03,172 [ERROR] LogOutputStream:75 - [STDERR_REDIRECT] 
2026-02-18 12:00:04,171 [ERROR] LogOutputStream:75 - [STDERR_REDIRECT] [Fatal Error] :1:1: Premature end of file.
2026-02-18 12:00:04,171 [ERROR] LogOutputStream:75 - [STDERR_REDIRECT] 
2026-02-18 12:00:05,166 [ERROR] LogOutputStream:75 - [STDERR_REDIRECT] [Fatal Error] :1:1: Premature end of file.
2026-02-18 12:00:05,166 [ERROR] LogOutputStream:75 - [STDERR_REDIRECT] 
2026-02-18 12:00:06,173 [ERROR] LogOutputStream:75 - [STDERR_REDIRECT] [Fatal Error] :1:1: Premature end of file.
2026-02-18 12:00:06,173 [ERROR] LogOutputStream:75 - [STDERR_REDIRECT] 
2026-02-18 12:00:07,163 [ERROR] LogOutputStream:75 - [STDERR_REDIRECT] [Fatal Error] :1:1: Premature end of file.
2026-02-18 12:00:07,163 [ERROR] LogOutputStream:75 - [STDERR_REDIRECT] 
2026-02-18 12:00:08,165 [ERROR] LogOutputStream:75 - [STDERR_REDIRECT] [Fatal Error] :1:1: Premature end of file.
2026-02-18 12:00:08,165 [ERROR] LogOutputStream:75 - [STDERR_REDIRECT] 
2026-02-18 12:00:09,168 [ERROR] LogOutputStream:75 - [STDERR_REDIRECT] [Fatal Error] :1:1: Premature end of file.
2026-02-18 12:00:09,168 [ERROR] LogOutputStream:75 - [STDERR_REDIRECT] 
2026-02-18 12:00:10,164 [ERROR] LogOutputStream:75 - [STDERR_REDIRECT] [Fatal Error] :1:1: Premature end of file.
2026-02-18 12:00:10,164 [ERROR] LogOutputStream:75 - [STDERR_REDIRECT] 
2026-02-18 12:00:11,164 [ERROR] LogOutputStream:75 - [STDERR_REDIRECT] [Fatal Error] :1:1: Premature end of file.
2026-02-18 12:00:11,164 [ERROR] LogOutputStream:75 - [STDERR_REDIRECT] 
2026-02-18 12:00:12,163 [ERROR] LogOutputStream:75 - [STDERR_REDIRECT] [Fatal Error] :1:1: Premature end of file.
2026-02-18 12:00:12,163 [ERROR] LogOutputStream:75 - [STDERR_REDIRECT] 
2026-02-18 12:00:13,164 [ERROR] LogOutputStream:75 - [STDERR_REDIRECT] [Fatal Error] :1:1: Premature end of file.
2026-02-18 12:00:13,164 [ERROR] LogOutputStream:75 - [STDERR_REDIRECT] 
2026-02-18 12:00:14,168 [ERROR] LogOutputStream:75 - [STDERR_REDIRECT] [Fatal Error] :1:1: Premature end of file.
2026-02-18 12:00:14,168 [ERROR] LogOutputStream:75 - [STDERR_REDIRECT] 
2026-02-18 12:00:15,165 [ERROR] LogOutputStream:75 - [STDERR_REDIRECT] [Fatal Error] :1:1: Premature end of file.
2026-02-18 12:00:15,165 [ERROR] LogOutputStream:75 - [STDERR_REDIRECT] 
2026-02-18 12:00:16,168 [ERROR] LogOutputStream:75 - [STDERR_REDIRECT] [Fatal Error] :1:1: Premature end of file.
2026-02-18 12:00:16,168 [ERROR] LogOutputStream:75 - [STDERR_REDIRECT] 
2026-02-18 12:00:17,168 [ERROR] LogOutputStream:75 - [STDERR_REDIRECT] [Fatal Error] :1:1: Premature end of file.
2026-02-18 12:00:17,168 [ERROR] LogOutputStream:75 - [STDERR_REDIRECT] 
2026-02-18 12:00:18,163 [ERROR] LogOutputStream:75 - [STDERR_REDIRECT] [Fatal Error] :1:1: Premature end of file.
2026-02-18 12:00:18,163 [ERROR] LogOutputStream:75 - [STDERR_REDIRECT] 
2026-02-18 12:00:19,167 [ERROR] LogOutputStream:75 - [STDERR_REDIRECT] [Fatal Error] :1:1: Premature end of file.
2026-02-18 12:00:19,167 [ERROR] LogOutputStream:75 - [STDERR_REDIRECT] 
2026-02-18 12:00:20,172 [ERROR] LogOutputStream:75 - [STDERR_REDIRECT] [Fatal Error] :1:1: Premature end of file.
2026-02-18 12:00:20,172 [ERROR] LogOutputStream:75 - [STDERR_REDIRECT] 
2026-02-18 12:00:21,170 [ERROR] LogOutputStream:75 - [STDERR_REDIRECT] [Fatal Error] :1:1: Premature end of file.
2026-02-18 12:00:21,170 [ERROR] LogOutputStream:75 - [STDERR_REDIRECT] 
2026-02-18 12:00:22,173 [ERROR] LogOutputStream:75 - [STDERR_REDIRECT] [Fatal Error] :1:1: Premature end of file.
2026-02-18 12:00:22,173 [ERROR] LogOutputStream:75 - [STDERR_REDIRECT] 
2026-02-18 12:00:23,171 [ERROR] LogOutputStream:75 - [STDERR_REDIRECT] [Fatal Error] :1:1: Premature end of file.
2026-02-18 12:00:23,171 [ERROR] LogOutputStream:75 - [STDERR_REDIRECT] 
2026-02-18 12:00:24,170 [ERROR] LogOutputStream:75 - [STDERR_REDIRECT] [Fatal Error] :1:1: Premature end of file.
2026-02-18 12:00:24,170 [ERROR] LogOutputStream:75 - [STDERR_REDIRECT] 
2026-02-18 12:00:25,169 [ERROR] LogOutputStream:75 - [STDERR_REDIRECT] [Fatal Error] :1:1: Premature end of file.
2026-02-18 12:00:25,169 [ERROR] LogOutputStream:75 - [STDERR_REDIRECT] 
2026-02-18 12:00:26,173 [ERROR] LogOutputStream:75 - [STDERR_REDIRECT] [Fatal Error] :1:1: Premature end of file.
2026-02-18 12:00:26,173 [ERROR] LogOutputStream:75 - [STDERR_REDIRECT] 
2026-02-18 12:00:27,163 [ERROR] LogOutputStream:75 - [STDERR_REDIRECT] [Fatal Error] :1:1: Premature end of file.
2026-02-18 12:00:27,163 [ERROR] LogOutputStream:75 - [STDERR_REDIRECT] 
2026-02-18 12:00:28,175 [ERROR] LogOutputStream:75 - [STDERR_REDIRECT] [Fatal Error] :1:1: Premature end of file.
2026-02-18 12:00:28,175 [ERROR] LogOutputStream:75 - [STDERR_REDIRECT] 
2026-02-18 12:00:29,168 [ERROR] LogOutputStream:75 - [STDERR_REDIRECT] [Fatal Error] :1:1: Premature end of file.
2026-02-18 12:00:29,168 [ERROR] LogOutputStream:75 - [STDERR_REDIRECT] 
2026-02-18 12:00:30,168 [ERROR] LogOutputStream:75 - [STDERR_REDIRECT] [Fatal Error] :1:1: Premature end of file.
2026-02-18 12:00:30,168 [ERROR] LogOutputStream:75 - [STDERR_REDIRECT] 
2026-02-18 12:00:31,168 [ERROR] LogOutputStream:75 - [STDERR_REDIRECT] [Fatal Error] :1:1: Premature end of file.
2026-02-18 12:00:31,168 [ERROR] LogOutputStream:75 - [STDERR_REDIRECT] 
2026-02-18 12:00:32,166 [ERROR] LogOutputStream:75 - [STDERR_REDIRECT] [Fatal Error] :1:1: Premature end of file.
2026-02-18 12:00:32,166 [ERROR] LogOutputStream:75 - [STDERR_REDIRECT] 
2026-02-18 12:00:33,168 [ERROR] LogOutputStream:75 - [STDERR_REDIRECT] [Fatal Error] :1:1: Premature end of file.
2026-02-18 12:00:33,168 [ERROR] LogOutputStream:75 - [STDERR_REDIRECT] 
2026-02-18 12:00:34,166 [ERROR] LogOutputStream:75 - [STDERR_REDIRECT] [Fatal Error] :1:1: Premature end of file.
2026-02-18 12:00:34,166 [ERROR] LogOutputStream:75 - [STDERR_REDIRECT] 
2026-02-18 12:00:35,172 [ERROR] LogOutputStream:75 - [STDERR_REDIRECT] [Fatal Error] :1:1: Premature end of file.
2026-02-18 12:00:35,172 [ERROR] LogOutputStream:75 - [STDERR_REDIRECT] 
2026-02-18 12:00:36,173 [ERROR] LogOutputStream:75 - [STDERR_REDIRECT] [Fatal Error] :1:1: Premature end of file.
2026-02-18 12:00:36,173 [ERROR] LogOutputStream:75 - [STDERR_REDIRECT] 
2026-02-18 12:00:37,165 [ERROR] LogOutputStream:75 - [STDERR_REDIRECT] [Fatal Error] :1:1: Premature end of file.
2026-02-18 12:00:37,165 [ERROR] LogOutputStream:75 - [STDERR_REDIRECT] 
2026-02-18 12:00:38,165 [ERROR] LogOutputStream:75 - [STDERR_REDIRECT] [Fatal Error] :1:1: Premature end of file.
2026-02-18 12:00:38,165 [ERROR] LogOutputStream:75 - [STDERR_REDIRECT] 
2026-02-18 12:00:39,165 [ERROR] LogOutputStream:75 - [STDERR_REDIRECT] [Fatal Error] :1:1: Premature end of file.
2026-02-18 12:00:39,165 [ERROR] LogOutputStream:75 - [STDERR_REDIRECT] 
2026-02-18 12:00:40,169 [ERROR] LogOutputStream:75 - [STDERR_REDIRECT] [Fatal Error] :1:1: Premature end of file.
2026-02-18 12:00:40,169 [ERROR] LogOutputStream:75 - [STDERR_REDIRECT] 
2026-02-18 12:00:41,173 [ERROR] LogOutputStream:75 - [STDERR_REDIRECT] [Fatal Error] :1:1: Premature end of file.
2026-02-18 12:00:41,173 [ERROR] LogOutputStream:75 - [STDERR_REDIRECT] 
2026-02-18 12:00:42,171 [ERROR] LogOutputStream:75 - [STDERR_REDIRECT] [Fatal Error] :1:1: Premature end of file.
2026-02-18 12:00:42,171 [ERROR] LogOutputStream:75 - [STDERR_REDIRECT] 
2026-02-18 12:00:43,169 [ERROR] LogOutputStream:75 - [STDERR_REDIRECT] [Fatal Error] :1:1: Premature end of file.
2026-02-18 12:00:43,169 [ERROR] LogOutputStream:75 - [STDERR_REDIRECT] 
2026-02-18 12:00:44,169 [ERROR] LogOutputStream:75 - [STDERR_REDIRECT] [Fatal Error] :1:1: Premature end of file.
2026-02-18 12:00:44,169 [ERROR] LogOutputStream:75 - [STDERR_REDIRECT] 
2026-02-18 12:00:45,173 [ERROR] LogOutputStream:75 - [STDERR_REDIRECT] [Fatal Error] :1:1: Premature end of file.
2026-02-18 12:00:45,173 [ERROR] LogOutputStream:75 - [STDERR_REDIRECT] 
2026-02-18 12:00:46,172 [ERROR] LogOutputStream:75 - [STDERR_REDIRECT] [Fatal Error] :1:1: Premature end of file.
2026-02-18 12:00:46,172 [ERROR] LogOutputStream:75 - [STDERR_REDIRECT] 
2026-02-18 12:00:47,166 [ERROR] LogOutputStream:75 - [STDERR_REDIRECT] [Fatal Error] :1:1: Premature end of file.
2026-02-18 12:00:47,166 [ERROR] LogOutputStream:75 - [STDERR_REDIRECT] 
2026-02-18 12:00:48,164 [ERROR] LogOutputStream:75 - [STDERR_REDIRECT] [Fatal Error] :1:1: Premature end of file.
2026-02-18 12:00:48,164 [ERROR] LogOutputStream:75 - [STDERR_REDIRECT] 
2026-02-18 12:00:49,169 [ERROR] LogOutputStream:75 - [STDERR_REDIRECT] [Fatal Error] :1:1: Premature end of file.
2026-02-18 12:00:49,169 [ERROR] LogOutputStream:75 - [STDERR_REDIRECT] 
2026-02-18 12:00:50,161 [ERROR] LogOutputStream:75 - [STDERR_REDIRECT] [Fatal Error] :1:1: Premature end of file.
2026-02-18 12:00:50,161 [ERROR] LogOutputStream:75 - [STDERR_REDIRECT] 
2026-02-18 12:00:51,167 [ERROR] LogOutputStream:75 - [STDERR_REDIRECT] [Fatal Error] :1:1: Premature end of file.
2026-02-18 12:00:51,167 [ERROR] LogOutputStream:75 - [STDERR_REDIRECT] 
2026-02-18 12:00:52,163 [ERROR] LogOutputStream:75 - [STDERR_REDIRECT] [Fatal Error] :1:1: Premature end of file.
2026-02-18 12:00:52,163 [ERROR] LogOutputStream:75 - [STDERR_REDIRECT] 
2026-02-18 12:00:53,175 [ERROR] LogOutputStream:75 - [STDERR_REDIRECT] [Fatal Error] :1:1: Premature end of file.
2026-02-18 12:00:53,175 [ERROR] LogOutputStream:75 - [STDERR_REDIRECT] 
2026-02-18 12:00:54,165 [ERROR] LogOutputStream:75 - [STDERR_REDIRECT] [Fatal Error] :1:1: Premature end of file.
2026-02-18 12:00:54,165 [ERROR] LogOutputStream:75 - [STDERR_REDIRECT] 
2026-02-18 12:00:55,172 [ERROR] LogOutputStream:75 - [STDERR_REDIRECT] [Fatal Error] :1:1: Premature end of file.
2026-02-18 12:00:55,174 [ERROR] LogOutputStream:75 - [STDERR_REDIRECT] 
2026-02-18 12:00:56,161 [ERROR] LogOutputStream:75 - [STDERR_REDIRECT] [Fatal Error] :1:1: Premature end of file.
2026-02-18 12:00:56,161 [ERROR] LogOutputStream:75 - [STDERR_REDIRECT] 
2026-02-18 12:00:57,168 [ERROR] LogOutputStream:75 - [STDERR_REDIRECT] [Fatal Error] :1:1: Premature end of file.
2026-02-18 12:00:57,168 [ERROR] LogOutputStream:75 - [STDERR_REDIRECT] 
2026-02-18 12:00:58,170 [ERROR] LogOutputStream:75 - [STDERR_REDIRECT] [Fatal Error] :1:1: Premature end of file.
2026-02-18 12:00:58,170 [ERROR] LogOutputStream:75 - [STDERR_REDIRECT] 
2026-02-18 12:00:59,172 [ERROR] LogOutputStream:75 - [STDERR_REDIRECT] [Fatal Error] :1:1: Premature end of file.
2026-02-18 12:00:59,172 [ERROR] LogOutputStream:75 - [STDERR_REDIRECT] 
2026-02-18 12:01:00,162 [ERROR] LogOutputStream:75 - [STDERR_REDIRECT] [Fatal Error] :1:1: Premature end of file.
2026-02-18 12:01:00,162 [ERROR] LogOutputStream:75 - [STDERR_REDIRECT] 
2026-02-18 12:01:01,168 [ERROR] LogOutputStream:75 - [STDERR_REDIRECT] [Fatal Error] :1:1: Premature end of file.
2026-02-18 12:01:01,168 [ERROR] LogOutputStream:75 - [STDERR_REDIRECT] 
2026-02-18 12:01:02,169 [ERROR] LogOutputStream:75 - [STDERR_REDIRECT] [Fatal Error] :1:1: Premature end of file.
2026-02-18 12:01:02,175 [ERROR] LogOutputStream:75 - [STDERR_REDIRECT] 
2026-02-18 12:01:03,167 [ERROR] LogOutputStream:75 - [STDERR_REDIRECT] [Fatal Error] :1:1: Premature end of file.
2026-02-18 12:01:03,167 [ERROR] LogOutputStream:75 - [STDERR_REDIRECT] 
2026-02-18 12:01:04,173 [ERROR] LogOutputStream:75 - [STDERR_REDIRECT] [Fatal Error] :1:1: Premature end of file.
2026-02-18 12:01:04,173 [ERROR] LogOutputStream:75 - [STDERR_REDIRECT] 
2026-02-18 12:01:05,167 [ERROR] LogOutputStream:75 - [STDERR_REDIRECT] [Fatal Error] :1:1: Premature end of file.
2026-02-18 12:01:05,167 [ERROR] LogOutputStream:75 - [STDERR_REDIRECT] 
2026-02-18 12:01:06,164 [ERROR] LogOutputStream:75 - [STDERR_REDIRECT] [Fatal Error] :1:1: Premature end of file.
2026-02-18 12:01:06,164 [ERROR] LogOutputStream:75 - [STDERR_REDIRECT] 
2026-02-18 12:01:07,171 [ERROR] LogOutputStream:75 - [STDERR_REDIRECT] [Fatal Error] :1:1: Premature end of file.
2026-02-18 12:01:07,171 [ERROR] LogOutputStream:75 - [STDERR_REDIRECT] 
2026-02-18 12:01:08,168 [ERROR] LogOutputStream:75 - [STDERR_REDIRECT] [Fatal Error] :1:1: Premature end of file.
2026-02-18 12:01:08,168 [ERROR] LogOutputStream:75 - [STDERR_REDIRECT] 
2026-02-18 12:01:09,172 [ERROR] LogOutputStream:75 - [STDERR_REDIRECT] [Fatal Error] :1:1: Premature end of file.
2026-02-18 12:01:09,172 [ERROR] LogOutputStream:75 - [STDERR_REDIRECT] 
2026-02-18 12:01:10,169 [ERROR] LogOutputStream:75 - [STDERR_REDIRECT] [Fatal Error] :1:1: Premature end of file.
2026-02-18 12:01:10,169 [ERROR] LogOutputStream:75 - [STDERR_REDIRECT] 
2026-02-18 12:01:11,168 [ERROR] LogOutputStream:75 - [STDERR_REDIRECT] [Fatal Error] :1:1: Premature end of file.
2026-02-18 12:01:11,168 [ERROR] LogOutputStream:75 - [STDERR_REDIRECT] 
2026-02-18 12:01:12,164 [ERROR] LogOutputStream:75 - [STDERR_REDIRECT] [Fatal Error] :1:1: Premature end of file.
2026-02-18 12:01:12,164 [ERROR] LogOutputStream:75 - [STDERR_REDIRECT] 
2026-02-18 12:01:13,182 [ERROR] LogOutputStream:75 - [STDERR_REDIRECT] [Fatal Error] :1:1: Premature end of file.
2026-02-18 12:01:13,182 [ERROR] LogOutputStream:75 - [STDERR_REDIRECT] 
2026-02-18 12:01:14,167 [ERROR] LogOutputStream:75 - [STDERR_REDIRECT] [Fatal Error] :1:1: Premature end of file.
2026-02-18 12:01:14,167 [ERROR] LogOutputStream:75 - [STDERR_REDIRECT] 
2026-02-18 12:01:15,167 [ERROR] LogOutputStream:75 - [STDERR_REDIRECT] [Fatal Error] :1:1: Premature end of file.
2026-02-18 12:01:15,167 [ERROR] LogOutputStream:75 - [STDERR_REDIRECT] 
2026-02-18 12:01:16,165 [ERROR] LogOutputStream:75 - [STDERR_REDIRECT] [Fatal Error] :1:1: Premature end of file.
2026-02-18 12:01:16,165 [ERROR] LogOutputStream:75 - [STDERR_REDIRECT] 
2026-02-18 12:01:17,174 [ERROR] LogOutputStream:75 - [STDERR_REDIRECT] [Fatal Error] :1:1: Premature end of file.
2026-02-18 12:01:17,174 [ERROR] LogOutputStream:75 - [STDERR_REDIRECT] 
2026-02-18 12:01:18,168 [ERROR] LogOutputStream:75 - [STDERR_REDIRECT] [Fatal Error] :1:1: Premature end of file.
2026-02-18 12:01:18,168 [ERROR] LogOutputStream:75 - [STDERR_REDIRECT] 
2026-02-18 12:01:19,170 [ERROR] LogOutputStream:75 - [STDERR_REDIRECT] [Fatal Error] :1:1: Premature end of file.
2026-02-18 12:01:19,170 [ERROR] LogOutputStream:75 - [STDERR_REDIRECT] 
2026-02-18 12:01:20,163 [ERROR] LogOutputStream:75 - [STDERR_REDIRECT] [Fatal Error] :1:1: Premature end of file.
2026-02-18 12:01:20,163 [ERROR] LogOutputStream:75 - [STDERR_REDIRECT] 
2026-02-18 12:01:21,170 [ERROR] LogOutputStream:75 - [STDERR_REDIRECT] [Fatal Error] :1:1: Premature end of file.
2026-02-18 12:01:21,170 [ERROR] LogOutputStream:75 - [STDERR_REDIRECT] 
2026-02-18 12:01:22,161 [ERROR] LogOutputStream:75 - [STDERR_REDIRECT] [Fatal Error] :1:1: Premature end of file.
2026-02-18 12:01:22,161 [ERROR] LogOutputStream:75 - [STDERR_REDIRECT] 
2026-02-18 12:01:23,163 [ERROR] LogOutputStream:75 - [STDERR_REDIRECT] [Fatal Error] :1:1: Premature end of file.
2026-02-18 12:01:23,163 [ERROR] LogOutputStream:75 - [STDERR_REDIRECT] 
2026-02-18 12:01:24,168 [ERROR] LogOutputStream:75 - [STDERR_REDIRECT] [Fatal Error] :1:1: Premature end of file.
2026-02-18 12:01:24,168 [ERROR] LogOutputStream:75 - [STDERR_REDIRECT] 
2026-02-18 12:01:25,167 [ERROR] LogOutputStream:75 - [STDERR_REDIRECT] [Fatal Error] :1:1: Premature end of file.
2026-02-18 12:01:25,167 [ERROR] LogOutputStream:75 - [STDERR_REDIRECT] 
2026-02-18 12:01:26,164 [ERROR] LogOutputStream:75 - [STDERR_REDIRECT] [Fatal Error] :1:1: Premature end of file.
2026-02-18 12:01:26,164 [ERROR] LogOutputStream:75 - [STDERR_REDIRECT] 
2026-02-18 12:01:27,163 [ERROR] LogOutputStream:75 - [STDERR_REDIRECT] [Fatal Error] :1:1: Premature end of file.
2026-02-18 12:01:27,163 [ERROR] LogOutputStream:75 - [STDERR_REDIRECT] 
2026-02-18 12:01:28,166 [ERROR] LogOutputStream:75 - [STDERR_REDIRECT] [Fatal Error] :1:1: Premature end of file.
2026-02-18 12:01:28,166 [ERROR] LogOutputStream:75 - [STDERR_REDIRECT] 
2026-02-18 12:01:29,169 [ERROR] LogOutputStream:75 - [STDERR_REDIRECT] [Fatal Error] :1:1: Premature end of file.
2026-02-18 12:01:29,169 [ERROR] LogOutputStream:75 - [STDERR_REDIRECT] 
2026-02-18 12:01:30,165 [ERROR] LogOutputStream:75 - [STDERR_REDIRECT] [Fatal Error] :1:1: Premature end of file.
2026-02-18 12:01:30,165 [ERROR] LogOutputStream:75 - [STDERR_REDIRECT] 
2026-02-18 12:01:31,161 [ERROR] LogOutputStream:75 - [STDERR_REDIRECT] [Fatal Error] :1:1: Premature end of file.
2026-02-18 12:01:31,161 [ERROR] LogOutputStream:75 - [STDERR_REDIRECT] 
2026-02-18 12:01:32,174 [ERROR] LogOutputStream:75 - [STDERR_REDIRECT] [Fatal Error] :1:1: Premature end of file.
2026-02-18 12:01:32,174 [ERROR] LogOutputStream:75 - [STDERR_REDIRECT] 
2026-02-18 12:01:33,171 [ERROR] LogOutputStream:75 - [STDERR_REDIRECT] [Fatal Error] :1:1: Premature end of file.
2026-02-18 12:01:33,171 [ERROR] LogOutputStream:75 - [STDERR_REDIRECT] 
2026-02-18 12:01:34,170 [ERROR] LogOutputStream:75 - [STDERR_REDIRECT] [Fatal Error] :1:1: Premature end of file.
2026-02-18 12:01:34,170 [ERROR] LogOutputStream:75 - [STDERR_REDIRECT] 
2026-02-18 12:01:35,170 [ERROR] LogOutputStream:75 - [STDERR_REDIRECT] [Fatal Error] :1:1: Premature end of file.
2026-02-18 12:01:35,170 [ERROR] LogOutputStream:75 - [STDERR_REDIRECT] 
2026-02-18 12:01:36,170 [ERROR] LogOutputStream:75 - [STDERR_REDIRECT] [Fatal Error] :1:1: Premature end of file.
2026-02-18 12:01:36,170 [ERROR] LogOutputStream:75 - [STDERR_REDIRECT] 
2026-02-18 12:01:37,163 [ERROR] LogOutputStream:75 - [STDERR_REDIRECT] [Fatal Error] :1:1: Premature end of file.
2026-02-18 12:01:37,163 [ERROR] LogOutputStream:75 - [STDERR_REDIRECT] 
2026-02-18 12:01:38,167 [ERROR] LogOutputStream:75 - [STDERR_REDIRECT] [Fatal Error] :1:1: Premature end of file.
2026-02-18 12:01:38,167 [ERROR] LogOutputStream:75 - [STDERR_REDIRECT] 
2026-02-18 12:01:39,168 [ERROR] LogOutputStream:75 - [STDERR_REDIRECT] [Fatal Error] :1:1: Premature end of file.
2026-02-18 12:01:39,168 [ERROR] LogOutputStream:75 - [STDERR_REDIRECT] 
2026-02-18 12:01:40,169 [ERROR] LogOutputStream:75 - [STDERR_REDIRECT] [Fatal Error] :1:1: Premature end of file.
2026-02-18 12:01:40,169 [ERROR] LogOutputStream:75 - [STDERR_REDIRECT] 
2026-02-18 12:01:41,164 [ERROR] LogOutputStream:75 - [STDERR_REDIRECT] [Fatal Error] :1:1: Premature end of file.
2026-02-18 12:01:41,164 [ERROR] LogOutputStream:75 - [STDERR_REDIRECT] 
2026-02-18 12:01:42,169 [ERROR] LogOutputStream:75 - [STDERR_REDIRECT] [Fatal Error] :1:1: Premature end of file.
2026-02-18 12:01:42,169 [ERROR] LogOutputStream:75 - [STDERR_REDIRECT] 
2026-02-18 12:01:43,165 [ERROR] LogOutputStream:75 - [STDERR_REDIRECT] [Fatal Error] :1:1: Premature end of file.
2026-02-18 12:01:43,165 [ERROR] LogOutputStream:75 - [STDERR_REDIRECT] 
2026-02-18 12:01:44,166 [ERROR] LogOutputStream:75 - [STDERR_REDIRECT] [Fatal Error] :1:1: Premature end of file.
2026-02-18 12:01:44,166 [ERROR] LogOutputStream:75 - [STDERR_REDIRECT] 
2026-02-18 12:01:45,171 [ERROR] LogOutputStream:75 - [STDERR_REDIRECT] [Fatal Error] :1:1: Premature end of file.
2026-02-18 12:01:45,171 [ERROR] LogOutputStream:75 - [STDERR_REDIRECT] 
2026-02-18 12:01:46,168 [ERROR] LogOutputStream:75 - [STDERR_REDIRECT] [Fatal Error] :1:1: Premature end of file.
2026-02-18 12:01:46,173 [ERROR] LogOutputStream:75 - [STDERR_REDIRECT] 
2026-02-18 12:01:47,168 [ERROR] LogOutputStream:75 - [STDERR_REDIRECT] [Fatal Error] :1:1: Premature end of file.
2026-02-18 12:01:47,168 [ERROR] LogOutputStream:75 - [STDERR_REDIRECT] 
2026-02-18 12:01:48,179 [ERROR] LogOutputStream:75 - [STDERR_REDIRECT] [Fatal Error] :1:1: Premature end of file.
2026-02-18 12:01:48,179 [ERROR] LogOutputStream:75 - [STDERR_REDIRECT] 
2026-02-18 12:01:49,174 [ERROR] LogOutputStream:75 - [STDERR_REDIRECT] [Fatal Error] :1:1: Premature end of file.
2026-02-18 12:01:49,174 [ERROR] LogOutputStream:75 - [STDERR_REDIRECT] 
2026-02-18 12:01:50,173 [ERROR] LogOutputStream:75 - [STDERR_REDIRECT] [Fatal Error] :1:1: Premature end of file.
2026-02-18 12:01:50,174 [ERROR] LogOutputStream:75 - [STDERR_REDIRECT] 
2026-02-18 12:01:51,173 [ERROR] LogOutputStream:75 - [STDERR_REDIRECT] [Fatal Error] :1:1: Premature end of file.
2026-02-18 12:01:51,173 [ERROR] LogOutputStream:75 - [STDERR_REDIRECT] 
2026-02-18 12:01:52,168 [ERROR] LogOutputStream:75 - [STDERR_REDIRECT] [Fatal Error] :1:1: Premature end of file.
2026-02-18 12:01:52,169 [ERROR] LogOutputStream:75 - [STDERR_REDIRECT] 
2026-02-18 12:01:53,165 [ERROR] LogOutputStream:75 - [STDERR_REDIRECT] [Fatal Error] :1:1: Premature end of file.
2026-02-18 12:01:53,165 [ERROR] LogOutputStream:75 - [STDERR_REDIRECT] 
2026-02-18 12:01:54,170 [ERROR] LogOutputStream:75 - [STDERR_REDIRECT] [Fatal Error] :1:1: Premature end of file.
2026-02-18 12:01:54,170 [ERROR] LogOutputStream:75 - [STDERR_REDIRECT] 
2026-02-18 12:01:55,166 [ERROR] LogOutputStream:75 - [STDERR_REDIRECT] [Fatal Error] :1:1: Premature end of file.
2026-02-18 12:01:55,166 [ERROR] LogOutputStream:75 - [STDERR_REDIRECT] 
2026-02-18 12:01:56,168 [ERROR] LogOutputStream:75 - [STDERR_REDIRECT] [Fatal Error] :1:1: Premature end of file.
2026-02-18 12:01:56,168 [ERROR] LogOutputStream:75 - [STDERR_REDIRECT] 
2026-02-18 12:01:57,170 [ERROR] LogOutputStream:75 - [STDERR_REDIRECT] [Fatal Error] :1:1: Premature end of file.
2026-02-18 12:01:57,170 [ERROR] LogOutputStream:75 - [STDERR_REDIRECT] 
2026-02-18 12:01:58,173 [ERROR] LogOutputStream:75 - [STDERR_REDIRECT] [Fatal Error] :1:1: Premature end of file.
2026-02-18 12:01:58,173 [ERROR] LogOutputStream:75 - [STDERR_REDIRECT] 
2026-02-18 12:01:59,171 [ERROR] LogOutputStream:75 - [STDERR_REDIRECT] [Fatal Error] :1:1: Premature end of file.
2026-02-18 12:01:59,171 [ERROR] LogOutputStream:75 - [STDERR_REDIRECT] 
2026-02-18 12:02:00,173 [ERROR] LogOutputStream:75 - [STDERR_REDIRECT] [Fatal Error] :1:1: Premature end of file.
2026-02-18 12:02:00,176 [ERROR] LogOutputStream:75 - [STDERR_REDIRECT] 
2026-02-18 12:02:01,174 [ERROR] LogOutputStream:75 - [STDERR_REDIRECT] [Fatal Error] :1:1: Premature end of file.
2026-02-18 12:02:01,174 [ERROR] LogOutputStream:75 - [STDERR_REDIRECT] 
2026-02-18 12:02:02,170 [ERROR] LogOutputStream:75 - [STDERR_REDIRECT] [Fatal Error] :1:1: Premature end of file.
2026-02-18 12:02:02,170 [ERROR] LogOutputStream:75 - [STDERR_REDIRECT] 
2026-02-18 12:02:03,171 [ERROR] LogOutputStream:75 - [STDERR_REDIRECT] [Fatal Error] :1:1: Premature end of file.
2026-02-18 12:02:03,171 [ERROR] LogOutputStream:75 - [STDERR_REDIRECT] 
2026-02-18 12:02:04,165 [ERROR] LogOutputStream:75 - [STDERR_REDIRECT] [Fatal Error] :1:1: Premature end of file.
2026-02-18 12:02:04,165 [ERROR] LogOutputStream:75 - [STDERR_REDIRECT] 
2026-02-18 12:02:05,175 [ERROR] LogOutputStream:75 - [STDERR_REDIRECT] [Fatal Error] :1:1: Premature end of file.
2026-02-18 12:02:05,175 [ERROR] LogOutputStream:75 - [STDERR_REDIRECT] 
2026-02-18 12:02:06,164 [ERROR] LogOutputStream:75 - [STDERR_REDIRECT] [Fatal Error] :1:1: Premature end of file.
2026-02-18 12:02:06,164 [ERROR] LogOutputStream:75 - [STDERR_REDIRECT] 
2026-02-18 12:02:07,175 [ERROR] LogOutputStream:75 - [STDERR_REDIRECT] [Fatal Error] :1:1: Premature end of file.
2026-02-18 12:02:07,175 [ERROR] LogOutputStream:75 - [STDERR_REDIRECT] 
2026-02-18 12:02:08,172 [ERROR] LogOutputStream:75 - [STDERR_REDIRECT] [Fatal Error] :1:1: Premature end of file.
2026-02-18 12:02:08,172 [ERROR] LogOutputStream:75 - [STDERR_REDIRECT] 
2026-02-18 12:02:09,167 [ERROR] LogOutputStream:75 - [STDERR_REDIRECT] [Fatal Error] :1:1: Premature end of file.
2026-02-18 12:02:09,167 [ERROR] LogOutputStream:75 - [STDERR_REDIRECT] 
2026-02-18 12:02:10,171 [ERROR] LogOutputStream:75 - [STDERR_REDIRECT] [Fatal Error] :1:1: Premature end of file.
2026-02-18 12:02:10,171 [ERROR] LogOutputStream:75 - [STDERR_REDIRECT] 
2026-02-18 12:02:11,167 [ERROR] LogOutputStream:75 - [STDERR_REDIRECT] [Fatal Error] :1:1: Premature end of file.
2026-02-18 12:02:11,167 [ERROR] LogOutputStream:75 - [STDERR_REDIRECT] 
2026-02-18 12:02:12,170 [ERROR] LogOutputStream:75 - [STDERR_REDIRECT] [Fatal Error] :1:1: Premature end of file.
2026-02-18 12:02:12,170 [ERROR] LogOutputStream:75 - [STDERR_REDIRECT] 
2026-02-18 12:02:13,168 [ERROR] LogOutputStream:75 - [STDERR_REDIRECT] [Fatal Error] :1:1: Premature end of file.
2026-02-18 12:02:13,168 [ERROR] LogOutputStream:75 - [STDERR_REDIRECT] 
2026-02-18 12:02:14,172 [ERROR] LogOutputStream:75 - [STDERR_REDIRECT] [Fatal Error] :1:1: Premature end of file.
2026-02-18 12:02:14,172 [ERROR] LogOutputStream:75 - [STDERR_REDIRECT] 
2026-02-18 12:02:15,168 [ERROR] LogOutputStream:75 - [STDERR_REDIRECT] [Fatal Error] :1:1: Premature end of file.
2026-02-18 12:02:15,168 [ERROR] LogOutputStream:75 - [STDERR_REDIRECT] 
2026-02-18 12:02:16,166 [ERROR] LogOutputStream:75 - [STDERR_REDIRECT] [Fatal Error] :1:1: Premature end of file.
2026-02-18 12:02:16,166 [ERROR] LogOutputStream:75 - [STDERR_REDIRECT] 
2026-02-18 12:02:17,176 [ERROR] LogOutputStream:75 - [STDERR_REDIRECT] [Fatal Error] :1:1: Premature end of file.
2026-02-18 12:02:17,176 [ERROR] LogOutputStream:75 - [STDERR_REDIRECT] 
2026-02-18 12:02:18,171 [ERROR] LogOutputStream:75 - [STDERR_REDIRECT] [Fatal Error] :1:1: Premature end of file.
2026-02-18 12:02:18,171 [ERROR] LogOutputStream:75 - [STDERR_REDIRECT] 
2026-02-18 12:02:19,168 [ERROR] LogOutputStream:75 - [STDERR_REDIRECT] [Fatal Error] :1:1: Premature end of file.
2026-02-18 12:02:19,168 [ERROR] LogOutputStream:75 - [STDERR_REDIRECT] 
2026-02-18 12:02:20,163 [ERROR] LogOutputStream:75 - [STDERR_REDIRECT] [Fatal Error] :1:1: Premature end of file.
2026-02-18 12:02:20,163 [ERROR] LogOutputStream:75 - [STDERR_REDIRECT] 
2026-02-18 12:02:21,168 [ERROR] LogOutputStream:75 - [STDERR_REDIRECT] [Fatal Error] :1:1: Premature end of file.
2026-02-18 12:02:21,168 [ERROR] LogOutputStream:75 - [STDERR_REDIRECT] 
2026-02-18 12:02:22,164 [ERROR] LogOutputStream:75 - [STDERR_REDIRECT] [Fatal Error] :1:1: Premature end of file.
2026-02-18 12:02:22,164 [ERROR] LogOutputStream:75 - [STDERR_REDIRECT] 
2026-02-18 12:02:23,161 [ERROR] LogOutputStream:75 - [STDERR_REDIRECT] [Fatal Error] :1:1: Premature end of file.
2026-02-18 12:02:23,161 [ERROR] LogOutputStream:75 - [STDERR_REDIRECT] 
2026-02-18 12:02:24,177 [ERROR] LogOutputStream:75 - [STDERR_REDIRECT] [Fatal Error] :1:1: Premature end of file.
2026-02-18 12:02:24,177 [ERROR] LogOutputStream:75 - [STDERR_REDIRECT] 
2026-02-18 12:02:25,175 [ERROR] LogOutputStream:75 - [STDERR_REDIRECT] [Fatal Error] :1:1: Premature end of file.
2026-02-18 12:02:25,175 [ERROR] LogOutputStream:75 - [STDERR_REDIRECT] 
2026-02-18 12:02:26,168 [ERROR] LogOutputStream:75 - [STDERR_REDIRECT] [Fatal Error] :1:1: Premature end of file.
2026-02-18 12:02:26,168 [ERROR] LogOutputStream:75 - [STDERR_REDIRECT] 
2026-02-18 12:02:27,173 [ERROR] LogOutputStream:75 - [STDERR_REDIRECT] [Fatal Error] :1:1: Premature end of file.
2026-02-18 12:02:27,173 [ERROR] LogOutputStream:75 - [STDERR_REDIRECT] 
2026-02-18 12:02:28,168 [ERROR] LogOutputStream:75 - [STDERR_REDIRECT] [Fatal Error] :1:1: Premature end of file.
2026-02-18 12:02:28,168 [ERROR] LogOutputStream:75 - [STDERR_REDIRECT] 
2026-02-18 12:02:29,173 [ERROR] LogOutputStream:75 - [STDERR_REDIRECT] [Fatal Error] :1:1: Premature end of file.
2026-02-18 12:02:29,173 [ERROR] LogOutputStream:75 - [STDERR_REDIRECT] 
2026-02-18 12:02:30,174 [ERROR] LogOutputStream:75 - [STDERR_REDIRECT] [Fatal Error] :1:1: Premature end of file.
2026-02-18 12:02:30,174 [ERROR] LogOutputStream:75 - [STDERR_REDIRECT] 
2026-02-18 12:02:31,168 [ERROR] LogOutputStream:75 - [STDERR_REDIRECT] [Fatal Error] :1:1: Premature end of file.
2026-02-18 12:02:31,168 [ERROR] LogOutputStream:75 - [STDERR_REDIRECT] 
2026-02-18 12:02:32,165 [ERROR] LogOutputStream:75 - [STDERR_REDIRECT] [Fatal Error] :1:1: Premature end of file.
2026-02-18 12:02:32,165 [ERROR] LogOutputStream:75 - [STDERR_REDIRECT] 
2026-02-18 12:02:33,174 [ERROR] LogOutputStream:75 - [STDERR_REDIRECT] [Fatal Error] :1:1: Premature end of file.
2026-02-18 12:02:33,174 [ERROR] LogOutputStream:75 - [STDERR_REDIRECT] 
2026-02-18 12:02:34,167 [ERROR] LogOutputStream:75 - [STDERR_REDIRECT] [Fatal Error] :1:1: Premature end of file.
2026-02-18 12:02:34,167 [ERROR] LogOutputStream:75 - [STDERR_REDIRECT] 
2026-02-18 12:02:35,161 [ERROR] LogOutputStream:75 - [STDERR_REDIRECT] [Fatal Error] :1:1: Premature end of file.
2026-02-18 12:02:35,161 [ERROR] LogOutputStream:75 - [STDERR_REDIRECT] 
2026-02-18 12:02:36,169 [ERROR] LogOutputStream:75 - [STDERR_REDIRECT] [Fatal Error] :1:1: Premature end of file.
2026-02-18 12:02:36,169 [ERROR] LogOutputStream:75 - [STDERR_REDIRECT] 
2026-02-18 12:02:37,171 [ERROR] LogOutputStream:75 - [STDERR_REDIRECT] [Fatal Error] :1:1: Premature end of file.
2026-02-18 12:02:37,171 [ERROR] LogOutputStream:75 - [STDERR_REDIRECT] 
2026-02-18 12:02:38,168 [ERROR] LogOutputStream:75 - [STDERR_REDIRECT] [Fatal Error] :1:1: Premature end of file.
2026-02-18 12:02:38,168 [ERROR] LogOutputStream:75 - [STDERR_REDIRECT] 
2026-02-18 12:02:39,171 [ERROR] LogOutputStream:75 - [STDERR_REDIRECT] [Fatal Error] :1:1: Premature end of file.
2026-02-18 12:02:39,171 [ERROR] LogOutputStream:75 - [STDERR_REDIRECT] 
2026-02-18 12:02:40,168 [ERROR] LogOutputStream:75 - [STDERR_REDIRECT] [Fatal Error] :1:1: Premature end of file.
2026-02-18 12:02:40,168 [ERROR] LogOutputStream:75 - [STDERR_REDIRECT] 
2026-02-18 12:02:41,166 [ERROR] LogOutputStream:75 - [STDERR_REDIRECT] [Fatal Error] :1:1: Premature end of file.
2026-02-18 12:02:41,166 [ERROR] LogOutputStream:75 - [STDERR_REDIRECT] 
2026-02-18 12:02:42,174 [ERROR] LogOutputStream:75 - [STDERR_REDIRECT] [Fatal Error] :1:1: Premature end of file.
2026-02-18 12:02:42,174 [ERROR] LogOutputStream:75 - [STDERR_REDIRECT] 
2026-02-18 12:02:43,170 [ERROR] LogOutputStream:75 - [STDERR_REDIRECT] [Fatal Error] :1:1: Premature end of file.
2026-02-18 12:02:43,170 [ERROR] LogOutputStream:75 - [STDERR_REDIRECT] 
2026-02-18 12:02:44,163 [ERROR] LogOutputStream:75 - [STDERR_REDIRECT] [Fatal Error] :1:1: Premature end of file.
2026-02-18 12:02:44,163 [ERROR] LogOutputStream:75 - [STDERR_REDIRECT] 
2026-02-18 12:02:45,172 [ERROR] LogOutputStream:75 - [STDERR_REDIRECT] [Fatal Error] :1:1: Premature end of file.
2026-02-18 12:02:45,172 [ERROR] LogOutputStream:75 - [STDERR_REDIRECT] 
2026-02-18 12:02:46,160 [ERROR] LogOutputStream:75 - [STDERR_REDIRECT] [Fatal Error] :1:1: Premature end of file.
2026-02-18 12:02:46,160 [ERROR] LogOutputStream:75 - [STDERR_REDIRECT] 
2026-02-18 12:02:47,167 [ERROR] LogOutputStream:75 - [STDERR_REDIRECT] [Fatal Error] :1:1: Premature end of file.
2026-02-18 12:02:47,167 [ERROR] LogOutputStream:75 - [STDERR_REDIRECT] 
2026-02-18 12:02:48,161 [ERROR] LogOutputStream:75 - [STDERR_REDIRECT] [Fatal Error] :1:1: Premature end of file.
2026-02-18 12:02:48,161 [ERROR] LogOutputStream:75 - [STDERR_REDIRECT] 
2026-02-18 12:02:49,164 [ERROR] LogOutputStream:75 - [STDERR_REDIRECT] [Fatal Error] :1:1: Premature end of file.
2026-02-18 12:02:49,164 [ERROR] LogOutputStream:75 - [STDERR_REDIRECT] 
2026-02-18 12:02:50,170 [ERROR] LogOutputStream:75 - [STDERR_REDIRECT] [Fatal Error] :1:1: Premature end of file.
2026-02-18 12:02:50,175 [ERROR] LogOutputStream:75 - [STDERR_REDIRECT] 
2026-02-18 12:02:51,175 [ERROR] LogOutputStream:75 - [STDERR_REDIRECT] [Fatal Error] :1:1: Premature end of file.
2026-02-18 12:02:51,175 [ERROR] LogOutputStream:75 - [STDERR_REDIRECT] 
2026-02-18 12:02:52,167 [ERROR] LogOutputStream:75 - [STDERR_REDIRECT] [Fatal Error] :1:1: Premature end of file.
2026-02-18 12:02:52,167 [ERROR] LogOutputStream:75 - [STDERR_REDIRECT] 
2026-02-18 12:02:53,170 [ERROR] LogOutputStream:75 - [STDERR_REDIRECT] [Fatal Error] :1:1: Premature end of file.
2026-02-18 12:02:53,170 [ERROR] LogOutputStream:75 - [STDERR_REDIRECT] 
2026-02-18 12:02:54,163 [ERROR] LogOutputStream:75 - [STDERR_REDIRECT] [Fatal Error] :1:1: Premature end of file.
2026-02-18 12:02:54,163 [ERROR] LogOutputStream:75 - [STDERR_REDIRECT] 
2026-02-18 12:02:55,167 [ERROR] LogOutputStream:75 - [STDERR_REDIRECT] [Fatal Error] :1:1: Premature end of file.
2026-02-18 12:02:55,167 [ERROR] LogOutputStream:75 - [STDERR_REDIRECT] 
2026-02-18 12:02:56,169 [ERROR] LogOutputStream:75 - [STDERR_REDIRECT] [Fatal Error] :1:1: Premature end of file.
2026-02-18 12:02:56,169 [ERROR] LogOutputStream:75 - [STDERR_REDIRECT] 
2026-02-18 12:02:57,174 [ERROR] LogOutputStream:75 - [STDERR_REDIRECT] [Fatal Error] :1:1: Premature end of file.
2026-02-18 12:02:57,174 [ERROR] LogOutputStream:75 - [STDERR_REDIRECT] 
2026-02-18 12:02:58,180 [ERROR] LogOutputStream:75 - [STDERR_REDIRECT] [Fatal Error] :1:1: Premature end of file.
2026-02-18 12:02:58,180 [ERROR] LogOutputStream:75 - [STDERR_REDIRECT] 
2026-02-18 12:02:59,164 [ERROR] LogOutputStream:75 - [STDERR_REDIRECT] [Fatal Error] :1:1: Premature end of file.
2026-02-18 12:02:59,164 [ERROR] LogOutputStream:75 - [STDERR_REDIRECT] 
2026-02-18 12:03:00,168 [ERROR] LogOutputStream:75 - [STDERR_REDIRECT] [Fatal Error] :1:1: Premature end of file.
2026-02-18 12:03:00,168 [ERROR] LogOutputStream:75 - [STDERR_REDIRECT] 
2026-02-18 12:03:01,165 [ERROR] LogOutputStream:75 - [STDERR_REDIRECT] [Fatal Error] :1:1: Premature end of file.
2026-02-18 12:03:01,165 [ERROR] LogOutputStream:75 - [STDERR_REDIRECT] 
2026-02-18 12:03:02,171 [ERROR] LogOutputStream:75 - [STDERR_REDIRECT] [Fatal Error] :1:1: Premature end of file.
2026-02-18 12:03:02,171 [ERROR] LogOutputStream:75 - [STDERR_REDIRECT] 
2026-02-18 12:03:03,176 [ERROR] LogOutputStream:75 - [STDERR_REDIRECT] [Fatal Error] :1:1: Premature end of file.
2026-02-18 12:03:03,176 [ERROR] LogOutputStream:75 - [STDERR_REDIRECT] 
2026-02-18 12:03:04,175 [ERROR] LogOutputStream:75 - [STDERR_REDIRECT] [Fatal Error] :1:1: Premature end of file.
2026-02-18 12:03:04,175 [ERROR] LogOutputStream:75 - [STDERR_REDIRECT] 
2026-02-18 12:03:05,173 [ERROR] LogOutputStream:75 - [STDERR_REDIRECT] [Fatal Error] :1:1: Premature end of file.
2026-02-18 12:03:05,173 [ERROR] LogOutputStream:75 - [STDERR_REDIRECT] 
2026-02-18 12:03:06,174 [ERROR] LogOutputStream:75 - [STDERR_REDIRECT] [Fatal Error] :1:1: Premature end of file.
2026-02-18 12:03:06,174 [ERROR] LogOutputStream:75 - [STDERR_REDIRECT] 
2026-02-18 12:03:07,181 [ERROR] LogOutputStream:75 - [STDERR_REDIRECT] [Fatal Error] :1:1: Premature end of file.
2026-02-18 12:03:07,181 [ERROR] LogOutputStream:75 - [STDERR_REDIRECT] 
2026-02-18 12:03:08,167 [ERROR] LogOutputStream:75 - [STDERR_REDIRECT] [Fatal Error] :1:1: Premature end of file.
2026-02-18 12:03:08,167 [ERROR] LogOutputStream:75 - [STDERR_REDIRECT] 
2026-02-18 12:03:09,172 [ERROR] LogOutputStream:75 - [STDERR_REDIRECT] [Fatal Error] :1:1: Premature end of file.
2026-02-18 12:03:09,172 [ERROR] LogOutputStream:75 - [STDERR_REDIRECT] 
2026-02-18 12:03:10,175 [ERROR] LogOutputStream:75 - [STDERR_REDIRECT] [Fatal Error] :1:1: Premature end of file.
2026-02-18 12:03:10,175 [ERROR] LogOutputStream:75 - [STDERR_REDIRECT] 
2026-02-18 12:03:11,168 [ERROR] LogOutputStream:75 - [STDERR_REDIRECT] [Fatal Error] :1:1: Premature end of file.
2026-02-18 12:03:11,168 [ERROR] LogOutputStream:75 - [STDERR_REDIRECT] 
2026-02-18 12:03:12,166 [ERROR] LogOutputStream:75 - [STDERR_REDIRECT] [Fatal Error] :1:1: Premature end of file.
2026-02-18 12:03:12,166 [ERROR] LogOutputStream:75 - [STDERR_REDIRECT] 
2026-02-18 12:03:13,173 [ERROR] LogOutputStream:75 - [STDERR_REDIRECT] [Fatal Error] :1:1: Premature end of file.
2026-02-18 12:03:13,173 [ERROR] LogOutputStream:75 - [STDERR_REDIRECT] 
2026-02-18 12:03:14,167 [ERROR] LogOutputStream:75 - [STDERR_REDIRECT] [Fatal Error] :1:1: Premature end of file.
2026-02-18 12:03:14,167 [ERROR] LogOutputStream:75 - [STDERR_REDIRECT] 
2026-02-18 12:03:15,173 [ERROR] LogOutputStream:75 - [STDERR_REDIRECT] [Fatal Error] :1:1: Premature end of file.
2026-02-18 12:03:15,173 [ERROR] LogOutputStream:75 - [STDERR_REDIRECT] 
2026-02-18 12:03:16,164 [ERROR] LogOutputStream:75 - [STDERR_REDIRECT] [Fatal Error] :1:1: Premature end of file.
2026-02-18 12:03:16,164 [ERROR] LogOutputStream:75 - [STDERR_REDIRECT] 
2026-02-18 12:03:17,169 [ERROR] LogOutputStream:75 - [STDERR_REDIRECT] [Fatal Error] :1:1: Premature end of file.
2026-02-18 12:03:17,169 [ERROR] LogOutputStream:75 - [STDERR_REDIRECT] 
2026-02-18 12:03:18,170 [ERROR] LogOutputStream:75 - [STDERR_REDIRECT] [Fatal Error] :1:1: Premature end of file.
2026-02-18 12:03:18,170 [ERROR] LogOutputStream:75 - [STDERR_REDIRECT] 
2026-02-18 12:03:19,168 [ERROR] LogOutputStream:75 - [STDERR_REDIRECT] [Fatal Error] :1:1: Premature end of file.
2026-02-18 12:03:19,168 [ERROR] LogOutputStream:75 - [STDERR_REDIRECT] 
2026-02-18 12:03:20,167 [ERROR] LogOutputStream:75 - [STDERR_REDIRECT] [Fatal Error] :1:1: Premature end of file.
2026-02-18 12:03:20,167 [ERROR] LogOutputStream:75 - [STDERR_REDIRECT] 
2026-02-18 12:03:21,172 [ERROR] LogOutputStream:75 - [STDERR_REDIRECT] [Fatal Error] :1:1: Premature end of file.
2026-02-18 12:03:21,176 [ERROR] LogOutputStream:75 - [STDERR_REDIRECT] 
2026-02-18 12:03:22,168 [ERROR] LogOutputStream:75 - [STDERR_REDIRECT] [Fatal Error] :1:1: Premature end of file.
2026-02-18 12:03:22,168 [ERROR] LogOutputStream:75 - [STDERR_REDIRECT] 
2026-02-18 12:03:23,168 [ERROR] LogOutputStream:75 - [STDERR_REDIRECT] [Fatal Error] :1:1: Premature end of file.
2026-02-18 12:03:23,168 [ERROR] LogOutputStream:75 - [STDERR_REDIRECT] 
2026-02-18 12:03:24,161 [ERROR] LogOutputStream:75 - [STDERR_REDIRECT] [Fatal Error] :1:1: Premature end of file.
2026-02-18 12:03:24,161 [ERROR] LogOutputStream:75 - [STDERR_REDIRECT] 
2026-02-18 12:03:25,171 [ERROR] LogOutputStream:75 - [STDERR_REDIRECT] [Fatal Error] :1:1: Premature end of file.
2026-02-18 12:03:25,171 [ERROR] LogOutputStream:75 - [STDERR_REDIRECT] 
2026-02-18 12:03:26,170 [ERROR] LogOutputStream:75 - [STDERR_REDIRECT] [Fatal Error] :1:1: Premature end of file.
2026-02-18 12:03:26,170 [ERROR] LogOutputStream:75 - [STDERR_REDIRECT] 
2026-02-18 12:03:27,169 [ERROR] LogOutputStream:75 - [STDERR_REDIRECT] [Fatal Error] :1:1: Premature end of file.
2026-02-18 12:03:27,169 [ERROR] LogOutputStream:75 - [STDERR_REDIRECT] 
2026-02-18 12:03:28,175 [ERROR] LogOutputStream:75 - [STDERR_REDIRECT] [Fatal Error] :1:1: Premature end of file.
2026-02-18 12:03:28,175 [ERROR] LogOutputStream:75 - [STDERR_REDIRECT] 
2026-02-18 12:03:29,173 [ERROR] LogOutputStream:75 - [STDERR_REDIRECT] [Fatal Error] :1:1: Premature end of file.
2026-02-18 12:03:29,173 [ERROR] LogOutputStream:75 - [STDERR_REDIRECT] 
2026-02-18 12:03:30,169 [ERROR] LogOutputStream:75 - [STDERR_REDIRECT] [Fatal Error] :1:1: Premature end of file.
2026-02-18 12:03:30,169 [ERROR] LogOutputStream:75 - [STDERR_REDIRECT] 
2026-02-18 12:03:31,170 [ERROR] LogOutputStream:75 - [STDERR_REDIRECT] [Fatal Error] :1:1: Premature end of file.
2026-02-18 12:03:31,170 [ERROR] LogOutputStream:75 - [STDERR_REDIRECT] 
2026-02-18 12:03:32,172 [ERROR] LogOutputStream:75 - [STDERR_REDIRECT] [Fatal Error] :1:1: Premature end of file.
2026-02-18 12:03:32,172 [ERROR] LogOutputStream:75 - [STDERR_REDIRECT] 
2026-02-18 12:03:33,170 [ERROR] LogOutputStream:75 - [STDERR_REDIRECT] [Fatal Error] :1:1: Premature end of file.
2026-02-18 12:03:33,170 [ERROR] LogOutputStream:75 - [STDERR_REDIRECT] 
2026-02-18 12:03:34,176 [ERROR] LogOutputStream:75 - [STDERR_REDIRECT] [Fatal Error] :1:1: Premature end of file.
2026-02-18 12:03:34,182 [ERROR] LogOutputStream:75 - [STDERR_REDIRECT] 
2026-02-18 12:03:35,162 [ERROR] LogOutputStream:75 - [STDERR_REDIRECT] [Fatal Error] :1:1: Premature end of file.
2026-02-18 12:03:35,167 [ERROR] LogOutputStream:75 - [STDERR_REDIRECT] 
2026-02-18 12:03:36,169 [ERROR] LogOutputStream:75 - [STDERR_REDIRECT] [Fatal Error] :1:1: Premature end of file.
2026-02-18 12:03:36,169 [ERROR] LogOutputStream:75 - [STDERR_REDIRECT] 
2026-02-18 12:03:37,168 [ERROR] LogOutputStream:75 - [STDERR_REDIRECT] [Fatal Error] :1:1: Premature end of file.
2026-02-18 12:03:37,168 [ERROR] LogOutputStream:75 - [STDERR_REDIRECT] 
2026-02-18 12:03:38,176 [ERROR] LogOutputStream:75 - [STDERR_REDIRECT] [Fatal Error] :1:1: Premature end of file.
2026-02-18 12:03:38,176 [ERROR] LogOutputStream:75 - [STDERR_REDIRECT] 
2026-02-18 12:03:39,166 [ERROR] LogOutputStream:75 - [STDERR_REDIRECT] [Fatal Error] :1:1: Premature end of file.
2026-02-18 12:03:39,166 [ERROR] LogOutputStream:75 - [STDERR_REDIRECT] 
2026-02-18 12:03:40,173 [ERROR] LogOutputStream:75 - [STDERR_REDIRECT] [Fatal Error] :1:1: Premature end of file.
2026-02-18 12:03:40,173 [ERROR] LogOutputStream:75 - [STDERR_REDIRECT] 
2026-02-18 12:03:41,168 [ERROR] LogOutputStream:75 - [STDERR_REDIRECT] [Fatal Error] :1:1: Premature end of file.
2026-02-18 12:03:41,168 [ERROR] LogOutputStream:75 - [STDERR_REDIRECT] 
2026-02-18 12:03:42,173 [ERROR] LogOutputStream:75 - [STDERR_REDIRECT] [Fatal Error] :1:1: Premature end of file.
2026-02-18 12:03:42,173 [ERROR] LogOutputStream:75 - [STDERR_REDIRECT] 
2026-02-18 12:03:43,170 [ERROR] LogOutputStream:75 - [STDERR_REDIRECT] [Fatal Error] :1:1: Premature end of file.
2026-02-18 12:03:43,170 [ERROR] LogOutputStream:75 - [STDERR_REDIRECT] 
2026-02-18 12:03:44,166 [ERROR] LogOutputStream:75 - [STDERR_REDIRECT] [Fatal Error] :1:1: Premature end of file.
2026-02-18 12:03:44,166 [ERROR] LogOutputStream:75 - [STDERR_REDIRECT] 
2026-02-18 12:03:45,168 [ERROR] LogOutputStream:75 - [STDERR_REDIRECT] [Fatal Error] :1:1: Premature end of file.
2026-02-18 12:03:45,168 [ERROR] LogOutputStream:75 - [STDERR_REDIRECT] 
2026-02-18 12:03:46,166 [ERROR] LogOutputStream:75 - [STDERR_REDIRECT] [Fatal Error] :1:1: Premature end of file.
2026-02-18 12:03:46,166 [ERROR] LogOutputStream:75 - [STDERR_REDIRECT] 
2026-02-18 12:03:47,160 [ERROR] LogOutputStream:75 - [STDERR_REDIRECT] [Fatal Error] :1:1: Premature end of file.
2026-02-18 12:03:47,160 [ERROR] LogOutputStream:75 - [STDERR_REDIRECT] 
2026-02-18 12:03:48,167 [ERROR] LogOutputStream:75 - [STDERR_REDIRECT] [Fatal Error] :1:1: Premature end of file.
2026-02-18 12:03:48,167 [ERROR] LogOutputStream:75 - [STDERR_REDIRECT] 
2026-02-18 12:03:49,170 [ERROR] LogOutputStream:75 - [STDERR_REDIRECT] [Fatal Error] :1:1: Premature end of file.
2026-02-18 12:03:49,170 [ERROR] LogOutputStream:75 - [STDERR_REDIRECT] 
2026-02-18 12:03:50,169 [ERROR] LogOutputStream:75 - [STDERR_REDIRECT] [Fatal Error] :1:1: Premature end of file.
2026-02-18 12:03:50,169 [ERROR] LogOutputStream:75 - [STDERR_REDIRECT] 
2026-02-18 12:03:51,171 [ERROR] LogOutputStream:75 - [STDERR_REDIRECT] [Fatal Error] :1:1: Premature end of file.
2026-02-18 12:03:51,171 [ERROR] LogOutputStream:75 - [STDERR_REDIRECT] 
2026-02-18 12:03:52,163 [ERROR] LogOutputStream:75 - [STDERR_REDIRECT] [Fatal Error] :1:1: Premature end of file.
2026-02-18 12:03:52,163 [ERROR] LogOutputStream:75 - [STDERR_REDIRECT] 
2026-02-18 12:03:53,173 [ERROR] LogOutputStream:75 - [STDERR_REDIRECT] [Fatal Error] :1:1: Premature end of file.
2026-02-18 12:03:53,173 [ERROR] LogOutputStream:75 - [STDERR_REDIRECT] 
2026-02-18 12:03:54,168 [ERROR] LogOutputStream:75 - [STDERR_REDIRECT] [Fatal Error] :1:1: Premature end of file.
2026-02-18 12:03:54,168 [ERROR] LogOutputStream:75 - [STDERR_REDIRECT] 
2026-02-18 12:03:55,168 [ERROR] LogOutputStream:75 - [STDERR_REDIRECT] [Fatal Error] :1:1: Premature end of file.
2026-02-18 12:03:55,168 [ERROR] LogOutputStream:75 - [STDERR_REDIRECT] 
2026-02-18 12:03:56,175 [ERROR] LogOutputStream:75 - [STDERR_REDIRECT] [Fatal Error] :1:1: Premature end of file.
2026-02-18 12:03:56,175 [ERROR] LogOutputStream:75 - [STDERR_REDIRECT] 
2026-02-18 12:03:57,172 [ERROR] LogOutputStream:75 - [STDERR_REDIRECT] [Fatal Error] :1:1: Premature end of file.
2026-02-18 12:03:57,172 [ERROR] LogOutputStream:75 - [STDERR_REDIRECT] 
2026-02-18 12:03:58,174 [ERROR] LogOutputStream:75 - [STDERR_REDIRECT] [Fatal Error] :1:1: Premature end of file.
2026-02-18 12:03:58,174 [ERROR] LogOutputStream:75 - [STDERR_REDIRECT] 
2026-02-18 12:03:59,164 [ERROR] LogOutputStream:75 - [STDERR_REDIRECT] [Fatal Error] :1:1: Premature end of file.
2026-02-18 12:03:59,164 [ERROR] LogOutputStream:75 - [STDERR_REDIRECT] 
2026-02-18 12:04:00,170 [ERROR] LogOutputStream:75 - [STDERR_REDIRECT] [Fatal Error] :1:1: Premature end of file.
2026-02-18 12:04:00,170 [ERROR] LogOutputStream:75 - [STDERR_REDIRECT] 
2026-02-18 12:04:01,172 [ERROR] LogOutputStream:75 - [STDERR_REDIRECT] [Fatal Error] :1:1: Premature end of file.
2026-02-18 12:04:01,172 [ERROR] LogOutputStream:75 - [STDERR_REDIRECT] 
2026-02-18 12:04:02,169 [ERROR] LogOutputStream:75 - [STDERR_REDIRECT] [Fatal Error] :1:1: Premature end of file.
2026-02-18 12:04:02,169 [ERROR] LogOutputStream:75 - [STDERR_REDIRECT] 
2026-02-18 12:04:03,170 [ERROR] LogOutputStream:75 - [STDERR_REDIRECT] [Fatal Error] :1:1: Premature end of file.
2026-02-18 12:04:03,170 [ERROR] LogOutputStream:75 - [STDERR_REDIRECT] 
2026-02-18 12:04:04,168 [ERROR] LogOutputStream:75 - [STDERR_REDIRECT] [Fatal Error] :1:1: Premature end of file.
2026-02-18 12:04:04,168 [ERROR] LogOutputStream:75 - [STDERR_REDIRECT] 
2026-02-18 12:04:05,163 [ERROR] LogOutputStream:75 - [STDERR_REDIRECT] [Fatal Error] :1:1: Premature end of file.
2026-02-18 12:04:05,163 [ERROR] LogOutputStream:75 - [STDERR_REDIRECT] 
2026-02-18 12:04:06,170 [ERROR] LogOutputStream:75 - [STDERR_REDIRECT] [Fatal Error] :1:1: Premature end of file.
2026-02-18 12:04:06,170 [ERROR] LogOutputStream:75 - [STDERR_REDIRECT] 
2026-02-18 12:04:07,173 [ERROR] LogOutputStream:75 - [STDERR_REDIRECT] [Fatal Error] :1:1: Premature end of file.
2026-02-18 12:04:07,173 [ERROR] LogOutputStream:75 - [STDERR_REDIRECT] 
2026-02-18 12:04:08,164 [ERROR] LogOutputStream:75 - [STDERR_REDIRECT] [Fatal Error] :1:1: Premature end of file.
2026-02-18 12:04:08,164 [ERROR] LogOutputStream:75 - [STDERR_REDIRECT] 
2026-02-18 12:04:09,169 [ERROR] LogOutputStream:75 - [STDERR_REDIRECT] [Fatal Error] :1:1: Premature end of file.
2026-02-18 12:04:09,169 [ERROR] LogOutputStream:75 - [STDERR_REDIRECT] 
2026-02-18 12:04:10,170 [ERROR] LogOutputStream:75 - [STDERR_REDIRECT] [Fatal Error] :1:1: Premature end of file.
2026-02-18 12:04:10,170 [ERROR] LogOutputStream:75 - [STDERR_REDIRECT] 
2026-02-18 12:04:11,170 [ERROR] LogOutputStream:75 - [STDERR_REDIRECT] [Fatal Error] :1:1: Premature end of file.
2026-02-18 12:04:11,170 [ERROR] LogOutputStream:75 - [STDERR_REDIRECT] 
2026-02-18 12:04:12,166 [ERROR] LogOutputStream:75 - [STDERR_REDIRECT] [Fatal Error] :1:1: Premature end of file.
2026-02-18 12:04:12,166 [ERROR] LogOutputStream:75 - [STDERR_REDIRECT] 
2026-02-18 12:04:13,162 [ERROR] LogOutputStream:75 - [STDERR_REDIRECT] [Fatal Error] :1:1: Premature end of file.
2026-02-18 12:04:13,162 [ERROR] LogOutputStream:75 - [STDERR_REDIRECT] 
2026-02-18 12:04:14,167 [ERROR] LogOutputStream:75 - [STDERR_REDIRECT] [Fatal Error] :1:1: Premature end of file.
2026-02-18 12:04:14,167 [ERROR] LogOutputStream:75 - [STDERR_REDIRECT] 
2026-02-18 12:04:15,165 [ERROR] LogOutputStream:75 - [STDERR_REDIRECT] [Fatal Error] :1:1: Premature end of file.
2026-02-18 12:04:15,165 [ERROR] LogOutputStream:75 - [STDERR_REDIRECT] 
2026-02-18 12:04:16,171 [ERROR] LogOutputStream:75 - [STDERR_REDIRECT] [Fatal Error] :1:1: Premature end of file.
2026-02-18 12:04:16,171 [ERROR] LogOutputStream:75 - [STDERR_REDIRECT] 
2026-02-18 12:04:17,168 [ERROR] LogOutputStream:75 - [STDERR_REDIRECT] [Fatal Error] :1:1: Premature end of file.
2026-02-18 12:04:17,168 [ERROR] LogOutputStream:75 - [STDERR_REDIRECT] 
2026-02-18 12:04:18,169 [ERROR] LogOutputStream:75 - [STDERR_REDIRECT] [Fatal Error] :1:1: Premature end of file.
2026-02-18 12:04:18,169 [ERROR] LogOutputStream:75 - [STDERR_REDIRECT] 
2026-02-18 12:04:19,166 [ERROR] LogOutputStream:75 - [STDERR_REDIRECT] [Fatal Error] :1:1: Premature end of file.
2026-02-18 12:04:19,166 [ERROR] LogOutputStream:75 - [STDERR_REDIRECT] 
2026-02-18 12:04:20,170 [ERROR] LogOutputStream:75 - [STDERR_REDIRECT] [Fatal Error] :1:1: Premature end of file.
2026-02-18 12:04:20,170 [ERROR] LogOutputStream:75 - [STDERR_REDIRECT] 
2026-02-18 12:04:21,167 [ERROR] LogOutputStream:75 - [STDERR_REDIRECT] [Fatal Error] :1:1: Premature end of file.
2026-02-18 12:04:21,167 [ERROR] LogOutputStream:75 - [STDERR_REDIRECT] 
2026-02-18 12:04:22,167 [ERROR] LogOutputStream:75 - [STDERR_REDIRECT] [Fatal Error] :1:1: Premature end of file.
2026-02-18 12:04:22,167 [ERROR] LogOutputStream:75 - [STDERR_REDIRECT] 
2026-02-18 12:04:23,179 [ERROR] LogOutputStream:75 - [STDERR_REDIRECT] [Fatal Error] :1:1: Premature end of file.
2026-02-18 12:04:23,179 [ERROR] LogOutputStream:75 - [STDERR_REDIRECT] 
2026-02-18 12:04:24,175 [ERROR] LogOutputStream:75 - [STDERR_REDIRECT] [Fatal Error] :1:1: Premature end of file.
2026-02-18 12:04:24,175 [ERROR] LogOutputStream:75 - [STDERR_REDIRECT] 
2026-02-18 12:04:25,169 [ERROR] LogOutputStream:75 - [STDERR_REDIRECT] [Fatal Error] :1:1: Premature end of file.
2026-02-18 12:04:25,169 [ERROR] LogOutputStream:75 - [STDERR_REDIRECT] 
2026-02-18 12:04:26,174 [ERROR] LogOutputStream:75 - [STDERR_REDIRECT] [Fatal Error] :1:1: Premature end of file.
2026-02-18 12:04:26,174 [ERROR] LogOutputStream:75 - [STDERR_REDIRECT] 
2026-02-18 12:04:27,174 [ERROR] LogOutputStream:75 - [STDERR_REDIRECT] [Fatal Error] :1:1: Premature end of file.
2026-02-18 12:04:27,174 [ERROR] LogOutputStream:75 - [STDERR_REDIRECT] 
2026-02-18 12:04:28,168 [ERROR] LogOutputStream:75 - [STDERR_REDIRECT] [Fatal Error] :1:1: Premature end of file.
2026-02-18 12:04:28,168 [ERROR] LogOutputStream:75 - [STDERR_REDIRECT] 
2026-02-18 12:04:29,168 [ERROR] LogOutputStream:75 - [STDERR_REDIRECT] [Fatal Error] :1:1: Premature end of file.
2026-02-18 12:04:29,168 [ERROR] LogOutputStream:75 - [STDERR_REDIRECT] 
2026-02-18 12:04:30,170 [ERROR] LogOutputStream:75 - [STDERR_REDIRECT] [Fatal Error] :1:1: Premature end of file.
2026-02-18 12:04:30,170 [ERROR] LogOutputStream:75 - [STDERR_REDIRECT] 
2026-02-18 12:04:31,163 [ERROR] LogOutputStream:75 - [STDERR_REDIRECT] [Fatal Error] :1:1: Premature end of file.
2026-02-18 12:04:31,163 [ERROR] LogOutputStream:75 - [STDERR_REDIRECT] 
2026-02-18 12:04:32,171 [ERROR] LogOutputStream:75 - [STDERR_REDIRECT] [Fatal Error] :1:1: Premature end of file.
2026-02-18 12:04:32,171 [ERROR] LogOutputStream:75 - [STDERR_REDIRECT] 
2026-02-18 12:04:33,169 [ERROR] LogOutputStream:75 - [STDERR_REDIRECT] [Fatal Error] :1:1: Premature end of file.
2026-02-18 12:04:33,169 [ERROR] LogOutputStream:75 - [STDERR_REDIRECT] 
2026-02-18 12:04:34,169 [ERROR] LogOutputStream:75 - [STDERR_REDIRECT] [Fatal Error] :1:1: Premature end of file.
2026-02-18 12:04:34,169 [ERROR] LogOutputStream:75 - [STDERR_REDIRECT] 
2026-02-18 12:04:35,168 [ERROR] LogOutputStream:75 - [STDERR_REDIRECT] [Fatal Error] :1:1: Premature end of file.
2026-02-18 12:04:35,168 [ERROR] LogOutputStream:75 - [STDERR_REDIRECT] 
2026-02-18 12:04:36,170 [ERROR] LogOutputStream:75 - [STDERR_REDIRECT] [Fatal Error] :1:1: Premature end of file.
2026-02-18 12:04:36,170 [ERROR] LogOutputStream:75 - [STDERR_REDIRECT] 
2026-02-18 12:04:37,167 [ERROR] LogOutputStream:75 - [STDERR_REDIRECT] [Fatal Error] :1:1: Premature end of file.
2026-02-18 12:04:37,167 [ERROR] LogOutputStream:75 - [STDERR_REDIRECT] 
2026-02-18 12:04:38,173 [ERROR] LogOutputStream:75 - [STDERR_REDIRECT] [Fatal Error] :1:1: Premature end of file.
2026-02-18 12:04:38,173 [ERROR] LogOutputStream:75 - [STDERR_REDIRECT] 
2026-02-18 12:04:39,170 [ERROR] LogOutputStream:75 - [STDERR_REDIRECT] [Fatal Error] :1:1: Premature end of file.
2026-02-18 12:04:39,170 [ERROR] LogOutputStream:75 - [STDERR_REDIRECT] 
2026-02-18 12:04:40,163 [ERROR] LogOutputStream:75 - [STDERR_REDIRECT] [Fatal Error] :1:1: Premature end of file.
2026-02-18 12:04:40,163 [ERROR] LogOutputStream:75 - [STDERR_REDIRECT] 
2026-02-18 12:04:41,161 [ERROR] LogOutputStream:75 - [STDERR_REDIRECT] [Fatal Error] :1:1: Premature end of file.
2026-02-18 12:04:41,161 [ERROR] LogOutputStream:75 - [STDERR_REDIRECT] 
2026-02-18 12:04:42,170 [ERROR] LogOutputStream:75 - [STDERR_REDIRECT] [Fatal Error] :1:1: Premature end of file.
2026-02-18 12:04:42,170 [ERROR] LogOutputStream:75 - [STDERR_REDIRECT] 
2026-02-18 12:04:43,171 [ERROR] LogOutputStream:75 - [STDERR_REDIRECT] [Fatal Error] :1:1: Premature end of file.
2026-02-18 12:04:43,171 [ERROR] LogOutputStream:75 - [STDERR_REDIRECT] 
2026-02-18 12:04:44,168 [ERROR] LogOutputStream:75 - [STDERR_REDIRECT] [Fatal Error] :1:1: Premature end of file.
2026-02-18 12:04:44,168 [ERROR] LogOutputStream:75 - [STDERR_REDIRECT] 
2026-02-18 12:04:45,164 [ERROR] LogOutputStream:75 - [STDERR_REDIRECT] [Fatal Error] :1:1: Premature end of file.
2026-02-18 12:04:45,164 [ERROR] LogOutputStream:75 - [STDERR_REDIRECT] 
2026-02-18 12:04:46,165 [ERROR] LogOutputStream:75 - [STDERR_REDIRECT] [Fatal Error] :1:1: Premature end of file.
2026-02-18 12:04:46,165 [ERROR] LogOutputStream:75 - [STDERR_REDIRECT] 
2026-02-18 12:04:47,169 [ERROR] LogOutputStream:75 - [STDERR_REDIRECT] [Fatal Error] :1:1: Premature end of file.
2026-02-18 12:04:47,169 [ERROR] LogOutputStream:75 - [STDERR_REDIRECT] 
2026-02-18 12:04:48,167 [ERROR] LogOutputStream:75 - [STDERR_REDIRECT] [Fatal Error] :1:1: Premature end of file.
2026-02-18 12:04:48,167 [ERROR] LogOutputStream:75 - [STDERR_REDIRECT] 
2026-02-18 12:04:49,162 [ERROR] LogOutputStream:75 - [STDERR_REDIRECT] [Fatal Error] :1:1: Premature end of file.
2026-02-18 12:04:49,162 [ERROR] LogOutputStream:75 - [STDERR_REDIRECT] 
2026-02-18 12:04:50,168 [ERROR] LogOutputStream:75 - [STDERR_REDIRECT] [Fatal Error] :1:1: Premature end of file.
2026-02-18 12:04:50,168 [ERROR] LogOutputStream:75 - [STDERR_REDIRECT] 
2026-02-18 12:04:51,165 [ERROR] LogOutputStream:75 - [STDERR_REDIRECT] [Fatal Error] :1:1: Premature end of file.
2026-02-18 12:04:51,165 [ERROR] LogOutputStream:75 - [STDERR_REDIRECT] 
2026-02-18 12:04:52,174 [ERROR] LogOutputStream:75 - [STDERR_REDIRECT] [Fatal Error] :1:1: Premature end of file.
2026-02-18 12:04:52,174 [ERROR] LogOutputStream:75 - [STDERR_REDIRECT] 
2026-02-18 12:04:53,171 [ERROR] LogOutputStream:75 - [STDERR_REDIRECT] [Fatal Error] :1:1: Premature end of file.
2026-02-18 12:04:53,171 [ERROR] LogOutputStream:75 - [STDERR_REDIRECT] 
2026-02-18 12:04:54,163 [ERROR] LogOutputStream:75 - [STDERR_REDIRECT] [Fatal Error] :1:1: Premature end of file.
2026-02-18 12:04:54,163 [ERROR] LogOutputStream:75 - [STDERR_REDIRECT] 
2026-02-18 12:04:55,169 [ERROR] LogOutputStream:75 - [STDERR_REDIRECT] [Fatal Error] :1:1: Premature end of file.
2026-02-18 12:04:55,169 [ERROR] LogOutputStream:75 - [STDERR_REDIRECT] 
2026-02-18 12:04:56,165 [ERROR] LogOutputStream:75 - [STDERR_REDIRECT] [Fatal Error] :1:1: Premature end of file.
2026-02-18 12:04:56,165 [ERROR] LogOutputStream:75 - [STDERR_REDIRECT] 
2026-02-18 12:04:57,165 [ERROR] LogOutputStream:75 - [STDERR_REDIRECT] [Fatal Error] :1:1: Premature end of file.
2026-02-18 12:04:57,165 [ERROR] LogOutputStream:75 - [STDERR_REDIRECT] 
2026-02-18 12:04:58,172 [ERROR] LogOutputStream:75 - [STDERR_REDIRECT] [Fatal Error] :1:1: Premature end of file.
2026-02-18 12:04:58,172 [ERROR] LogOutputStream:75 - [STDERR_REDIRECT] 
2026-02-18 12:04:59,174 [ERROR] LogOutputStream:75 - [STDERR_REDIRECT] [Fatal Error] :1:1: Premature end of file.
2026-02-18 12:04:59,174 [ERROR] LogOutputStream:75 - [STDERR_REDIRECT] 
2026-02-18 12:05:00,173 [ERROR] LogOutputStream:75 - [STDERR_REDIRECT] [Fatal Error] :1:1: Premature end of file.
2026-02-18 12:05:00,173 [ERROR] LogOutputStream:75 - [STDERR_REDIRECT] 
2026-02-18 12:05:01,167 [ERROR] LogOutputStream:75 - [STDERR_REDIRECT] [Fatal Error] :1:1: Premature end of file.
2026-02-18 12:05:01,167 [ERROR] LogOutputStream:75 - [STDERR_REDIRECT] 
2026-02-18 12:05:02,172 [ERROR] LogOutputStream:75 - [STDERR_REDIRECT] [Fatal Error] :1:1: Premature end of file.
2026-02-18 12:05:02,172 [ERROR] LogOutputStream:75 - [STDERR_REDIRECT] 
2026-02-18 12:05:03,176 [ERROR] LogOutputStream:75 - [STDERR_REDIRECT] [Fatal Error] :1:1: Premature end of file.
2026-02-18 12:05:03,176 [ERROR] LogOutputStream:75 - [STDERR_REDIRECT] 
2026-02-18 12:05:04,162 [ERROR] LogOutputStream:75 - [STDERR_REDIRECT] [Fatal Error] :1:1: Premature end of file.
2026-02-18 12:05:04,162 [ERROR] LogOutputStream:75 - [STDERR_REDIRECT] 
2026-02-18 12:05:05,174 [ERROR] LogOutputStream:75 - [STDERR_REDIRECT] [Fatal Error] :1:1: Premature end of file.
2026-02-18 12:05:05,177 [ERROR] LogOutputStream:75 - [STDERR_REDIRECT] 
2026-02-18 12:05:06,167 [ERROR] LogOutputStream:75 - [STDERR_REDIRECT] [Fatal Error] :1:1: Premature end of file.
2026-02-18 12:05:06,167 [ERROR] LogOutputStream:75 - [STDERR_REDIRECT] 
2026-02-18 12:05:07,168 [ERROR] LogOutputStream:75 - [STDERR_REDIRECT] [Fatal Error] :1:1: Premature end of file.
2026-02-18 12:05:07,168 [ERROR] LogOutputStream:75 - [STDERR_REDIRECT] 
2026-02-18 12:05:08,165 [ERROR] LogOutputStream:75 - [STDERR_REDIRECT] [Fatal Error] :1:1: Premature end of file.
2026-02-18 12:05:08,165 [ERROR] LogOutputStream:75 - [STDERR_REDIRECT] 
2026-02-18 12:05:09,169 [ERROR] LogOutputStream:75 - [STDERR_REDIRECT] [Fatal Error] :1:1: Premature end of file.
2026-02-18 12:05:09,169 [ERROR] LogOutputStream:75 - [STDERR_REDIRECT] 
2026-02-18 12:05:10,166 [ERROR] LogOutputStream:75 - [STDERR_REDIRECT] [Fatal Error] :1:1: Premature end of file.
2026-02-18 12:05:10,166 [ERROR] LogOutputStream:75 - [STDERR_REDIRECT] 
2026-02-18 12:05:11,171 [ERROR] LogOutputStream:75 - [STDERR_REDIRECT] [Fatal Error] :1:1: Premature end of file.
2026-02-18 12:05:11,171 [ERROR] LogOutputStream:75 - [STDERR_REDIRECT] 
2026-02-18 12:05:12,161 [ERROR] LogOutputStream:75 - [STDERR_REDIRECT] [Fatal Error] :1:1: Premature end of file.
2026-02-18 12:05:12,161 [ERROR] LogOutputStream:75 - [STDERR_REDIRECT] 
2026-02-18 12:05:13,166 [ERROR] LogOutputStream:75 - [STDERR_REDIRECT] [Fatal Error] :1:1: Premature end of file.
2026-02-18 12:05:13,166 [ERROR] LogOutputStream:75 - [STDERR_REDIRECT] 
2026-02-18 12:05:14,168 [ERROR] LogOutputStream:75 - [STDERR_REDIRECT] [Fatal Error] :1:1: Premature end of file.
2026-02-18 12:05:14,168 [ERROR] LogOutputStream:75 - [STDERR_REDIRECT] 
2026-02-18 12:05:15,167 [ERROR] LogOutputStream:75 - [STDERR_REDIRECT] [Fatal Error] :1:1: Premature end of file.
2026-02-18 12:05:15,167 [ERROR] LogOutputStream:75 - [STDERR_REDIRECT] 
2026-02-18 12:05:16,170 [ERROR] LogOutputStream:75 - [STDERR_REDIRECT] [Fatal Error] :1:1: Premature end of file.
2026-02-18 12:05:16,170 [ERROR] LogOutputStream:75 - [STDERR_REDIRECT] 
2026-02-18 12:05:17,170 [ERROR] LogOutputStream:75 - [STDERR_REDIRECT] [Fatal Error] :1:1: Premature end of file.
2026-02-18 12:05:17,170 [ERROR] LogOutputStream:75 - [STDERR_REDIRECT] 
2026-02-18 12:05:18,166 [ERROR] LogOutputStream:75 - [STDERR_REDIRECT] [Fatal Error] :1:1: Premature end of file.
2026-02-18 12:05:18,166 [ERROR] LogOutputStream:75 - [STDERR_REDIRECT] 
2026-02-18 12:05:19,167 [ERROR] LogOutputStream:75 - [STDERR_REDIRECT] [Fatal Error] :1:1: Premature end of file.
2026-02-18 12:05:19,167 [ERROR] LogOutputStream:75 - [STDERR_REDIRECT] 
2026-02-18 12:05:20,171 [ERROR] LogOutputStream:75 - [STDERR_REDIRECT] [Fatal Error] :1:1: Premature end of file.
2026-02-18 12:05:20,171 [ERROR] LogOutputStream:75 - [STDERR_REDIRECT] 
2026-02-18 12:05:21,170 [ERROR] LogOutputStream:75 - [STDERR_REDIRECT] [Fatal Error] :1:1: Premature end of file.
2026-02-18 12:05:21,170 [ERROR] LogOutputStream:75 - [STDERR_REDIRECT] 
2026-02-18 12:05:22,176 [ERROR] LogOutputStream:75 - [STDERR_REDIRECT] [Fatal Error] :1:1: Premature end of file.
2026-02-18 12:05:22,176 [ERROR] LogOutputStream:75 - [STDERR_REDIRECT] 
2026-02-18 12:05:23,174 [ERROR] LogOutputStream:75 - [STDERR_REDIRECT] [Fatal Error] :1:1: Premature end of file.
2026-02-18 12:05:23,174 [ERROR] LogOutputStream:75 - [STDERR_REDIRECT] 
2026-02-18 12:05:24,166 [ERROR] LogOutputStream:75 - [STDERR_REDIRECT] [Fatal Error] :1:1: Premature end of file.
2026-02-18 12:05:24,166 [ERROR] LogOutputStream:75 - [STDERR_REDIRECT] 
2026-02-18 12:05:25,172 [ERROR] LogOutputStream:75 - [STDERR_REDIRECT] [Fatal Error] :1:1: Premature end of file.
2026-02-18 12:05:25,172 [ERROR] LogOutputStream:75 - [STDERR_REDIRECT] 
2026-02-18 12:05:26,170 [ERROR] LogOutputStream:75 - [STDERR_REDIRECT] [Fatal Error] :1:1: Premature end of file.
2026-02-18 12:05:26,170 [ERROR] LogOutputStream:75 - [STDERR_REDIRECT] 
2026-02-18 12:05:27,165 [ERROR] LogOutputStream:75 - [STDERR_REDIRECT] [Fatal Error] :1:1: Premature end of file.
2026-02-18 12:05:27,165 [ERROR] LogOutputStream:75 - [STDERR_REDIRECT] 
2026-02-18 12:05:28,166 [ERROR] LogOutputStream:75 - [STDERR_REDIRECT] [Fatal Error] :1:1: Premature end of file.
2026-02-18 12:05:28,166 [ERROR] LogOutputStream:75 - [STDERR_REDIRECT] 
2026-02-18 12:05:29,167 [ERROR] LogOutputStream:75 - [STDERR_REDIRECT] [Fatal Error] :1:1: Premature end of file.
2026-02-18 12:05:29,167 [ERROR] LogOutputStream:75 - [STDERR_REDIRECT] 
2026-02-18 12:05:30,173 [ERROR] LogOutputStream:75 - [STDERR_REDIRECT] [Fatal Error] :1:1: Premature end of file.
2026-02-18 12:05:30,173 [ERROR] LogOutputStream:75 - [STDERR_REDIRECT] 
2026-02-18 12:05:31,168 [ERROR] LogOutputStream:75 - [STDERR_REDIRECT] [Fatal Error] :1:1: Premature end of file.
2026-02-18 12:05:31,168 [ERROR] LogOutputStream:75 - [STDERR_REDIRECT] 
2026-02-18 12:05:32,170 [ERROR] LogOutputStream:75 - [STDERR_REDIRECT] [Fatal Error] :1:1: Premature end of file.
2026-02-18 12:05:32,170 [ERROR] LogOutputStream:75 - [STDERR_REDIRECT] 
2026-02-18 12:05:33,178 [ERROR] LogOutputStream:75 - [STDERR_REDIRECT] [Fatal Error] :1:1: Premature end of file.
2026-02-18 12:05:33,178 [ERROR] LogOutputStream:75 - [STDERR_REDIRECT] 
2026-02-18 12:05:34,170 [ERROR] LogOutputStream:75 - [STDERR_REDIRECT] [Fatal Error] :1:1: Premature end of file.
2026-02-18 12:05:34,170 [ERROR] LogOutputStream:75 - [STDERR_REDIRECT] 
2026-02-18 12:05:35,175 [ERROR] LogOutputStream:75 - [STDERR_REDIRECT] [Fatal Error] :1:1: Premature end of file.
2026-02-18 12:05:35,175 [ERROR] LogOutputStream:75 - [STDERR_REDIRECT] 
2026-02-18 12:05:36,167 [ERROR] LogOutputStream:75 - [STDERR_REDIRECT] [Fatal Error] :1:1: Premature end of file.
2026-02-18 12:05:36,167 [ERROR] LogOutputStream:75 - [STDERR_REDIRECT] 
2026-02-18 12:05:37,174 [ERROR] LogOutputStream:75 - [STDERR_REDIRECT] [Fatal Error] :1:1: Premature end of file.
2026-02-18 12:05:37,175 [ERROR] LogOutputStream:75 - [STDERR_REDIRECT] 
2026-02-18 12:05:38,169 [ERROR] LogOutputStream:75 - [STDERR_REDIRECT] [Fatal Error] :1:1: Premature end of file.
2026-02-18 12:05:38,169 [ERROR] LogOutputStream:75 - [STDERR_REDIRECT] 
2026-02-18 12:05:39,172 [ERROR] LogOutputStream:75 - [STDERR_REDIRECT] [Fatal Error] :1:1: Premature end of file.
2026-02-18 12:05:39,172 [ERROR] LogOutputStream:75 - [STDERR_REDIRECT] 
2026-02-18 12:05:40,167 [ERROR] LogOutputStream:75 - [STDERR_REDIRECT] [Fatal Error] :1:1: Premature end of file.
2026-02-18 12:05:40,173 [ERROR] LogOutputStream:75 - [STDERR_REDIRECT] 
2026-02-18 12:05:41,174 [ERROR] LogOutputStream:75 - [STDERR_REDIRECT] [Fatal Error] :1:1: Premature end of file.
2026-02-18 12:05:41,174 [ERROR] LogOutputStream:75 - [STDERR_REDIRECT] 
2026-02-18 12:05:42,172 [ERROR] LogOutputStream:75 - [STDERR_REDIRECT] [Fatal Error] :1:1: Premature end of file.
2026-02-18 12:05:42,172 [ERROR] LogOutputStream:75 - [STDERR_REDIRECT] 
2026-02-18 12:05:43,172 [ERROR] LogOutputStream:75 - [STDERR_REDIRECT] [Fatal Error] :1:1: Premature end of file.
2026-02-18 12:05:43,172 [ERROR] LogOutputStream:75 - [STDERR_REDIRECT] 
2026-02-18 12:05:44,171 [ERROR] LogOutputStream:75 - [STDERR_REDIRECT] [Fatal Error] :1:1: Premature end of file.
2026-02-18 12:05:44,171 [ERROR] LogOutputStream:75 - [STDERR_REDIRECT] 
2026-02-18 12:05:45,161 [ERROR] LogOutputStream:75 - [STDERR_REDIRECT] [Fatal Error] :1:1: Premature end of file.
2026-02-18 12:05:45,161 [ERROR] LogOutputStream:75 - [STDERR_REDIRECT] 
2026-02-18 12:05:46,175 [ERROR] LogOutputStream:75 - [STDERR_REDIRECT] [Fatal Error] :1:1: Premature end of file.
2026-02-18 12:05:46,175 [ERROR] LogOutputStream:75 - [STDERR_REDIRECT] 
2026-02-18 12:05:47,171 [ERROR] LogOutputStream:75 - [STDERR_REDIRECT] [Fatal Error] :1:1: Premature end of file.
2026-02-18 12:05:47,171 [ERROR] LogOutputStream:75 - [STDERR_REDIRECT] 
2026-02-18 12:05:48,167 [ERROR] LogOutputStream:75 - [STDERR_REDIRECT] [Fatal Error] :1:1: Premature end of file.
2026-02-18 12:05:48,167 [ERROR] LogOutputStream:75 - [STDERR_REDIRECT] 
2026-02-18 12:05:49,163 [ERROR] LogOutputStream:75 - [STDERR_REDIRECT] [Fatal Error] :1:1: Premature end of file.
2026-02-18 12:05:49,163 [ERROR] LogOutputStream:75 - [STDERR_REDIRECT] 
2026-02-18 12:05:50,170 [ERROR] LogOutputStream:75 - [STDERR_REDIRECT] [Fatal Error] :1:1: Premature end of file.
2026-02-18 12:05:50,170 [ERROR] LogOutputStream:75 - [STDERR_REDIRECT] 
2026-02-18 12:05:51,163 [ERROR] LogOutputStream:75 - [STDERR_REDIRECT] [Fatal Error] :1:1: Premature end of file.
2026-02-18 12:05:51,163 [ERROR] LogOutputStream:75 - [STDERR_REDIRECT] 
2026-02-18 12:05:52,161 [ERROR] LogOutputStream:75 - [STDERR_REDIRECT] [Fatal Error] :1:1: Premature end of file.
2026-02-18 12:05:52,161 [ERROR] LogOutputStream:75 - [STDERR_REDIRECT] 
2026-02-18 12:05:53,174 [ERROR] LogOutputStream:75 - [STDERR_REDIRECT] [Fatal Error] :1:1: Premature end of file.
2026-02-18 12:05:53,174 [ERROR] LogOutputStream:75 - [STDERR_REDIRECT] 
2026-02-18 12:05:54,168 [ERROR] LogOutputStream:75 - [STDERR_REDIRECT] [Fatal Error] :1:1: Premature end of file.
2026-02-18 12:05:54,168 [ERROR] LogOutputStream:75 - [STDERR_REDIRECT] 
2026-02-18 12:05:55,162 [ERROR] LogOutputStream:75 - [STDERR_REDIRECT] [Fatal Error] :1:1: Premature end of file.
2026-02-18 12:05:55,162 [ERROR] LogOutputStream:75 - [STDERR_REDIRECT] 
2026-02-18 12:05:56,167 [ERROR] LogOutputStream:75 - [STDERR_REDIRECT] [Fatal Error] :1:1: Premature end of file.
2026-02-18 12:05:56,167 [ERROR] LogOutputStream:75 - [STDERR_REDIRECT] 
2026-02-18 12:05:57,162 [ERROR] LogOutputStream:75 - [STDERR_REDIRECT] [Fatal Error] :1:1: Premature end of file.
2026-02-18 12:05:57,162 [ERROR] LogOutputStream:75 - [STDERR_REDIRECT] 
2026-02-18 12:05:58,163 [ERROR] LogOutputStream:75 - [STDERR_REDIRECT] [Fatal Error] :1:1: Premature end of file.
2026-02-18 12:05:58,163 [ERROR] LogOutputStream:75 - [STDERR_REDIRECT] 
2026-02-18 12:05:59,170 [ERROR] LogOutputStream:75 - [STDERR_REDIRECT] [Fatal Error] :1:1: Premature end of file.
2026-02-18 12:05:59,170 [ERROR] LogOutputStream:75 - [STDERR_REDIRECT] 
2026-02-18 12:06:00,172 [ERROR] LogOutputStream:75 - [STDERR_REDIRECT] [Fatal Error] :1:1: Premature end of file.
2026-02-18 12:06:00,172 [ERROR] LogOutputStream:75 - [STDERR_REDIRECT] 
2026-02-18 12:06:01,169 [ERROR] LogOutputStream:75 - [STDERR_REDIRECT] [Fatal Error] :1:1: Premature end of file.
2026-02-18 12:06:01,169 [ERROR] LogOutputStream:75 - [STDERR_REDIRECT] 
2026-02-18 12:06:02,161 [ERROR] LogOutputStream:75 - [STDERR_REDIRECT] [Fatal Error] :1:1: Premature end of file.
2026-02-18 12:06:02,161 [ERROR] LogOutputStream:75 - [STDERR_REDIRECT] 
2026-02-18 12:06:03,161 [ERROR] LogOutputStream:75 - [STDERR_REDIRECT] [Fatal Error] :1:1: Premature end of file.
2026-02-18 12:06:03,161 [ERROR] LogOutputStream:75 - [STDERR_REDIRECT] 
2026-02-18 12:06:04,176 [ERROR] LogOutputStream:75 - [STDERR_REDIRECT] [Fatal Error] :1:1: Premature end of file.
2026-02-18 12:06:04,176 [ERROR] LogOutputStream:75 - [STDERR_REDIRECT] 
2026-02-18 12:06:05,161 [ERROR] LogOutputStream:75 - [STDERR_REDIRECT] [Fatal Error] :1:1: Premature end of file.
2026-02-18 12:06:05,161 [ERROR] LogOutputStream:75 - [STDERR_REDIRECT] 
2026-02-18 12:06:06,179 [ERROR] LogOutputStream:75 - [STDERR_REDIRECT] [Fatal Error] :1:1: Premature end of file.
2026-02-18 12:06:06,179 [ERROR] LogOutputStream:75 - [STDERR_REDIRECT] 
2026-02-18 12:06:07,177 [ERROR] LogOutputStream:75 - [STDERR_REDIRECT] [Fatal Error] :1:1: Premature end of file.
2026-02-18 12:06:07,177 [ERROR] LogOutputStream:75 - [STDERR_REDIRECT] 
2026-02-18 12:06:08,173 [ERROR] LogOutputStream:75 - [STDERR_REDIRECT] [Fatal Error] :1:1: Premature end of file.
2026-02-18 12:06:08,173 [ERROR] LogOutputStream:75 - [STDERR_REDIRECT] 
2026-02-18 12:06:09,171 [ERROR] LogOutputStream:75 - [STDERR_REDIRECT] [Fatal Error] :1:1: Premature end of file.
2026-02-18 12:06:09,171 [ERROR] LogOutputStream:75 - [STDERR_REDIRECT] 
2026-02-18 12:06:10,170 [ERROR] LogOutputStream:75 - [STDERR_REDIRECT] [Fatal Error] :1:1: Premature end of file.
2026-02-18 12:06:10,170 [ERROR] LogOutputStream:75 - [STDERR_REDIRECT] 
2026-02-18 12:06:11,169 [ERROR] LogOutputStream:75 - [STDERR_REDIRECT] [Fatal Error] :1:1: Premature end of file.
2026-02-18 12:06:11,169 [ERROR] LogOutputStream:75 - [STDERR_REDIRECT] 
2026-02-18 12:06:12,173 [ERROR] LogOutputStream:75 - [STDERR_REDIRECT] [Fatal Error] :1:1: Premature end of file.
2026-02-18 12:06:12,173 [ERROR] LogOutputStream:75 - [STDERR_REDIRECT] 
2026-02-18 12:06:13,174 [ERROR] LogOutputStream:75 - [STDERR_REDIRECT] [Fatal Error] :1:1: Premature end of file.
2026-02-18 12:06:13,174 [ERROR] LogOutputStream:75 - [STDERR_REDIRECT] 
2026-02-18 12:06:14,163 [ERROR] LogOutputStream:75 - [STDERR_REDIRECT] [Fatal Error] :1:1: Premature end of file.
2026-02-18 12:06:14,163 [ERROR] LogOutputStream:75 - [STDERR_REDIRECT] 
2026-02-18 12:06:15,169 [ERROR] LogOutputStream:75 - [STDERR_REDIRECT] [Fatal Error] :1:1: Premature end of file.
2026-02-18 12:06:15,169 [ERROR] LogOutputStream:75 - [STDERR_REDIRECT] 
2026-02-18 12:06:16,164 [ERROR] LogOutputStream:75 - [STDERR_REDIRECT] [Fatal Error] :1:1: Premature end of file.
2026-02-18 12:06:16,164 [ERROR] LogOutputStream:75 - [STDERR_REDIRECT] 
2026-02-18 12:06:17,169 [ERROR] LogOutputStream:75 - [STDERR_REDIRECT] [Fatal Error] :1:1: Premature end of file.
2026-02-18 12:06:17,169 [ERROR] LogOutputStream:75 - [STDERR_REDIRECT] 
2026-02-18 12:06:18,171 [ERROR] LogOutputStream:75 - [STDERR_REDIRECT] [Fatal Error] :1:1: Premature end of file.
2026-02-18 12:06:18,171 [ERROR] LogOutputStream:75 - [STDERR_REDIRECT] 
2026-02-18 12:06:19,170 [ERROR] LogOutputStream:75 - [STDERR_REDIRECT] [Fatal Error] :1:1: Premature end of file.
2026-02-18 12:06:19,170 [ERROR] LogOutputStream:75 - [STDERR_REDIRECT] 
2026-02-18 12:06:20,168 [ERROR] LogOutputStream:75 - [STDERR_REDIRECT] [Fatal Error] :1:1: Premature end of file.
2026-02-18 12:06:20,168 [ERROR] LogOutputStream:75 - [STDERR_REDIRECT] 
2026-02-18 12:06:21,169 [ERROR] LogOutputStream:75 - [STDERR_REDIRECT] [Fatal Error] :1:1: Premature end of file.
2026-02-18 12:06:21,169 [ERROR] LogOutputStream:75 - [STDERR_REDIRECT] 
2026-02-18 12:06:22,167 [ERROR] LogOutputStream:75 - [STDERR_REDIRECT] [Fatal Error] :1:1: Premature end of file.
2026-02-18 12:06:22,167 [ERROR] LogOutputStream:75 - [STDERR_REDIRECT] 
2026-02-18 12:06:23,164 [ERROR] LogOutputStream:75 - [STDERR_REDIRECT] [Fatal Error] :1:1: Premature end of file.
2026-02-18 12:06:23,164 [ERROR] LogOutputStream:75 - [STDERR_REDIRECT] 
2026-02-18 12:06:24,163 [ERROR] LogOutputStream:75 - [STDERR_REDIRECT] [Fatal Error] :1:1: Premature end of file.
2026-02-18 12:06:24,163 [ERROR] LogOutputStream:75 - [STDERR_REDIRECT] 
2026-02-18 12:06:25,170 [ERROR] LogOutputStream:75 - [STDERR_REDIRECT] [Fatal Error] :1:1: Premature end of file.
2026-02-18 12:06:25,170 [ERROR] LogOutputStream:75 - [STDERR_REDIRECT] 
2026-02-18 12:06:26,163 [ERROR] LogOutputStream:75 - [STDERR_REDIRECT] [Fatal Error] :1:1: Premature end of file.
2026-02-18 12:06:26,163 [ERROR] LogOutputStream:75 - [STDERR_REDIRECT] 
2026-02-18 12:06:27,167 [ERROR] LogOutputStream:75 - [STDERR_REDIRECT] [Fatal Error] :1:1: Premature end of file.
2026-02-18 12:06:27,167 [ERROR] LogOutputStream:75 - [STDERR_REDIRECT] 
2026-02-18 12:06:28,170 [ERROR] LogOutputStream:75 - [STDERR_REDIRECT] [Fatal Error] :1:1: Premature end of file.
2026-02-18 12:06:28,170 [ERROR] LogOutputStream:75 - [STDERR_REDIRECT] 
2026-02-18 12:06:29,162 [ERROR] LogOutputStream:75 - [STDERR_REDIRECT] [Fatal Error] :1:1: Premature end of file.
2026-02-18 12:06:29,162 [ERROR] LogOutputStream:75 - [STDERR_REDIRECT] 
2026-02-18 12:06:30,171 [ERROR] LogOutputStream:75 - [STDERR_REDIRECT] [Fatal Error] :1:1: Premature end of file.
2026-02-18 12:06:30,171 [ERROR] LogOutputStream:75 - [STDERR_REDIRECT] 
2026-02-18 12:06:31,164 [ERROR] LogOutputStream:75 - [STDERR_REDIRECT] [Fatal Error] :1:1: Premature end of file.
2026-02-18 12:06:31,164 [ERROR] LogOutputStream:75 - [STDERR_REDIRECT] 
2026-02-18 12:06:32,166 [ERROR] LogOutputStream:75 - [STDERR_REDIRECT] [Fatal Error] :1:1: Premature end of file.
2026-02-18 12:06:32,166 [ERROR] LogOutputStream:75 - [STDERR_REDIRECT] 
2026-02-18 12:06:33,167 [ERROR] LogOutputStream:75 - [STDERR_REDIRECT] [Fatal Error] :1:1: Premature end of file.
2026-02-18 12:06:33,167 [ERROR] LogOutputStream:75 - [STDERR_REDIRECT] 
2026-02-18 12:06:34,163 [ERROR] LogOutputStream:75 - [STDERR_REDIRECT] [Fatal Error] :1:1: Premature end of file.
2026-02-18 12:06:34,163 [ERROR] LogOutputStream:75 - [STDERR_REDIRECT] 
2026-02-18 12:06:35,170 [ERROR] LogOutputStream:75 - [STDERR_REDIRECT] [Fatal Error] :1:1: Premature end of file.
2026-02-18 12:06:35,170 [ERROR] LogOutputStream:75 - [STDERR_REDIRECT] 
2026-02-18 12:06:36,171 [ERROR] LogOutputStream:75 - [STDERR_REDIRECT] [Fatal Error] :1:1: Premature end of file.
2026-02-18 12:06:36,171 [ERROR] LogOutputStream:75 - [STDERR_REDIRECT] 
2026-02-18 12:06:37,171 [ERROR] LogOutputStream:75 - [STDERR_REDIRECT] [Fatal Error] :1:1: Premature end of file.
2026-02-18 12:06:37,171 [ERROR] LogOutputStream:75 - [STDERR_REDIRECT] 
2026-02-18 12:06:38,169 [ERROR] LogOutputStream:75 - [STDERR_REDIRECT] [Fatal Error] :1:1: Premature end of file.
2026-02-18 12:06:38,169 [ERROR] LogOutputStream:75 - [STDERR_REDIRECT] 
2026-02-18 12:06:39,165 [ERROR] LogOutputStream:75 - [STDERR_REDIRECT] [Fatal Error] :1:1: Premature end of file.
2026-02-18 12:06:39,165 [ERROR] LogOutputStream:75 - [STDERR_REDIRECT] 
2026-02-18 12:06:40,162 [ERROR] LogOutputStream:75 - [STDERR_REDIRECT] [Fatal Error] :1:1: Premature end of file.
2026-02-18 12:06:40,162 [ERROR] LogOutputStream:75 - [STDERR_REDIRECT] 
2026-02-18 12:06:41,170 [ERROR] LogOutputStream:75 - [STDERR_REDIRECT] [Fatal Error] :1:1: Premature end of file.
2026-02-18 12:06:41,170 [ERROR] LogOutputStream:75 - [STDERR_REDIRECT] 
2026-02-18 12:06:42,167 [ERROR] LogOutputStream:75 - [STDERR_REDIRECT] [Fatal Error] :1:1: Premature end of file.
2026-02-18 12:06:42,167 [ERROR] LogOutputStream:75 - [STDERR_REDIRECT] 
2026-02-18 12:06:43,165 [ERROR] LogOutputStream:75 - [STDERR_REDIRECT] [Fatal Error] :1:1: Premature end of file.
2026-02-18 12:06:43,165 [ERROR] LogOutputStream:75 - [STDERR_REDIRECT] 
2026-02-18 12:06:44,167 [ERROR] LogOutputStream:75 - [STDERR_REDIRECT] [Fatal Error] :1:1: Premature end of file.
2026-02-18 12:06:44,167 [ERROR] LogOutputStream:75 - [STDERR_REDIRECT] 
2026-02-18 12:06:45,169 [ERROR] LogOutputStream:75 - [STDERR_REDIRECT] [Fatal Error] :1:1: Premature end of file.
2026-02-18 12:06:45,169 [ERROR] LogOutputStream:75 - [STDERR_REDIRECT] 
2026-02-18 12:06:46,172 [ERROR] LogOutputStream:75 - [STDERR_REDIRECT] [Fatal Error] :1:1: Premature end of file.
2026-02-18 12:06:46,172 [ERROR] LogOutputStream:75 - [STDERR_REDIRECT] 
2026-02-18 12:06:47,183 [ERROR] LogOutputStream:75 - [STDERR_REDIRECT] [Fatal Error] :1:1: Premature end of file.
2026-02-18 12:06:47,183 [ERROR] LogOutputStream:75 - [STDERR_REDIRECT] 
2026-02-18 12:06:48,169 [ERROR] LogOutputStream:75 - [STDERR_REDIRECT] [Fatal Error] :1:1: Premature end of file.
2026-02-18 12:06:48,169 [ERROR] LogOutputStream:75 - [STDERR_REDIRECT] 
2026-02-18 12:06:49,178 [ERROR] LogOutputStream:75 - [STDERR_REDIRECT] [Fatal Error] :1:1: Premature end of file.
2026-02-18 12:06:49,178 [ERROR] LogOutputStream:75 - [STDERR_REDIRECT] 
2026-02-18 12:06:50,173 [ERROR] LogOutputStream:75 - [STDERR_REDIRECT] [Fatal Error] :1:1: Premature end of file.
2026-02-18 12:06:50,174 [ERROR] LogOutputStream:75 - [STDERR_REDIRECT] 
2026-02-18 12:06:51,174 [ERROR] LogOutputStream:75 - [STDERR_REDIRECT] [Fatal Error] :1:1: Premature end of file.
2026-02-18 12:06:51,174 [ERROR] LogOutputStream:75 - [STDERR_REDIRECT] 
2026-02-18 12:06:52,167 [ERROR] LogOutputStream:75 - [STDERR_REDIRECT] [Fatal Error] :1:1: Premature end of file.
2026-02-18 12:06:52,167 [ERROR] LogOutputStream:75 - [STDERR_REDIRECT] 
2026-02-18 12:06:53,169 [ERROR] LogOutputStream:75 - [STDERR_REDIRECT] [Fatal Error] :1:1: Premature end of file.
2026-02-18 12:06:53,169 [ERROR] LogOutputStream:75 - [STDERR_REDIRECT] 
2026-02-18 12:06:54,172 [ERROR] LogOutputStream:75 - [STDERR_REDIRECT] [Fatal Error] :1:1: Premature end of file.
2026-02-18 12:06:54,172 [ERROR] LogOutputStream:75 - [STDERR_REDIRECT] 
2026-02-18 12:06:55,163 [ERROR] LogOutputStream:75 - [STDERR_REDIRECT] [Fatal Error] :1:1: Premature end of file.
2026-02-18 12:06:55,163 [ERROR] LogOutputStream:75 - [STDERR_REDIRECT] 
2026-02-18 12:06:56,176 [ERROR] LogOutputStream:75 - [STDERR_REDIRECT] [Fatal Error] :1:1: Premature end of file.
2026-02-18 12:06:56,176 [ERROR] LogOutputStream:75 - [STDERR_REDIRECT] 
2026-02-18 12:06:57,169 [ERROR] LogOutputStream:75 - [STDERR_REDIRECT] [Fatal Error] :1:1: Premature end of file.
2026-02-18 12:06:57,169 [ERROR] LogOutputStream:75 - [STDERR_REDIRECT] 
2026-02-18 12:06:58,170 [ERROR] LogOutputStream:75 - [STDERR_REDIRECT] [Fatal Error] :1:1: Premature end of file.
2026-02-18 12:06:58,170 [ERROR] LogOutputStream:75 - [STDERR_REDIRECT] 
2026-02-18 12:06:59,169 [ERROR] LogOutputStream:75 - [STDERR_REDIRECT] [Fatal Error] :1:1: Premature end of file.
2026-02-18 12:06:59,169 [ERROR] LogOutputStream:75 - [STDERR_REDIRECT] 
2026-02-18 12:07:00,163 [ERROR] LogOutputStream:75 - [STDERR_REDIRECT] [Fatal Error] :1:1: Premature end of file.
2026-02-18 12:07:00,163 [ERROR] LogOutputStream:75 - [STDERR_REDIRECT] 
2026-02-18 12:07:01,163 [ERROR] LogOutputStream:75 - [STDERR_REDIRECT] [Fatal Error] :1:1: Premature end of file.
2026-02-18 12:07:01,163 [ERROR] LogOutputStream:75 - [STDERR_REDIRECT] 
2026-02-18 12:07:02,168 [ERROR] LogOutputStream:75 - [STDERR_REDIRECT] [Fatal Error] :1:1: Premature end of file.
2026-02-18 12:07:02,168 [ERROR] LogOutputStream:75 - [STDERR_REDIRECT] 
2026-02-18 12:07:03,168 [ERROR] LogOutputStream:75 - [STDERR_REDIRECT] [Fatal Error] :1:1: Premature end of file.
2026-02-18 12:07:03,168 [ERROR] LogOutputStream:75 - [STDERR_REDIRECT] 
2026-02-18 12:07:04,160 [ERROR] LogOutputStream:75 - [STDERR_REDIRECT] [Fatal Error] :1:1: Premature end of file.
2026-02-18 12:07:04,160 [ERROR] LogOutputStream:75 - [STDERR_REDIRECT] 
2026-02-18 12:07:05,168 [ERROR] LogOutputStream:75 - [STDERR_REDIRECT] [Fatal Error] :1:1: Premature end of file.
2026-02-18 12:07:05,168 [ERROR] LogOutputStream:75 - [STDERR_REDIRECT] 
2026-02-18 12:07:06,163 [ERROR] LogOutputStream:75 - [STDERR_REDIRECT] [Fatal Error] :1:1: Premature end of file.
2026-02-18 12:07:06,163 [ERROR] LogOutputStream:75 - [STDERR_REDIRECT] 
2026-02-18 12:07:07,161 [ERROR] LogOutputStream:75 - [STDERR_REDIRECT] [Fatal Error] :1:1: Premature end of file.
2026-02-18 12:07:07,161 [ERROR] LogOutputStream:75 - [STDERR_REDIRECT] 
2026-02-18 12:07:08,169 [ERROR] LogOutputStream:75 - [STDERR_REDIRECT] [Fatal Error] :1:1: Premature end of file.
2026-02-18 12:07:08,169 [ERROR] LogOutputStream:75 - [STDERR_REDIRECT] 
2026-02-18 12:07:09,164 [ERROR] LogOutputStream:75 - [STDERR_REDIRECT] [Fatal Error] :1:1: Premature end of file.
2026-02-18 12:07:09,164 [ERROR] LogOutputStream:75 - [STDERR_REDIRECT] 
2026-02-18 12:07:10,164 [ERROR] LogOutputStream:75 - [STDERR_REDIRECT] [Fatal Error] :1:1: Premature end of file.
2026-02-18 12:07:10,164 [ERROR] LogOutputStream:75 - [STDERR_REDIRECT] 
2026-02-18 12:07:11,170 [ERROR] LogOutputStream:75 - [STDERR_REDIRECT] [Fatal Error] :1:1: Premature end of file.
2026-02-18 12:07:11,170 [ERROR] LogOutputStream:75 - [STDERR_REDIRECT] 
2026-02-18 12:07:12,176 [ERROR] LogOutputStream:75 - [STDERR_REDIRECT] [Fatal Error] :1:1: Premature end of file.
2026-02-18 12:07:12,176 [ERROR] LogOutputStream:75 - [STDERR_REDIRECT] 
2026-02-18 12:07:13,173 [ERROR] LogOutputStream:75 - [STDERR_REDIRECT] [Fatal Error] :1:1: Premature end of file.
2026-02-18 12:07:13,173 [ERROR] LogOutputStream:75 - [STDERR_REDIRECT] 
2026-02-18 12:07:14,175 [ERROR] LogOutputStream:75 - [STDERR_REDIRECT] [Fatal Error] :1:1: Premature end of file.
2026-02-18 12:07:14,175 [ERROR] LogOutputStream:75 - [STDERR_REDIRECT] 
2026-02-18 12:07:15,167 [ERROR] LogOutputStream:75 - [STDERR_REDIRECT] [Fatal Error] :1:1: Premature end of file.
2026-02-18 12:07:15,167 [ERROR] LogOutputStream:75 - [STDERR_REDIRECT] 
2026-02-18 12:07:16,170 [ERROR] LogOutputStream:75 - [STDERR_REDIRECT] [Fatal Error] :1:1: Premature end of file.
2026-02-18 12:07:16,170 [ERROR] LogOutputStream:75 - [STDERR_REDIRECT] 
2026-02-18 12:07:17,169 [ERROR] LogOutputStream:75 - [STDERR_REDIRECT] [Fatal Error] :1:1: Premature end of file.
2026-02-18 12:07:17,169 [ERROR] LogOutputStream:75 - [STDERR_REDIRECT] 
2026-02-18 12:07:18,165 [ERROR] LogOutputStream:75 - [STDERR_REDIRECT] [Fatal Error] :1:1: Premature end of file.
2026-02-18 12:07:18,165 [ERROR] LogOutputStream:75 - [STDERR_REDIRECT] 
2026-02-18 12:07:19,170 [ERROR] LogOutputStream:75 - [STDERR_REDIRECT] [Fatal Error] :1:1: Premature end of file.
2026-02-18 12:07:19,170 [ERROR] LogOutputStream:75 - [STDERR_REDIRECT] 
2026-02-18 12:07:20,167 [ERROR] LogOutputStream:75 - [STDERR_REDIRECT] [Fatal Error] :1:1: Premature end of file.
2026-02-18 12:07:20,167 [ERROR] LogOutputStream:75 - [STDERR_REDIRECT] 
2026-02-18 12:07:21,163 [ERROR] LogOutputStream:75 - [STDERR_REDIRECT] [Fatal Error] :1:1: Premature end of file.
2026-02-18 12:07:21,163 [ERROR] LogOutputStream:75 - [STDERR_REDIRECT] 
2026-02-18 12:07:22,162 [ERROR] LogOutputStream:75 - [STDERR_REDIRECT] [Fatal Error] :1:1: Premature end of file.
2026-02-18 12:07:22,162 [ERROR] LogOutputStream:75 - [STDERR_REDIRECT] 
2026-02-18 12:07:23,173 [ERROR] LogOutputStream:75 - [STDERR_REDIRECT] [Fatal Error] :1:1: Premature end of file.
2026-02-18 12:07:23,176 [ERROR] LogOutputStream:75 - [STDERR_REDIRECT] 
2026-02-18 12:07:24,166 [ERROR] LogOutputStream:75 - [STDERR_REDIRECT] [Fatal Error] :1:1: Premature end of file.
2026-02-18 12:07:24,166 [ERROR] LogOutputStream:75 - [STDERR_REDIRECT] 
2026-02-18 12:07:25,182 [ERROR] LogOutputStream:75 - [STDERR_REDIRECT] [Fatal Error] :1:1: Premature end of file.
2026-02-18 12:07:25,182 [ERROR] LogOutputStream:75 - [STDERR_REDIRECT] 
2026-02-18 12:07:26,168 [ERROR] LogOutputStream:75 - [STDERR_REDIRECT] [Fatal Error] :1:1: Premature end of file.
2026-02-18 12:07:26,168 [ERROR] LogOutputStream:75 - [STDERR_REDIRECT] 
2026-02-18 12:07:27,168 [ERROR] LogOutputStream:75 - [STDERR_REDIRECT] [Fatal Error] :1:1: Premature end of file.
2026-02-18 12:07:27,168 [ERROR] LogOutputStream:75 - [STDERR_REDIRECT] 
2026-02-18 12:07:28,175 [ERROR] LogOutputStream:75 - [STDERR_REDIRECT] [Fatal Error] :1:1: Premature end of file.
2026-02-18 12:07:28,175 [ERROR] LogOutputStream:75 - [STDERR_REDIRECT] 
2026-02-18 12:07:29,167 [ERROR] LogOutputStream:75 - [STDERR_REDIRECT] [Fatal Error] :1:1: Premature end of file.
2026-02-18 12:07:29,167 [ERROR] LogOutputStream:75 - [STDERR_REDIRECT] 
2026-02-18 12:07:30,171 [ERROR] LogOutputStream:75 - [STDERR_REDIRECT] [Fatal Error] :1:1: Premature end of file.
2026-02-18 12:07:30,171 [ERROR] LogOutputStream:75 - [STDERR_REDIRECT] 
2026-02-18 12:07:31,171 [ERROR] LogOutputStream:75 - [STDERR_REDIRECT] [Fatal Error] :1:1: Premature end of file.
2026-02-18 12:07:31,171 [ERROR] LogOutputStream:75 - [STDERR_REDIRECT] 
2026-02-18 12:07:32,165 [ERROR] LogOutputStream:75 - [STDERR_REDIRECT] [Fatal Error] :1:1: Premature end of file.
2026-02-18 12:07:32,165 [ERROR] LogOutputStream:75 - [STDERR_REDIRECT] 
2026-02-18 12:07:33,160 [ERROR] LogOutputStream:75 - [STDERR_REDIRECT] [Fatal Error] :1:1: Premature end of file.
2026-02-18 12:07:33,160 [ERROR] LogOutputStream:75 - [STDERR_REDIRECT] 
2026-02-18 12:07:34,170 [ERROR] LogOutputStream:75 - [STDERR_REDIRECT] [Fatal Error] :1:1: Premature end of file.
2026-02-18 12:07:34,170 [ERROR] LogOutputStream:75 - [STDERR_REDIRECT] 
2026-02-18 12:07:35,160 [ERROR] LogOutputStream:75 - [STDERR_REDIRECT] [Fatal Error] :1:1: Premature end of file.
2026-02-18 12:07:35,160 [ERROR] LogOutputStream:75 - [STDERR_REDIRECT] 
2026-02-18 12:07:36,168 [ERROR] LogOutputStream:75 - [STDERR_REDIRECT] [Fatal Error] :1:1: Premature end of file.
2026-02-18 12:07:36,168 [ERROR] LogOutputStream:75 - [STDERR_REDIRECT] 
2026-02-18 12:07:37,175 [ERROR] LogOutputStream:75 - [STDERR_REDIRECT] [Fatal Error] :1:1: Premature end of file.
2026-02-18 12:07:37,175 [ERROR] LogOutputStream:75 - [STDERR_REDIRECT] 
2026-02-18 12:07:38,165 [ERROR] LogOutputStream:75 - [STDERR_REDIRECT] [Fatal Error] :1:1: Premature end of file.
2026-02-18 12:07:38,165 [ERROR] LogOutputStream:75 - [STDERR_REDIRECT] 
2026-02-18 12:07:39,163 [ERROR] LogOutputStream:75 - [STDERR_REDIRECT] [Fatal Error] :1:1: Premature end of file.
2026-02-18 12:07:39,163 [ERROR] LogOutputStream:75 - [STDERR_REDIRECT] 
2026-02-18 12:07:40,170 [ERROR] LogOutputStream:75 - [STDERR_REDIRECT] [Fatal Error] :1:1: Premature end of file.
2026-02-18 12:07:40,170 [ERROR] LogOutputStream:75 - [STDERR_REDIRECT] 
2026-02-18 12:07:41,162 [ERROR] LogOutputStream:75 - [STDERR_REDIRECT] [Fatal Error] :1:1: Premature end of file.
2026-02-18 12:07:41,162 [ERROR] LogOutputStream:75 - [STDERR_REDIRECT] 
2026-02-18 12:07:42,173 [ERROR] LogOutputStream:75 - [STDERR_REDIRECT] [Fatal Error] :1:1: Premature end of file.
2026-02-18 12:07:42,173 [ERROR] LogOutputStream:75 - [STDERR_REDIRECT] 
2026-02-18 12:07:43,171 [ERROR] LogOutputStream:75 - [STDERR_REDIRECT] [Fatal Error] :1:1: Premature end of file.
2026-02-18 12:07:43,171 [ERROR] LogOutputStream:75 - [STDERR_REDIRECT] 
2026-02-18 12:07:44,162 [ERROR] LogOutputStream:75 - [STDERR_REDIRECT] [Fatal Error] :1:1: Premature end of file.
2026-02-18 12:07:44,162 [ERROR] LogOutputStream:75 - [STDERR_REDIRECT] 
2026-02-18 12:07:45,169 [ERROR] LogOutputStream:75 - [STDERR_REDIRECT] [Fatal Error] :1:1: Premature end of file.
2026-02-18 12:07:45,169 [ERROR] LogOutputStream:75 - [STDERR_REDIRECT] 
2026-02-18 12:07:46,167 [ERROR] LogOutputStream:75 - [STDERR_REDIRECT] [Fatal Error] :1:1: Premature end of file.
2026-02-18 12:07:46,167 [ERROR] LogOutputStream:75 - [STDERR_REDIRECT] 
2026-02-18 12:07:47,162 [ERROR] LogOutputStream:75 - [STDERR_REDIRECT] [Fatal Error] :1:1: Premature end of file.
2026-02-18 12:07:47,162 [ERROR] LogOutputStream:75 - [STDERR_REDIRECT] 
2026-02-18 12:07:48,169 [ERROR] LogOutputStream:75 - [STDERR_REDIRECT] [Fatal Error] :1:1: Premature end of file.
2026-02-18 12:07:48,169 [ERROR] LogOutputStream:75 - [STDERR_REDIRECT] 
2026-02-18 12:07:49,164 [ERROR] LogOutputStream:75 - [STDERR_REDIRECT] [Fatal Error] :1:1: Premature end of file.
2026-02-18 12:07:49,164 [ERROR] LogOutputStream:75 - [STDERR_REDIRECT] 
2026-02-18 12:07:50,170 [ERROR] LogOutputStream:75 - [STDERR_REDIRECT] [Fatal Error] :1:1: Premature end of file.
2026-02-18 12:07:50,170 [ERROR] LogOutputStream:75 - [STDERR_REDIRECT] 
2026-02-18 12:07:51,168 [ERROR] LogOutputStream:75 - [STDERR_REDIRECT] [Fatal Error] :1:1: Premature end of file.
2026-02-18 12:07:51,168 [ERROR] LogOutputStream:75 - [STDERR_REDIRECT] 
2026-02-18 12:07:52,169 [ERROR] LogOutputStream:75 - [STDERR_REDIRECT] [Fatal Error] :1:1: Premature end of file.
2026-02-18 12:07:52,169 [ERROR] LogOutputStream:75 - [STDERR_REDIRECT] 
2026-02-18 12:07:53,171 [ERROR] LogOutputStream:75 - [STDERR_REDIRECT] [Fatal Error] :1:1: Premature end of file.
2026-02-18 12:07:53,171 [ERROR] LogOutputStream:75 - [STDERR_REDIRECT] 
2026-02-18 12:07:54,170 [ERROR] LogOutputStream:75 - [STDERR_REDIRECT] [Fatal Error] :1:1: Premature end of file.
2026-02-18 12:07:54,170 [ERROR] LogOutputStream:75 - [STDERR_REDIRECT] 
2026-02-18 12:07:55,166 [ERROR] LogOutputStream:75 - [STDERR_REDIRECT] [Fatal Error] :1:1: Premature end of file.
2026-02-18 12:07:55,166 [ERROR] LogOutputStream:75 - [STDERR_REDIRECT] 
2026-02-18 12:07:56,161 [ERROR] LogOutputStream:75 - [STDERR_REDIRECT] [Fatal Error] :1:1: Premature end of file.
2026-02-18 12:07:56,161 [ERROR] LogOutputStream:75 - [STDERR_REDIRECT] 
2026-02-18 12:07:57,180 [ERROR] LogOutputStream:75 - [STDERR_REDIRECT] [Fatal Error] :1:1: Premature end of file.
2026-02-18 12:07:57,180 [ERROR] LogOutputStream:75 - [STDERR_REDIRECT] 
2026-02-18 12:07:58,164 [ERROR] LogOutputStream:75 - [STDERR_REDIRECT] [Fatal Error] :1:1: Premature end of file.
2026-02-18 12:07:58,164 [ERROR] LogOutputStream:75 - [STDERR_REDIRECT] 
2026-02-18 12:07:59,175 [ERROR] LogOutputStream:75 - [STDERR_REDIRECT] [Fatal Error] :1:1: Premature end of file.
2026-02-18 12:07:59,175 [ERROR] LogOutputStream:75 - [STDERR_REDIRECT] 
2026-02-18 12:08:00,160 [ERROR] LogOutputStream:75 - [STDERR_REDIRECT] [Fatal Error] :1:1: Premature end of file.
2026-02-18 12:08:00,160 [ERROR] LogOutputStream:75 - [STDERR_REDIRECT] 
2026-02-18 12:08:01,166 [ERROR] LogOutputStream:75 - [STDERR_REDIRECT] [Fatal Error] :1:1: Premature end of file.
2026-02-18 12:08:01,166 [ERROR] LogOutputStream:75 - [STDERR_REDIRECT] 
2026-02-18 12:08:02,168 [ERROR] LogOutputStream:75 - [STDERR_REDIRECT] [Fatal Error] :1:1: Premature end of file.
2026-02-18 12:08:02,168 [ERROR] LogOutputStream:75 - [STDERR_REDIRECT] 
2026-02-18 12:08:03,181 [ERROR] LogOutputStream:75 - [STDERR_REDIRECT] [Fatal Error] :1:1: Premature end of file.
2026-02-18 12:08:03,181 [ERROR] LogOutputStream:75 - [STDERR_REDIRECT] 
2026-02-18 12:08:04,177 [ERROR] LogOutputStream:75 - [STDERR_REDIRECT] [Fatal Error] :1:1: Premature end of file.
2026-02-18 12:08:04,177 [ERROR] LogOutputStream:75 - [STDERR_REDIRECT] 
2026-02-18 12:08:05,178 [ERROR] LogOutputStream:75 - [STDERR_REDIRECT] [Fatal Error] :1:1: Premature end of file.
2026-02-18 12:08:05,178 [ERROR] LogOutputStream:75 - [STDERR_REDIRECT] 
2026-02-18 12:08:06,176 [ERROR] LogOutputStream:75 - [STDERR_REDIRECT] [Fatal Error] :1:1: Premature end of file.
2026-02-18 12:08:06,176 [ERROR] LogOutputStream:75 - [STDERR_REDIRECT] 
2026-02-18 12:08:07,170 [ERROR] LogOutputStream:75 - [STDERR_REDIRECT] [Fatal Error] :1:1: Premature end of file.
2026-02-18 12:08:07,170 [ERROR] LogOutputStream:75 - [STDERR_REDIRECT] 
2026-02-18 12:08:08,170 [ERROR] LogOutputStream:75 - [STDERR_REDIRECT] [Fatal Error] :1:1: Premature end of file.
2026-02-18 12:08:08,170 [ERROR] LogOutputStream:75 - [STDERR_REDIRECT] 
2026-02-18 12:08:09,178 [ERROR] LogOutputStream:75 - [STDERR_REDIRECT] [Fatal Error] :1:1: Premature end of file.
2026-02-18 12:08:09,178 [ERROR] LogOutputStream:75 - [STDERR_REDIRECT] 
2026-02-18 12:08:10,170 [ERROR] LogOutputStream:75 - [STDERR_REDIRECT] [Fatal Error] :1:1: Premature end of file.
2026-02-18 12:08:10,170 [ERROR] LogOutputStream:75 - [STDERR_REDIRECT] 
2026-02-18 12:08:11,175 [ERROR] LogOutputStream:75 - [STDERR_REDIRECT] [Fatal Error] :1:1: Premature end of file.
2026-02-18 12:08:11,175 [ERROR] LogOutputStream:75 - [STDERR_REDIRECT] 
2026-02-18 12:08:12,170 [ERROR] LogOutputStream:75 - [STDERR_REDIRECT] [Fatal Error] :1:1: Premature end of file.
2026-02-18 12:08:12,170 [ERROR] LogOutputStream:75 - [STDERR_REDIRECT] 
2026-02-18 12:08:13,168 [ERROR] LogOutputStream:75 - [STDERR_REDIRECT] [Fatal Error] :1:1: Premature end of file.
2026-02-18 12:08:13,168 [ERROR] LogOutputStream:75 - [STDERR_REDIRECT] 
2026-02-18 12:08:14,170 [ERROR] LogOutputStream:75 - [STDERR_REDIRECT] [Fatal Error] :1:1: Premature end of file.
2026-02-18 12:08:14,170 [ERROR] LogOutputStream:75 - [STDERR_REDIRECT] 
2026-02-18 12:08:15,163 [ERROR] LogOutputStream:75 - [STDERR_REDIRECT] [Fatal Error] :1:1: Premature end of file.
2026-02-18 12:08:15,163 [ERROR] LogOutputStream:75 - [STDERR_REDIRECT] 
2026-02-18 12:08:16,169 [ERROR] LogOutputStream:75 - [STDERR_REDIRECT] [Fatal Error] :1:1: Premature end of file.
2026-02-18 12:08:16,169 [ERROR] LogOutputStream:75 - [STDERR_REDIRECT] 
2026-02-18 12:08:17,169 [ERROR] LogOutputStream:75 - [STDERR_REDIRECT] [Fatal Error] :1:1: Premature end of file.
2026-02-18 12:08:17,173 [ERROR] LogOutputStream:75 - [STDERR_REDIRECT] 
2026-02-18 12:08:18,177 [ERROR] LogOutputStream:75 - [STDERR_REDIRECT] [Fatal Error] :1:1: Premature end of file.
2026-02-18 12:08:18,177 [ERROR] LogOutputStream:75 - [STDERR_REDIRECT] 
2026-02-18 12:08:19,170 [ERROR] LogOutputStream:75 - [STDERR_REDIRECT] [Fatal Error] :1:1: Premature end of file.
2026-02-18 12:08:19,170 [ERROR] LogOutputStream:75 - [STDERR_REDIRECT] 
2026-02-18 12:08:20,161 [ERROR] LogOutputStream:75 - [STDERR_REDIRECT] [Fatal Error] :1:1: Premature end of file.
2026-02-18 12:08:20,161 [ERROR] LogOutputStream:75 - [STDERR_REDIRECT] 
2026-02-18 12:08:21,172 [ERROR] LogOutputStream:75 - [STDERR_REDIRECT] [Fatal Error] :1:1: Premature end of file.
2026-02-18 12:08:21,172 [ERROR] LogOutputStream:75 - [STDERR_REDIRECT] 
2026-02-18 12:08:22,175 [ERROR] LogOutputStream:75 - [STDERR_REDIRECT] [Fatal Error] :1:1: Premature end of file.
2026-02-18 12:08:22,175 [ERROR] LogOutputStream:75 - [STDERR_REDIRECT] 
2026-02-18 12:08:23,164 [ERROR] LogOutputStream:75 - [STDERR_REDIRECT] [Fatal Error] :1:1: Premature end of file.
2026-02-18 12:08:23,164 [ERROR] LogOutputStream:75 - [STDERR_REDIRECT] 
2026-02-18 12:08:24,168 [ERROR] LogOutputStream:75 - [STDERR_REDIRECT] [Fatal Error] :1:1: Premature end of file.
2026-02-18 12:08:24,168 [ERROR] LogOutputStream:75 - [STDERR_REDIRECT] 
2026-02-18 12:08:25,163 [ERROR] LogOutputStream:75 - [STDERR_REDIRECT] [Fatal Error] :1:1: Premature end of file.
2026-02-18 12:08:25,163 [ERROR] LogOutputStream:75 - [STDERR_REDIRECT] 
2026-02-18 12:08:26,165 [ERROR] LogOutputStream:75 - [STDERR_REDIRECT] [Fatal Error] :1:1: Premature end of file.
2026-02-18 12:08:26,165 [ERROR] LogOutputStream:75 - [STDERR_REDIRECT] 
2026-02-18 12:08:27,168 [ERROR] LogOutputStream:75 - [STDERR_REDIRECT] [Fatal Error] :1:1: Premature end of file.
2026-02-18 12:08:27,168 [ERROR] LogOutputStream:75 - [STDERR_REDIRECT] 
2026-02-18 12:08:28,169 [ERROR] LogOutputStream:75 - [STDERR_REDIRECT] [Fatal Error] :1:1: Premature end of file.
2026-02-18 12:08:28,169 [ERROR] LogOutputStream:75 - [STDERR_REDIRECT] 
2026-02-18 12:08:29,167 [ERROR] LogOutputStream:75 - [STDERR_REDIRECT] [Fatal Error] :1:1: Premature end of file.
2026-02-18 12:08:29,167 [ERROR] LogOutputStream:75 - [STDERR_REDIRECT] 
2026-02-18 12:08:30,161 [ERROR] LogOutputStream:75 - [STDERR_REDIRECT] [Fatal Error] :1:1: Premature end of file.
2026-02-18 12:08:30,161 [ERROR] LogOutputStream:75 - [STDERR_REDIRECT] 
2026-02-18 12:08:31,168 [ERROR] LogOutputStream:75 - [STDERR_REDIRECT] [Fatal Error] :1:1: Premature end of file.
2026-02-18 12:08:31,168 [ERROR] LogOutputStream:75 - [STDERR_REDIRECT] 
2026-02-18 12:08:32,164 [ERROR] LogOutputStream:75 - [STDERR_REDIRECT] [Fatal Error] :1:1: Premature end of file.
2026-02-18 12:08:32,164 [ERROR] LogOutputStream:75 - [STDERR_REDIRECT] 
2026-02-18 12:08:33,161 [ERROR] LogOutputStream:75 - [STDERR_REDIRECT] [Fatal Error] :1:1: Premature end of file.
2026-02-18 12:08:33,161 [ERROR] LogOutputStream:75 - [STDERR_REDIRECT] 
2026-02-18 12:08:34,169 [ERROR] LogOutputStream:75 - [STDERR_REDIRECT] [Fatal Error] :1:1: Premature end of file.
2026-02-18 12:08:34,169 [ERROR] LogOutputStream:75 - [STDERR_REDIRECT] 
2026-02-18 12:08:35,167 [ERROR] LogOutputStream:75 - [STDERR_REDIRECT] [Fatal Error] :1:1: Premature end of file.
2026-02-18 12:08:35,167 [ERROR] LogOutputStream:75 - [STDERR_REDIRECT] 
2026-02-18 12:08:36,169 [ERROR] LogOutputStream:75 - [STDERR_REDIRECT] [Fatal Error] :1:1: Premature end of file.
2026-02-18 12:08:36,169 [ERROR] LogOutputStream:75 - [STDERR_REDIRECT] 
2026-02-18 12:08:37,169 [ERROR] LogOutputStream:75 - [STDERR_REDIRECT] [Fatal Error] :1:1: Premature end of file.
2026-02-18 12:08:37,169 [ERROR] LogOutputStream:75 - [STDERR_REDIRECT] 
2026-02-18 12:08:38,178 [ERROR] LogOutputStream:75 - [STDERR_REDIRECT] [Fatal Error] :1:1: Premature end of file.
2026-02-18 12:08:38,178 [ERROR] LogOutputStream:75 - [STDERR_REDIRECT] 
2026-02-18 12:08:39,164 [ERROR] LogOutputStream:75 - [STDERR_REDIRECT] [Fatal Error] :1:1: Premature end of file.
2026-02-18 12:08:39,164 [ERROR] LogOutputStream:75 - [STDERR_REDIRECT] 
2026-02-18 12:08:40,175 [ERROR] LogOutputStream:75 - [STDERR_REDIRECT] [Fatal Error] :1:1: Premature end of file.
2026-02-18 12:08:40,175 [ERROR] LogOutputStream:75 - [STDERR_REDIRECT] 
2026-02-18 12:08:41,180 [ERROR] LogOutputStream:75 - [STDERR_REDIRECT] [Fatal Error] :1:1: Premature end of file.
2026-02-18 12:08:41,180 [ERROR] LogOutputStream:75 - [STDERR_REDIRECT] 
2026-02-18 12:08:42,172 [ERROR] LogOutputStream:75 - [STDERR_REDIRECT] [Fatal Error] :1:1: Premature end of file.
2026-02-18 12:08:42,172 [ERROR] LogOutputStream:75 - [STDERR_REDIRECT] 
2026-02-18 12:08:43,170 [ERROR] LogOutputStream:75 - [STDERR_REDIRECT] [Fatal Error] :1:1: Premature end of file.
2026-02-18 12:08:43,170 [ERROR] LogOutputStream:75 - [STDERR_REDIRECT] 
2026-02-18 12:08:44,169 [ERROR] LogOutputStream:75 - [STDERR_REDIRECT] [Fatal Error] :1:1: Premature end of file.
2026-02-18 12:08:44,169 [ERROR] LogOutputStream:75 - [STDERR_REDIRECT] 
2026-02-18 12:08:45,172 [ERROR] LogOutputStream:75 - [STDERR_REDIRECT] [Fatal Error] :1:1: Premature end of file.
2026-02-18 12:08:45,172 [ERROR] LogOutputStream:75 - [STDERR_REDIRECT] 
2026-02-18 12:08:46,170 [ERROR] LogOutputStream:75 - [STDERR_REDIRECT] [Fatal Error] :1:1: Premature end of file.
2026-02-18 12:08:46,170 [ERROR] LogOutputStream:75 - [STDERR_REDIRECT] 
2026-02-18 12:08:47,166 [ERROR] LogOutputStream:75 - [STDERR_REDIRECT] [Fatal Error] :1:1: Premature end of file.
2026-02-18 12:08:47,166 [ERROR] LogOutputStream:75 - [STDERR_REDIRECT] 
2026-02-18 12:08:48,162 [ERROR] LogOutputStream:75 - [STDERR_REDIRECT] [Fatal Error] :1:1: Premature end of file.
2026-02-18 12:08:48,162 [ERROR] LogOutputStream:75 - [STDERR_REDIRECT] 
2026-02-18 12:08:49,172 [ERROR] LogOutputStream:75 - [STDERR_REDIRECT] [Fatal Error] :1:1: Premature end of file.
2026-02-18 12:08:49,172 [ERROR] LogOutputStream:75 - [STDERR_REDIRECT] 
2026-02-18 12:08:50,167 [ERROR] LogOutputStream:75 - [STDERR_REDIRECT] [Fatal Error] :1:1: Premature end of file.
2026-02-18 12:08:50,167 [ERROR] LogOutputStream:75 - [STDERR_REDIRECT] 
2026-02-18 12:08:51,170 [ERROR] LogOutputStream:75 - [STDERR_REDIRECT] [Fatal Error] :1:1: Premature end of file.
2026-02-18 12:08:51,170 [ERROR] LogOutputStream:75 - [STDERR_REDIRECT] 
2026-02-18 12:08:52,168 [ERROR] LogOutputStream:75 - [STDERR_REDIRECT] [Fatal Error] :1:1: Premature end of file.
2026-02-18 12:08:52,168 [ERROR] LogOutputStream:75 - [STDERR_REDIRECT] 
2026-02-18 12:08:53,163 [ERROR] LogOutputStream:75 - [STDERR_REDIRECT] [Fatal Error] :1:1: Premature end of file.
2026-02-18 12:08:53,168 [ERROR] LogOutputStream:75 - [STDERR_REDIRECT] 
2026-02-18 12:08:54,168 [ERROR] LogOutputStream:75 - [STDERR_REDIRECT] [Fatal Error] :1:1: Premature end of file.
2026-02-18 12:08:54,168 [ERROR] LogOutputStream:75 - [STDERR_REDIRECT] 
2026-02-18 12:08:55,170 [ERROR] LogOutputStream:75 - [STDERR_REDIRECT] [Fatal Error] :1:1: Premature end of file.
2026-02-18 12:08:55,170 [ERROR] LogOutputStream:75 - [STDERR_REDIRECT] 
2026-02-18 12:08:56,161 [ERROR] LogOutputStream:75 - [STDERR_REDIRECT] [Fatal Error] :1:1: Premature end of file.
2026-02-18 12:08:56,161 [ERROR] LogOutputStream:75 - [STDERR_REDIRECT] 
2026-02-18 12:08:57,163 [ERROR] LogOutputStream:75 - [STDERR_REDIRECT] [Fatal Error] :1:1: Premature end of file.
2026-02-18 12:08:57,163 [ERROR] LogOutputStream:75 - [STDERR_REDIRECT] 
2026-02-18 12:08:58,167 [ERROR] LogOutputStream:75 - [STDERR_REDIRECT] [Fatal Error] :1:1: Premature end of file.
2026-02-18 12:08:58,170 [ERROR] LogOutputStream:75 - [STDERR_REDIRECT] 
2026-02-18 12:08:59,170 [ERROR] LogOutputStream:75 - [STDERR_REDIRECT] [Fatal Error] :1:1: Premature end of file.
2026-02-18 12:08:59,170 [ERROR] LogOutputStream:75 - [STDERR_REDIRECT] 
2026-02-18 12:09:00,169 [ERROR] LogOutputStream:75 - [STDERR_REDIRECT] [Fatal Error] :1:1: Premature end of file.
2026-02-18 12:09:00,169 [ERROR] LogOutputStream:75 - [STDERR_REDIRECT] 
2026-02-18 12:09:01,163 [ERROR] LogOutputStream:75 - [STDERR_REDIRECT] [Fatal Error] :1:1: Premature end of file.
2026-02-18 12:09:01,163 [ERROR] LogOutputStream:75 - [STDERR_REDIRECT] 
2026-02-18 12:09:02,171 [ERROR] LogOutputStream:75 - [STDERR_REDIRECT] [Fatal Error] :1:1: Premature end of file.
2026-02-18 12:09:02,171 [ERROR] LogOutputStream:75 - [STDERR_REDIRECT] 
2026-02-18 12:09:03,168 [ERROR] LogOutputStream:75 - [STDERR_REDIRECT] [Fatal Error] :1:1: Premature end of file.
2026-02-18 12:09:03,168 [ERROR] LogOutputStream:75 - [STDERR_REDIRECT] 
2026-02-18 12:09:04,167 [ERROR] LogOutputStream:75 - [STDERR_REDIRECT] [Fatal Error] :1:1: Premature end of file.
2026-02-18 12:09:04,167 [ERROR] LogOutputStream:75 - [STDERR_REDIRECT] 
2026-02-18 12:09:05,161 [ERROR] LogOutputStream:75 - [STDERR_REDIRECT] [Fatal Error] :1:1: Premature end of file.
2026-02-18 12:09:05,161 [ERROR] LogOutputStream:75 - [STDERR_REDIRECT] 
2026-02-18 12:09:06,169 [ERROR] LogOutputStream:75 - [STDERR_REDIRECT] [Fatal Error] :1:1: Premature end of file.
2026-02-18 12:09:06,169 [ERROR] LogOutputStream:75 - [STDERR_REDIRECT] 
2026-02-18 12:09:07,163 [ERROR] LogOutputStream:75 - [STDERR_REDIRECT] [Fatal Error] :1:1: Premature end of file.
2026-02-18 12:09:07,163 [ERROR] LogOutputStream:75 - [STDERR_REDIRECT] 
2026-02-18 12:09:08,168 [ERROR] LogOutputStream:75 - [STDERR_REDIRECT] [Fatal Error] :1:1: Premature end of file.
2026-02-18 12:09:08,168 [ERROR] LogOutputStream:75 - [STDERR_REDIRECT] 
2026-02-18 12:09:09,172 [ERROR] LogOutputStream:75 - [STDERR_REDIRECT] [Fatal Error] :1:1: Premature end of file.
2026-02-18 12:09:09,172 [ERROR] LogOutputStream:75 - [STDERR_REDIRECT] 
2026-02-18 12:09:10,174 [ERROR] LogOutputStream:75 - [STDERR_REDIRECT] [Fatal Error] :1:1: Premature end of file.
2026-02-18 12:09:10,174 [ERROR] LogOutputStream:75 - [STDERR_REDIRECT] 
2026-02-18 12:09:11,165 [ERROR] LogOutputStream:75 - [STDERR_REDIRECT] [Fatal Error] :1:1: Premature end of file.
2026-02-18 12:09:11,165 [ERROR] LogOutputStream:75 - [STDERR_REDIRECT] 
2026-02-18 12:09:12,166 [ERROR] LogOutputStream:75 - [STDERR_REDIRECT] [Fatal Error] :1:1: Premature end of file.
2026-02-18 12:09:12,166 [ERROR] LogOutputStream:75 - [STDERR_REDIRECT] 
2026-02-18 12:09:13,161 [ERROR] LogOutputStream:75 - [STDERR_REDIRECT] [Fatal Error] :1:1: Premature end of file.
2026-02-18 12:09:13,161 [ERROR] LogOutputStream:75 - [STDERR_REDIRECT] 
2026-02-18 12:09:14,169 [ERROR] LogOutputStream:75 - [STDERR_REDIRECT] [Fatal Error] :1:1: Premature end of file.
2026-02-18 12:09:14,169 [ERROR] LogOutputStream:75 - [STDERR_REDIRECT] 
2026-02-18 12:09:15,179 [ERROR] LogOutputStream:75 - [STDERR_REDIRECT] [Fatal Error] :1:1: Premature end of file.
2026-02-18 12:09:15,179 [ERROR] LogOutputStream:75 - [STDERR_REDIRECT] 
2026-02-18 12:09:16,173 [ERROR] LogOutputStream:75 - [STDERR_REDIRECT] [Fatal Error] :1:1: Premature end of file.
2026-02-18 12:09:16,174 [ERROR] LogOutputStream:75 - [STDERR_REDIRECT] 
2026-02-18 12:09:17,170 [ERROR] LogOutputStream:75 - [STDERR_REDIRECT] [Fatal Error] :1:1: Premature end of file.
2026-02-18 12:09:17,170 [ERROR] LogOutputStream:75 - [STDERR_REDIRECT] 
2026-02-18 12:09:18,176 [ERROR] LogOutputStream:75 - [STDERR_REDIRECT] [Fatal Error] :1:1: Premature end of file.
2026-02-18 12:09:18,176 [ERROR] LogOutputStream:75 - [STDERR_REDIRECT] 
2026-02-18 12:09:19,161 [ERROR] LogOutputStream:75 - [STDERR_REDIRECT] [Fatal Error] :1:1: Premature end of file.
2026-02-18 12:09:19,161 [ERROR] LogOutputStream:75 - [STDERR_REDIRECT] 
2026-02-18 12:09:20,170 [ERROR] LogOutputStream:75 - [STDERR_REDIRECT] [Fatal Error] :1:1: Premature end of file.
2026-02-18 12:09:20,170 [ERROR] LogOutputStream:75 - [STDERR_REDIRECT] 
2026-02-18 12:09:21,164 [ERROR] LogOutputStream:75 - [STDERR_REDIRECT] [Fatal Error] :1:1: Premature end of file.
2026-02-18 12:09:21,164 [ERROR] LogOutputStream:75 - [STDERR_REDIRECT] 
2026-02-18 12:09:22,171 [ERROR] LogOutputStream:75 - [STDERR_REDIRECT] [Fatal Error] :1:1: Premature end of file.
2026-02-18 12:09:22,171 [ERROR] LogOutputStream:75 - [STDERR_REDIRECT] 
2026-02-18 12:09:23,168 [ERROR] LogOutputStream:75 - [STDERR_REDIRECT] [Fatal Error] :1:1: Premature end of file.
2026-02-18 12:09:23,168 [ERROR] LogOutputStream:75 - [STDERR_REDIRECT] 
2026-02-18 12:09:24,164 [ERROR] LogOutputStream:75 - [STDERR_REDIRECT] [Fatal Error] :1:1: Premature end of file.
2026-02-18 12:09:24,164 [ERROR] LogOutputStream:75 - [STDERR_REDIRECT] 
2026-02-18 12:09:25,166 [ERROR] LogOutputStream:75 - [STDERR_REDIRECT] [Fatal Error] :1:1: Premature end of file.
2026-02-18 12:09:25,166 [ERROR] LogOutputStream:75 - [STDERR_REDIRECT] 
2026-02-18 12:09:26,167 [ERROR] LogOutputStream:75 - [STDERR_REDIRECT] [Fatal Error] :1:1: Premature end of file.
2026-02-18 12:09:26,167 [ERROR] LogOutputStream:75 - [STDERR_REDIRECT] 
2026-02-18 12:09:27,172 [ERROR] LogOutputStream:75 - [STDERR_REDIRECT] [Fatal Error] :1:1: Premature end of file.
2026-02-18 12:09:27,172 [ERROR] LogOutputStream:75 - [STDERR_REDIRECT] 
2026-02-18 12:09:28,169 [ERROR] LogOutputStream:75 - [STDERR_REDIRECT] [Fatal Error] :1:1: Premature end of file.
2026-02-18 12:09:28,169 [ERROR] LogOutputStream:75 - [STDERR_REDIRECT] 
2026-02-18 12:09:29,171 [ERROR] LogOutputStream:75 - [STDERR_REDIRECT] [Fatal Error] :1:1: Premature end of file.
2026-02-18 12:09:29,171 [ERROR] LogOutputStream:75 - [STDERR_REDIRECT] 
2026-02-18 12:09:30,170 [ERROR] LogOutputStream:75 - [STDERR_REDIRECT] [Fatal Error] :1:1: Premature end of file.
2026-02-18 12:09:30,170 [ERROR] LogOutputStream:75 - [STDERR_REDIRECT] 
2026-02-18 12:09:31,172 [ERROR] LogOutputStream:75 - [STDERR_REDIRECT] [Fatal Error] :1:1: Premature end of file.
2026-02-18 12:09:31,172 [ERROR] LogOutputStream:75 - [STDERR_REDIRECT] 
2026-02-18 12:09:32,170 [ERROR] LogOutputStream:75 - [STDERR_REDIRECT] [Fatal Error] :1:1: Premature end of file.
2026-02-18 12:09:32,170 [ERROR] LogOutputStream:75 - [STDERR_REDIRECT] 
2026-02-18 12:09:33,173 [ERROR] LogOutputStream:75 - [STDERR_REDIRECT] [Fatal Error] :1:1: Premature end of file.
2026-02-18 12:09:33,173 [ERROR] LogOutputStream:75 - [STDERR_REDIRECT] 
2026-02-18 12:09:34,170 [ERROR] LogOutputStream:75 - [STDERR_REDIRECT] [Fatal Error] :1:1: Premature end of file.
2026-02-18 12:09:34,170 [ERROR] LogOutputStream:75 - [STDERR_REDIRECT] 
2026-02-18 12:09:35,168 [ERROR] LogOutputStream:75 - [STDERR_REDIRECT] [Fatal Error] :1:1: Premature end of file.
2026-02-18 12:09:35,168 [ERROR] LogOutputStream:75 - [STDERR_REDIRECT] 
2026-02-18 12:09:36,166 [ERROR] LogOutputStream:75 - [STDERR_REDIRECT] [Fatal Error] :1:1: Premature end of file.
2026-02-18 12:09:36,166 [ERROR] LogOutputStream:75 - [STDERR_REDIRECT] 
2026-02-18 12:09:37,162 [ERROR] LogOutputStream:75 - [STDERR_REDIRECT] [Fatal Error] :1:1: Premature end of file.
2026-02-18 12:09:37,162 [ERROR] LogOutputStream:75 - [STDERR_REDIRECT] 
2026-02-18 12:09:38,169 [ERROR] LogOutputStream:75 - [STDERR_REDIRECT] [Fatal Error] :1:1: Premature end of file.
2026-02-18 12:09:38,169 [ERROR] LogOutputStream:75 - [STDERR_REDIRECT] 
2026-02-18 12:09:39,168 [ERROR] LogOutputStream:75 - [STDERR_REDIRECT] [Fatal Error] :1:1: Premature end of file.
2026-02-18 12:09:39,168 [ERROR] LogOutputStream:75 - [STDERR_REDIRECT] 
2026-02-18 12:09:40,173 [ERROR] LogOutputStream:75 - [STDERR_REDIRECT] [Fatal Error] :1:1: Premature end of file.
2026-02-18 12:09:40,173 [ERROR] LogOutputStream:75 - [STDERR_REDIRECT] 
2026-02-18 12:09:41,164 [ERROR] LogOutputStream:75 - [STDERR_REDIRECT] [Fatal Error] :1:1: Premature end of file.
2026-02-18 12:09:41,164 [ERROR] LogOutputStream:75 - [STDERR_REDIRECT] 
2026-02-18 12:09:42,173 [ERROR] LogOutputStream:75 - [STDERR_REDIRECT] [Fatal Error] :1:1: Premature end of file.
2026-02-18 12:09:42,173 [ERROR] LogOutputStream:75 - [STDERR_REDIRECT] 
2026-02-18 12:09:43,174 [ERROR] LogOutputStream:75 - [STDERR_REDIRECT] [Fatal Error] :1:1: Premature end of file.
2026-02-18 12:09:43,174 [ERROR] LogOutputStream:75 - [STDERR_REDIRECT] 
2026-02-18 12:09:44,168 [ERROR] LogOutputStream:75 - [STDERR_REDIRECT] [Fatal Error] :1:1: Premature end of file.
2026-02-18 12:09:44,168 [ERROR] LogOutputStream:75 - [STDERR_REDIRECT] 
2026-02-18 12:09:45,169 [ERROR] LogOutputStream:75 - [STDERR_REDIRECT] [Fatal Error] :1:1: Premature end of file.
2026-02-18 12:09:45,169 [ERROR] LogOutputStream:75 - [STDERR_REDIRECT] 
2026-02-18 12:09:46,163 [ERROR] LogOutputStream:75 - [STDERR_REDIRECT] [Fatal Error] :1:1: Premature end of file.
2026-02-18 12:09:46,163 [ERROR] LogOutputStream:75 - [STDERR_REDIRECT] 
2026-02-18 12:09:47,165 [ERROR] LogOutputStream:75 - [STDERR_REDIRECT] [Fatal Error] :1:1: Premature end of file.
2026-02-18 12:09:47,165 [ERROR] LogOutputStream:75 - [STDERR_REDIRECT] 
2026-02-18 12:09:48,171 [ERROR] LogOutputStream:75 - [STDERR_REDIRECT] [Fatal Error] :1:1: Premature end of file.
2026-02-18 12:09:48,176 [ERROR] LogOutputStream:75 - [STDERR_REDIRECT] 
2026-02-18 12:09:49,161 [ERROR] LogOutputStream:75 - [STDERR_REDIRECT] [Fatal Error] :1:1: Premature end of file.
2026-02-18 12:09:49,161 [ERROR] LogOutputStream:75 - [STDERR_REDIRECT] 
2026-02-18 12:09:50,168 [ERROR] LogOutputStream:75 - [STDERR_REDIRECT] [Fatal Error] :1:1: Premature end of file.
2026-02-18 12:09:50,168 [ERROR] LogOutputStream:75 - [STDERR_REDIRECT] 
2026-02-18 12:09:51,165 [ERROR] LogOutputStream:75 - [STDERR_REDIRECT] [Fatal Error] :1:1: Premature end of file.
2026-02-18 12:09:51,165 [ERROR] LogOutputStream:75 - [STDERR_REDIRECT] 
2026-02-18 12:09:52,168 [ERROR] LogOutputStream:75 - [STDERR_REDIRECT] [Fatal Error] :1:1: Premature end of file.
2026-02-18 12:09:52,168 [ERROR] LogOutputStream:75 - [STDERR_REDIRECT] 
2026-02-18 12:09:53,166 [ERROR] LogOutputStream:75 - [STDERR_REDIRECT] [Fatal Error] :1:1: Premature end of file.
2026-02-18 12:09:53,166 [ERROR] LogOutputStream:75 - [STDERR_REDIRECT] 
2026-02-18 12:09:54,168 [ERROR] LogOutputStream:75 - [STDERR_REDIRECT] [Fatal Error] :1:1: Premature end of file.
2026-02-18 12:09:54,168 [ERROR] LogOutputStream:75 - [STDERR_REDIRECT] 
2026-02-18 12:09:55,176 [ERROR] LogOutputStream:75 - [STDERR_REDIRECT] [Fatal Error] :1:1: Premature end of file.
2026-02-18 12:09:55,176 [ERROR] LogOutputStream:75 - [STDERR_REDIRECT] 
2026-02-18 12:09:56,173 [ERROR] LogOutputStream:75 - [STDERR_REDIRECT] [Fatal Error] :1:1: Premature end of file.
2026-02-18 12:09:56,173 [ERROR] LogOutputStream:75 - [STDERR_REDIRECT] 
2026-02-18 12:09:57,176 [ERROR] LogOutputStream:75 - [STDERR_REDIRECT] [Fatal Error] :1:1: Premature end of file.
2026-02-18 12:09:57,176 [ERROR] LogOutputStream:75 - [STDERR_REDIRECT] 
2026-02-18 12:09:58,172 [ERROR] LogOutputStream:75 - [STDERR_REDIRECT] [Fatal Error] :1:1: Premature end of file.
2026-02-18 12:09:58,173 [ERROR] LogOutputStream:75 - [STDERR_REDIRECT] 
2026-02-18 12:09:59,172 [ERROR] LogOutputStream:75 - [STDERR_REDIRECT] [Fatal Error] :1:1: Premature end of file.
2026-02-18 12:09:59,172 [ERROR] LogOutputStream:75 - [STDERR_REDIRECT] 
2026-02-18 12:10:00,170 [ERROR] LogOutputStream:75 - [STDERR_REDIRECT] [Fatal Error] :1:1: Premature end of file.
2026-02-18 12:10:00,170 [ERROR] LogOutputStream:75 - [STDERR_REDIRECT] 
2026-02-18 12:10:01,175 [ERROR] LogOutputStream:75 - [STDERR_REDIRECT] [Fatal Error] :1:1: Premature end of file.
2026-02-18 12:10:01,175 [ERROR] LogOutputStream:75 - [STDERR_REDIRECT] 
2026-02-18 12:10:02,168 [ERROR] LogOutputStream:75 - [STDERR_REDIRECT] [Fatal Error] :1:1: Premature end of file.
2026-02-18 12:10:02,168 [ERROR] LogOutputStream:75 - [STDERR_REDIRECT] 
2026-02-18 12:10:03,172 [ERROR] LogOutputStream:75 - [STDERR_REDIRECT] [Fatal Error] :1:1: Premature end of file.
2026-02-18 12:10:03,172 [ERROR] LogOutputStream:75 - [STDERR_REDIRECT] 
2026-02-18 12:10:04,163 [ERROR] LogOutputStream:75 - [STDERR_REDIRECT] [Fatal Error] :1:1: Premature end of file.
2026-02-18 12:10:04,163 [ERROR] LogOutputStream:75 - [STDERR_REDIRECT] 
2026-02-18 12:10:05,172 [ERROR] LogOutputStream:75 - [STDERR_REDIRECT] [Fatal Error] :1:1: Premature end of file.
2026-02-18 12:10:05,175 [ERROR] LogOutputStream:75 - [STDERR_REDIRECT] 
2026-02-18 12:10:06,168 [ERROR] LogOutputStream:75 - [STDERR_REDIRECT] [Fatal Error] :1:1: Premature end of file.
2026-02-18 12:10:06,168 [ERROR] LogOutputStream:75 - [STDERR_REDIRECT] 
2026-02-18 12:10:07,170 [ERROR] LogOutputStream:75 - [STDERR_REDIRECT] [Fatal Error] :1:1: Premature end of file.
2026-02-18 12:10:07,176 [ERROR] LogOutputStream:75 - [STDERR_REDIRECT] 
2026-02-18 12:10:08,168 [ERROR] LogOutputStream:75 - [STDERR_REDIRECT] [Fatal Error] :1:1: Premature end of file.
2026-02-18 12:10:08,168 [ERROR] LogOutputStream:75 - [STDERR_REDIRECT] 
2026-02-18 12:10:09,160 [ERROR] LogOutputStream:75 - [STDERR_REDIRECT] [Fatal Error] :1:1: Premature end of file.
2026-02-18 12:10:09,160 [ERROR] LogOutputStream:75 - [STDERR_REDIRECT] 
2026-02-18 12:10:10,166 [ERROR] LogOutputStream:75 - [STDERR_REDIRECT] [Fatal Error] :1:1: Premature end of file.
2026-02-18 12:10:10,166 [ERROR] LogOutputStream:75 - [STDERR_REDIRECT] 
2026-02-18 12:10:11,167 [ERROR] LogOutputStream:75 - [STDERR_REDIRECT] [Fatal Error] :1:1: Premature end of file.
2026-02-18 12:10:11,167 [ERROR] LogOutputStream:75 - [STDERR_REDIRECT] 
2026-02-18 12:10:12,164 [ERROR] LogOutputStream:75 - [STDERR_REDIRECT] [Fatal Error] :1:1: Premature end of file.
2026-02-18 12:10:12,164 [ERROR] LogOutputStream:75 - [STDERR_REDIRECT] 
2026-02-18 12:10:13,167 [ERROR] LogOutputStream:75 - [STDERR_REDIRECT] [Fatal Error] :1:1: Premature end of file.
2026-02-18 12:10:13,167 [ERROR] LogOutputStream:75 - [STDERR_REDIRECT] 
2026-02-18 12:10:14,166 [ERROR] LogOutputStream:75 - [STDERR_REDIRECT] [Fatal Error] :1:1: Premature end of file.
2026-02-18 12:10:14,166 [ERROR] LogOutputStream:75 - [STDERR_REDIRECT] 
2026-02-18 12:10:15,162 [ERROR] LogOutputStream:75 - [STDERR_REDIRECT] [Fatal Error] :1:1: Premature end of file.
2026-02-18 12:10:15,162 [ERROR] LogOutputStream:75 - [STDERR_REDIRECT] 
2026-02-18 12:10:16,168 [ERROR] LogOutputStream:75 - [STDERR_REDIRECT] [Fatal Error] :1:1: Premature end of file.
2026-02-18 12:10:16,168 [ERROR] LogOutputStream:75 - [STDERR_REDIRECT] 
2026-02-18 12:10:17,168 [ERROR] LogOutputStream:75 - [STDERR_REDIRECT] [Fatal Error] :1:1: Premature end of file.
2026-02-18 12:10:17,168 [ERROR] LogOutputStream:75 - [STDERR_REDIRECT] 
2026-02-18 12:10:18,169 [ERROR] LogOutputStream:75 - [STDERR_REDIRECT] [Fatal Error] :1:1: Premature end of file.
2026-02-18 12:10:18,169 [ERROR] LogOutputStream:75 - [STDERR_REDIRECT] 
2026-02-18 12:10:19,163 [ERROR] LogOutputStream:75 - [STDERR_REDIRECT] [Fatal Error] :1:1: Premature end of file.
2026-02-18 12:10:19,163 [ERROR] LogOutputStream:75 - [STDERR_REDIRECT] 
2026-02-18 12:10:20,169 [ERROR] LogOutputStream:75 - [STDERR_REDIRECT] [Fatal Error] :1:1: Premature end of file.
2026-02-18 12:10:20,169 [ERROR] LogOutputStream:75 - [STDERR_REDIRECT] 
2026-02-18 12:10:21,170 [ERROR] LogOutputStream:75 - [STDERR_REDIRECT] [Fatal Error] :1:1: Premature end of file.
2026-02-18 12:10:21,170 [ERROR] LogOutputStream:75 - [STDERR_REDIRECT] 
2026-02-18 12:10:22,160 [ERROR] LogOutputStream:75 - [STDERR_REDIRECT] [Fatal Error] :1:1: Premature end of file.
2026-02-18 12:10:22,160 [ERROR] LogOutputStream:75 - [STDERR_REDIRECT] 
2026-02-18 12:10:23,167 [ERROR] LogOutputStream:75 - [STDERR_REDIRECT] [Fatal Error] :1:1: Premature end of file.
2026-02-18 12:10:23,167 [ERROR] LogOutputStream:75 - [STDERR_REDIRECT] 
2026-02-18 12:10:24,165 [ERROR] LogOutputStream:75 - [STDERR_REDIRECT] [Fatal Error] :1:1: Premature end of file.
2026-02-18 12:10:24,165 [ERROR] LogOutputStream:75 - [STDERR_REDIRECT] 
2026-02-18 12:10:25,161 [ERROR] LogOutputStream:75 - [STDERR_REDIRECT] [Fatal Error] :1:1: Premature end of file.
2026-02-18 12:10:25,161 [ERROR] LogOutputStream:75 - [STDERR_REDIRECT] 
2026-02-18 12:10:26,166 [ERROR] LogOutputStream:75 - [STDERR_REDIRECT] [Fatal Error] :1:1: Premature end of file.
2026-02-18 12:10:26,166 [ERROR] LogOutputStream:75 - [STDERR_REDIRECT] 
2026-02-18 12:10:27,163 [ERROR] LogOutputStream:75 - [STDERR_REDIRECT] [Fatal Error] :1:1: Premature end of file.
2026-02-18 12:10:27,163 [ERROR] LogOutputStream:75 - [STDERR_REDIRECT] 
2026-02-18 12:10:28,171 [ERROR] LogOutputStream:75 - [STDERR_REDIRECT] [Fatal Error] :1:1: Premature end of file.
2026-02-18 12:10:28,171 [ERROR] LogOutputStream:75 - [STDERR_REDIRECT] 
2026-02-18 12:10:29,161 [ERROR] LogOutputStream:75 - [STDERR_REDIRECT] [Fatal Error] :1:1: Premature end of file.
2026-02-18 12:10:29,161 [ERROR] LogOutputStream:75 - [STDERR_REDIRECT] 
2026-02-18 12:10:30,161 [ERROR] LogOutputStream:75 - [STDERR_REDIRECT] [Fatal Error] :1:1: Premature end of file.
2026-02-18 12:10:30,161 [ERROR] LogOutputStream:75 - [STDERR_REDIRECT] 
2026-02-18 12:10:31,176 [ERROR] LogOutputStream:75 - [STDERR_REDIRECT] [Fatal Error] :1:1: Premature end of file.
2026-02-18 12:10:31,176 [ERROR] LogOutputStream:75 - [STDERR_REDIRECT] 
2026-02-18 12:10:32,175 [ERROR] LogOutputStream:75 - [STDERR_REDIRECT] [Fatal Error] :1:1: Premature end of file.
2026-02-18 12:10:32,175 [ERROR] LogOutputStream:75 - [STDERR_REDIRECT] 
2026-02-18 12:10:33,175 [ERROR] LogOutputStream:75 - [STDERR_REDIRECT] [Fatal Error] :1:1: Premature end of file.
2026-02-18 12:10:33,175 [ERROR] LogOutputStream:75 - [STDERR_REDIRECT] 
2026-02-18 12:10:34,161 [ERROR] LogOutputStream:75 - [STDERR_REDIRECT] [Fatal Error] :1:1: Premature end of file.
2026-02-18 12:10:34,161 [ERROR] LogOutputStream:75 - [STDERR_REDIRECT] 
2026-02-18 12:10:35,169 [ERROR] LogOutputStream:75 - [STDERR_REDIRECT] [Fatal Error] :1:1: Premature end of file.
2026-02-18 12:10:35,169 [ERROR] LogOutputStream:75 - [STDERR_REDIRECT] 
2026-02-18 12:10:36,166 [ERROR] LogOutputStream:75 - [STDERR_REDIRECT] [Fatal Error] :1:1: Premature end of file.
2026-02-18 12:10:36,166 [ERROR] LogOutputStream:75 - [STDERR_REDIRECT] 
2026-02-18 12:10:37,166 [ERROR] LogOutputStream:75 - [STDERR_REDIRECT] [Fatal Error] :1:1: Premature end of file.
2026-02-18 12:10:37,166 [ERROR] LogOutputStream:75 - [STDERR_REDIRECT] 
2026-02-18 12:10:38,167 [ERROR] LogOutputStream:75 - [STDERR_REDIRECT] [Fatal Error] :1:1: Premature end of file.
2026-02-18 12:10:38,167 [ERROR] LogOutputStream:75 - [STDERR_REDIRECT] 
2026-02-18 12:10:39,166 [ERROR] LogOutputStream:75 - [STDERR_REDIRECT] [Fatal Error] :1:1: Premature end of file.
2026-02-18 12:10:39,166 [ERROR] LogOutputStream:75 - [STDERR_REDIRECT] 
2026-02-18 12:10:40,165 [ERROR] LogOutputStream:75 - [STDERR_REDIRECT] [Fatal Error] :1:1: Premature end of file.
2026-02-18 12:10:40,165 [ERROR] LogOutputStream:75 - [STDERR_REDIRECT] 
2026-02-18 12:10:41,175 [ERROR] LogOutputStream:75 - [STDERR_REDIRECT] [Fatal Error] :1:1: Premature end of file.
2026-02-18 12:10:41,175 [ERROR] LogOutputStream:75 - [STDERR_REDIRECT] 
2026-02-18 12:10:42,171 [ERROR] LogOutputStream:75 - [STDERR_REDIRECT] [Fatal Error] :1:1: Premature end of file.
2026-02-18 12:10:42,171 [ERROR] LogOutputStream:75 - [STDERR_REDIRECT] 
2026-02-18 12:10:43,165 [ERROR] LogOutputStream:75 - [STDERR_REDIRECT] [Fatal Error] :1:1: Premature end of file.
2026-02-18 12:10:43,165 [ERROR] LogOutputStream:75 - [STDERR_REDIRECT] 
2026-02-18 12:10:44,161 [ERROR] LogOutputStream:75 - [STDERR_REDIRECT] [Fatal Error] :1:1: Premature end of file.
2026-02-18 12:10:44,161 [ERROR] LogOutputStream:75 - [STDERR_REDIRECT] 
2026-02-18 12:10:45,167 [ERROR] LogOutputStream:75 - [STDERR_REDIRECT] [Fatal Error] :1:1: Premature end of file.
2026-02-18 12:10:45,167 [ERROR] LogOutputStream:75 - [STDERR_REDIRECT] 
2026-02-18 12:10:46,168 [ERROR] LogOutputStream:75 - [STDERR_REDIRECT] [Fatal Error] :1:1: Premature end of file.
2026-02-18 12:10:46,168 [ERROR] LogOutputStream:75 - [STDERR_REDIRECT] 
2026-02-18 12:10:47,163 [ERROR] LogOutputStream:75 - [STDERR_REDIRECT] [Fatal Error] :1:1: Premature end of file.
2026-02-18 12:10:47,163 [ERROR] LogOutputStream:75 - [STDERR_REDIRECT] 
2026-02-18 12:10:48,169 [ERROR] LogOutputStream:75 - [STDERR_REDIRECT] [Fatal Error] :1:1: Premature end of file.
2026-02-18 12:10:48,169 [ERROR] LogOutputStream:75 - [STDERR_REDIRECT] 
2026-02-18 12:10:49,165 [ERROR] LogOutputStream:75 - [STDERR_REDIRECT] [Fatal Error] :1:1: Premature end of file.
2026-02-18 12:10:49,165 [ERROR] LogOutputStream:75 - [STDERR_REDIRECT] 
2026-02-18 12:10:50,162 [ERROR] LogOutputStream:75 - [STDERR_REDIRECT] [Fatal Error] :1:1: Premature end of file.
2026-02-18 12:10:50,162 [ERROR] LogOutputStream:75 - [STDERR_REDIRECT] 
2026-02-18 12:10:51,165 [ERROR] LogOutputStream:75 - [STDERR_REDIRECT] [Fatal Error] :1:1: Premature end of file.
2026-02-18 12:10:51,165 [ERROR] LogOutputStream:75 - [STDERR_REDIRECT] 
2026-02-18 12:10:52,163 [ERROR] LogOutputStream:75 - [STDERR_REDIRECT] [Fatal Error] :1:1: Premature end of file.
2026-02-18 12:10:52,163 [ERROR] LogOutputStream:75 - [STDERR_REDIRECT] 
2026-02-18 12:10:53,172 [ERROR] LogOutputStream:75 - [STDERR_REDIRECT] [Fatal Error] :1:1: Premature end of file.
2026-02-18 12:10:53,173 [ERROR] LogOutputStream:75 - [STDERR_REDIRECT] 
2026-02-18 12:10:54,175 [ERROR] LogOutputStream:75 - [STDERR_REDIRECT] [Fatal Error] :1:1: Premature end of file.
2026-02-18 12:10:54,175 [ERROR] LogOutputStream:75 - [STDERR_REDIRECT] 
2026-02-18 12:10:55,169 [ERROR] LogOutputStream:75 - [STDERR_REDIRECT] [Fatal Error] :1:1: Premature end of file.
2026-02-18 12:10:55,169 [ERROR] LogOutputStream:75 - [STDERR_REDIRECT] 
2026-02-18 12:10:56,170 [ERROR] LogOutputStream:75 - [STDERR_REDIRECT] [Fatal Error] :1:1: Premature end of file.
2026-02-18 12:10:56,170 [ERROR] LogOutputStream:75 - [STDERR_REDIRECT] 
2026-02-18 12:10:57,170 [ERROR] LogOutputStream:75 - [STDERR_REDIRECT] [Fatal Error] :1:1: Premature end of file.
2026-02-18 12:10:57,170 [ERROR] LogOutputStream:75 - [STDERR_REDIRECT] 
2026-02-18 12:10:58,164 [ERROR] LogOutputStream:75 - [STDERR_REDIRECT] [Fatal Error] :1:1: Premature end of file.
2026-02-18 12:10:58,164 [ERROR] LogOutputStream:75 - [STDERR_REDIRECT] 
2026-02-18 12:10:59,169 [ERROR] LogOutputStream:75 - [STDERR_REDIRECT] [Fatal Error] :1:1: Premature end of file.
2026-02-18 12:10:59,169 [ERROR] LogOutputStream:75 - [STDERR_REDIRECT] 
2026-02-18 12:11:00,165 [ERROR] LogOutputStream:75 - [STDERR_REDIRECT] [Fatal Error] :1:1: Premature end of file.
2026-02-18 12:11:00,165 [ERROR] LogOutputStream:75 - [STDERR_REDIRECT] 
2026-02-18 12:11:01,167 [ERROR] LogOutputStream:75 - [STDERR_REDIRECT] [Fatal Error] :1:1: Premature end of file.
2026-02-18 12:11:01,167 [ERROR] LogOutputStream:75 - [STDERR_REDIRECT] 
2026-02-18 12:11:02,170 [ERROR] LogOutputStream:75 - [STDERR_REDIRECT] [Fatal Error] :1:1: Premature end of file.
2026-02-18 12:11:02,170 [ERROR] LogOutputStream:75 - [STDERR_REDIRECT] 
2026-02-18 12:11:03,172 [ERROR] LogOutputStream:75 - [STDERR_REDIRECT] [Fatal Error] :1:1: Premature end of file.
2026-02-18 12:11:03,172 [ERROR] LogOutputStream:75 - [STDERR_REDIRECT] 
2026-02-18 12:11:04,173 [ERROR] LogOutputStream:75 - [STDERR_REDIRECT] [Fatal Error] :1:1: Premature end of file.
2026-02-18 12:11:04,173 [ERROR] LogOutputStream:75 - [STDERR_REDIRECT] 
2026-02-18 12:11:05,169 [ERROR] LogOutputStream:75 - [STDERR_REDIRECT] [Fatal Error] :1:1: Premature end of file.
2026-02-18 12:11:05,169 [ERROR] LogOutputStream:75 - [STDERR_REDIRECT] 
2026-02-18 12:11:06,169 [ERROR] LogOutputStream:75 - [STDERR_REDIRECT] [Fatal Error] :1:1: Premature end of file.
2026-02-18 12:11:06,169 [ERROR] LogOutputStream:75 - [STDERR_REDIRECT] 
2026-02-18 12:11:07,173 [ERROR] LogOutputStream:75 - [STDERR_REDIRECT] [Fatal Error] :1:1: Premature end of file.
2026-02-18 12:11:07,173 [ERROR] LogOutputStream:75 - [STDERR_REDIRECT] 
2026-02-18 12:11:08,171 [ERROR] LogOutputStream:75 - [STDERR_REDIRECT] [Fatal Error] :1:1: Premature end of file.
2026-02-18 12:11:08,171 [ERROR] LogOutputStream:75 - [STDERR_REDIRECT] 
2026-02-18 12:11:09,170 [ERROR] LogOutputStream:75 - [STDERR_REDIRECT] [Fatal Error] :1:1: Premature end of file.
2026-02-18 12:11:09,170 [ERROR] LogOutputStream:75 - [STDERR_REDIRECT] 
2026-02-18 12:11:10,172 [ERROR] LogOutputStream:75 - [STDERR_REDIRECT] [Fatal Error] :1:1: Premature end of file.
2026-02-18 12:11:10,172 [ERROR] LogOutputStream:75 - [STDERR_REDIRECT] 
2026-02-18 12:11:11,172 [ERROR] LogOutputStream:75 - [STDERR_REDIRECT] [Fatal Error] :1:1: Premature end of file.
2026-02-18 12:11:11,172 [ERROR] LogOutputStream:75 - [STDERR_REDIRECT] 
2026-02-18 12:11:12,162 [ERROR] LogOutputStream:75 - [STDERR_REDIRECT] [Fatal Error] :1:1: Premature end of file.
2026-02-18 12:11:12,162 [ERROR] LogOutputStream:75 - [STDERR_REDIRECT] 
2026-02-18 12:11:13,169 [ERROR] LogOutputStream:75 - [STDERR_REDIRECT] [Fatal Error] :1:1: Premature end of file.
2026-02-18 12:11:13,169 [ERROR] LogOutputStream:75 - [STDERR_REDIRECT] 
2026-02-18 12:11:14,170 [ERROR] LogOutputStream:75 - [STDERR_REDIRECT] [Fatal Error] :1:1: Premature end of file.
2026-02-18 12:11:14,170 [ERROR] LogOutputStream:75 - [STDERR_REDIRECT] 
2026-02-18 12:11:15,171 [ERROR] LogOutputStream:75 - [STDERR_REDIRECT] [Fatal Error] :1:1: Premature end of file.
2026-02-18 12:11:15,171 [ERROR] LogOutputStream:75 - [STDERR_REDIRECT] 
2026-02-18 12:11:16,168 [ERROR] LogOutputStream:75 - [STDERR_REDIRECT] [Fatal Error] :1:1: Premature end of file.
2026-02-18 12:11:16,168 [ERROR] LogOutputStream:75 - [STDERR_REDIRECT] 
2026-02-18 12:11:17,168 [ERROR] LogOutputStream:75 - [STDERR_REDIRECT] [Fatal Error] :1:1: Premature end of file.
2026-02-18 12:11:17,168 [ERROR] LogOutputStream:75 - [STDERR_REDIRECT] 
2026-02-18 12:11:18,169 [ERROR] LogOutputStream:75 - [STDERR_REDIRECT] [Fatal Error] :1:1: Premature end of file.
2026-02-18 12:11:18,169 [ERROR] LogOutputStream:75 - [STDERR_REDIRECT] 
2026-02-18 12:11:19,168 [ERROR] LogOutputStream:75 - [STDERR_REDIRECT] [Fatal Error] :1:1: Premature end of file.
2026-02-18 12:11:19,168 [ERROR] LogOutputStream:75 - [STDERR_REDIRECT] 
2026-02-18 12:11:20,166 [ERROR] LogOutputStream:75 - [STDERR_REDIRECT] [Fatal Error] :1:1: Premature end of file.
2026-02-18 12:11:20,166 [ERROR] LogOutputStream:75 - [STDERR_REDIRECT] 
2026-02-18 12:11:20,699 [ERROR] ConfigurationRetriever:142 - IOException on connection: sw-center.st.com
2026-02-18 12:11:20,699 [ERROR] ConfigurationRetriever:142 - IOException on connection: sw-center.st.com
2026-02-18 12:11:20,699 [ERROR] ConfigurationRetriever:142 - IOException on connection: sw-center.st.com
2026-02-18 12:11:21,181 [ERROR] LogOutputStream:75 - [STDERR_REDIRECT] [Fatal Error] :1:1: Premature end of file.
2026-02-18 12:11:21,181 [ERROR] LogOutputStream:75 - [STDERR_REDIRECT] 
2026-02-18 12:11:21,480 [ERROR] LogOutputStream:75 - [STDERR_REDIRECT] 
