2026-03-15 11:46:55,281 [INFO] Activator:176 - 


2026-03-15 11:46:55,285 [INFO] Activator:177 - !SESSION log4j initialized
2026-03-15 11:47:03,504 [INFO] LogOutputStream:77 - [STDOUT_REDIRECT] 
2026-03-15 11:47:07,324 [INFO] ApplicationProperties:184 - Using Application install path: C:\ST\STM32CubeIDE_1.19.0\STM32CubeIDE\plugins\com.st.stm32cube.common.mx_6.15.0.202507011659
2026-03-15 11:47:07,338 [INFO] DbMcusXml:78 - Set database path to: C:\ST\STM32CubeIDE_1.19.0\STM32CubeIDE\plugins\com.st.stm32cube.common.mx_6.15.0.202507011659\\db\/mcu/
2026-03-15 11:47:07,338 [INFO] ApiDb:274 - Set plugin database path to: C:\ST\STM32CubeIDE_1.19.0\STM32CubeIDE\plugins\com.st.stm32cube.common.mx_6.15.0.202507011659\\db\/plugins/boardmanager/
2026-03-15 11:47:07,338 [WARN] ApiDb:259 - Overriding images path with different value:  => C:\ST\STM32CubeIDE_1.19.0\STM32CubeIDE\plugins\com.st.stm32cube.common.mx_6.15.0.202507011659\\db\/plugins/mcufinder/images/
2026-03-15 11:47:07,346 [INFO] ApiDb:250 - Set database path to: C:\Users\Song\.stmcufinder\plugins\mcufinder//mcu/
2026-03-15 11:47:07,347 [INFO] DbMcusAds:125 - Set database path to: C:\Users\Song\.stmcufinder\plugins\mcufinder//mcu/
2026-03-15 11:47:07,349 [INFO] CrossReferenceDbSqlite:203 - Set database path to: C:\Users\Song\.stmcufinder\plugins\mcufinder//mcu/cs/
2026-03-15 11:47:07,437 [INFO] RulesReader:64 - Compatibility file has been processed (317 Rules)
2026-03-15 11:47:07,548 [INFO] DbMcusXml:78 - Set database path to: C:\ST\STM32CubeIDE_1.19.0\STM32CubeIDE\plugins\com.st.stm32cube.common.mx_6.15.0.202507011659\\db\/mcu/
2026-03-15 11:47:07,548 [INFO] ApiDb:274 - Set plugin database path to: C:\ST\STM32CubeIDE_1.19.0\STM32CubeIDE\plugins\com.st.stm32cube.common.mx_6.15.0.202507011659\\db\/plugins/boardmanager/
2026-03-15 11:47:07,548 [INFO] ApiDb:261 - Set plugin images path to: C:\ST\STM32CubeIDE_1.19.0\STM32CubeIDE\plugins\com.st.stm32cube.common.mx_6.15.0.202507011659\\db\/plugins/mcufinder/images/
2026-03-15 11:47:07,548 [WARN] DbFile:41 - Overriding database path with different value: C:\Users\Song\.stmcufinder\plugins\mcufinder/ => C:\Users\Song\.stmcufinder\plugins\mcufinder
2026-03-15 11:47:07,548 [INFO] ApiDb:250 - Set database path to: C:\Users\Song\.stmcufinder\plugins\mcufinder//mcu/
2026-03-15 11:47:07,548 [WARN] DbFile:41 - Overriding database path with different value: C:\Users\Song\.stmcufinder\plugins\mcufinder/ => C:\Users\Song\.stmcufinder\plugins\mcufinder
2026-03-15 11:47:07,548 [INFO] DbMcusAds:125 - Set database path to: C:\Users\Song\.stmcufinder\plugins\mcufinder//mcu/
2026-03-15 11:47:07,548 [WARN] DbFile:41 - Overriding database path with different value: C:\Users\Song\.stmcufinder\plugins\mcufinder/ => C:\Users\Song\.stmcufinder\plugins\mcufinder
2026-03-15 11:47:07,548 [WARN] DbFile:41 - Overriding database path with different value: C:\Users\Song\.stmcufinder\plugins\mcufinder/ => C:\Users\Song\.stmcufinder\plugins\mcufinder
2026-03-15 11:47:07,548 [INFO] CrossReferenceDbSqlite:203 - Set database path to: C:\Users\Song\.stmcufinder\plugins\mcufinder//mcu/cs/
2026-03-15 11:47:07,611 [INFO] MainPanel:274 - HeapMemory: 268435456
2026-03-15 11:47:07,705 [INFO] DbMcusXml:78 - Set database path to: C:\ST\STM32CubeIDE_1.19.0\STM32CubeIDE\plugins\com.st.stm32cube.common.mx_6.15.0.202507011659\\db\/mcu/
2026-03-15 11:47:07,705 [INFO] ApiDb:274 - Set plugin database path to: C:\ST\STM32CubeIDE_1.19.0\STM32CubeIDE\plugins\com.st.stm32cube.common.mx_6.15.0.202507011659\\db\/plugins/boardmanager/
2026-03-15 11:47:07,705 [INFO] ApiDb:261 - Set plugin images path to: C:\ST\STM32CubeIDE_1.19.0\STM32CubeIDE\plugins\com.st.stm32cube.common.mx_6.15.0.202507011659\\db\/plugins/mcufinder/images/
2026-03-15 11:47:07,705 [WARN] DbFile:41 - Overriding database path with different value: C:\Users\Song\.stmcufinder\plugins\mcufinder/ => C:\Users\Song\.stmcufinder\plugins\mcufinder
2026-03-15 11:47:07,705 [INFO] ApiDb:250 - Set database path to: C:\Users\Song\.stmcufinder\plugins\mcufinder//mcu/
2026-03-15 11:47:07,705 [WARN] DbFile:41 - Overriding database path with different value: C:\Users\Song\.stmcufinder\plugins\mcufinder/ => C:\Users\Song\.stmcufinder\plugins\mcufinder
2026-03-15 11:47:07,705 [INFO] DbMcusAds:125 - Set database path to: C:\Users\Song\.stmcufinder\plugins\mcufinder//mcu/
2026-03-15 11:47:07,705 [WARN] DbFile:41 - Overriding database path with different value: C:\Users\Song\.stmcufinder\plugins\mcufinder/ => C:\Users\Song\.stmcufinder\plugins\mcufinder
2026-03-15 11:47:07,705 [WARN] DbFile:41 - Overriding database path with different value: C:\Users\Song\.stmcufinder\plugins\mcufinder/ => C:\Users\Song\.stmcufinder\plugins\mcufinder
2026-03-15 11:47:07,705 [INFO] CrossReferenceDbSqlite:203 - Set database path to: C:\Users\Song\.stmcufinder\plugins\mcufinder//mcu/cs/
2026-03-15 11:47:07,723 [INFO] ApplicationProperties:184 - Using Application install path: C:\ST\STM32CubeIDE_1.19.0\STM32CubeIDE\plugins\com.st.stm32cube.common.mx_6.15.0.202507011659
2026-03-15 11:47:07,724 [INFO] PluginManage:196 - Search for loadable plugins [exclusion list=, ]
2026-03-15 11:47:07,725 [INFO] PluginManage:310 - Check plugin analytics
2026-03-15 11:47:08,045 [INFO] AnalyticsPlugin:253 - Accepted Software Licenses: STM32CubeMX.6.15.0
2026-03-15 11:47:08,045 [INFO] AnalyticsPlugin:255 - Accepted CMSIS Pack Licenses: 
2026-03-15 11:47:08,045 [INFO] AnalyticsPlugin:257 - Accepted Firmware Licenses: 
2026-03-15 11:47:08,050 [INFO] PluginManage:359 - Loaded plugin analytics (category:tool,tabindex:-1)
2026-03-15 11:47:08,050 [INFO] PluginManage:310 - Check plugin cadmodel
2026-03-15 11:47:08,060 [INFO] CADModel:105 - Init CAD model plugin
2026-03-15 11:47:08,060 [INFO] PluginManage:359 - Loaded plugin cadmodel (category:power,tabindex:5)
2026-03-15 11:47:08,060 [INFO] PluginManage:310 - Check plugin clock
2026-03-15 11:47:08,080 [INFO] PluginManage:359 - Loaded plugin clock (category:base,tabindex:2)
2026-03-15 11:47:08,080 [INFO] PluginManage:310 - Check plugin ddr
2026-03-15 11:47:08,084 [INFO] PluginManage:359 - Loaded plugin ddr (category:tool,tabindex:6)
2026-03-15 11:47:08,084 [INFO] PluginManage:310 - Check plugin filemanager
2026-03-15 11:47:08,482 [INFO] PluginManage:359 - Loaded plugin filemanager (category:base,tabindex:10)
2026-03-15 11:47:08,482 [INFO] PluginManage:310 - Check plugin ipmanager
2026-03-15 11:47:08,502 [INFO] PluginManage:359 - Loaded plugin ipmanager (category:base,tabindex:5)
2026-03-15 11:47:08,502 [INFO] PluginManage:310 - Check plugin lpbam
2026-03-15 11:47:08,527 [INFO] PluginManage:359 - Loaded plugin lpbam (category:base,tabindex:0)
2026-03-15 11:47:08,527 [INFO] PluginManage:310 - Check plugin memorymap
2026-03-15 11:47:08,633 [INFO] PluginManage:359 - Loaded plugin memorymap (category:base,tabindex:4)
2026-03-15 11:47:08,634 [INFO] PluginManage:310 - Check plugin pinoutandconfiguration
2026-03-15 11:47:08,671 [INFO] PluginManage:359 - Loaded plugin pinoutandconfiguration (category:base,tabindex:1)
2026-03-15 11:47:08,671 [INFO] PluginManage:310 - Check plugin pinoutconfig
2026-03-15 11:47:09,059 [WARN] SupportedApi:132 - Cannot load RTOS API schema: s4s-elt-must-match.1: The content of 'definitions' must match (annotation?, (simpleType | complexType)?, (unique | key | keyref)*)). A problem was found starting at: attribute.
2026-03-15 11:47:09,457 [INFO] PluginManage:359 - Loaded plugin pinoutconfig (category:base,tabindex:0)
2026-03-15 11:47:09,457 [INFO] PluginManage:310 - Check plugin power
2026-03-15 11:47:09,468 [INFO] PluginManage:359 - Loaded plugin power (category:power,tabindex:4)
2026-03-15 11:47:09,468 [INFO] PluginManage:310 - Check plugin projectmanager
2026-03-15 11:47:09,485 [INFO] PluginManage:359 - Loaded plugin projectmanager (category:projectmanager,tabindex:4)
2026-03-15 11:47:09,485 [INFO] PluginManage:310 - Check plugin rif
2026-03-15 11:47:09,501 [INFO] PluginManage:359 - Loaded plugin rif (category:base,tabindex:3)
2026-03-15 11:47:09,501 [INFO] PluginManage:310 - Check plugin thirdparty
2026-03-15 11:47:09,666 [WARN] IntegrityCheckThread:84 - waiting for thirdparty lock release [integrity check]
2026-03-15 11:47:09,666 [INFO] IntegrityCheckThread:86 - entering critical section [integrity check]
2026-03-15 11:47:09,666 [INFO] ThirdPartyUpdaterWithRetryManager:70 - Updater plugin not ready yet. [1/15]
2026-03-15 11:47:09,667 [INFO] PluginManage:359 - Loaded plugin thirdparty (category:base,tabindex:-1)
2026-03-15 11:47:09,667 [INFO] PluginManage:310 - Check plugin tools
2026-03-15 11:47:09,671 [INFO] PluginManage:359 - Loaded plugin tools (category:base,tabindex:7)
2026-03-15 11:47:09,672 [INFO] PluginManage:310 - Check plugin tutovideos
2026-03-15 11:47:09,876 [INFO] PluginManage:359 - Loaded plugin tutovideos (category:base,tabindex:-1)
2026-03-15 11:47:09,876 [INFO] PluginManage:310 - Check plugin updater
2026-03-15 11:47:09,901 [INFO] PluginManage:359 - Loaded plugin updater (category:base,tabindex:12)
2026-03-15 11:47:09,902 [INFO] PluginManage:310 - Check plugin userauth
2026-03-15 11:47:09,909 [INFO] UserAuth:118 - Init User Auth plugin
2026-03-15 11:47:09,911 [INFO] PluginManage:359 - Loaded plugin userauth (category:base,tabindex:14)
2026-03-15 11:47:09,912 [INFO] PluginManage:283 - PluginManage : Loaded plugins [18]
2026-03-15 11:47:10,209 [INFO] PinOutPanel:1589 - setPackage(No Configuration,No Configuration)
2026-03-15 11:47:10,276 [INFO] CADModel:165 - CPN selected for project level
2026-03-15 11:47:10,276 [INFO] CADModel:114 - Register for checkConnection events
2026-03-15 11:47:10,289 [INFO] IPUIPlugin:80 - create IPUIPlugin
2026-03-15 11:47:10,289 [INFO] PluginManager:220 - loadIPPluginJar : add adc
2026-03-15 11:47:10,291 [INFO] IPUIPlugin:80 - create IPUIPlugin
2026-03-15 11:47:10,291 [INFO] PluginManager:220 - loadIPPluginJar : add aes
2026-03-15 11:47:10,293 [INFO] IPUIPlugin:80 - create IPUIPlugin
2026-03-15 11:47:10,293 [INFO] PluginManager:220 - loadIPPluginJar : add can
2026-03-15 11:47:10,295 [INFO] IPUIPlugin:80 - create IPUIPlugin
2026-03-15 11:47:10,295 [INFO] PluginManager:220 - loadIPPluginJar : add comp
2026-03-15 11:47:10,297 [INFO] IPUIPlugin:80 - create IPUIPlugin
2026-03-15 11:47:10,297 [INFO] PluginManager:220 - loadIPPluginJar : add cryp
2026-03-15 11:47:10,299 [INFO] IPUIPlugin:80 - create IPUIPlugin
2026-03-15 11:47:10,299 [INFO] PluginManager:220 - loadIPPluginJar : add ddr_ctrl_phy
2026-03-15 11:47:10,301 [INFO] IPUIPlugin:80 - create IPUIPlugin
2026-03-15 11:47:10,301 [INFO] PluginManager:220 - loadIPPluginJar : add dfsdm
2026-03-15 11:47:10,305 [INFO] IPUIPlugin:80 - create IPUIPlugin
2026-03-15 11:47:10,305 [INFO] PluginManager:220 - loadIPPluginJar : add dma
2026-03-15 11:47:10,307 [INFO] IPUIPlugin:80 - create IPUIPlugin
2026-03-15 11:47:10,307 [INFO] PluginManager:220 - loadIPPluginJar : add dma3
2026-03-15 11:47:10,309 [INFO] IPUIPlugin:80 - create IPUIPlugin
2026-03-15 11:47:10,309 [INFO] PluginManager:220 - loadIPPluginJar : add extmemmanager
2026-03-15 11:47:10,310 [INFO] IPUIPlugin:80 - create IPUIPlugin
2026-03-15 11:47:10,310 [INFO] PluginManager:220 - loadIPPluginJar : add fatfs
2026-03-15 11:47:10,313 [INFO] IPUIPlugin:80 - create IPUIPlugin
2026-03-15 11:47:10,313 [INFO] PluginManager:220 - loadIPPluginJar : add fmc
2026-03-15 11:47:10,317 [INFO] IPUIPlugin:80 - create IPUIPlugin
2026-03-15 11:47:10,317 [INFO] PluginManager:220 - loadIPPluginJar : add freertos
2026-03-15 11:47:10,318 [INFO] IPUIPlugin:80 - create IPUIPlugin
2026-03-15 11:47:10,318 [INFO] PluginManager:220 - loadIPPluginJar : add genericplugin
2026-03-15 11:47:10,319 [INFO] IPUIPlugin:80 - create IPUIPlugin
2026-03-15 11:47:10,319 [INFO] PluginManager:220 - loadIPPluginJar : add gfxmmu
2026-03-15 11:47:10,322 [INFO] IPUIPlugin:80 - create IPUIPlugin
2026-03-15 11:47:10,322 [INFO] PluginManager:220 - loadIPPluginJar : add gic
2026-03-15 11:47:10,326 [INFO] IPUIPlugin:80 - create IPUIPlugin
2026-03-15 11:47:10,326 [INFO] PluginManager:220 - loadIPPluginJar : add gpio
2026-03-15 11:47:10,327 [INFO] IPUIPlugin:80 - create IPUIPlugin
2026-03-15 11:47:10,327 [INFO] PluginManager:220 - loadIPPluginJar : add gtzc
2026-03-15 11:47:10,329 [INFO] IPUIPlugin:80 - create IPUIPlugin
2026-03-15 11:47:10,329 [INFO] PluginManager:220 - loadIPPluginJar : add hash
2026-03-15 11:47:10,331 [INFO] IPUIPlugin:80 - create IPUIPlugin
2026-03-15 11:47:10,331 [INFO] PluginManager:220 - loadIPPluginJar : add i2c
2026-03-15 11:47:10,332 [INFO] IPUIPlugin:80 - create IPUIPlugin
2026-03-15 11:47:10,333 [INFO] PluginManager:220 - loadIPPluginJar : add i2s
2026-03-15 11:47:10,335 [INFO] IPUIPlugin:80 - create IPUIPlugin
2026-03-15 11:47:10,335 [INFO] PluginManager:220 - loadIPPluginJar : add i3c
2026-03-15 11:47:10,337 [INFO] IPUIPlugin:80 - create IPUIPlugin
2026-03-15 11:47:10,338 [INFO] PluginManager:220 - loadIPPluginJar : add ipddr
2026-03-15 11:47:10,342 [INFO] IPUIPlugin:80 - create IPUIPlugin
2026-03-15 11:47:10,342 [INFO] PluginManager:220 - loadIPPluginJar : add linkedlist
2026-03-15 11:47:10,366 [INFO] IPUIPlugin:80 - create IPUIPlugin
2026-03-15 11:47:10,366 [INFO] PluginManager:220 - loadIPPluginJar : add lorawan
2026-03-15 11:47:10,367 [INFO] IPUIPlugin:80 - create IPUIPlugin
2026-03-15 11:47:10,368 [INFO] PluginManager:220 - loadIPPluginJar : add ltdc
2026-03-15 11:47:10,371 [INFO] IPUIPlugin:80 - create IPUIPlugin
2026-03-15 11:47:10,371 [INFO] PluginManager:220 - loadIPPluginJar : add mdma
2026-03-15 11:47:10,373 [INFO] IPUIPlugin:80 - create IPUIPlugin
2026-03-15 11:47:10,373 [INFO] PluginManager:220 - loadIPPluginJar : add nvic
2026-03-15 11:47:10,375 [INFO] IPUIPlugin:80 - create IPUIPlugin
2026-03-15 11:47:10,375 [INFO] PluginManager:220 - loadIPPluginJar : add opamp
2026-03-15 11:47:10,378 [INFO] IPUIPlugin:80 - create IPUIPlugin
2026-03-15 11:47:10,378 [INFO] PluginManager:220 - loadIPPluginJar : add openamp
2026-03-15 11:47:10,380 [INFO] IPUIPlugin:80 - create IPUIPlugin
2026-03-15 11:47:10,380 [INFO] PluginManager:220 - loadIPPluginJar : add pdm2pcm
2026-03-15 11:47:10,383 [INFO] IPUIPlugin:80 - create IPUIPlugin
2026-03-15 11:47:10,385 [INFO] PluginManager:220 - loadIPPluginJar : add plateformsettings
2026-03-15 11:47:10,386 [INFO] IPUIPlugin:80 - create IPUIPlugin
2026-03-15 11:47:10,386 [INFO] PluginManager:220 - loadIPPluginJar : add quadspi
2026-03-15 11:47:10,387 [INFO] IPUIPlugin:80 - create IPUIPlugin
2026-03-15 11:47:10,388 [INFO] PluginManager:220 - loadIPPluginJar : add radio
2026-03-15 11:47:10,391 [INFO] IPUIPlugin:80 - create IPUIPlugin
2026-03-15 11:47:10,391 [INFO] PluginManager:220 - loadIPPluginJar : add resmgrutility
2026-03-15 11:47:10,393 [INFO] IPUIPlugin:80 - create IPUIPlugin
2026-03-15 11:47:10,393 [INFO] PluginManager:220 - loadIPPluginJar : add sai
2026-03-15 11:47:10,395 [INFO] IPUIPlugin:80 - create IPUIPlugin
2026-03-15 11:47:10,395 [INFO] PluginManager:220 - loadIPPluginJar : add spi
2026-03-15 11:47:10,398 [INFO] IPUIPlugin:80 - create IPUIPlugin
2026-03-15 11:47:10,398 [INFO] PluginManager:220 - loadIPPluginJar : add stm32_wpan
2026-03-15 11:47:10,401 [INFO] IPUIPlugin:80 - create IPUIPlugin
2026-03-15 11:47:10,401 [INFO] PluginManager:220 - loadIPPluginJar : add tim
2026-03-15 11:47:10,403 [INFO] IPUIPlugin:80 - create IPUIPlugin
2026-03-15 11:47:10,403 [INFO] PluginManager:220 - loadIPPluginJar : add touchsensing
2026-03-15 11:47:10,404 [INFO] IPUIPlugin:80 - create IPUIPlugin
2026-03-15 11:47:10,404 [INFO] PluginManager:220 - loadIPPluginJar : add tracer_emb
2026-03-15 11:47:10,406 [INFO] IPUIPlugin:80 - create IPUIPlugin
2026-03-15 11:47:10,406 [INFO] PluginManager:220 - loadIPPluginJar : add ts
2026-03-15 11:47:10,408 [INFO] IPUIPlugin:80 - create IPUIPlugin
2026-03-15 11:47:10,408 [INFO] PluginManager:220 - loadIPPluginJar : add tsc
2026-03-15 11:47:10,409 [INFO] IPUIPlugin:80 - create IPUIPlugin
2026-03-15 11:47:10,409 [INFO] PluginManager:220 - loadIPPluginJar : add ucpd
2026-03-15 11:47:10,412 [INFO] IPUIPlugin:80 - create IPUIPlugin
2026-03-15 11:47:10,412 [INFO] PluginManager:220 - loadIPPluginJar : add usart
2026-03-15 11:47:10,415 [INFO] IPUIPlugin:80 - create IPUIPlugin
2026-03-15 11:47:10,415 [INFO] PluginManager:220 - loadIPPluginJar : add usbx
2026-03-15 11:47:10,535 [FATAL] Updater:351 - Updater called before beeing initialized
2026-03-15 11:47:10,561 [INFO] RulesReader:64 - Compatibility file has been processed (317 Rules)
2026-03-15 11:47:10,572 [INFO] RulesReader:64 - Compatibility file has been processed (317 Rules)
2026-03-15 11:47:10,585 [INFO] CADModel:165 - CPN selected for project level
2026-03-15 11:47:10,585 [INFO] CADModel:114 - Register for checkConnection events
2026-03-15 11:47:10,585 [FATAL] Updater:351 - Updater called before beeing initialized
2026-03-15 11:47:10,585 [ERROR] CADModel:125 - Updater not yet initialized, retry later 
2026-03-15 11:47:10,783 [FATAL] Updater:351 - Updater called before beeing initialized
2026-03-15 11:47:10,785 [INFO] CADModel:165 - CPN selected for project level
2026-03-15 11:47:10,785 [INFO] CADModel:114 - Register for checkConnection events
2026-03-15 11:47:10,785 [FATAL] Updater:351 - Updater called before beeing initialized
2026-03-15 11:47:10,785 [ERROR] CADModel:125 - Updater not yet initialized, retry later 
2026-03-15 11:47:10,788 [FATAL] Updater:351 - Updater called before beeing initialized
2026-03-15 11:47:10,890 [FATAL] Updater:351 - Updater called before beeing initialized
2026-03-15 11:47:10,893 [INFO] DbMcusAds:53 - JSON generation date=Thu Mar 05 22:32:53 HKT 2026 (1772721173054)
2026-03-15 11:47:10,893 [FATAL] Updater:351 - Updater called before beeing initialized
2026-03-15 11:47:10,928 [WARN] DetailPanel:346 - Failed to get advertising image, set to default
2026-03-15 11:47:10,993 [FATAL] Updater:351 - Updater called before beeing initialized
2026-03-15 11:47:10,994 [FATAL] Updater:351 - Updater called before beeing initialized
2026-03-15 11:47:10,994 [FATAL] Updater:351 - Updater called before beeing initialized
2026-03-15 11:47:10,994 [WARN] DetailPanel:346 - Failed to get advertising image, set to default
2026-03-15 11:47:10,995 [FATAL] Updater:351 - Updater called before beeing initialized
2026-03-15 11:47:11,035 [ERROR] Updater:1198 - MainUpdater not yet initialized. External WinMGr cannot be set.
2026-03-15 11:47:11,037 [INFO] Updater:1134 - Updater Version found : 6.15.0
2026-03-15 11:47:11,049 [INFO] ApplicationProperties:184 - Using Application install path: C:\ST\STM32CubeIDE_1.19.0\STM32CubeIDE\plugins\com.st.stm32cube.common.mx_6.15.0.202507011659
2026-03-15 11:47:12,616 [ERROR] LogOutputStream:75 - [STDERR_REDIRECT] Mar 15, 2026 11:47:12 AM java.util.prefs.WindowsPreferences <init>
2026-03-15 11:47:12,617 [ERROR] LogOutputStream:75 - [STDERR_REDIRECT] WARNING: Could not open/create prefs root node Software\JavaSoft\Prefs at root 0xffffffff80000002. Windows RegCreateKeyEx(...) returned error code 5.
2026-03-15 11:47:12,617 [ERROR] LogOutputStream:75 - [STDERR_REDIRECT] 
2026-03-15 11:47:12,667 [INFO] ThirdPartyUpdaterWithRetryManager:70 - Updater plugin not ready yet. [2/15]
2026-03-15 11:47:13,143 [INFO] MainUpdater:2872 - connection check result : 10
2026-03-15 11:47:13,144 [INFO] MainUpdater:289 - Updater Check For Update Now.
2026-03-15 11:47:13,144 [INFO] MicroXplorer:498 - Change Database Version : DB.6.0.150
2026-03-15 11:47:13,153 [INFO] McuFinderGlobals:63 - Set McuFinder mode to 2 (CubeIDE integrated)
2026-03-15 11:47:13,154 [INFO] UserAuth:487 - Internet connection configuration mode: 1
2026-03-15 11:47:13,199 [INFO] JxBrowserEngine:152 - Initiate JxBrowser Engine with user profile folder
2026-03-15 11:47:13,326 [INFO] CheckServerUpdateThread:120 - End of CheckServer Thread
2026-03-15 11:47:14,423 [INFO] WebApp:169 - Instantiating new browser for Auth
2026-03-15 11:47:15,078 [INFO] WebApp:463 - Apply proxy settings
2026-03-15 11:47:15,078 [INFO] WebApp:548 - Chromium requires no authentication
2026-03-15 11:47:15,087 [INFO] WebApp:491 - Direct internet connection detected
2026-03-15 11:47:15,107 [INFO] WebApp:900 - Register for checkConnection events
2026-03-15 11:47:15,107 [INFO] WebApp:463 - Apply proxy settings
2026-03-15 11:47:15,107 [INFO] WebApp:548 - Chromium requires no authentication
2026-03-15 11:47:15,107 [INFO] WebApp:491 - Direct internet connection detected
2026-03-15 11:47:15,273 [INFO] WebApp:225 - Starting web application
2026-03-15 11:47:15,273 [INFO] WebApp:593 - Web application path used C:\ST\STM32CubeIDE_1.19.0\STM32CubeIDE\plugins\com.st.stm32cube.common.mx_6.15.0.202507011659\db\plugins\mcufinder\reactClient1\index.html
2026-03-15 11:47:15,341 [INFO] UserAuth:487 - Internet connection configuration mode: 1
2026-03-15 11:47:15,562 [ERROR] LogOutputStream:75 - [STDERR_REDIRECT] [Fatal Error] :1:1: Premature end of file.
2026-03-15 11:47:15,562 [ERROR] LogOutputStream:75 - [STDERR_REDIRECT] 
2026-03-15 11:47:15,904 [WARN] PackLoader:240 - Cannot read IP mode file for STMicroelectronics.X-CUBE-AZRTOS-H7.3.5.0
2026-03-15 11:47:15,916 [WARN] PackLoader:240 - Cannot read IP mode file for STMicroelectronics.FP-SNS-MOTENVWB1.1.4.0
2026-03-15 11:47:15,921 [WARN] PackLoader:240 - Cannot read IP mode file for STMicroelectronics.FP-ATR-ASTRA1.2.0.2
2026-03-15 11:47:15,929 [WARN] PackLoader:240 - Cannot read IP mode file for STMicroelectronics.X-CUBE-SMBUS.2.1.0
2026-03-15 11:47:15,958 [WARN] PackLoader:240 - Cannot read IP mode file for STMicroelectronics.X-CUBE-AZRTOS-F7.1.1.0
2026-03-15 11:47:15,979 [WARN] PackLoader:240 - Cannot read IP mode file for STMicroelectronics.X-CUBE-AZRTOS-H7.3.4.0
2026-03-15 11:47:15,988 [WARN] PackLoader:240 - Cannot read IP mode file for STMicroelectronics.X-CUBE-DISPLAY.3.0.0
2026-03-15 11:47:15,996 [WARN] PackLoader:240 - Cannot read IP mode file for STMicroelectronics.FP-SNS-MOTENVWB1.1.5.0
2026-03-15 11:47:16,005 [WARN] PackLoader:240 - Cannot read IP mode file for STMicroelectronics.X-CUBE-NFC10.1.0.0
2026-03-15 11:47:16,010 [WARN] PackLoader:240 - Cannot read IP mode file for STMicroelectronics.FP-SNS-SMARTAG2.1.2.0
2026-03-15 11:47:16,014 [WARN] PackLoader:240 - Cannot read IP mode file for STMicroelectronics.FP-SNS-FLIGHT1.5.1.0
2026-03-15 11:47:16,022 [INFO] LogOutputStream:77 - [STDOUT_REDIRECT] 1 : Invalid condition id : UX_CORESTACK_Condition cause : null
2026-03-15 11:47:16,023 [INFO] LogOutputStream:77 - [STDOUT_REDIRECT] 1 : Invalid condition id : UX_CORESTACK_Condition cause : null
2026-03-15 11:47:16,023 [INFO] LogOutputStream:77 - [STDOUT_REDIRECT] 1 : Invalid condition id : UX_CORESTACK_Condition cause : null
2026-03-15 11:47:16,024 [INFO] LogOutputStream:77 - [STDOUT_REDIRECT] 1 : Invalid condition id : UX_CORESTACK_Condition cause : null
2026-03-15 11:47:16,025 [INFO] LogOutputStream:77 - [STDOUT_REDIRECT] 1 : Invalid condition id : UX_CORESTACK_Condition cause : null
2026-03-15 11:47:16,027 [WARN] PackLoader:240 - Cannot read IP mode file for STMicroelectronics.X-CUBE-AZRTOS-WL.2.0.0
2026-03-15 11:47:16,040 [WARN] PackLoader:240 - Cannot read IP mode file for STMicroelectronics.X-CUBE-AZRTOS-H7RS.1.2.0
2026-03-15 11:47:16,047 [WARN] PackLoader:240 - Cannot read IP mode file for STMicroelectronics.X-CUBE-BLE2.3.3.0
2026-03-15 11:47:16,072 [WARN] PackLoader:240 - Cannot read IP mode file for Infineon.AIROC-Wi-Fi-Bluetooth-STM32.1.8.0
2026-03-15 11:47:16,080 [WARN] PackLoader:240 - Cannot read IP mode file for STMicroelectronics.X-CUBE-NFC9.1.0.0
2026-03-15 11:47:16,086 [WARN] PackLoader:240 - Cannot read IP mode file for STMicroelectronics.X-CUBE-BLE1.7.1.0
2026-03-15 11:47:16,091 [WARN] PackLoader:240 - Cannot read IP mode file for STMicroelectronics.X-CUBE-FREERTOS.1.4.0
2026-03-15 11:47:16,094 [WARN] PackLoader:240 - Cannot read IP mode file for Cesanta.I-CUBE-Mongoose.7.20.0
2026-03-15 11:47:16,128 [WARN] PackLoader:240 - Cannot read IP mode file for STMicroelectronics.X-CUBE-MEMS1.12.0.0
2026-03-15 11:47:16,246 [WARN] PackLoader:240 - Cannot read IP mode file for STMicroelectronics.X-CUBE-AZRTOS-G0.1.1.0
2026-03-15 11:47:16,255 [WARN] PackLoader:240 - Cannot read IP mode file for STMicroelectronics.X-CUBE-SAFEA1.1.2.2
2026-03-15 11:47:16,260 [WARN] PackLoader:240 - Cannot read IP mode file for STMicroelectronics.X-CUBE-NFC4.3.0.0
2026-03-15 11:47:16,269 [WARN] PackLoader:240 - Cannot read IP mode file for EmbeddedOffice.I-CUBE-FS-RTOS.1.0.1
2026-03-15 11:47:16,274 [WARN] PackLoader:240 - Cannot read IP mode file for STMicroelectronics.X-CUBE-WB05N.2.0.0
2026-03-15 11:47:16,281 [WARN] PackLoader:240 - Cannot read IP mode file for STMicroelectronics.X-CUBE-TCPP.4.2.0
2026-03-15 11:47:16,286 [WARN] PackLoader:240 - Cannot read IP mode file for RealThread.X-CUBE-RT-Thread_Nano.4.1.1
2026-03-15 11:47:16,291 [WARN] PackLoader:240 - Cannot read IP mode file for STMicroelectronics.FP-ATR-SIGFOX1.3.2.0
2026-03-15 11:47:16,294 [WARN] PackLoader:240 - Cannot read IP mode file for STMicroelectronics.X-CUBE-FREERTOS.1.5.0
2026-03-15 11:47:16,302 [WARN] PackLoader:240 - Cannot read IP mode file for STMicroelectronics.X-CUBE-NFC6.3.2.0
2026-03-15 11:47:16,330 [WARN] PackLoader:240 - Cannot read IP mode file for SEGGER.I-CUBE-embOS.1.3.1
2026-03-15 11:47:16,356 [WARN] PackLoader:240 - Cannot read IP mode file for STMicroelectronics.X-CUBE-ALGOBUILD.1.4.0
2026-03-15 11:47:16,384 [WARN] PackLoader:240 - Cannot read IP mode file for STMicroelectronics.X-CUBE-MEMS1.11.3.0
2026-03-15 11:47:16,405 [ERROR] LogOutputStream:75 - [STDERR_REDIRECT] [Fatal Error] :1:1: Premature end of file.
2026-03-15 11:47:16,406 [ERROR] LogOutputStream:75 - [STDERR_REDIRECT] 
2026-03-15 11:47:16,467 [WARN] PackLoader:240 - Cannot read IP mode file for STMicroelectronics.X-CUBE-PM33A1.1.0.0
2026-03-15 11:47:16,484 [WARN] PackLoader:240 - Cannot read IP mode file for STMicroelectronics.X-CUBE-AZRTOS-F4.1.1.0
2026-03-15 11:47:16,490 [WARN] PackLoader:240 - Cannot read IP mode file for STMicroelectronics.X-CUBE-ISPU.2.1.0
2026-03-15 11:47:16,501 [WARN] PackLoader:240 - Cannot read IP mode file for STMicroelectronics.X-CUBE-AZRTOS-L5.2.0.0
2026-03-15 11:47:16,508 [WARN] PackLoader:240 - Cannot read IP mode file for STMicroelectronics.X-CUBE-NFC6.3.1.0
2026-03-15 11:47:16,514 [WARN] PackLoader:240 - Cannot read IP mode file for STMicroelectronics.X-CUBE-FREERTOS.1.3.1
2026-03-15 11:47:16,523 [WARN] PackLoader:240 - Cannot read IP mode file for STMicroelectronics.X-CUBE-TOUCHGFX.4.26.0
2026-03-15 11:47:16,525 [WARN] PackLoader:240 - Cannot read IP mode file for STMicroelectronics.X-CUBE-TOUCHGFX.4.26.1
2026-03-15 11:47:16,530 [WARN] PackLoader:240 - Cannot read IP mode file for STMicroelectronics.X-CUBE-DPower.1.3.0
2026-03-15 11:47:16,542 [WARN] ConditionMgr:438 - getConditionDescription Invalid condition id : LAN8742 Phy interface Condition cause : null
2026-03-15 11:47:16,542 [WARN] PackLoader:240 - Cannot read IP mode file for STMicroelectronics.X-CUBE-AZRTOS-L4.2.0.0
2026-03-15 11:47:16,543 [WARN] ConditionMgr:1044 - genDependencies : Invalid condition id : LAN8742 Phy interface Condition cause : null
2026-03-15 11:47:16,543 [WARN] ConditionMgr:1044 - genDependencies : Invalid condition id : LAN8742 Phy interface Condition cause : null
2026-03-15 11:47:16,543 [WARN] ConditionMgr:1044 - genDependencies : Invalid condition id : LAN8742 Phy interface Condition cause : null
2026-03-15 11:47:16,549 [WARN] PackLoader:240 - Cannot read IP mode file for STMicroelectronics.X-CUBE-SFXS2LP1.4.0.0
2026-03-15 11:47:16,556 [WARN] PackLoader:240 - Cannot read IP mode file for STMicroelectronics.X-CUBE-ST67W61.1.2.0
2026-03-15 11:47:16,564 [WARN] ConditionMgr:438 - getConditionDescription Invalid condition id : UX DEVICE CLASS RTOS Condition cause : null
2026-03-15 11:47:16,564 [WARN] ConditionMgr:438 - getConditionDescription Invalid condition id : UX DEVICE CLASS RTOS Condition cause : null
2026-03-15 11:47:16,565 [WARN] PackLoader:240 - Cannot read IP mode file for STMicroelectronics.X-CUBE-AZRTOS-WB.2.0.0
2026-03-15 11:47:16,566 [WARN] ConditionMgr:1044 - genDependencies : Invalid condition id : UX DEVICE CLASS RTOS Condition cause : null
2026-03-15 11:47:16,566 [WARN] ConditionMgr:1044 - genDependencies : Invalid condition id : UX DEVICE CLASS RTOS Condition cause : null
2026-03-15 11:47:16,566 [WARN] ConditionMgr:1044 - genDependencies : Invalid condition id : UX DEVICE CLASS RTOS Condition cause : null
2026-03-15 11:47:16,566 [WARN] ConditionMgr:1044 - genDependencies : Invalid condition id : UX DEVICE CLASS RTOS Condition cause : null
2026-03-15 11:47:16,566 [WARN] ConditionMgr:1044 - genDependencies : Invalid condition id : UX DEVICE CLASS RTOS Condition cause : null
2026-03-15 11:47:16,571 [WARN] ConditionMgr:438 - getConditionDescription Invalid condition id : Cortex-A Device cause : null
2026-03-15 11:47:16,578 [WARN] ConditionMgr:1044 - genDependencies : Invalid condition id : Cortex-A Device cause : null
2026-03-15 11:47:16,578 [WARN] ConditionMgr:1044 - genDependencies : Invalid condition id : Cortex-A Device cause : null
2026-03-15 11:47:16,578 [WARN] ConditionMgr:1044 - genDependencies : Invalid condition id : Cortex-A Device cause : null
2026-03-15 11:47:16,585 [WARN] PackLoader:240 - Cannot read IP mode file for STMicroelectronics.X-CUBE-STSE01.2.0.0
2026-03-15 11:47:16,592 [WARN] PackLoader:240 - Cannot read IP mode file for STMicroelectronics.X-CUBE-SUBG2.5.0.0
2026-03-15 11:47:16,607 [WARN] PackLoader:240 - Cannot read IP mode file for STMicroelectronics.X-CUBE-AZRTOS-H7RS.1.1.0
2026-03-15 11:47:16,618 [WARN] PackLoader:240 - Cannot read IP mode file for STMicroelectronics.X-CUBE-AZRTOS-G4.2.0.0
2026-03-15 11:47:16,624 [WARN] PackLoader:240 - Cannot read IP mode file for STMicroelectronics.X-CUBE-NFC7.2.0.0
2026-03-15 11:47:16,627 [WARN] PackLoader:240 - Cannot read IP mode file for STMicroelectronics.X-CUBE-ALS.1.0.2
2026-03-15 11:47:16,632 [WARN] PackLoader:240 - Cannot read IP mode file for STMicroelectronics.X-CUBE-STSE01.1.0.0
2026-03-15 11:47:16,641 [WARN] PackLoader:240 - Cannot read IP mode file for STMicroelectronics.X-CUBE-TOF1.3.4.3
2026-03-15 11:47:16,647 [INFO] ThirdParty:978 - Integrity check success = true
2026-03-15 11:47:16,647 [INFO] IntegrityCheckThread:100 - exiting critical section [integrity check]
2026-03-15 11:47:16,647 [INFO] IntegrityCheckThread:103 - End integrity checks thread
2026-03-15 11:47:17,399 [ERROR] LogOutputStream:75 - [STDERR_REDIRECT] [Fatal Error] :1:1: Premature end of file.
2026-03-15 11:47:17,400 [ERROR] LogOutputStream:75 - [STDERR_REDIRECT] 
2026-03-15 11:47:18,401 [ERROR] LogOutputStream:75 - [STDERR_REDIRECT] [Fatal Error] :1:1: Premature end of file.
2026-03-15 11:47:18,401 [ERROR] LogOutputStream:75 - [STDERR_REDIRECT] 
2026-03-15 11:47:19,400 [ERROR] LogOutputStream:75 - [STDERR_REDIRECT] [Fatal Error] :1:1: Premature end of file.
2026-03-15 11:47:19,400 [ERROR] LogOutputStream:75 - [STDERR_REDIRECT] 
2026-03-15 11:47:20,399 [ERROR] LogOutputStream:75 - [STDERR_REDIRECT] [Fatal Error] :1:1: Premature end of file.
2026-03-15 11:47:20,399 [ERROR] LogOutputStream:75 - [STDERR_REDIRECT] 
2026-03-15 11:47:21,400 [ERROR] LogOutputStream:75 - [STDERR_REDIRECT] [Fatal Error] :1:1: Premature end of file.
2026-03-15 11:47:21,400 [ERROR] LogOutputStream:75 - [STDERR_REDIRECT] 
2026-03-15 11:47:22,399 [ERROR] LogOutputStream:75 - [STDERR_REDIRECT] [Fatal Error] :1:1: Premature end of file.
2026-03-15 11:47:22,399 [ERROR] LogOutputStream:75 - [STDERR_REDIRECT] 
2026-03-15 11:47:23,399 [ERROR] LogOutputStream:75 - [STDERR_REDIRECT] [Fatal Error] :1:1: Premature end of file.
2026-03-15 11:47:23,400 [ERROR] LogOutputStream:75 - [STDERR_REDIRECT] 
2026-03-15 11:47:24,400 [ERROR] LogOutputStream:75 - [STDERR_REDIRECT] [Fatal Error] :1:1: Premature end of file.
2026-03-15 11:47:24,401 [ERROR] LogOutputStream:75 - [STDERR_REDIRECT] 
2026-03-15 11:47:25,402 [ERROR] LogOutputStream:75 - [STDERR_REDIRECT] [Fatal Error] :1:1: Premature end of file.
2026-03-15 11:47:25,402 [ERROR] LogOutputStream:75 - [STDERR_REDIRECT] 
2026-03-15 11:47:26,398 [ERROR] LogOutputStream:75 - [STDERR_REDIRECT] [Fatal Error] :1:1: Premature end of file.
2026-03-15 11:47:26,398 [ERROR] LogOutputStream:75 - [STDERR_REDIRECT] 
2026-03-15 11:47:27,400 [ERROR] LogOutputStream:75 - [STDERR_REDIRECT] [Fatal Error] :1:1: Premature end of file.
2026-03-15 11:47:27,401 [ERROR] LogOutputStream:75 - [STDERR_REDIRECT] 
2026-03-15 11:47:28,398 [ERROR] LogOutputStream:75 - [STDERR_REDIRECT] [Fatal Error] :1:1: Premature end of file.
2026-03-15 11:47:28,398 [ERROR] LogOutputStream:75 - [STDERR_REDIRECT] 
2026-03-15 11:47:29,403 [ERROR] LogOutputStream:75 - [STDERR_REDIRECT] [Fatal Error] :1:1: Premature end of file.
2026-03-15 11:47:29,403 [ERROR] LogOutputStream:75 - [STDERR_REDIRECT] 
2026-03-15 11:47:30,398 [ERROR] LogOutputStream:75 - [STDERR_REDIRECT] [Fatal Error] :1:1: Premature end of file.
2026-03-15 11:47:30,398 [ERROR] LogOutputStream:75 - [STDERR_REDIRECT] 
2026-03-15 11:47:31,397 [ERROR] LogOutputStream:75 - [STDERR_REDIRECT] [Fatal Error] :1:1: Premature end of file.
2026-03-15 11:47:31,397 [ERROR] LogOutputStream:75 - [STDERR_REDIRECT] 
2026-03-15 11:47:32,401 [ERROR] LogOutputStream:75 - [STDERR_REDIRECT] [Fatal Error] :1:1: Premature end of file.
2026-03-15 11:47:32,401 [ERROR] LogOutputStream:75 - [STDERR_REDIRECT] 
2026-03-15 11:47:33,399 [ERROR] LogOutputStream:75 - [STDERR_REDIRECT] [Fatal Error] :1:1: Premature end of file.
2026-03-15 11:47:33,399 [ERROR] LogOutputStream:75 - [STDERR_REDIRECT] 
2026-03-15 11:47:34,400 [ERROR] LogOutputStream:75 - [STDERR_REDIRECT] [Fatal Error] :1:1: Premature end of file.
2026-03-15 11:47:34,400 [ERROR] LogOutputStream:75 - [STDERR_REDIRECT] 
2026-03-15 11:47:35,398 [ERROR] LogOutputStream:75 - [STDERR_REDIRECT] [Fatal Error] :1:1: Premature end of file.
2026-03-15 11:47:35,399 [ERROR] LogOutputStream:75 - [STDERR_REDIRECT] 
2026-03-15 11:47:36,403 [ERROR] LogOutputStream:75 - [STDERR_REDIRECT] [Fatal Error] :1:1: Premature end of file.
2026-03-15 11:47:36,403 [ERROR] LogOutputStream:75 - [STDERR_REDIRECT] 
2026-03-15 11:47:37,399 [ERROR] LogOutputStream:75 - [STDERR_REDIRECT] [Fatal Error] :1:1: Premature end of file.
2026-03-15 11:47:37,400 [ERROR] LogOutputStream:75 - [STDERR_REDIRECT] 
2026-03-15 11:47:38,400 [ERROR] LogOutputStream:75 - [STDERR_REDIRECT] [Fatal Error] :1:1: Premature end of file.
2026-03-15 11:47:38,400 [ERROR] LogOutputStream:75 - [STDERR_REDIRECT] 
2026-03-15 11:47:39,400 [ERROR] LogOutputStream:75 - [STDERR_REDIRECT] [Fatal Error] :1:1: Premature end of file.
2026-03-15 11:47:39,400 [ERROR] LogOutputStream:75 - [STDERR_REDIRECT] 
2026-03-15 11:47:40,398 [ERROR] LogOutputStream:75 - [STDERR_REDIRECT] [Fatal Error] :1:1: Premature end of file.
2026-03-15 11:47:40,398 [ERROR] LogOutputStream:75 - [STDERR_REDIRECT] 
2026-03-15 11:47:41,400 [ERROR] LogOutputStream:75 - [STDERR_REDIRECT] [Fatal Error] :1:1: Premature end of file.
2026-03-15 11:47:41,400 [ERROR] LogOutputStream:75 - [STDERR_REDIRECT] 
2026-03-15 11:47:42,400 [ERROR] LogOutputStream:75 - [STDERR_REDIRECT] [Fatal Error] :1:1: Premature end of file.
2026-03-15 11:47:42,400 [ERROR] LogOutputStream:75 - [STDERR_REDIRECT] 
2026-03-15 11:47:43,408 [ERROR] LogOutputStream:75 - [STDERR_REDIRECT] [Fatal Error] :1:1: Premature end of file.
2026-03-15 11:47:43,408 [ERROR] LogOutputStream:75 - [STDERR_REDIRECT] 
2026-03-15 11:47:44,402 [ERROR] LogOutputStream:75 - [STDERR_REDIRECT] [Fatal Error] :1:1: Premature end of file.
2026-03-15 11:47:44,402 [ERROR] LogOutputStream:75 - [STDERR_REDIRECT] 
2026-03-15 11:47:45,401 [ERROR] LogOutputStream:75 - [STDERR_REDIRECT] [Fatal Error] :1:1: Premature end of file.
2026-03-15 11:47:45,402 [ERROR] LogOutputStream:75 - [STDERR_REDIRECT] 
2026-03-15 11:47:46,399 [ERROR] LogOutputStream:75 - [STDERR_REDIRECT] [Fatal Error] :1:1: Premature end of file.
2026-03-15 11:47:46,399 [ERROR] LogOutputStream:75 - [STDERR_REDIRECT] 
2026-03-15 11:47:47,400 [ERROR] LogOutputStream:75 - [STDERR_REDIRECT] [Fatal Error] :1:1: Premature end of file.
2026-03-15 11:47:47,400 [ERROR] LogOutputStream:75 - [STDERR_REDIRECT] 
2026-03-15 11:47:48,399 [ERROR] LogOutputStream:75 - [STDERR_REDIRECT] [Fatal Error] :1:1: Premature end of file.
2026-03-15 11:47:48,399 [ERROR] LogOutputStream:75 - [STDERR_REDIRECT] 
2026-03-15 11:47:49,400 [ERROR] LogOutputStream:75 - [STDERR_REDIRECT] [Fatal Error] :1:1: Premature end of file.
2026-03-15 11:47:49,400 [ERROR] LogOutputStream:75 - [STDERR_REDIRECT] 
2026-03-15 11:47:50,400 [ERROR] LogOutputStream:75 - [STDERR_REDIRECT] [Fatal Error] :1:1: Premature end of file.
2026-03-15 11:47:50,400 [ERROR] LogOutputStream:75 - [STDERR_REDIRECT] 
2026-03-15 11:47:51,400 [ERROR] LogOutputStream:75 - [STDERR_REDIRECT] [Fatal Error] :1:1: Premature end of file.
2026-03-15 11:47:51,400 [ERROR] LogOutputStream:75 - [STDERR_REDIRECT] 
2026-03-15 11:47:52,401 [ERROR] LogOutputStream:75 - [STDERR_REDIRECT] [Fatal Error] :1:1: Premature end of file.
2026-03-15 11:47:52,401 [ERROR] LogOutputStream:75 - [STDERR_REDIRECT] 
2026-03-15 11:47:53,402 [ERROR] LogOutputStream:75 - [STDERR_REDIRECT] [Fatal Error] :1:1: Premature end of file.
2026-03-15 11:47:53,402 [ERROR] LogOutputStream:75 - [STDERR_REDIRECT] 
2026-03-15 11:47:54,398 [ERROR] LogOutputStream:75 - [STDERR_REDIRECT] [Fatal Error] :1:1: Premature end of file.
2026-03-15 11:47:54,398 [ERROR] LogOutputStream:75 - [STDERR_REDIRECT] 
2026-03-15 11:47:55,400 [ERROR] LogOutputStream:75 - [STDERR_REDIRECT] [Fatal Error] :1:1: Premature end of file.
2026-03-15 11:47:55,400 [ERROR] LogOutputStream:75 - [STDERR_REDIRECT] 
2026-03-15 11:47:56,398 [ERROR] LogOutputStream:75 - [STDERR_REDIRECT] [Fatal Error] :1:1: Premature end of file.
2026-03-15 11:47:56,398 [ERROR] LogOutputStream:75 - [STDERR_REDIRECT] 
2026-03-15 11:47:57,399 [ERROR] LogOutputStream:75 - [STDERR_REDIRECT] [Fatal Error] :1:1: Premature end of file.
2026-03-15 11:47:57,399 [ERROR] LogOutputStream:75 - [STDERR_REDIRECT] 
2026-03-15 11:47:58,400 [ERROR] LogOutputStream:75 - [STDERR_REDIRECT] [Fatal Error] :1:1: Premature end of file.
2026-03-15 11:47:58,400 [ERROR] LogOutputStream:75 - [STDERR_REDIRECT] 
2026-03-15 11:47:59,399 [ERROR] LogOutputStream:75 - [STDERR_REDIRECT] [Fatal Error] :1:1: Premature end of file.
2026-03-15 11:47:59,399 [ERROR] LogOutputStream:75 - [STDERR_REDIRECT] 
2026-03-15 11:48:00,398 [ERROR] LogOutputStream:75 - [STDERR_REDIRECT] [Fatal Error] :1:1: Premature end of file.
2026-03-15 11:48:00,398 [ERROR] LogOutputStream:75 - [STDERR_REDIRECT] 
2026-03-15 11:48:01,400 [ERROR] LogOutputStream:75 - [STDERR_REDIRECT] [Fatal Error] :1:1: Premature end of file.
2026-03-15 11:48:01,400 [ERROR] LogOutputStream:75 - [STDERR_REDIRECT] 
2026-03-15 11:48:02,400 [ERROR] LogOutputStream:75 - [STDERR_REDIRECT] [Fatal Error] :1:1: Premature end of file.
2026-03-15 11:48:02,400 [ERROR] LogOutputStream:75 - [STDERR_REDIRECT] 
2026-03-15 11:48:03,400 [ERROR] LogOutputStream:75 - [STDERR_REDIRECT] [Fatal Error] :1:1: Premature end of file.
2026-03-15 11:48:03,400 [ERROR] LogOutputStream:75 - [STDERR_REDIRECT] 
2026-03-15 11:48:04,399 [ERROR] LogOutputStream:75 - [STDERR_REDIRECT] [Fatal Error] :1:1: Premature end of file.
2026-03-15 11:48:04,399 [ERROR] LogOutputStream:75 - [STDERR_REDIRECT] 
2026-03-15 11:48:05,399 [ERROR] LogOutputStream:75 - [STDERR_REDIRECT] [Fatal Error] :1:1: Premature end of file.
2026-03-15 11:48:05,399 [ERROR] LogOutputStream:75 - [STDERR_REDIRECT] 
2026-03-15 11:48:06,399 [ERROR] LogOutputStream:75 - [STDERR_REDIRECT] [Fatal Error] :1:1: Premature end of file.
2026-03-15 11:48:06,399 [ERROR] LogOutputStream:75 - [STDERR_REDIRECT] 
2026-03-15 11:48:07,402 [ERROR] LogOutputStream:75 - [STDERR_REDIRECT] [Fatal Error] :1:1: Premature end of file.
2026-03-15 11:48:07,402 [ERROR] LogOutputStream:75 - [STDERR_REDIRECT] 
2026-03-15 11:48:08,401 [ERROR] LogOutputStream:75 - [STDERR_REDIRECT] [Fatal Error] :1:1: Premature end of file.
2026-03-15 11:48:08,401 [ERROR] LogOutputStream:75 - [STDERR_REDIRECT] 
2026-03-15 11:48:09,398 [ERROR] LogOutputStream:75 - [STDERR_REDIRECT] [Fatal Error] :1:1: Premature end of file.
2026-03-15 11:48:09,398 [ERROR] LogOutputStream:75 - [STDERR_REDIRECT] 
2026-03-15 11:48:10,398 [ERROR] LogOutputStream:75 - [STDERR_REDIRECT] [Fatal Error] :1:1: Premature end of file.
2026-03-15 11:48:10,398 [ERROR] LogOutputStream:75 - [STDERR_REDIRECT] 
2026-03-15 11:48:11,398 [ERROR] LogOutputStream:75 - [STDERR_REDIRECT] [Fatal Error] :1:1: Premature end of file.
2026-03-15 11:48:11,398 [ERROR] LogOutputStream:75 - [STDERR_REDIRECT] 
2026-03-15 11:48:12,401 [ERROR] LogOutputStream:75 - [STDERR_REDIRECT] [Fatal Error] :1:1: Premature end of file.
2026-03-15 11:48:12,401 [ERROR] LogOutputStream:75 - [STDERR_REDIRECT] 
2026-03-15 11:48:13,400 [ERROR] LogOutputStream:75 - [STDERR_REDIRECT] [Fatal Error] :1:1: Premature end of file.
2026-03-15 11:48:13,400 [ERROR] LogOutputStream:75 - [STDERR_REDIRECT] 
2026-03-15 11:48:14,399 [ERROR] LogOutputStream:75 - [STDERR_REDIRECT] [Fatal Error] :1:1: Premature end of file.
2026-03-15 11:48:14,399 [ERROR] LogOutputStream:75 - [STDERR_REDIRECT] 
2026-03-15 11:48:15,399 [ERROR] LogOutputStream:75 - [STDERR_REDIRECT] [Fatal Error] :1:1: Premature end of file.
2026-03-15 11:48:15,399 [ERROR] LogOutputStream:75 - [STDERR_REDIRECT] 
2026-03-15 11:48:16,401 [ERROR] LogOutputStream:75 - [STDERR_REDIRECT] [Fatal Error] :1:1: Premature end of file.
2026-03-15 11:48:16,401 [ERROR] LogOutputStream:75 - [STDERR_REDIRECT] 
2026-03-15 11:48:17,400 [ERROR] LogOutputStream:75 - [STDERR_REDIRECT] [Fatal Error] :1:1: Premature end of file.
2026-03-15 11:48:17,400 [ERROR] LogOutputStream:75 - [STDERR_REDIRECT] 
2026-03-15 11:48:18,401 [ERROR] LogOutputStream:75 - [STDERR_REDIRECT] [Fatal Error] :1:1: Premature end of file.
2026-03-15 11:48:18,401 [ERROR] LogOutputStream:75 - [STDERR_REDIRECT] 
2026-03-15 11:48:19,400 [ERROR] LogOutputStream:75 - [STDERR_REDIRECT] [Fatal Error] :1:1: Premature end of file.
2026-03-15 11:48:19,401 [ERROR] LogOutputStream:75 - [STDERR_REDIRECT] 
2026-03-15 11:48:20,400 [ERROR] LogOutputStream:75 - [STDERR_REDIRECT] [Fatal Error] :1:1: Premature end of file.
2026-03-15 11:48:20,400 [ERROR] LogOutputStream:75 - [STDERR_REDIRECT] 
2026-03-15 11:48:21,400 [ERROR] LogOutputStream:75 - [STDERR_REDIRECT] [Fatal Error] :1:1: Premature end of file.
2026-03-15 11:48:21,400 [ERROR] LogOutputStream:75 - [STDERR_REDIRECT] 
2026-03-15 11:48:22,399 [ERROR] LogOutputStream:75 - [STDERR_REDIRECT] [Fatal Error] :1:1: Premature end of file.
2026-03-15 11:48:22,399 [ERROR] LogOutputStream:75 - [STDERR_REDIRECT] 
2026-03-15 11:48:23,400 [ERROR] LogOutputStream:75 - [STDERR_REDIRECT] [Fatal Error] :1:1: Premature end of file.
2026-03-15 11:48:23,400 [ERROR] LogOutputStream:75 - [STDERR_REDIRECT] 
2026-03-15 11:48:24,400 [ERROR] LogOutputStream:75 - [STDERR_REDIRECT] [Fatal Error] :1:1: Premature end of file.
2026-03-15 11:48:24,400 [ERROR] LogOutputStream:75 - [STDERR_REDIRECT] 
2026-03-15 11:48:25,400 [ERROR] LogOutputStream:75 - [STDERR_REDIRECT] [Fatal Error] :1:1: Premature end of file.
2026-03-15 11:48:25,401 [ERROR] LogOutputStream:75 - [STDERR_REDIRECT] 
2026-03-15 11:48:26,399 [ERROR] LogOutputStream:75 - [STDERR_REDIRECT] [Fatal Error] :1:1: Premature end of file.
2026-03-15 11:48:26,399 [ERROR] LogOutputStream:75 - [STDERR_REDIRECT] 
2026-03-15 11:48:27,402 [ERROR] LogOutputStream:75 - [STDERR_REDIRECT] [Fatal Error] :1:1: Premature end of file.
2026-03-15 11:48:27,402 [ERROR] LogOutputStream:75 - [STDERR_REDIRECT] 
2026-03-15 11:48:28,399 [ERROR] LogOutputStream:75 - [STDERR_REDIRECT] [Fatal Error] :1:1: Premature end of file.
2026-03-15 11:48:28,399 [ERROR] LogOutputStream:75 - [STDERR_REDIRECT] 
2026-03-15 11:48:29,404 [ERROR] LogOutputStream:75 - [STDERR_REDIRECT] [Fatal Error] :1:1: Premature end of file.
2026-03-15 11:48:29,404 [ERROR] LogOutputStream:75 - [STDERR_REDIRECT] 
2026-03-15 11:48:30,400 [ERROR] LogOutputStream:75 - [STDERR_REDIRECT] [Fatal Error] :1:1: Premature end of file.
2026-03-15 11:48:30,400 [ERROR] LogOutputStream:75 - [STDERR_REDIRECT] 
2026-03-15 11:48:31,402 [ERROR] LogOutputStream:75 - [STDERR_REDIRECT] [Fatal Error] :1:1: Premature end of file.
2026-03-15 11:48:31,402 [ERROR] LogOutputStream:75 - [STDERR_REDIRECT] 
2026-03-15 11:48:32,400 [ERROR] LogOutputStream:75 - [STDERR_REDIRECT] [Fatal Error] :1:1: Premature end of file.
2026-03-15 11:48:32,400 [ERROR] LogOutputStream:75 - [STDERR_REDIRECT] 
2026-03-15 11:48:33,400 [ERROR] LogOutputStream:75 - [STDERR_REDIRECT] [Fatal Error] :1:1: Premature end of file.
2026-03-15 11:48:33,400 [ERROR] LogOutputStream:75 - [STDERR_REDIRECT] 
2026-03-15 11:48:34,400 [ERROR] LogOutputStream:75 - [STDERR_REDIRECT] [Fatal Error] :1:1: Premature end of file.
2026-03-15 11:48:34,400 [ERROR] LogOutputStream:75 - [STDERR_REDIRECT] 
2026-03-15 11:48:35,399 [ERROR] LogOutputStream:75 - [STDERR_REDIRECT] [Fatal Error] :1:1: Premature end of file.
2026-03-15 11:48:35,399 [ERROR] LogOutputStream:75 - [STDERR_REDIRECT] 
2026-03-15 11:48:36,400 [ERROR] LogOutputStream:75 - [STDERR_REDIRECT] [Fatal Error] :1:1: Premature end of file.
2026-03-15 11:48:36,400 [ERROR] LogOutputStream:75 - [STDERR_REDIRECT] 
2026-03-15 11:48:37,400 [ERROR] LogOutputStream:75 - [STDERR_REDIRECT] [Fatal Error] :1:1: Premature end of file.
2026-03-15 11:48:37,400 [ERROR] LogOutputStream:75 - [STDERR_REDIRECT] 
2026-03-15 11:48:38,401 [ERROR] LogOutputStream:75 - [STDERR_REDIRECT] [Fatal Error] :1:1: Premature end of file.
2026-03-15 11:48:38,401 [ERROR] LogOutputStream:75 - [STDERR_REDIRECT] 
2026-03-15 11:48:39,400 [ERROR] LogOutputStream:75 - [STDERR_REDIRECT] [Fatal Error] :1:1: Premature end of file.
2026-03-15 11:48:39,401 [ERROR] LogOutputStream:75 - [STDERR_REDIRECT] 
2026-03-15 11:48:40,397 [ERROR] LogOutputStream:75 - [STDERR_REDIRECT] [Fatal Error] :1:1: Premature end of file.
2026-03-15 11:48:40,398 [ERROR] LogOutputStream:75 - [STDERR_REDIRECT] 
2026-03-15 11:48:41,402 [ERROR] LogOutputStream:75 - [STDERR_REDIRECT] [Fatal Error] :1:1: Premature end of file.
2026-03-15 11:48:41,402 [ERROR] LogOutputStream:75 - [STDERR_REDIRECT] 
2026-03-15 11:48:42,400 [ERROR] LogOutputStream:75 - [STDERR_REDIRECT] [Fatal Error] :1:1: Premature end of file.
2026-03-15 11:48:42,401 [ERROR] LogOutputStream:75 - [STDERR_REDIRECT] 
2026-03-15 11:48:43,404 [ERROR] LogOutputStream:75 - [STDERR_REDIRECT] [Fatal Error] :1:1: Premature end of file.
2026-03-15 11:48:43,405 [ERROR] LogOutputStream:75 - [STDERR_REDIRECT] 
2026-03-15 11:48:44,401 [ERROR] LogOutputStream:75 - [STDERR_REDIRECT] [Fatal Error] :1:1: Premature end of file.
2026-03-15 11:48:44,401 [ERROR] LogOutputStream:75 - [STDERR_REDIRECT] 
2026-03-15 11:48:45,406 [ERROR] LogOutputStream:75 - [STDERR_REDIRECT] [Fatal Error] :1:1: Premature end of file.
2026-03-15 11:48:45,406 [ERROR] LogOutputStream:75 - [STDERR_REDIRECT] 
2026-03-15 11:48:46,401 [ERROR] LogOutputStream:75 - [STDERR_REDIRECT] [Fatal Error] :1:1: Premature end of file.
2026-03-15 11:48:46,402 [ERROR] LogOutputStream:75 - [STDERR_REDIRECT] 
2026-03-15 11:48:47,399 [ERROR] LogOutputStream:75 - [STDERR_REDIRECT] [Fatal Error] :1:1: Premature end of file.
2026-03-15 11:48:47,399 [ERROR] LogOutputStream:75 - [STDERR_REDIRECT] 
2026-03-15 11:48:48,403 [ERROR] LogOutputStream:75 - [STDERR_REDIRECT] [Fatal Error] :1:1: Premature end of file.
2026-03-15 11:48:48,404 [ERROR] LogOutputStream:75 - [STDERR_REDIRECT] 
2026-03-15 11:48:49,399 [ERROR] LogOutputStream:75 - [STDERR_REDIRECT] [Fatal Error] :1:1: Premature end of file.
2026-03-15 11:48:49,400 [ERROR] LogOutputStream:75 - [STDERR_REDIRECT] 
2026-03-15 11:48:50,399 [ERROR] LogOutputStream:75 - [STDERR_REDIRECT] [Fatal Error] :1:1: Premature end of file.
2026-03-15 11:48:50,400 [ERROR] LogOutputStream:75 - [STDERR_REDIRECT] 
2026-03-15 11:48:51,399 [ERROR] LogOutputStream:75 - [STDERR_REDIRECT] [Fatal Error] :1:1: Premature end of file.
2026-03-15 11:48:51,400 [ERROR] LogOutputStream:75 - [STDERR_REDIRECT] 
2026-03-15 11:48:52,400 [ERROR] LogOutputStream:75 - [STDERR_REDIRECT] [Fatal Error] :1:1: Premature end of file.
2026-03-15 11:48:52,400 [ERROR] LogOutputStream:75 - [STDERR_REDIRECT] 
2026-03-15 11:48:53,400 [ERROR] LogOutputStream:75 - [STDERR_REDIRECT] [Fatal Error] :1:1: Premature end of file.
2026-03-15 11:48:53,400 [ERROR] LogOutputStream:75 - [STDERR_REDIRECT] 
2026-03-15 11:48:54,400 [ERROR] LogOutputStream:75 - [STDERR_REDIRECT] [Fatal Error] :1:1: Premature end of file.
2026-03-15 11:48:54,400 [ERROR] LogOutputStream:75 - [STDERR_REDIRECT] 
2026-03-15 11:48:55,398 [ERROR] LogOutputStream:75 - [STDERR_REDIRECT] [Fatal Error] :1:1: Premature end of file.
2026-03-15 11:48:55,398 [ERROR] LogOutputStream:75 - [STDERR_REDIRECT] 
2026-03-15 11:48:56,399 [ERROR] LogOutputStream:75 - [STDERR_REDIRECT] [Fatal Error] :1:1: Premature end of file.
2026-03-15 11:48:56,399 [ERROR] LogOutputStream:75 - [STDERR_REDIRECT] 
2026-03-15 11:48:57,400 [ERROR] LogOutputStream:75 - [STDERR_REDIRECT] [Fatal Error] :1:1: Premature end of file.
2026-03-15 11:48:57,401 [ERROR] LogOutputStream:75 - [STDERR_REDIRECT] 
2026-03-15 11:48:58,401 [ERROR] LogOutputStream:75 - [STDERR_REDIRECT] [Fatal Error] :1:1: Premature end of file.
2026-03-15 11:48:58,401 [ERROR] LogOutputStream:75 - [STDERR_REDIRECT] 
2026-03-15 11:48:59,398 [ERROR] LogOutputStream:75 - [STDERR_REDIRECT] [Fatal Error] :1:1: Premature end of file.
2026-03-15 11:48:59,398 [ERROR] LogOutputStream:75 - [STDERR_REDIRECT] 
2026-03-15 11:49:00,402 [ERROR] LogOutputStream:75 - [STDERR_REDIRECT] [Fatal Error] :1:1: Premature end of file.
2026-03-15 11:49:00,402 [ERROR] LogOutputStream:75 - [STDERR_REDIRECT] 
2026-03-15 11:49:01,400 [ERROR] LogOutputStream:75 - [STDERR_REDIRECT] [Fatal Error] :1:1: Premature end of file.
2026-03-15 11:49:01,400 [ERROR] LogOutputStream:75 - [STDERR_REDIRECT] 
2026-03-15 11:49:02,399 [ERROR] LogOutputStream:75 - [STDERR_REDIRECT] [Fatal Error] :1:1: Premature end of file.
2026-03-15 11:49:02,399 [ERROR] LogOutputStream:75 - [STDERR_REDIRECT] 
2026-03-15 11:49:03,400 [ERROR] LogOutputStream:75 - [STDERR_REDIRECT] [Fatal Error] :1:1: Premature end of file.
2026-03-15 11:49:03,400 [ERROR] LogOutputStream:75 - [STDERR_REDIRECT] 
2026-03-15 11:49:04,399 [ERROR] LogOutputStream:75 - [STDERR_REDIRECT] [Fatal Error] :1:1: Premature end of file.
2026-03-15 11:49:04,399 [ERROR] LogOutputStream:75 - [STDERR_REDIRECT] 
2026-03-15 11:49:05,399 [ERROR] LogOutputStream:75 - [STDERR_REDIRECT] [Fatal Error] :1:1: Premature end of file.
2026-03-15 11:49:05,399 [ERROR] LogOutputStream:75 - [STDERR_REDIRECT] 
2026-03-15 11:49:06,399 [ERROR] LogOutputStream:75 - [STDERR_REDIRECT] [Fatal Error] :1:1: Premature end of file.
2026-03-15 11:49:06,400 [ERROR] LogOutputStream:75 - [STDERR_REDIRECT] 
2026-03-15 11:49:07,399 [ERROR] LogOutputStream:75 - [STDERR_REDIRECT] [Fatal Error] :1:1: Premature end of file.
2026-03-15 11:49:07,399 [ERROR] LogOutputStream:75 - [STDERR_REDIRECT] 
2026-03-15 11:49:08,400 [ERROR] LogOutputStream:75 - [STDERR_REDIRECT] [Fatal Error] :1:1: Premature end of file.
2026-03-15 11:49:08,400 [ERROR] LogOutputStream:75 - [STDERR_REDIRECT] 
2026-03-15 11:49:09,400 [ERROR] LogOutputStream:75 - [STDERR_REDIRECT] [Fatal Error] :1:1: Premature end of file.
2026-03-15 11:49:09,400 [ERROR] LogOutputStream:75 - [STDERR_REDIRECT] 
2026-03-15 11:49:10,399 [ERROR] LogOutputStream:75 - [STDERR_REDIRECT] [Fatal Error] :1:1: Premature end of file.
2026-03-15 11:49:10,399 [ERROR] LogOutputStream:75 - [STDERR_REDIRECT] 
2026-03-15 11:49:11,402 [ERROR] LogOutputStream:75 - [STDERR_REDIRECT] [Fatal Error] :1:1: Premature end of file.
2026-03-15 11:49:11,402 [ERROR] LogOutputStream:75 - [STDERR_REDIRECT] 
2026-03-15 11:49:12,400 [ERROR] LogOutputStream:75 - [STDERR_REDIRECT] [Fatal Error] :1:1: Premature end of file.
2026-03-15 11:49:12,400 [ERROR] LogOutputStream:75 - [STDERR_REDIRECT] 
2026-03-15 11:49:13,399 [ERROR] LogOutputStream:75 - [STDERR_REDIRECT] [Fatal Error] :1:1: Premature end of file.
2026-03-15 11:49:13,399 [ERROR] LogOutputStream:75 - [STDERR_REDIRECT] 
2026-03-15 11:49:14,399 [ERROR] LogOutputStream:75 - [STDERR_REDIRECT] [Fatal Error] :1:1: Premature end of file.
2026-03-15 11:49:14,400 [ERROR] LogOutputStream:75 - [STDERR_REDIRECT] 
2026-03-15 11:49:15,398 [ERROR] LogOutputStream:75 - [STDERR_REDIRECT] [Fatal Error] :1:1: Premature end of file.
2026-03-15 11:49:15,398 [ERROR] LogOutputStream:75 - [STDERR_REDIRECT] 
2026-03-15 11:49:16,398 [ERROR] LogOutputStream:75 - [STDERR_REDIRECT] [Fatal Error] :1:1: Premature end of file.
2026-03-15 11:49:16,398 [ERROR] LogOutputStream:75 - [STDERR_REDIRECT] 
2026-03-15 11:49:17,398 [ERROR] LogOutputStream:75 - [STDERR_REDIRECT] [Fatal Error] :1:1: Premature end of file.
2026-03-15 11:49:17,399 [ERROR] LogOutputStream:75 - [STDERR_REDIRECT] 
2026-03-15 11:49:18,400 [ERROR] LogOutputStream:75 - [STDERR_REDIRECT] [Fatal Error] :1:1: Premature end of file.
2026-03-15 11:49:18,400 [ERROR] LogOutputStream:75 - [STDERR_REDIRECT] 
2026-03-15 11:49:19,401 [ERROR] LogOutputStream:75 - [STDERR_REDIRECT] [Fatal Error] :1:1: Premature end of file.
2026-03-15 11:49:19,401 [ERROR] LogOutputStream:75 - [STDERR_REDIRECT] 
2026-03-15 11:49:20,400 [ERROR] LogOutputStream:75 - [STDERR_REDIRECT] [Fatal Error] :1:1: Premature end of file.
2026-03-15 11:49:20,400 [ERROR] LogOutputStream:75 - [STDERR_REDIRECT] 
2026-03-15 11:49:21,399 [ERROR] LogOutputStream:75 - [STDERR_REDIRECT] [Fatal Error] :1:1: Premature end of file.
2026-03-15 11:49:21,399 [ERROR] LogOutputStream:75 - [STDERR_REDIRECT] 
2026-03-15 11:49:22,399 [ERROR] LogOutputStream:75 - [STDERR_REDIRECT] [Fatal Error] :1:1: Premature end of file.
2026-03-15 11:49:22,399 [ERROR] LogOutputStream:75 - [STDERR_REDIRECT] 
2026-03-15 11:49:23,398 [ERROR] LogOutputStream:75 - [STDERR_REDIRECT] [Fatal Error] :1:1: Premature end of file.
2026-03-15 11:49:23,398 [ERROR] LogOutputStream:75 - [STDERR_REDIRECT] 
2026-03-15 11:49:24,398 [ERROR] LogOutputStream:75 - [STDERR_REDIRECT] [Fatal Error] :1:1: Premature end of file.
2026-03-15 11:49:24,398 [ERROR] LogOutputStream:75 - [STDERR_REDIRECT] 
2026-03-15 11:49:25,402 [ERROR] LogOutputStream:75 - [STDERR_REDIRECT] [Fatal Error] :1:1: Premature end of file.
2026-03-15 11:49:25,402 [ERROR] LogOutputStream:75 - [STDERR_REDIRECT] 
2026-03-15 11:49:26,400 [ERROR] LogOutputStream:75 - [STDERR_REDIRECT] [Fatal Error] :1:1: Premature end of file.
2026-03-15 11:49:26,401 [ERROR] LogOutputStream:75 - [STDERR_REDIRECT] 
2026-03-15 11:49:27,400 [ERROR] LogOutputStream:75 - [STDERR_REDIRECT] [Fatal Error] :1:1: Premature end of file.
2026-03-15 11:49:27,400 [ERROR] LogOutputStream:75 - [STDERR_REDIRECT] 
2026-03-15 11:49:28,399 [ERROR] LogOutputStream:75 - [STDERR_REDIRECT] [Fatal Error] :1:1: Premature end of file.
2026-03-15 11:49:28,399 [ERROR] LogOutputStream:75 - [STDERR_REDIRECT] 
2026-03-15 11:49:29,397 [ERROR] LogOutputStream:75 - [STDERR_REDIRECT] [Fatal Error] :1:1: Premature end of file.
2026-03-15 11:49:29,397 [ERROR] LogOutputStream:75 - [STDERR_REDIRECT] 
2026-03-15 11:49:30,399 [ERROR] LogOutputStream:75 - [STDERR_REDIRECT] [Fatal Error] :1:1: Premature end of file.
2026-03-15 11:49:30,399 [ERROR] LogOutputStream:75 - [STDERR_REDIRECT] 
2026-03-15 11:49:31,397 [ERROR] LogOutputStream:75 - [STDERR_REDIRECT] [Fatal Error] :1:1: Premature end of file.
2026-03-15 11:49:31,398 [ERROR] LogOutputStream:75 - [STDERR_REDIRECT] 
2026-03-15 11:49:32,399 [ERROR] LogOutputStream:75 - [STDERR_REDIRECT] [Fatal Error] :1:1: Premature end of file.
2026-03-15 11:49:32,399 [ERROR] LogOutputStream:75 - [STDERR_REDIRECT] 
2026-03-15 11:49:33,399 [ERROR] LogOutputStream:75 - [STDERR_REDIRECT] [Fatal Error] :1:1: Premature end of file.
2026-03-15 11:49:33,400 [ERROR] LogOutputStream:75 - [STDERR_REDIRECT] 
2026-03-15 11:49:34,399 [ERROR] LogOutputStream:75 - [STDERR_REDIRECT] [Fatal Error] :1:1: Premature end of file.
2026-03-15 11:49:34,399 [ERROR] LogOutputStream:75 - [STDERR_REDIRECT] 
2026-03-15 11:49:35,400 [ERROR] LogOutputStream:75 - [STDERR_REDIRECT] [Fatal Error] :1:1: Premature end of file.
2026-03-15 11:49:35,400 [ERROR] LogOutputStream:75 - [STDERR_REDIRECT] 
2026-03-15 11:49:36,399 [ERROR] LogOutputStream:75 - [STDERR_REDIRECT] [Fatal Error] :1:1: Premature end of file.
2026-03-15 11:49:36,399 [ERROR] LogOutputStream:75 - [STDERR_REDIRECT] 
2026-03-15 11:49:37,400 [ERROR] LogOutputStream:75 - [STDERR_REDIRECT] [Fatal Error] :1:1: Premature end of file.
2026-03-15 11:49:37,400 [ERROR] LogOutputStream:75 - [STDERR_REDIRECT] 
2026-03-15 11:49:38,398 [ERROR] LogOutputStream:75 - [STDERR_REDIRECT] [Fatal Error] :1:1: Premature end of file.
2026-03-15 11:49:38,398 [ERROR] LogOutputStream:75 - [STDERR_REDIRECT] 
2026-03-15 11:49:39,399 [ERROR] LogOutputStream:75 - [STDERR_REDIRECT] [Fatal Error] :1:1: Premature end of file.
2026-03-15 11:49:39,399 [ERROR] LogOutputStream:75 - [STDERR_REDIRECT] 
2026-03-15 11:49:40,400 [ERROR] LogOutputStream:75 - [STDERR_REDIRECT] [Fatal Error] :1:1: Premature end of file.
2026-03-15 11:49:40,400 [ERROR] LogOutputStream:75 - [STDERR_REDIRECT] 
2026-03-15 11:49:41,400 [ERROR] LogOutputStream:75 - [STDERR_REDIRECT] [Fatal Error] :1:1: Premature end of file.
2026-03-15 11:49:41,400 [ERROR] LogOutputStream:75 - [STDERR_REDIRECT] 
2026-03-15 11:49:42,401 [ERROR] LogOutputStream:75 - [STDERR_REDIRECT] [Fatal Error] :1:1: Premature end of file.
2026-03-15 11:49:42,401 [ERROR] LogOutputStream:75 - [STDERR_REDIRECT] 
2026-03-15 11:49:43,401 [ERROR] LogOutputStream:75 - [STDERR_REDIRECT] [Fatal Error] :1:1: Premature end of file.
2026-03-15 11:49:43,401 [ERROR] LogOutputStream:75 - [STDERR_REDIRECT] 
2026-03-15 11:49:44,400 [ERROR] LogOutputStream:75 - [STDERR_REDIRECT] [Fatal Error] :1:1: Premature end of file.
2026-03-15 11:49:44,400 [ERROR] LogOutputStream:75 - [STDERR_REDIRECT] 
2026-03-15 11:49:45,401 [ERROR] LogOutputStream:75 - [STDERR_REDIRECT] [Fatal Error] :1:1: Premature end of file.
2026-03-15 11:49:45,401 [ERROR] LogOutputStream:75 - [STDERR_REDIRECT] 
2026-03-15 11:49:46,401 [ERROR] LogOutputStream:75 - [STDERR_REDIRECT] [Fatal Error] :1:1: Premature end of file.
2026-03-15 11:49:46,402 [ERROR] LogOutputStream:75 - [STDERR_REDIRECT] 
2026-03-15 11:49:47,400 [ERROR] LogOutputStream:75 - [STDERR_REDIRECT] [Fatal Error] :1:1: Premature end of file.
2026-03-15 11:49:47,400 [ERROR] LogOutputStream:75 - [STDERR_REDIRECT] 
2026-03-15 11:49:48,399 [ERROR] LogOutputStream:75 - [STDERR_REDIRECT] [Fatal Error] :1:1: Premature end of file.
2026-03-15 11:49:48,399 [ERROR] LogOutputStream:75 - [STDERR_REDIRECT] 
2026-03-15 11:49:49,399 [ERROR] LogOutputStream:75 - [STDERR_REDIRECT] [Fatal Error] :1:1: Premature end of file.
2026-03-15 11:49:49,399 [ERROR] LogOutputStream:75 - [STDERR_REDIRECT] 
2026-03-15 11:49:50,401 [ERROR] LogOutputStream:75 - [STDERR_REDIRECT] [Fatal Error] :1:1: Premature end of file.
2026-03-15 11:49:50,401 [ERROR] LogOutputStream:75 - [STDERR_REDIRECT] 
2026-03-15 11:49:51,399 [ERROR] LogOutputStream:75 - [STDERR_REDIRECT] [Fatal Error] :1:1: Premature end of file.
2026-03-15 11:49:51,400 [ERROR] LogOutputStream:75 - [STDERR_REDIRECT] 
2026-03-15 11:49:52,400 [ERROR] LogOutputStream:75 - [STDERR_REDIRECT] [Fatal Error] :1:1: Premature end of file.
2026-03-15 11:49:52,400 [ERROR] LogOutputStream:75 - [STDERR_REDIRECT] 
2026-03-15 11:49:53,400 [ERROR] LogOutputStream:75 - [STDERR_REDIRECT] [Fatal Error] :1:1: Premature end of file.
2026-03-15 11:49:53,400 [ERROR] LogOutputStream:75 - [STDERR_REDIRECT] 
2026-03-15 11:49:54,400 [ERROR] LogOutputStream:75 - [STDERR_REDIRECT] [Fatal Error] :1:1: Premature end of file.
2026-03-15 11:49:54,400 [ERROR] LogOutputStream:75 - [STDERR_REDIRECT] 
2026-03-15 11:49:55,399 [ERROR] LogOutputStream:75 - [STDERR_REDIRECT] [Fatal Error] :1:1: Premature end of file.
2026-03-15 11:49:55,399 [ERROR] LogOutputStream:75 - [STDERR_REDIRECT] 
2026-03-15 11:49:56,398 [ERROR] LogOutputStream:75 - [STDERR_REDIRECT] [Fatal Error] :1:1: Premature end of file.
2026-03-15 11:49:56,398 [ERROR] LogOutputStream:75 - [STDERR_REDIRECT] 
2026-03-15 11:49:57,400 [ERROR] LogOutputStream:75 - [STDERR_REDIRECT] [Fatal Error] :1:1: Premature end of file.
2026-03-15 11:49:57,400 [ERROR] LogOutputStream:75 - [STDERR_REDIRECT] 
2026-03-15 11:49:58,400 [ERROR] LogOutputStream:75 - [STDERR_REDIRECT] [Fatal Error] :1:1: Premature end of file.
2026-03-15 11:49:58,400 [ERROR] LogOutputStream:75 - [STDERR_REDIRECT] 
2026-03-15 11:49:59,399 [ERROR] LogOutputStream:75 - [STDERR_REDIRECT] [Fatal Error] :1:1: Premature end of file.
2026-03-15 11:49:59,400 [ERROR] LogOutputStream:75 - [STDERR_REDIRECT] 
2026-03-15 11:50:00,401 [ERROR] LogOutputStream:75 - [STDERR_REDIRECT] [Fatal Error] :1:1: Premature end of file.
2026-03-15 11:50:00,401 [ERROR] LogOutputStream:75 - [STDERR_REDIRECT] 
2026-03-15 11:50:01,401 [ERROR] LogOutputStream:75 - [STDERR_REDIRECT] [Fatal Error] :1:1: Premature end of file.
2026-03-15 11:50:01,402 [ERROR] LogOutputStream:75 - [STDERR_REDIRECT] 
2026-03-15 11:50:02,399 [ERROR] LogOutputStream:75 - [STDERR_REDIRECT] [Fatal Error] :1:1: Premature end of file.
2026-03-15 11:50:02,399 [ERROR] LogOutputStream:75 - [STDERR_REDIRECT] 
2026-03-15 11:50:03,400 [ERROR] LogOutputStream:75 - [STDERR_REDIRECT] [Fatal Error] :1:1: Premature end of file.
2026-03-15 11:50:03,400 [ERROR] LogOutputStream:75 - [STDERR_REDIRECT] 
2026-03-15 11:50:04,399 [ERROR] LogOutputStream:75 - [STDERR_REDIRECT] [Fatal Error] :1:1: Premature end of file.
2026-03-15 11:50:04,399 [ERROR] LogOutputStream:75 - [STDERR_REDIRECT] 
2026-03-15 11:50:05,401 [ERROR] LogOutputStream:75 - [STDERR_REDIRECT] [Fatal Error] :1:1: Premature end of file.
2026-03-15 11:50:05,401 [ERROR] LogOutputStream:75 - [STDERR_REDIRECT] 
2026-03-15 11:50:06,399 [ERROR] LogOutputStream:75 - [STDERR_REDIRECT] [Fatal Error] :1:1: Premature end of file.
2026-03-15 11:50:06,399 [ERROR] LogOutputStream:75 - [STDERR_REDIRECT] 
2026-03-15 11:50:07,400 [ERROR] LogOutputStream:75 - [STDERR_REDIRECT] [Fatal Error] :1:1: Premature end of file.
2026-03-15 11:50:07,401 [ERROR] LogOutputStream:75 - [STDERR_REDIRECT] 
2026-03-15 11:50:08,400 [ERROR] LogOutputStream:75 - [STDERR_REDIRECT] [Fatal Error] :1:1: Premature end of file.
2026-03-15 11:50:08,400 [ERROR] LogOutputStream:75 - [STDERR_REDIRECT] 
2026-03-15 11:50:09,399 [ERROR] LogOutputStream:75 - [STDERR_REDIRECT] [Fatal Error] :1:1: Premature end of file.
2026-03-15 11:50:09,399 [ERROR] LogOutputStream:75 - [STDERR_REDIRECT] 
2026-03-15 11:50:10,399 [ERROR] LogOutputStream:75 - [STDERR_REDIRECT] [Fatal Error] :1:1: Premature end of file.
2026-03-15 11:50:10,399 [ERROR] LogOutputStream:75 - [STDERR_REDIRECT] 
2026-03-15 11:50:11,399 [ERROR] LogOutputStream:75 - [STDERR_REDIRECT] [Fatal Error] :1:1: Premature end of file.
2026-03-15 11:50:11,399 [ERROR] LogOutputStream:75 - [STDERR_REDIRECT] 
2026-03-15 11:50:12,397 [ERROR] LogOutputStream:75 - [STDERR_REDIRECT] [Fatal Error] :1:1: Premature end of file.
2026-03-15 11:50:12,398 [ERROR] LogOutputStream:75 - [STDERR_REDIRECT] 
2026-03-15 11:50:13,399 [ERROR] LogOutputStream:75 - [STDERR_REDIRECT] [Fatal Error] :1:1: Premature end of file.
2026-03-15 11:50:13,399 [ERROR] LogOutputStream:75 - [STDERR_REDIRECT] 
2026-03-15 11:50:14,401 [ERROR] LogOutputStream:75 - [STDERR_REDIRECT] [Fatal Error] :1:1: Premature end of file.
2026-03-15 11:50:14,401 [ERROR] LogOutputStream:75 - [STDERR_REDIRECT] 
2026-03-15 11:50:15,398 [ERROR] LogOutputStream:75 - [STDERR_REDIRECT] [Fatal Error] :1:1: Premature end of file.
2026-03-15 11:50:15,398 [ERROR] LogOutputStream:75 - [STDERR_REDIRECT] 
2026-03-15 11:50:16,399 [ERROR] LogOutputStream:75 - [STDERR_REDIRECT] [Fatal Error] :1:1: Premature end of file.
2026-03-15 11:50:16,399 [ERROR] LogOutputStream:75 - [STDERR_REDIRECT] 
2026-03-15 11:50:17,399 [ERROR] LogOutputStream:75 - [STDERR_REDIRECT] [Fatal Error] :1:1: Premature end of file.
2026-03-15 11:50:17,399 [ERROR] LogOutputStream:75 - [STDERR_REDIRECT] 
2026-03-15 11:50:18,399 [ERROR] LogOutputStream:75 - [STDERR_REDIRECT] [Fatal Error] :1:1: Premature end of file.
2026-03-15 11:50:18,399 [ERROR] LogOutputStream:75 - [STDERR_REDIRECT] 
2026-03-15 11:50:19,400 [ERROR] LogOutputStream:75 - [STDERR_REDIRECT] [Fatal Error] :1:1: Premature end of file.
2026-03-15 11:50:19,400 [ERROR] LogOutputStream:75 - [STDERR_REDIRECT] 
2026-03-15 11:50:20,400 [ERROR] LogOutputStream:75 - [STDERR_REDIRECT] [Fatal Error] :1:1: Premature end of file.
2026-03-15 11:50:20,401 [ERROR] LogOutputStream:75 - [STDERR_REDIRECT] 
2026-03-15 11:50:21,399 [ERROR] LogOutputStream:75 - [STDERR_REDIRECT] [Fatal Error] :1:1: Premature end of file.
2026-03-15 11:50:21,399 [ERROR] LogOutputStream:75 - [STDERR_REDIRECT] 
2026-03-15 11:50:22,399 [ERROR] LogOutputStream:75 - [STDERR_REDIRECT] [Fatal Error] :1:1: Premature end of file.
2026-03-15 11:50:22,399 [ERROR] LogOutputStream:75 - [STDERR_REDIRECT] 
2026-03-15 11:50:23,400 [ERROR] LogOutputStream:75 - [STDERR_REDIRECT] [Fatal Error] :1:1: Premature end of file.
2026-03-15 11:50:23,400 [ERROR] LogOutputStream:75 - [STDERR_REDIRECT] 
2026-03-15 11:50:24,399 [ERROR] LogOutputStream:75 - [STDERR_REDIRECT] [Fatal Error] :1:1: Premature end of file.
2026-03-15 11:50:24,400 [ERROR] LogOutputStream:75 - [STDERR_REDIRECT] 
2026-03-15 11:50:25,398 [ERROR] LogOutputStream:75 - [STDERR_REDIRECT] [Fatal Error] :1:1: Premature end of file.
2026-03-15 11:50:25,398 [ERROR] LogOutputStream:75 - [STDERR_REDIRECT] 
2026-03-15 11:50:26,399 [ERROR] LogOutputStream:75 - [STDERR_REDIRECT] [Fatal Error] :1:1: Premature end of file.
2026-03-15 11:50:26,399 [ERROR] LogOutputStream:75 - [STDERR_REDIRECT] 
2026-03-15 11:50:27,399 [ERROR] LogOutputStream:75 - [STDERR_REDIRECT] [Fatal Error] :1:1: Premature end of file.
2026-03-15 11:50:27,399 [ERROR] LogOutputStream:75 - [STDERR_REDIRECT] 
2026-03-15 11:50:28,399 [ERROR] LogOutputStream:75 - [STDERR_REDIRECT] [Fatal Error] :1:1: Premature end of file.
2026-03-15 11:50:28,399 [ERROR] LogOutputStream:75 - [STDERR_REDIRECT] 
2026-03-15 11:50:29,399 [ERROR] LogOutputStream:75 - [STDERR_REDIRECT] [Fatal Error] :1:1: Premature end of file.
2026-03-15 11:50:29,399 [ERROR] LogOutputStream:75 - [STDERR_REDIRECT] 
2026-03-15 11:50:30,400 [ERROR] LogOutputStream:75 - [STDERR_REDIRECT] [Fatal Error] :1:1: Premature end of file.
2026-03-15 11:50:30,400 [ERROR] LogOutputStream:75 - [STDERR_REDIRECT] 
2026-03-15 11:50:31,398 [ERROR] LogOutputStream:75 - [STDERR_REDIRECT] [Fatal Error] :1:1: Premature end of file.
2026-03-15 11:50:31,399 [ERROR] LogOutputStream:75 - [STDERR_REDIRECT] 
2026-03-15 11:50:32,398 [ERROR] LogOutputStream:75 - [STDERR_REDIRECT] [Fatal Error] :1:1: Premature end of file.
2026-03-15 11:50:32,398 [ERROR] LogOutputStream:75 - [STDERR_REDIRECT] 
2026-03-15 11:50:33,398 [ERROR] LogOutputStream:75 - [STDERR_REDIRECT] [Fatal Error] :1:1: Premature end of file.
2026-03-15 11:50:33,398 [ERROR] LogOutputStream:75 - [STDERR_REDIRECT] 
2026-03-15 11:50:34,399 [ERROR] LogOutputStream:75 - [STDERR_REDIRECT] [Fatal Error] :1:1: Premature end of file.
2026-03-15 11:50:34,399 [ERROR] LogOutputStream:75 - [STDERR_REDIRECT] 
2026-03-15 11:50:35,398 [ERROR] LogOutputStream:75 - [STDERR_REDIRECT] [Fatal Error] :1:1: Premature end of file.
2026-03-15 11:50:35,398 [ERROR] LogOutputStream:75 - [STDERR_REDIRECT] 
2026-03-15 11:50:36,400 [ERROR] LogOutputStream:75 - [STDERR_REDIRECT] [Fatal Error] :1:1: Premature end of file.
2026-03-15 11:50:36,400 [ERROR] LogOutputStream:75 - [STDERR_REDIRECT] 
2026-03-15 11:50:37,401 [ERROR] LogOutputStream:75 - [STDERR_REDIRECT] [Fatal Error] :1:1: Premature end of file.
2026-03-15 11:50:37,401 [ERROR] LogOutputStream:75 - [STDERR_REDIRECT] 
2026-03-15 11:50:38,399 [ERROR] LogOutputStream:75 - [STDERR_REDIRECT] [Fatal Error] :1:1: Premature end of file.
2026-03-15 11:50:38,399 [ERROR] LogOutputStream:75 - [STDERR_REDIRECT] 
2026-03-15 11:50:39,400 [ERROR] LogOutputStream:75 - [STDERR_REDIRECT] [Fatal Error] :1:1: Premature end of file.
2026-03-15 11:50:39,400 [ERROR] LogOutputStream:75 - [STDERR_REDIRECT] 
2026-03-15 11:50:40,400 [ERROR] LogOutputStream:75 - [STDERR_REDIRECT] [Fatal Error] :1:1: Premature end of file.
2026-03-15 11:50:40,400 [ERROR] LogOutputStream:75 - [STDERR_REDIRECT] 
2026-03-15 11:50:41,400 [ERROR] LogOutputStream:75 - [STDERR_REDIRECT] [Fatal Error] :1:1: Premature end of file.
2026-03-15 11:50:41,400 [ERROR] LogOutputStream:75 - [STDERR_REDIRECT] 
2026-03-15 11:50:42,399 [ERROR] LogOutputStream:75 - [STDERR_REDIRECT] [Fatal Error] :1:1: Premature end of file.
2026-03-15 11:50:42,399 [ERROR] LogOutputStream:75 - [STDERR_REDIRECT] 
2026-03-15 11:50:43,400 [ERROR] LogOutputStream:75 - [STDERR_REDIRECT] [Fatal Error] :1:1: Premature end of file.
2026-03-15 11:50:43,400 [ERROR] LogOutputStream:75 - [STDERR_REDIRECT] 
2026-03-15 11:50:44,399 [ERROR] LogOutputStream:75 - [STDERR_REDIRECT] [Fatal Error] :1:1: Premature end of file.
2026-03-15 11:50:44,399 [ERROR] LogOutputStream:75 - [STDERR_REDIRECT] 
2026-03-15 11:50:45,399 [ERROR] LogOutputStream:75 - [STDERR_REDIRECT] [Fatal Error] :1:1: Premature end of file.
2026-03-15 11:50:45,399 [ERROR] LogOutputStream:75 - [STDERR_REDIRECT] 
2026-03-15 11:50:46,400 [ERROR] LogOutputStream:75 - [STDERR_REDIRECT] [Fatal Error] :1:1: Premature end of file.
2026-03-15 11:50:46,400 [ERROR] LogOutputStream:75 - [STDERR_REDIRECT] 
2026-03-15 11:50:47,399 [ERROR] LogOutputStream:75 - [STDERR_REDIRECT] [Fatal Error] :1:1: Premature end of file.
2026-03-15 11:50:47,399 [ERROR] LogOutputStream:75 - [STDERR_REDIRECT] 
2026-03-15 11:50:48,399 [ERROR] LogOutputStream:75 - [STDERR_REDIRECT] [Fatal Error] :1:1: Premature end of file.
2026-03-15 11:50:48,399 [ERROR] LogOutputStream:75 - [STDERR_REDIRECT] 
2026-03-15 11:50:49,400 [ERROR] LogOutputStream:75 - [STDERR_REDIRECT] [Fatal Error] :1:1: Premature end of file.
2026-03-15 11:50:49,400 [ERROR] LogOutputStream:75 - [STDERR_REDIRECT] 
2026-03-15 11:50:50,398 [ERROR] LogOutputStream:75 - [STDERR_REDIRECT] [Fatal Error] :1:1: Premature end of file.
2026-03-15 11:50:50,398 [ERROR] LogOutputStream:75 - [STDERR_REDIRECT] 
2026-03-15 11:50:51,400 [ERROR] LogOutputStream:75 - [STDERR_REDIRECT] [Fatal Error] :1:1: Premature end of file.
2026-03-15 11:50:51,400 [ERROR] LogOutputStream:75 - [STDERR_REDIRECT] 
2026-03-15 11:50:52,399 [ERROR] LogOutputStream:75 - [STDERR_REDIRECT] [Fatal Error] :1:1: Premature end of file.
2026-03-15 11:50:52,399 [ERROR] LogOutputStream:75 - [STDERR_REDIRECT] 
2026-03-15 11:50:53,398 [ERROR] LogOutputStream:75 - [STDERR_REDIRECT] [Fatal Error] :1:1: Premature end of file.
2026-03-15 11:50:53,398 [ERROR] LogOutputStream:75 - [STDERR_REDIRECT] 
2026-03-15 11:50:54,399 [ERROR] LogOutputStream:75 - [STDERR_REDIRECT] [Fatal Error] :1:1: Premature end of file.
2026-03-15 11:50:54,399 [ERROR] LogOutputStream:75 - [STDERR_REDIRECT] 
2026-03-15 11:50:55,400 [ERROR] LogOutputStream:75 - [STDERR_REDIRECT] [Fatal Error] :1:1: Premature end of file.
2026-03-15 11:50:55,401 [ERROR] LogOutputStream:75 - [STDERR_REDIRECT] 
2026-03-15 11:50:56,399 [ERROR] LogOutputStream:75 - [STDERR_REDIRECT] [Fatal Error] :1:1: Premature end of file.
2026-03-15 11:50:56,399 [ERROR] LogOutputStream:75 - [STDERR_REDIRECT] 
2026-03-15 11:50:57,398 [ERROR] LogOutputStream:75 - [STDERR_REDIRECT] [Fatal Error] :1:1: Premature end of file.
2026-03-15 11:50:57,399 [ERROR] LogOutputStream:75 - [STDERR_REDIRECT] 
2026-03-15 11:50:58,399 [ERROR] LogOutputStream:75 - [STDERR_REDIRECT] [Fatal Error] :1:1: Premature end of file.
2026-03-15 11:50:58,400 [ERROR] LogOutputStream:75 - [STDERR_REDIRECT] 
2026-03-15 11:50:59,399 [ERROR] LogOutputStream:75 - [STDERR_REDIRECT] [Fatal Error] :1:1: Premature end of file.
2026-03-15 11:50:59,399 [ERROR] LogOutputStream:75 - [STDERR_REDIRECT] 
2026-03-15 11:51:00,401 [ERROR] LogOutputStream:75 - [STDERR_REDIRECT] [Fatal Error] :1:1: Premature end of file.
2026-03-15 11:51:00,401 [ERROR] LogOutputStream:75 - [STDERR_REDIRECT] 
2026-03-15 11:51:01,399 [ERROR] LogOutputStream:75 - [STDERR_REDIRECT] [Fatal Error] :1:1: Premature end of file.
2026-03-15 11:51:01,400 [ERROR] LogOutputStream:75 - [STDERR_REDIRECT] 
2026-03-15 11:51:02,401 [ERROR] LogOutputStream:75 - [STDERR_REDIRECT] [Fatal Error] :1:1: Premature end of file.
2026-03-15 11:51:02,401 [ERROR] LogOutputStream:75 - [STDERR_REDIRECT] 
2026-03-15 11:51:03,399 [ERROR] LogOutputStream:75 - [STDERR_REDIRECT] [Fatal Error] :1:1: Premature end of file.
2026-03-15 11:51:03,399 [ERROR] LogOutputStream:75 - [STDERR_REDIRECT] 
2026-03-15 11:51:04,400 [ERROR] LogOutputStream:75 - [STDERR_REDIRECT] [Fatal Error] :1:1: Premature end of file.
2026-03-15 11:51:04,400 [ERROR] LogOutputStream:75 - [STDERR_REDIRECT] 
2026-03-15 11:51:05,400 [ERROR] LogOutputStream:75 - [STDERR_REDIRECT] [Fatal Error] :1:1: Premature end of file.
2026-03-15 11:51:05,400 [ERROR] LogOutputStream:75 - [STDERR_REDIRECT] 
2026-03-15 11:51:06,399 [ERROR] LogOutputStream:75 - [STDERR_REDIRECT] [Fatal Error] :1:1: Premature end of file.
2026-03-15 11:51:06,399 [ERROR] LogOutputStream:75 - [STDERR_REDIRECT] 
2026-03-15 11:51:07,401 [ERROR] LogOutputStream:75 - [STDERR_REDIRECT] [Fatal Error] :1:1: Premature end of file.
2026-03-15 11:51:07,402 [ERROR] LogOutputStream:75 - [STDERR_REDIRECT] 
2026-03-15 11:51:08,400 [ERROR] LogOutputStream:75 - [STDERR_REDIRECT] [Fatal Error] :1:1: Premature end of file.
2026-03-15 11:51:08,400 [ERROR] LogOutputStream:75 - [STDERR_REDIRECT] 
2026-03-15 11:51:09,399 [ERROR] LogOutputStream:75 - [STDERR_REDIRECT] [Fatal Error] :1:1: Premature end of file.
2026-03-15 11:51:09,399 [ERROR] LogOutputStream:75 - [STDERR_REDIRECT] 
2026-03-15 11:51:10,399 [ERROR] LogOutputStream:75 - [STDERR_REDIRECT] [Fatal Error] :1:1: Premature end of file.
2026-03-15 11:51:10,399 [ERROR] LogOutputStream:75 - [STDERR_REDIRECT] 
2026-03-15 11:51:11,398 [ERROR] LogOutputStream:75 - [STDERR_REDIRECT] [Fatal Error] :1:1: Premature end of file.
2026-03-15 11:51:11,399 [ERROR] LogOutputStream:75 - [STDERR_REDIRECT] 
2026-03-15 11:51:12,400 [ERROR] LogOutputStream:75 - [STDERR_REDIRECT] [Fatal Error] :1:1: Premature end of file.
2026-03-15 11:51:12,401 [ERROR] LogOutputStream:75 - [STDERR_REDIRECT] 
2026-03-15 11:51:13,400 [ERROR] LogOutputStream:75 - [STDERR_REDIRECT] [Fatal Error] :1:1: Premature end of file.
2026-03-15 11:51:13,400 [ERROR] LogOutputStream:75 - [STDERR_REDIRECT] 
2026-03-15 11:51:14,400 [ERROR] LogOutputStream:75 - [STDERR_REDIRECT] [Fatal Error] :1:1: Premature end of file.
2026-03-15 11:51:14,400 [ERROR] LogOutputStream:75 - [STDERR_REDIRECT] 
2026-03-15 11:51:15,401 [ERROR] LogOutputStream:75 - [STDERR_REDIRECT] [Fatal Error] :1:1: Premature end of file.
2026-03-15 11:51:15,401 [ERROR] LogOutputStream:75 - [STDERR_REDIRECT] 
2026-03-15 11:51:16,400 [ERROR] LogOutputStream:75 - [STDERR_REDIRECT] [Fatal Error] :1:1: Premature end of file.
2026-03-15 11:51:16,400 [ERROR] LogOutputStream:75 - [STDERR_REDIRECT] 
2026-03-15 11:51:17,398 [ERROR] LogOutputStream:75 - [STDERR_REDIRECT] [Fatal Error] :1:1: Premature end of file.
2026-03-15 11:51:17,398 [ERROR] LogOutputStream:75 - [STDERR_REDIRECT] 
2026-03-15 11:51:18,399 [ERROR] LogOutputStream:75 - [STDERR_REDIRECT] [Fatal Error] :1:1: Premature end of file.
2026-03-15 11:51:18,399 [ERROR] LogOutputStream:75 - [STDERR_REDIRECT] 
2026-03-15 11:51:19,398 [ERROR] LogOutputStream:75 - [STDERR_REDIRECT] [Fatal Error] :1:1: Premature end of file.
2026-03-15 11:51:19,399 [ERROR] LogOutputStream:75 - [STDERR_REDIRECT] 
2026-03-15 11:51:20,399 [ERROR] LogOutputStream:75 - [STDERR_REDIRECT] [Fatal Error] :1:1: Premature end of file.
2026-03-15 11:51:20,400 [ERROR] LogOutputStream:75 - [STDERR_REDIRECT] 
2026-03-15 11:51:21,399 [ERROR] LogOutputStream:75 - [STDERR_REDIRECT] [Fatal Error] :1:1: Premature end of file.
2026-03-15 11:51:21,399 [ERROR] LogOutputStream:75 - [STDERR_REDIRECT] 
2026-03-15 11:51:22,398 [ERROR] LogOutputStream:75 - [STDERR_REDIRECT] [Fatal Error] :1:1: Premature end of file.
2026-03-15 11:51:22,398 [ERROR] LogOutputStream:75 - [STDERR_REDIRECT] 
2026-03-15 11:51:23,402 [ERROR] LogOutputStream:75 - [STDERR_REDIRECT] [Fatal Error] :1:1: Premature end of file.
2026-03-15 11:51:23,402 [ERROR] LogOutputStream:75 - [STDERR_REDIRECT] 
2026-03-15 11:51:24,399 [ERROR] LogOutputStream:75 - [STDERR_REDIRECT] [Fatal Error] :1:1: Premature end of file.
2026-03-15 11:51:24,399 [ERROR] LogOutputStream:75 - [STDERR_REDIRECT] 
2026-03-15 11:51:25,402 [ERROR] LogOutputStream:75 - [STDERR_REDIRECT] [Fatal Error] :1:1: Premature end of file.
2026-03-15 11:51:25,402 [ERROR] LogOutputStream:75 - [STDERR_REDIRECT] 
2026-03-15 11:51:26,402 [ERROR] LogOutputStream:75 - [STDERR_REDIRECT] [Fatal Error] :1:1: Premature end of file.
2026-03-15 11:51:26,402 [ERROR] LogOutputStream:75 - [STDERR_REDIRECT] 
2026-03-15 11:51:27,399 [ERROR] LogOutputStream:75 - [STDERR_REDIRECT] [Fatal Error] :1:1: Premature end of file.
2026-03-15 11:51:27,399 [ERROR] LogOutputStream:75 - [STDERR_REDIRECT] 
2026-03-15 11:51:28,399 [ERROR] LogOutputStream:75 - [STDERR_REDIRECT] [Fatal Error] :1:1: Premature end of file.
2026-03-15 11:51:28,400 [ERROR] LogOutputStream:75 - [STDERR_REDIRECT] 
2026-03-15 11:51:29,398 [ERROR] LogOutputStream:75 - [STDERR_REDIRECT] [Fatal Error] :1:1: Premature end of file.
2026-03-15 11:51:29,398 [ERROR] LogOutputStream:75 - [STDERR_REDIRECT] 
2026-03-15 11:51:30,399 [ERROR] LogOutputStream:75 - [STDERR_REDIRECT] [Fatal Error] :1:1: Premature end of file.
2026-03-15 11:51:30,400 [ERROR] LogOutputStream:75 - [STDERR_REDIRECT] 
2026-03-15 11:51:31,401 [ERROR] LogOutputStream:75 - [STDERR_REDIRECT] [Fatal Error] :1:1: Premature end of file.
2026-03-15 11:51:31,401 [ERROR] LogOutputStream:75 - [STDERR_REDIRECT] 
2026-03-15 11:51:32,400 [ERROR] LogOutputStream:75 - [STDERR_REDIRECT] [Fatal Error] :1:1: Premature end of file.
2026-03-15 11:51:32,400 [ERROR] LogOutputStream:75 - [STDERR_REDIRECT] 
2026-03-15 11:51:33,400 [ERROR] LogOutputStream:75 - [STDERR_REDIRECT] [Fatal Error] :1:1: Premature end of file.
2026-03-15 11:51:33,400 [ERROR] LogOutputStream:75 - [STDERR_REDIRECT] 
2026-03-15 11:51:34,399 [ERROR] LogOutputStream:75 - [STDERR_REDIRECT] [Fatal Error] :1:1: Premature end of file.
2026-03-15 11:51:34,399 [ERROR] LogOutputStream:75 - [STDERR_REDIRECT] 
2026-03-15 11:51:35,400 [ERROR] LogOutputStream:75 - [STDERR_REDIRECT] [Fatal Error] :1:1: Premature end of file.
2026-03-15 11:51:35,400 [ERROR] LogOutputStream:75 - [STDERR_REDIRECT] 
2026-03-15 11:51:36,400 [ERROR] LogOutputStream:75 - [STDERR_REDIRECT] [Fatal Error] :1:1: Premature end of file.
2026-03-15 11:51:36,400 [ERROR] LogOutputStream:75 - [STDERR_REDIRECT] 
2026-03-15 11:51:37,399 [ERROR] LogOutputStream:75 - [STDERR_REDIRECT] [Fatal Error] :1:1: Premature end of file.
2026-03-15 11:51:37,399 [ERROR] LogOutputStream:75 - [STDERR_REDIRECT] 
2026-03-15 11:51:38,400 [ERROR] LogOutputStream:75 - [STDERR_REDIRECT] [Fatal Error] :1:1: Premature end of file.
2026-03-15 11:51:38,400 [ERROR] LogOutputStream:75 - [STDERR_REDIRECT] 
2026-03-15 11:51:39,400 [ERROR] LogOutputStream:75 - [STDERR_REDIRECT] [Fatal Error] :1:1: Premature end of file.
2026-03-15 11:51:39,400 [ERROR] LogOutputStream:75 - [STDERR_REDIRECT] 
2026-03-15 11:51:40,401 [ERROR] LogOutputStream:75 - [STDERR_REDIRECT] [Fatal Error] :1:1: Premature end of file.
2026-03-15 11:51:40,401 [ERROR] LogOutputStream:75 - [STDERR_REDIRECT] 
2026-03-15 11:51:41,399 [ERROR] LogOutputStream:75 - [STDERR_REDIRECT] [Fatal Error] :1:1: Premature end of file.
2026-03-15 11:51:41,400 [ERROR] LogOutputStream:75 - [STDERR_REDIRECT] 
2026-03-15 11:51:42,400 [ERROR] LogOutputStream:75 - [STDERR_REDIRECT] [Fatal Error] :1:1: Premature end of file.
2026-03-15 11:51:42,400 [ERROR] LogOutputStream:75 - [STDERR_REDIRECT] 
2026-03-15 11:51:43,400 [ERROR] LogOutputStream:75 - [STDERR_REDIRECT] [Fatal Error] :1:1: Premature end of file.
2026-03-15 11:51:43,400 [ERROR] LogOutputStream:75 - [STDERR_REDIRECT] 
2026-03-15 11:51:44,402 [ERROR] LogOutputStream:75 - [STDERR_REDIRECT] [Fatal Error] :1:1: Premature end of file.
2026-03-15 11:51:44,402 [ERROR] LogOutputStream:75 - [STDERR_REDIRECT] 
2026-03-15 11:51:45,400 [ERROR] LogOutputStream:75 - [STDERR_REDIRECT] [Fatal Error] :1:1: Premature end of file.
2026-03-15 11:51:45,400 [ERROR] LogOutputStream:75 - [STDERR_REDIRECT] 
2026-03-15 11:51:46,402 [ERROR] LogOutputStream:75 - [STDERR_REDIRECT] [Fatal Error] :1:1: Premature end of file.
2026-03-15 11:51:46,402 [ERROR] LogOutputStream:75 - [STDERR_REDIRECT] 
2026-03-15 11:51:47,399 [ERROR] LogOutputStream:75 - [STDERR_REDIRECT] [Fatal Error] :1:1: Premature end of file.
2026-03-15 11:51:47,399 [ERROR] LogOutputStream:75 - [STDERR_REDIRECT] 
2026-03-15 11:51:48,398 [ERROR] LogOutputStream:75 - [STDERR_REDIRECT] [Fatal Error] :1:1: Premature end of file.
2026-03-15 11:51:48,398 [ERROR] LogOutputStream:75 - [STDERR_REDIRECT] 
2026-03-15 11:51:49,401 [ERROR] LogOutputStream:75 - [STDERR_REDIRECT] [Fatal Error] :1:1: Premature end of file.
2026-03-15 11:51:49,402 [ERROR] LogOutputStream:75 - [STDERR_REDIRECT] 
2026-03-15 11:51:50,396 [ERROR] LogOutputStream:75 - [STDERR_REDIRECT] [Fatal Error] :1:1: Premature end of file.
2026-03-15 11:51:50,396 [ERROR] LogOutputStream:75 - [STDERR_REDIRECT] 
2026-03-15 11:51:51,401 [ERROR] LogOutputStream:75 - [STDERR_REDIRECT] [Fatal Error] :1:1: Premature end of file.
2026-03-15 11:51:51,401 [ERROR] LogOutputStream:75 - [STDERR_REDIRECT] 
2026-03-15 11:51:52,398 [ERROR] LogOutputStream:75 - [STDERR_REDIRECT] [Fatal Error] :1:1: Premature end of file.
2026-03-15 11:51:52,398 [ERROR] LogOutputStream:75 - [STDERR_REDIRECT] 
2026-03-15 11:51:53,402 [ERROR] LogOutputStream:75 - [STDERR_REDIRECT] [Fatal Error] :1:1: Premature end of file.
2026-03-15 11:51:53,402 [ERROR] LogOutputStream:75 - [STDERR_REDIRECT] 
2026-03-15 11:51:54,401 [ERROR] LogOutputStream:75 - [STDERR_REDIRECT] [Fatal Error] :1:1: Premature end of file.
2026-03-15 11:51:54,402 [ERROR] LogOutputStream:75 - [STDERR_REDIRECT] 
2026-03-15 11:51:55,401 [ERROR] LogOutputStream:75 - [STDERR_REDIRECT] [Fatal Error] :1:1: Premature end of file.
2026-03-15 11:51:55,401 [ERROR] LogOutputStream:75 - [STDERR_REDIRECT] 
2026-03-15 11:51:56,399 [ERROR] LogOutputStream:75 - [STDERR_REDIRECT] [Fatal Error] :1:1: Premature end of file.
2026-03-15 11:51:56,399 [ERROR] LogOutputStream:75 - [STDERR_REDIRECT] 
2026-03-15 11:51:57,400 [ERROR] LogOutputStream:75 - [STDERR_REDIRECT] [Fatal Error] :1:1: Premature end of file.
2026-03-15 11:51:57,400 [ERROR] LogOutputStream:75 - [STDERR_REDIRECT] 
2026-03-15 11:51:58,399 [ERROR] LogOutputStream:75 - [STDERR_REDIRECT] [Fatal Error] :1:1: Premature end of file.
2026-03-15 11:51:58,399 [ERROR] LogOutputStream:75 - [STDERR_REDIRECT] 
2026-03-15 11:51:59,397 [ERROR] LogOutputStream:75 - [STDERR_REDIRECT] [Fatal Error] :1:1: Premature end of file.
2026-03-15 11:51:59,398 [ERROR] LogOutputStream:75 - [STDERR_REDIRECT] 
2026-03-15 11:52:00,399 [ERROR] LogOutputStream:75 - [STDERR_REDIRECT] [Fatal Error] :1:1: Premature end of file.
2026-03-15 11:52:00,399 [ERROR] LogOutputStream:75 - [STDERR_REDIRECT] 
2026-03-15 11:52:01,399 [ERROR] LogOutputStream:75 - [STDERR_REDIRECT] [Fatal Error] :1:1: Premature end of file.
2026-03-15 11:52:01,399 [ERROR] LogOutputStream:75 - [STDERR_REDIRECT] 
2026-03-15 11:52:02,400 [ERROR] LogOutputStream:75 - [STDERR_REDIRECT] [Fatal Error] :1:1: Premature end of file.
2026-03-15 11:52:02,400 [ERROR] LogOutputStream:75 - [STDERR_REDIRECT] 
2026-03-15 11:52:03,399 [ERROR] LogOutputStream:75 - [STDERR_REDIRECT] [Fatal Error] :1:1: Premature end of file.
2026-03-15 11:52:03,399 [ERROR] LogOutputStream:75 - [STDERR_REDIRECT] 
2026-03-15 11:52:04,399 [ERROR] LogOutputStream:75 - [STDERR_REDIRECT] [Fatal Error] :1:1: Premature end of file.
2026-03-15 11:52:04,399 [ERROR] LogOutputStream:75 - [STDERR_REDIRECT] 
2026-03-15 11:52:05,399 [ERROR] LogOutputStream:75 - [STDERR_REDIRECT] [Fatal Error] :1:1: Premature end of file.
2026-03-15 11:52:05,399 [ERROR] LogOutputStream:75 - [STDERR_REDIRECT] 
2026-03-15 11:52:06,399 [ERROR] LogOutputStream:75 - [STDERR_REDIRECT] [Fatal Error] :1:1: Premature end of file.
2026-03-15 11:52:06,399 [ERROR] LogOutputStream:75 - [STDERR_REDIRECT] 
2026-03-15 11:52:07,399 [ERROR] LogOutputStream:75 - [STDERR_REDIRECT] [Fatal Error] :1:1: Premature end of file.
2026-03-15 11:52:07,399 [ERROR] LogOutputStream:75 - [STDERR_REDIRECT] 
2026-03-15 11:52:08,399 [ERROR] LogOutputStream:75 - [STDERR_REDIRECT] [Fatal Error] :1:1: Premature end of file.
2026-03-15 11:52:08,399 [ERROR] LogOutputStream:75 - [STDERR_REDIRECT] 
2026-03-15 11:52:09,398 [ERROR] LogOutputStream:75 - [STDERR_REDIRECT] [Fatal Error] :1:1: Premature end of file.
2026-03-15 11:52:09,398 [ERROR] LogOutputStream:75 - [STDERR_REDIRECT] 
2026-03-15 11:52:10,400 [ERROR] LogOutputStream:75 - [STDERR_REDIRECT] [Fatal Error] :1:1: Premature end of file.
2026-03-15 11:52:10,400 [ERROR] LogOutputStream:75 - [STDERR_REDIRECT] 
2026-03-15 11:52:11,397 [ERROR] LogOutputStream:75 - [STDERR_REDIRECT] [Fatal Error] :1:1: Premature end of file.
2026-03-15 11:52:11,398 [ERROR] LogOutputStream:75 - [STDERR_REDIRECT] 
2026-03-15 11:52:12,401 [ERROR] LogOutputStream:75 - [STDERR_REDIRECT] [Fatal Error] :1:1: Premature end of file.
2026-03-15 11:52:12,401 [ERROR] LogOutputStream:75 - [STDERR_REDIRECT] 
2026-03-15 11:52:13,399 [ERROR] LogOutputStream:75 - [STDERR_REDIRECT] [Fatal Error] :1:1: Premature end of file.
2026-03-15 11:52:13,399 [ERROR] LogOutputStream:75 - [STDERR_REDIRECT] 
2026-03-15 11:52:14,398 [ERROR] LogOutputStream:75 - [STDERR_REDIRECT] [Fatal Error] :1:1: Premature end of file.
2026-03-15 11:52:14,399 [ERROR] LogOutputStream:75 - [STDERR_REDIRECT] 
2026-03-15 11:52:15,399 [ERROR] LogOutputStream:75 - [STDERR_REDIRECT] [Fatal Error] :1:1: Premature end of file.
2026-03-15 11:52:15,399 [ERROR] LogOutputStream:75 - [STDERR_REDIRECT] 
2026-03-15 11:52:16,399 [ERROR] LogOutputStream:75 - [STDERR_REDIRECT] [Fatal Error] :1:1: Premature end of file.
2026-03-15 11:52:16,399 [ERROR] LogOutputStream:75 - [STDERR_REDIRECT] 
2026-03-15 11:52:17,399 [ERROR] LogOutputStream:75 - [STDERR_REDIRECT] [Fatal Error] :1:1: Premature end of file.
2026-03-15 11:52:17,399 [ERROR] LogOutputStream:75 - [STDERR_REDIRECT] 
2026-03-15 11:52:18,399 [ERROR] LogOutputStream:75 - [STDERR_REDIRECT] [Fatal Error] :1:1: Premature end of file.
2026-03-15 11:52:18,399 [ERROR] LogOutputStream:75 - [STDERR_REDIRECT] 
2026-03-15 11:52:19,400 [ERROR] LogOutputStream:75 - [STDERR_REDIRECT] [Fatal Error] :1:1: Premature end of file.
2026-03-15 11:52:19,400 [ERROR] LogOutputStream:75 - [STDERR_REDIRECT] 
2026-03-15 11:52:20,400 [ERROR] LogOutputStream:75 - [STDERR_REDIRECT] [Fatal Error] :1:1: Premature end of file.
2026-03-15 11:52:20,400 [ERROR] LogOutputStream:75 - [STDERR_REDIRECT] 
2026-03-15 11:52:21,398 [ERROR] LogOutputStream:75 - [STDERR_REDIRECT] [Fatal Error] :1:1: Premature end of file.
2026-03-15 11:52:21,399 [ERROR] LogOutputStream:75 - [STDERR_REDIRECT] 
2026-03-15 11:52:22,399 [ERROR] LogOutputStream:75 - [STDERR_REDIRECT] [Fatal Error] :1:1: Premature end of file.
2026-03-15 11:52:22,399 [ERROR] LogOutputStream:75 - [STDERR_REDIRECT] 
2026-03-15 11:52:23,401 [ERROR] LogOutputStream:75 - [STDERR_REDIRECT] [Fatal Error] :1:1: Premature end of file.
2026-03-15 11:52:23,401 [ERROR] LogOutputStream:75 - [STDERR_REDIRECT] 
2026-03-15 11:52:24,400 [ERROR] LogOutputStream:75 - [STDERR_REDIRECT] [Fatal Error] :1:1: Premature end of file.
2026-03-15 11:52:24,400 [ERROR] LogOutputStream:75 - [STDERR_REDIRECT] 
2026-03-15 11:52:25,400 [ERROR] LogOutputStream:75 - [STDERR_REDIRECT] [Fatal Error] :1:1: Premature end of file.
2026-03-15 11:52:25,400 [ERROR] LogOutputStream:75 - [STDERR_REDIRECT] 
2026-03-15 11:52:26,400 [ERROR] LogOutputStream:75 - [STDERR_REDIRECT] [Fatal Error] :1:1: Premature end of file.
2026-03-15 11:52:26,401 [ERROR] LogOutputStream:75 - [STDERR_REDIRECT] 
2026-03-15 11:52:27,399 [ERROR] LogOutputStream:75 - [STDERR_REDIRECT] [Fatal Error] :1:1: Premature end of file.
2026-03-15 11:52:27,399 [ERROR] LogOutputStream:75 - [STDERR_REDIRECT] 
2026-03-15 11:52:28,399 [ERROR] LogOutputStream:75 - [STDERR_REDIRECT] [Fatal Error] :1:1: Premature end of file.
2026-03-15 11:52:28,399 [ERROR] LogOutputStream:75 - [STDERR_REDIRECT] 
2026-03-15 11:52:29,400 [ERROR] LogOutputStream:75 - [STDERR_REDIRECT] [Fatal Error] :1:1: Premature end of file.
2026-03-15 11:52:29,400 [ERROR] LogOutputStream:75 - [STDERR_REDIRECT] 
2026-03-15 11:52:30,400 [ERROR] LogOutputStream:75 - [STDERR_REDIRECT] [Fatal Error] :1:1: Premature end of file.
2026-03-15 11:52:30,401 [ERROR] LogOutputStream:75 - [STDERR_REDIRECT] 
2026-03-15 11:52:31,399 [ERROR] LogOutputStream:75 - [STDERR_REDIRECT] [Fatal Error] :1:1: Premature end of file.
2026-03-15 11:52:31,399 [ERROR] LogOutputStream:75 - [STDERR_REDIRECT] 
2026-03-15 11:52:32,400 [ERROR] LogOutputStream:75 - [STDERR_REDIRECT] [Fatal Error] :1:1: Premature end of file.
2026-03-15 11:52:32,400 [ERROR] LogOutputStream:75 - [STDERR_REDIRECT] 
2026-03-15 11:52:33,400 [ERROR] LogOutputStream:75 - [STDERR_REDIRECT] [Fatal Error] :1:1: Premature end of file.
2026-03-15 11:52:33,400 [ERROR] LogOutputStream:75 - [STDERR_REDIRECT] 
2026-03-15 11:52:34,400 [ERROR] LogOutputStream:75 - [STDERR_REDIRECT] [Fatal Error] :1:1: Premature end of file.
2026-03-15 11:52:34,401 [ERROR] LogOutputStream:75 - [STDERR_REDIRECT] 
2026-03-15 11:52:35,400 [ERROR] LogOutputStream:75 - [STDERR_REDIRECT] [Fatal Error] :1:1: Premature end of file.
2026-03-15 11:52:35,400 [ERROR] LogOutputStream:75 - [STDERR_REDIRECT] 
2026-03-15 11:52:36,400 [ERROR] LogOutputStream:75 - [STDERR_REDIRECT] [Fatal Error] :1:1: Premature end of file.
2026-03-15 11:52:36,400 [ERROR] LogOutputStream:75 - [STDERR_REDIRECT] 
2026-03-15 11:52:37,400 [ERROR] LogOutputStream:75 - [STDERR_REDIRECT] [Fatal Error] :1:1: Premature end of file.
2026-03-15 11:52:37,400 [ERROR] LogOutputStream:75 - [STDERR_REDIRECT] 
2026-03-15 11:52:38,401 [ERROR] LogOutputStream:75 - [STDERR_REDIRECT] [Fatal Error] :1:1: Premature end of file.
2026-03-15 11:52:38,401 [ERROR] LogOutputStream:75 - [STDERR_REDIRECT] 
2026-03-15 11:52:39,400 [ERROR] LogOutputStream:75 - [STDERR_REDIRECT] [Fatal Error] :1:1: Premature end of file.
2026-03-15 11:52:39,400 [ERROR] LogOutputStream:75 - [STDERR_REDIRECT] 
2026-03-15 11:52:40,399 [ERROR] LogOutputStream:75 - [STDERR_REDIRECT] [Fatal Error] :1:1: Premature end of file.
2026-03-15 11:52:40,399 [ERROR] LogOutputStream:75 - [STDERR_REDIRECT] 
2026-03-15 11:52:41,401 [ERROR] LogOutputStream:75 - [STDERR_REDIRECT] [Fatal Error] :1:1: Premature end of file.
2026-03-15 11:52:41,401 [ERROR] LogOutputStream:75 - [STDERR_REDIRECT] 
2026-03-15 11:52:42,400 [ERROR] LogOutputStream:75 - [STDERR_REDIRECT] [Fatal Error] :1:1: Premature end of file.
2026-03-15 11:52:42,400 [ERROR] LogOutputStream:75 - [STDERR_REDIRECT] 
2026-03-15 11:52:43,398 [ERROR] LogOutputStream:75 - [STDERR_REDIRECT] [Fatal Error] :1:1: Premature end of file.
2026-03-15 11:52:43,398 [ERROR] LogOutputStream:75 - [STDERR_REDIRECT] 
2026-03-15 11:52:44,401 [ERROR] LogOutputStream:75 - [STDERR_REDIRECT] [Fatal Error] :1:1: Premature end of file.
2026-03-15 11:52:44,401 [ERROR] LogOutputStream:75 - [STDERR_REDIRECT] 
2026-03-15 11:52:45,399 [ERROR] LogOutputStream:75 - [STDERR_REDIRECT] [Fatal Error] :1:1: Premature end of file.
2026-03-15 11:52:45,399 [ERROR] LogOutputStream:75 - [STDERR_REDIRECT] 
2026-03-15 11:52:46,399 [ERROR] LogOutputStream:75 - [STDERR_REDIRECT] [Fatal Error] :1:1: Premature end of file.
2026-03-15 11:52:46,400 [ERROR] LogOutputStream:75 - [STDERR_REDIRECT] 
2026-03-15 11:52:47,399 [ERROR] LogOutputStream:75 - [STDERR_REDIRECT] [Fatal Error] :1:1: Premature end of file.
2026-03-15 11:52:47,399 [ERROR] LogOutputStream:75 - [STDERR_REDIRECT] 
2026-03-15 11:52:48,399 [ERROR] LogOutputStream:75 - [STDERR_REDIRECT] [Fatal Error] :1:1: Premature end of file.
2026-03-15 11:52:48,400 [ERROR] LogOutputStream:75 - [STDERR_REDIRECT] 
2026-03-15 11:52:49,398 [ERROR] LogOutputStream:75 - [STDERR_REDIRECT] [Fatal Error] :1:1: Premature end of file.
2026-03-15 11:52:49,398 [ERROR] LogOutputStream:75 - [STDERR_REDIRECT] 
2026-03-15 11:52:50,398 [ERROR] LogOutputStream:75 - [STDERR_REDIRECT] [Fatal Error] :1:1: Premature end of file.
2026-03-15 11:52:50,398 [ERROR] LogOutputStream:75 - [STDERR_REDIRECT] 
2026-03-15 11:52:51,400 [ERROR] LogOutputStream:75 - [STDERR_REDIRECT] [Fatal Error] :1:1: Premature end of file.
2026-03-15 11:52:51,400 [ERROR] LogOutputStream:75 - [STDERR_REDIRECT] 
2026-03-15 11:52:52,398 [ERROR] LogOutputStream:75 - [STDERR_REDIRECT] [Fatal Error] :1:1: Premature end of file.
2026-03-15 11:52:52,398 [ERROR] LogOutputStream:75 - [STDERR_REDIRECT] 
2026-03-15 11:52:53,401 [ERROR] LogOutputStream:75 - [STDERR_REDIRECT] [Fatal Error] :1:1: Premature end of file.
2026-03-15 11:52:53,401 [ERROR] LogOutputStream:75 - [STDERR_REDIRECT] 
2026-03-15 11:52:54,398 [ERROR] LogOutputStream:75 - [STDERR_REDIRECT] [Fatal Error] :1:1: Premature end of file.
2026-03-15 11:52:54,398 [ERROR] LogOutputStream:75 - [STDERR_REDIRECT] 
2026-03-15 11:52:55,399 [ERROR] LogOutputStream:75 - [STDERR_REDIRECT] [Fatal Error] :1:1: Premature end of file.
2026-03-15 11:52:55,399 [ERROR] LogOutputStream:75 - [STDERR_REDIRECT] 
2026-03-15 11:52:56,400 [ERROR] LogOutputStream:75 - [STDERR_REDIRECT] [Fatal Error] :1:1: Premature end of file.
2026-03-15 11:52:56,400 [ERROR] LogOutputStream:75 - [STDERR_REDIRECT] 
2026-03-15 11:52:57,400 [ERROR] LogOutputStream:75 - [STDERR_REDIRECT] [Fatal Error] :1:1: Premature end of file.
2026-03-15 11:52:57,400 [ERROR] LogOutputStream:75 - [STDERR_REDIRECT] 
2026-03-15 11:52:58,399 [ERROR] LogOutputStream:75 - [STDERR_REDIRECT] [Fatal Error] :1:1: Premature end of file.
2026-03-15 11:52:58,399 [ERROR] LogOutputStream:75 - [STDERR_REDIRECT] 
2026-03-15 11:52:59,401 [ERROR] LogOutputStream:75 - [STDERR_REDIRECT] [Fatal Error] :1:1: Premature end of file.
2026-03-15 11:52:59,401 [ERROR] LogOutputStream:75 - [STDERR_REDIRECT] 
2026-03-15 11:53:00,399 [ERROR] LogOutputStream:75 - [STDERR_REDIRECT] [Fatal Error] :1:1: Premature end of file.
2026-03-15 11:53:00,401 [ERROR] LogOutputStream:75 - [STDERR_REDIRECT] 
2026-03-15 11:53:01,397 [ERROR] LogOutputStream:75 - [STDERR_REDIRECT] [Fatal Error] :1:1: Premature end of file.
2026-03-15 11:53:01,397 [ERROR] LogOutputStream:75 - [STDERR_REDIRECT] 
2026-03-15 11:53:02,403 [ERROR] LogOutputStream:75 - [STDERR_REDIRECT] [Fatal Error] :1:1: Premature end of file.
2026-03-15 11:53:02,403 [ERROR] LogOutputStream:75 - [STDERR_REDIRECT] 
2026-03-15 11:53:03,400 [ERROR] LogOutputStream:75 - [STDERR_REDIRECT] [Fatal Error] :1:1: Premature end of file.
2026-03-15 11:53:03,400 [ERROR] LogOutputStream:75 - [STDERR_REDIRECT] 
2026-03-15 11:53:04,400 [ERROR] LogOutputStream:75 - [STDERR_REDIRECT] [Fatal Error] :1:1: Premature end of file.
2026-03-15 11:53:04,400 [ERROR] LogOutputStream:75 - [STDERR_REDIRECT] 
2026-03-15 11:53:05,400 [ERROR] LogOutputStream:75 - [STDERR_REDIRECT] [Fatal Error] :1:1: Premature end of file.
2026-03-15 11:53:05,400 [ERROR] LogOutputStream:75 - [STDERR_REDIRECT] 
2026-03-15 11:53:06,399 [ERROR] LogOutputStream:75 - [STDERR_REDIRECT] [Fatal Error] :1:1: Premature end of file.
2026-03-15 11:53:06,399 [ERROR] LogOutputStream:75 - [STDERR_REDIRECT] 
2026-03-15 11:53:07,398 [ERROR] LogOutputStream:75 - [STDERR_REDIRECT] [Fatal Error] :1:1: Premature end of file.
2026-03-15 11:53:07,398 [ERROR] LogOutputStream:75 - [STDERR_REDIRECT] 
2026-03-15 11:53:08,399 [ERROR] LogOutputStream:75 - [STDERR_REDIRECT] [Fatal Error] :1:1: Premature end of file.
2026-03-15 11:53:08,399 [ERROR] LogOutputStream:75 - [STDERR_REDIRECT] 
2026-03-15 11:53:09,398 [ERROR] LogOutputStream:75 - [STDERR_REDIRECT] [Fatal Error] :1:1: Premature end of file.
2026-03-15 11:53:09,399 [ERROR] LogOutputStream:75 - [STDERR_REDIRECT] 
2026-03-15 11:53:10,399 [ERROR] LogOutputStream:75 - [STDERR_REDIRECT] [Fatal Error] :1:1: Premature end of file.
2026-03-15 11:53:10,399 [ERROR] LogOutputStream:75 - [STDERR_REDIRECT] 
2026-03-15 11:53:11,400 [ERROR] LogOutputStream:75 - [STDERR_REDIRECT] [Fatal Error] :1:1: Premature end of file.
2026-03-15 11:53:11,401 [ERROR] LogOutputStream:75 - [STDERR_REDIRECT] 
2026-03-15 11:53:12,398 [ERROR] LogOutputStream:75 - [STDERR_REDIRECT] [Fatal Error] :1:1: Premature end of file.
2026-03-15 11:53:12,399 [ERROR] LogOutputStream:75 - [STDERR_REDIRECT] 
2026-03-15 11:53:13,398 [ERROR] LogOutputStream:75 - [STDERR_REDIRECT] [Fatal Error] :1:1: Premature end of file.
2026-03-15 11:53:13,398 [ERROR] LogOutputStream:75 - [STDERR_REDIRECT] 
2026-03-15 11:53:14,402 [ERROR] LogOutputStream:75 - [STDERR_REDIRECT] [Fatal Error] :1:1: Premature end of file.
2026-03-15 11:53:14,402 [ERROR] LogOutputStream:75 - [STDERR_REDIRECT] 
2026-03-15 11:53:15,399 [ERROR] LogOutputStream:75 - [STDERR_REDIRECT] [Fatal Error] :1:1: Premature end of file.
2026-03-15 11:53:15,399 [ERROR] LogOutputStream:75 - [STDERR_REDIRECT] 
2026-03-15 11:53:16,399 [ERROR] LogOutputStream:75 - [STDERR_REDIRECT] [Fatal Error] :1:1: Premature end of file.
2026-03-15 11:53:16,399 [ERROR] LogOutputStream:75 - [STDERR_REDIRECT] 
2026-03-15 11:53:17,399 [ERROR] LogOutputStream:75 - [STDERR_REDIRECT] [Fatal Error] :1:1: Premature end of file.
2026-03-15 11:53:17,399 [ERROR] LogOutputStream:75 - [STDERR_REDIRECT] 
2026-03-15 11:53:18,398 [ERROR] LogOutputStream:75 - [STDERR_REDIRECT] [Fatal Error] :1:1: Premature end of file.
2026-03-15 11:53:18,398 [ERROR] LogOutputStream:75 - [STDERR_REDIRECT] 
2026-03-15 11:53:19,400 [ERROR] LogOutputStream:75 - [STDERR_REDIRECT] [Fatal Error] :1:1: Premature end of file.
2026-03-15 11:53:19,400 [ERROR] LogOutputStream:75 - [STDERR_REDIRECT] 
2026-03-15 11:53:20,401 [ERROR] LogOutputStream:75 - [STDERR_REDIRECT] [Fatal Error] :1:1: Premature end of file.
2026-03-15 11:53:20,401 [ERROR] LogOutputStream:75 - [STDERR_REDIRECT] 
2026-03-15 11:53:21,398 [ERROR] LogOutputStream:75 - [STDERR_REDIRECT] [Fatal Error] :1:1: Premature end of file.
2026-03-15 11:53:21,398 [ERROR] LogOutputStream:75 - [STDERR_REDIRECT] 
2026-03-15 11:53:22,399 [ERROR] LogOutputStream:75 - [STDERR_REDIRECT] [Fatal Error] :1:1: Premature end of file.
2026-03-15 11:53:22,399 [ERROR] LogOutputStream:75 - [STDERR_REDIRECT] 
2026-03-15 11:53:23,398 [ERROR] LogOutputStream:75 - [STDERR_REDIRECT] [Fatal Error] :1:1: Premature end of file.
2026-03-15 11:53:23,398 [ERROR] LogOutputStream:75 - [STDERR_REDIRECT] 
2026-03-15 11:53:24,399 [ERROR] LogOutputStream:75 - [STDERR_REDIRECT] [Fatal Error] :1:1: Premature end of file.
2026-03-15 11:53:24,399 [ERROR] LogOutputStream:75 - [STDERR_REDIRECT] 
2026-03-15 11:53:25,398 [ERROR] LogOutputStream:75 - [STDERR_REDIRECT] [Fatal Error] :1:1: Premature end of file.
2026-03-15 11:53:25,398 [ERROR] LogOutputStream:75 - [STDERR_REDIRECT] 
2026-03-15 11:53:26,400 [ERROR] LogOutputStream:75 - [STDERR_REDIRECT] [Fatal Error] :1:1: Premature end of file.
2026-03-15 11:53:26,400 [ERROR] LogOutputStream:75 - [STDERR_REDIRECT] 
2026-03-15 11:53:27,400 [ERROR] LogOutputStream:75 - [STDERR_REDIRECT] [Fatal Error] :1:1: Premature end of file.
2026-03-15 11:53:27,400 [ERROR] LogOutputStream:75 - [STDERR_REDIRECT] 
2026-03-15 11:53:28,400 [ERROR] LogOutputStream:75 - [STDERR_REDIRECT] [Fatal Error] :1:1: Premature end of file.
2026-03-15 11:53:28,400 [ERROR] LogOutputStream:75 - [STDERR_REDIRECT] 
2026-03-15 11:53:29,398 [ERROR] LogOutputStream:75 - [STDERR_REDIRECT] [Fatal Error] :1:1: Premature end of file.
2026-03-15 11:53:29,399 [ERROR] LogOutputStream:75 - [STDERR_REDIRECT] 
2026-03-15 11:53:30,400 [ERROR] LogOutputStream:75 - [STDERR_REDIRECT] [Fatal Error] :1:1: Premature end of file.
2026-03-15 11:53:30,400 [ERROR] LogOutputStream:75 - [STDERR_REDIRECT] 
2026-03-15 11:53:31,400 [ERROR] LogOutputStream:75 - [STDERR_REDIRECT] [Fatal Error] :1:1: Premature end of file.
2026-03-15 11:53:31,400 [ERROR] LogOutputStream:75 - [STDERR_REDIRECT] 
2026-03-15 11:53:32,399 [ERROR] LogOutputStream:75 - [STDERR_REDIRECT] [Fatal Error] :1:1: Premature end of file.
2026-03-15 11:53:32,399 [ERROR] LogOutputStream:75 - [STDERR_REDIRECT] 
2026-03-15 11:53:33,400 [ERROR] LogOutputStream:75 - [STDERR_REDIRECT] [Fatal Error] :1:1: Premature end of file.
2026-03-15 11:53:33,400 [ERROR] LogOutputStream:75 - [STDERR_REDIRECT] 
2026-03-15 11:53:34,400 [ERROR] LogOutputStream:75 - [STDERR_REDIRECT] [Fatal Error] :1:1: Premature end of file.
2026-03-15 11:53:34,400 [ERROR] LogOutputStream:75 - [STDERR_REDIRECT] 
2026-03-15 11:53:35,399 [ERROR] LogOutputStream:75 - [STDERR_REDIRECT] [Fatal Error] :1:1: Premature end of file.
2026-03-15 11:53:35,399 [ERROR] LogOutputStream:75 - [STDERR_REDIRECT] 
2026-03-15 11:53:36,399 [ERROR] LogOutputStream:75 - [STDERR_REDIRECT] [Fatal Error] :1:1: Premature end of file.
2026-03-15 11:53:36,399 [ERROR] LogOutputStream:75 - [STDERR_REDIRECT] 
2026-03-15 11:53:37,399 [ERROR] LogOutputStream:75 - [STDERR_REDIRECT] [Fatal Error] :1:1: Premature end of file.
2026-03-15 11:53:37,399 [ERROR] LogOutputStream:75 - [STDERR_REDIRECT] 
2026-03-15 11:53:38,398 [ERROR] LogOutputStream:75 - [STDERR_REDIRECT] [Fatal Error] :1:1: Premature end of file.
2026-03-15 11:53:38,399 [ERROR] LogOutputStream:75 - [STDERR_REDIRECT] 
2026-03-15 11:53:39,399 [ERROR] LogOutputStream:75 - [STDERR_REDIRECT] [Fatal Error] :1:1: Premature end of file.
2026-03-15 11:53:39,399 [ERROR] LogOutputStream:75 - [STDERR_REDIRECT] 
2026-03-15 11:53:40,400 [ERROR] LogOutputStream:75 - [STDERR_REDIRECT] [Fatal Error] :1:1: Premature end of file.
2026-03-15 11:53:40,400 [ERROR] LogOutputStream:75 - [STDERR_REDIRECT] 
2026-03-15 11:53:41,400 [ERROR] LogOutputStream:75 - [STDERR_REDIRECT] [Fatal Error] :1:1: Premature end of file.
2026-03-15 11:53:41,400 [ERROR] LogOutputStream:75 - [STDERR_REDIRECT] 
2026-03-15 11:53:42,399 [ERROR] LogOutputStream:75 - [STDERR_REDIRECT] [Fatal Error] :1:1: Premature end of file.
2026-03-15 11:53:42,399 [ERROR] LogOutputStream:75 - [STDERR_REDIRECT] 
2026-03-15 11:53:43,399 [ERROR] LogOutputStream:75 - [STDERR_REDIRECT] [Fatal Error] :1:1: Premature end of file.
2026-03-15 11:53:43,400 [ERROR] LogOutputStream:75 - [STDERR_REDIRECT] 
2026-03-15 11:53:44,400 [ERROR] LogOutputStream:75 - [STDERR_REDIRECT] [Fatal Error] :1:1: Premature end of file.
2026-03-15 11:53:44,401 [ERROR] LogOutputStream:75 - [STDERR_REDIRECT] 
2026-03-15 11:53:45,400 [ERROR] LogOutputStream:75 - [STDERR_REDIRECT] [Fatal Error] :1:1: Premature end of file.
2026-03-15 11:53:45,400 [ERROR] LogOutputStream:75 - [STDERR_REDIRECT] 
2026-03-15 11:53:46,401 [ERROR] LogOutputStream:75 - [STDERR_REDIRECT] [Fatal Error] :1:1: Premature end of file.
2026-03-15 11:53:46,401 [ERROR] LogOutputStream:75 - [STDERR_REDIRECT] 
2026-03-15 11:53:47,398 [ERROR] LogOutputStream:75 - [STDERR_REDIRECT] [Fatal Error] :1:1: Premature end of file.
2026-03-15 11:53:47,398 [ERROR] LogOutputStream:75 - [STDERR_REDIRECT] 
2026-03-15 11:53:48,399 [ERROR] LogOutputStream:75 - [STDERR_REDIRECT] [Fatal Error] :1:1: Premature end of file.
2026-03-15 11:53:48,399 [ERROR] LogOutputStream:75 - [STDERR_REDIRECT] 
2026-03-15 11:53:49,399 [ERROR] LogOutputStream:75 - [STDERR_REDIRECT] [Fatal Error] :1:1: Premature end of file.
2026-03-15 11:53:49,400 [ERROR] LogOutputStream:75 - [STDERR_REDIRECT] 
2026-03-15 11:53:50,399 [ERROR] LogOutputStream:75 - [STDERR_REDIRECT] [Fatal Error] :1:1: Premature end of file.
2026-03-15 11:53:50,400 [ERROR] LogOutputStream:75 - [STDERR_REDIRECT] 
2026-03-15 11:53:51,400 [ERROR] LogOutputStream:75 - [STDERR_REDIRECT] [Fatal Error] :1:1: Premature end of file.
2026-03-15 11:53:51,400 [ERROR] LogOutputStream:75 - [STDERR_REDIRECT] 
2026-03-15 11:53:52,400 [ERROR] LogOutputStream:75 - [STDERR_REDIRECT] [Fatal Error] :1:1: Premature end of file.
2026-03-15 11:53:52,400 [ERROR] LogOutputStream:75 - [STDERR_REDIRECT] 
2026-03-15 11:53:53,399 [ERROR] LogOutputStream:75 - [STDERR_REDIRECT] [Fatal Error] :1:1: Premature end of file.
2026-03-15 11:53:53,399 [ERROR] LogOutputStream:75 - [STDERR_REDIRECT] 
2026-03-15 11:53:54,398 [ERROR] LogOutputStream:75 - [STDERR_REDIRECT] [Fatal Error] :1:1: Premature end of file.
2026-03-15 11:53:54,398 [ERROR] LogOutputStream:75 - [STDERR_REDIRECT] 
2026-03-15 11:53:55,399 [ERROR] LogOutputStream:75 - [STDERR_REDIRECT] [Fatal Error] :1:1: Premature end of file.
2026-03-15 11:53:55,399 [ERROR] LogOutputStream:75 - [STDERR_REDIRECT] 
2026-03-15 11:53:56,400 [ERROR] LogOutputStream:75 - [STDERR_REDIRECT] [Fatal Error] :1:1: Premature end of file.
2026-03-15 11:53:56,400 [ERROR] LogOutputStream:75 - [STDERR_REDIRECT] 
2026-03-15 11:53:57,398 [ERROR] LogOutputStream:75 - [STDERR_REDIRECT] [Fatal Error] :1:1: Premature end of file.
2026-03-15 11:53:57,398 [ERROR] LogOutputStream:75 - [STDERR_REDIRECT] 
2026-03-15 11:53:58,400 [ERROR] LogOutputStream:75 - [STDERR_REDIRECT] [Fatal Error] :1:1: Premature end of file.
2026-03-15 11:53:58,400 [ERROR] LogOutputStream:75 - [STDERR_REDIRECT] 
2026-03-15 11:53:59,397 [ERROR] LogOutputStream:75 - [STDERR_REDIRECT] [Fatal Error] :1:1: Premature end of file.
2026-03-15 11:53:59,398 [ERROR] LogOutputStream:75 - [STDERR_REDIRECT] 
2026-03-15 11:54:00,400 [ERROR] LogOutputStream:75 - [STDERR_REDIRECT] [Fatal Error] :1:1: Premature end of file.
2026-03-15 11:54:00,400 [ERROR] LogOutputStream:75 - [STDERR_REDIRECT] 
2026-03-15 11:54:01,400 [ERROR] LogOutputStream:75 - [STDERR_REDIRECT] [Fatal Error] :1:1: Premature end of file.
2026-03-15 11:54:01,400 [ERROR] LogOutputStream:75 - [STDERR_REDIRECT] 
2026-03-15 11:54:02,398 [ERROR] LogOutputStream:75 - [STDERR_REDIRECT] [Fatal Error] :1:1: Premature end of file.
2026-03-15 11:54:02,399 [ERROR] LogOutputStream:75 - [STDERR_REDIRECT] 
2026-03-15 11:54:03,400 [ERROR] LogOutputStream:75 - [STDERR_REDIRECT] [Fatal Error] :1:1: Premature end of file.
2026-03-15 11:54:03,400 [ERROR] LogOutputStream:75 - [STDERR_REDIRECT] 
2026-03-15 11:54:04,398 [ERROR] LogOutputStream:75 - [STDERR_REDIRECT] [Fatal Error] :1:1: Premature end of file.
2026-03-15 11:54:04,398 [ERROR] LogOutputStream:75 - [STDERR_REDIRECT] 
2026-03-15 11:54:05,399 [ERROR] LogOutputStream:75 - [STDERR_REDIRECT] [Fatal Error] :1:1: Premature end of file.
2026-03-15 11:54:05,399 [ERROR] LogOutputStream:75 - [STDERR_REDIRECT] 
2026-03-15 11:54:06,398 [ERROR] LogOutputStream:75 - [STDERR_REDIRECT] [Fatal Error] :1:1: Premature end of file.
2026-03-15 11:54:06,398 [ERROR] LogOutputStream:75 - [STDERR_REDIRECT] 
2026-03-15 11:54:07,399 [ERROR] LogOutputStream:75 - [STDERR_REDIRECT] [Fatal Error] :1:1: Premature end of file.
2026-03-15 11:54:07,399 [ERROR] LogOutputStream:75 - [STDERR_REDIRECT] 
2026-03-15 11:54:08,398 [ERROR] LogOutputStream:75 - [STDERR_REDIRECT] [Fatal Error] :1:1: Premature end of file.
2026-03-15 11:54:08,398 [ERROR] LogOutputStream:75 - [STDERR_REDIRECT] 
2026-03-15 11:54:09,399 [ERROR] LogOutputStream:75 - [STDERR_REDIRECT] [Fatal Error] :1:1: Premature end of file.
2026-03-15 11:54:09,399 [ERROR] LogOutputStream:75 - [STDERR_REDIRECT] 
2026-03-15 11:54:10,399 [ERROR] LogOutputStream:75 - [STDERR_REDIRECT] [Fatal Error] :1:1: Premature end of file.
2026-03-15 11:54:10,399 [ERROR] LogOutputStream:75 - [STDERR_REDIRECT] 
2026-03-15 11:54:11,398 [ERROR] LogOutputStream:75 - [STDERR_REDIRECT] [Fatal Error] :1:1: Premature end of file.
2026-03-15 11:54:11,398 [ERROR] LogOutputStream:75 - [STDERR_REDIRECT] 
2026-03-15 11:54:12,399 [ERROR] LogOutputStream:75 - [STDERR_REDIRECT] [Fatal Error] :1:1: Premature end of file.
2026-03-15 11:54:12,399 [ERROR] LogOutputStream:75 - [STDERR_REDIRECT] 
2026-03-15 11:54:13,400 [ERROR] LogOutputStream:75 - [STDERR_REDIRECT] [Fatal Error] :1:1: Premature end of file.
2026-03-15 11:54:13,400 [ERROR] LogOutputStream:75 - [STDERR_REDIRECT] 
2026-03-15 11:54:14,397 [ERROR] LogOutputStream:75 - [STDERR_REDIRECT] [Fatal Error] :1:1: Premature end of file.
2026-03-15 11:54:14,397 [ERROR] LogOutputStream:75 - [STDERR_REDIRECT] 
2026-03-15 11:54:15,399 [ERROR] LogOutputStream:75 - [STDERR_REDIRECT] [Fatal Error] :1:1: Premature end of file.
2026-03-15 11:54:15,399 [ERROR] LogOutputStream:75 - [STDERR_REDIRECT] 
2026-03-15 11:54:16,399 [ERROR] LogOutputStream:75 - [STDERR_REDIRECT] [Fatal Error] :1:1: Premature end of file.
2026-03-15 11:54:16,399 [ERROR] LogOutputStream:75 - [STDERR_REDIRECT] 
2026-03-15 11:54:17,399 [ERROR] LogOutputStream:75 - [STDERR_REDIRECT] [Fatal Error] :1:1: Premature end of file.
2026-03-15 11:54:17,399 [ERROR] LogOutputStream:75 - [STDERR_REDIRECT] 
2026-03-15 11:54:18,401 [ERROR] LogOutputStream:75 - [STDERR_REDIRECT] [Fatal Error] :1:1: Premature end of file.
2026-03-15 11:54:18,401 [ERROR] LogOutputStream:75 - [STDERR_REDIRECT] 
2026-03-15 11:54:19,399 [ERROR] LogOutputStream:75 - [STDERR_REDIRECT] [Fatal Error] :1:1: Premature end of file.
2026-03-15 11:54:19,399 [ERROR] LogOutputStream:75 - [STDERR_REDIRECT] 
2026-03-15 11:54:20,398 [ERROR] LogOutputStream:75 - [STDERR_REDIRECT] [Fatal Error] :1:1: Premature end of file.
2026-03-15 11:54:20,399 [ERROR] LogOutputStream:75 - [STDERR_REDIRECT] 
2026-03-15 11:54:21,399 [ERROR] LogOutputStream:75 - [STDERR_REDIRECT] [Fatal Error] :1:1: Premature end of file.
2026-03-15 11:54:21,399 [ERROR] LogOutputStream:75 - [STDERR_REDIRECT] 
2026-03-15 11:54:22,398 [ERROR] LogOutputStream:75 - [STDERR_REDIRECT] [Fatal Error] :1:1: Premature end of file.
2026-03-15 11:54:22,398 [ERROR] LogOutputStream:75 - [STDERR_REDIRECT] 
2026-03-15 11:54:23,398 [ERROR] LogOutputStream:75 - [STDERR_REDIRECT] [Fatal Error] :1:1: Premature end of file.
2026-03-15 11:54:23,398 [ERROR] LogOutputStream:75 - [STDERR_REDIRECT] 
2026-03-15 11:54:24,398 [ERROR] LogOutputStream:75 - [STDERR_REDIRECT] [Fatal Error] :1:1: Premature end of file.
2026-03-15 11:54:24,398 [ERROR] LogOutputStream:75 - [STDERR_REDIRECT] 
2026-03-15 11:54:25,398 [ERROR] LogOutputStream:75 - [STDERR_REDIRECT] [Fatal Error] :1:1: Premature end of file.
2026-03-15 11:54:25,399 [ERROR] LogOutputStream:75 - [STDERR_REDIRECT] 
2026-03-15 11:54:26,399 [ERROR] LogOutputStream:75 - [STDERR_REDIRECT] [Fatal Error] :1:1: Premature end of file.
2026-03-15 11:54:26,399 [ERROR] LogOutputStream:75 - [STDERR_REDIRECT] 
2026-03-15 11:54:27,399 [ERROR] LogOutputStream:75 - [STDERR_REDIRECT] [Fatal Error] :1:1: Premature end of file.
2026-03-15 11:54:27,399 [ERROR] LogOutputStream:75 - [STDERR_REDIRECT] 
2026-03-15 11:54:28,399 [ERROR] LogOutputStream:75 - [STDERR_REDIRECT] [Fatal Error] :1:1: Premature end of file.
2026-03-15 11:54:28,399 [ERROR] LogOutputStream:75 - [STDERR_REDIRECT] 
2026-03-15 11:54:29,399 [ERROR] LogOutputStream:75 - [STDERR_REDIRECT] [Fatal Error] :1:1: Premature end of file.
2026-03-15 11:54:29,399 [ERROR] LogOutputStream:75 - [STDERR_REDIRECT] 
2026-03-15 11:54:30,399 [ERROR] LogOutputStream:75 - [STDERR_REDIRECT] [Fatal Error] :1:1: Premature end of file.
2026-03-15 11:54:30,399 [ERROR] LogOutputStream:75 - [STDERR_REDIRECT] 
2026-03-15 11:54:31,399 [ERROR] LogOutputStream:75 - [STDERR_REDIRECT] [Fatal Error] :1:1: Premature end of file.
2026-03-15 11:54:31,399 [ERROR] LogOutputStream:75 - [STDERR_REDIRECT] 
2026-03-15 11:54:32,398 [ERROR] LogOutputStream:75 - [STDERR_REDIRECT] [Fatal Error] :1:1: Premature end of file.
2026-03-15 11:54:32,398 [ERROR] LogOutputStream:75 - [STDERR_REDIRECT] 
2026-03-15 11:54:33,399 [ERROR] LogOutputStream:75 - [STDERR_REDIRECT] [Fatal Error] :1:1: Premature end of file.
2026-03-15 11:54:33,399 [ERROR] LogOutputStream:75 - [STDERR_REDIRECT] 
2026-03-15 11:54:34,399 [ERROR] LogOutputStream:75 - [STDERR_REDIRECT] [Fatal Error] :1:1: Premature end of file.
2026-03-15 11:54:34,399 [ERROR] LogOutputStream:75 - [STDERR_REDIRECT] 
2026-03-15 11:54:35,399 [ERROR] LogOutputStream:75 - [STDERR_REDIRECT] [Fatal Error] :1:1: Premature end of file.
2026-03-15 11:54:35,399 [ERROR] LogOutputStream:75 - [STDERR_REDIRECT] 
2026-03-15 11:54:36,399 [ERROR] LogOutputStream:75 - [STDERR_REDIRECT] [Fatal Error] :1:1: Premature end of file.
2026-03-15 11:54:36,399 [ERROR] LogOutputStream:75 - [STDERR_REDIRECT] 
2026-03-15 11:54:37,398 [ERROR] LogOutputStream:75 - [STDERR_REDIRECT] [Fatal Error] :1:1: Premature end of file.
2026-03-15 11:54:37,399 [ERROR] LogOutputStream:75 - [STDERR_REDIRECT] 
2026-03-15 11:54:38,397 [ERROR] LogOutputStream:75 - [STDERR_REDIRECT] [Fatal Error] :1:1: Premature end of file.
2026-03-15 11:54:38,397 [ERROR] LogOutputStream:75 - [STDERR_REDIRECT] 
2026-03-15 11:54:39,398 [ERROR] LogOutputStream:75 - [STDERR_REDIRECT] [Fatal Error] :1:1: Premature end of file.
2026-03-15 11:54:39,398 [ERROR] LogOutputStream:75 - [STDERR_REDIRECT] 
2026-03-15 11:54:40,399 [ERROR] LogOutputStream:75 - [STDERR_REDIRECT] [Fatal Error] :1:1: Premature end of file.
2026-03-15 11:54:40,399 [ERROR] LogOutputStream:75 - [STDERR_REDIRECT] 
2026-03-15 11:54:41,399 [ERROR] LogOutputStream:75 - [STDERR_REDIRECT] [Fatal Error] :1:1: Premature end of file.
2026-03-15 11:54:41,399 [ERROR] LogOutputStream:75 - [STDERR_REDIRECT] 
2026-03-15 11:54:42,399 [ERROR] LogOutputStream:75 - [STDERR_REDIRECT] [Fatal Error] :1:1: Premature end of file.
2026-03-15 11:54:42,399 [ERROR] LogOutputStream:75 - [STDERR_REDIRECT] 
2026-03-15 11:54:43,400 [ERROR] LogOutputStream:75 - [STDERR_REDIRECT] [Fatal Error] :1:1: Premature end of file.
2026-03-15 11:54:43,400 [ERROR] LogOutputStream:75 - [STDERR_REDIRECT] 
2026-03-15 11:54:44,398 [ERROR] LogOutputStream:75 - [STDERR_REDIRECT] [Fatal Error] :1:1: Premature end of file.
2026-03-15 11:54:44,398 [ERROR] LogOutputStream:75 - [STDERR_REDIRECT] 
2026-03-15 11:54:45,397 [ERROR] LogOutputStream:75 - [STDERR_REDIRECT] [Fatal Error] :1:1: Premature end of file.
2026-03-15 11:54:45,397 [ERROR] LogOutputStream:75 - [STDERR_REDIRECT] 
2026-03-15 11:54:46,398 [ERROR] LogOutputStream:75 - [STDERR_REDIRECT] [Fatal Error] :1:1: Premature end of file.
2026-03-15 11:54:46,398 [ERROR] LogOutputStream:75 - [STDERR_REDIRECT] 
2026-03-15 11:54:47,398 [ERROR] LogOutputStream:75 - [STDERR_REDIRECT] [Fatal Error] :1:1: Premature end of file.
2026-03-15 11:54:47,398 [ERROR] LogOutputStream:75 - [STDERR_REDIRECT] 
2026-03-15 11:54:48,400 [ERROR] LogOutputStream:75 - [STDERR_REDIRECT] [Fatal Error] :1:1: Premature end of file.
2026-03-15 11:54:48,400 [ERROR] LogOutputStream:75 - [STDERR_REDIRECT] 
2026-03-15 11:54:49,398 [ERROR] LogOutputStream:75 - [STDERR_REDIRECT] [Fatal Error] :1:1: Premature end of file.
2026-03-15 11:54:49,398 [ERROR] LogOutputStream:75 - [STDERR_REDIRECT] 
2026-03-15 11:54:50,398 [ERROR] LogOutputStream:75 - [STDERR_REDIRECT] [Fatal Error] :1:1: Premature end of file.
2026-03-15 11:54:50,398 [ERROR] LogOutputStream:75 - [STDERR_REDIRECT] 
2026-03-15 11:54:51,399 [ERROR] LogOutputStream:75 - [STDERR_REDIRECT] [Fatal Error] :1:1: Premature end of file.
2026-03-15 11:54:51,399 [ERROR] LogOutputStream:75 - [STDERR_REDIRECT] 
2026-03-15 11:54:52,401 [ERROR] LogOutputStream:75 - [STDERR_REDIRECT] [Fatal Error] :1:1: Premature end of file.
2026-03-15 11:54:52,401 [ERROR] LogOutputStream:75 - [STDERR_REDIRECT] 
2026-03-15 11:54:53,399 [ERROR] LogOutputStream:75 - [STDERR_REDIRECT] [Fatal Error] :1:1: Premature end of file.
2026-03-15 11:54:53,399 [ERROR] LogOutputStream:75 - [STDERR_REDIRECT] 
2026-03-15 11:54:54,399 [ERROR] LogOutputStream:75 - [STDERR_REDIRECT] [Fatal Error] :1:1: Premature end of file.
2026-03-15 11:54:54,399 [ERROR] LogOutputStream:75 - [STDERR_REDIRECT] 
2026-03-15 11:54:55,400 [ERROR] LogOutputStream:75 - [STDERR_REDIRECT] [Fatal Error] :1:1: Premature end of file.
2026-03-15 11:54:55,400 [ERROR] LogOutputStream:75 - [STDERR_REDIRECT] 
2026-03-15 11:54:56,399 [ERROR] LogOutputStream:75 - [STDERR_REDIRECT] [Fatal Error] :1:1: Premature end of file.
2026-03-15 11:54:56,399 [ERROR] LogOutputStream:75 - [STDERR_REDIRECT] 
2026-03-15 11:54:57,401 [ERROR] LogOutputStream:75 - [STDERR_REDIRECT] [Fatal Error] :1:1: Premature end of file.
2026-03-15 11:54:57,401 [ERROR] LogOutputStream:75 - [STDERR_REDIRECT] 
2026-03-15 11:54:58,398 [ERROR] LogOutputStream:75 - [STDERR_REDIRECT] [Fatal Error] :1:1: Premature end of file.
2026-03-15 11:54:58,398 [ERROR] LogOutputStream:75 - [STDERR_REDIRECT] 
2026-03-15 11:54:59,400 [ERROR] LogOutputStream:75 - [STDERR_REDIRECT] [Fatal Error] :1:1: Premature end of file.
2026-03-15 11:54:59,400 [ERROR] LogOutputStream:75 - [STDERR_REDIRECT] 
2026-03-15 11:55:00,400 [ERROR] LogOutputStream:75 - [STDERR_REDIRECT] [Fatal Error] :1:1: Premature end of file.
2026-03-15 11:55:00,400 [ERROR] LogOutputStream:75 - [STDERR_REDIRECT] 
2026-03-15 11:55:01,400 [ERROR] LogOutputStream:75 - [STDERR_REDIRECT] [Fatal Error] :1:1: Premature end of file.
2026-03-15 11:55:01,400 [ERROR] LogOutputStream:75 - [STDERR_REDIRECT] 
2026-03-15 11:55:02,400 [ERROR] LogOutputStream:75 - [STDERR_REDIRECT] [Fatal Error] :1:1: Premature end of file.
2026-03-15 11:55:02,400 [ERROR] LogOutputStream:75 - [STDERR_REDIRECT] 
2026-03-15 11:55:03,399 [ERROR] LogOutputStream:75 - [STDERR_REDIRECT] [Fatal Error] :1:1: Premature end of file.
2026-03-15 11:55:03,399 [ERROR] LogOutputStream:75 - [STDERR_REDIRECT] 
2026-03-15 11:55:04,399 [ERROR] LogOutputStream:75 - [STDERR_REDIRECT] [Fatal Error] :1:1: Premature end of file.
2026-03-15 11:55:04,399 [ERROR] LogOutputStream:75 - [STDERR_REDIRECT] 
2026-03-15 11:55:05,400 [ERROR] LogOutputStream:75 - [STDERR_REDIRECT] [Fatal Error] :1:1: Premature end of file.
2026-03-15 11:55:05,400 [ERROR] LogOutputStream:75 - [STDERR_REDIRECT] 
2026-03-15 11:55:06,400 [ERROR] LogOutputStream:75 - [STDERR_REDIRECT] [Fatal Error] :1:1: Premature end of file.
2026-03-15 11:55:06,400 [ERROR] LogOutputStream:75 - [STDERR_REDIRECT] 
2026-03-15 11:55:07,399 [ERROR] LogOutputStream:75 - [STDERR_REDIRECT] [Fatal Error] :1:1: Premature end of file.
2026-03-15 11:55:07,399 [ERROR] LogOutputStream:75 - [STDERR_REDIRECT] 
2026-03-15 11:55:08,400 [ERROR] LogOutputStream:75 - [STDERR_REDIRECT] [Fatal Error] :1:1: Premature end of file.
2026-03-15 11:55:08,400 [ERROR] LogOutputStream:75 - [STDERR_REDIRECT] 
2026-03-15 11:55:09,397 [ERROR] LogOutputStream:75 - [STDERR_REDIRECT] [Fatal Error] :1:1: Premature end of file.
2026-03-15 11:55:09,397 [ERROR] LogOutputStream:75 - [STDERR_REDIRECT] 
2026-03-15 11:55:10,398 [ERROR] LogOutputStream:75 - [STDERR_REDIRECT] [Fatal Error] :1:1: Premature end of file.
2026-03-15 11:55:10,398 [ERROR] LogOutputStream:75 - [STDERR_REDIRECT] 
2026-03-15 11:55:11,397 [ERROR] LogOutputStream:75 - [STDERR_REDIRECT] [Fatal Error] :1:1: Premature end of file.
2026-03-15 11:55:11,398 [ERROR] LogOutputStream:75 - [STDERR_REDIRECT] 
2026-03-15 11:55:12,398 [ERROR] LogOutputStream:75 - [STDERR_REDIRECT] [Fatal Error] :1:1: Premature end of file.
2026-03-15 11:55:12,398 [ERROR] LogOutputStream:75 - [STDERR_REDIRECT] 
2026-03-15 11:55:13,399 [ERROR] LogOutputStream:75 - [STDERR_REDIRECT] [Fatal Error] :1:1: Premature end of file.
2026-03-15 11:55:13,399 [ERROR] LogOutputStream:75 - [STDERR_REDIRECT] 
2026-03-15 11:55:14,398 [ERROR] LogOutputStream:75 - [STDERR_REDIRECT] [Fatal Error] :1:1: Premature end of file.
2026-03-15 11:55:14,398 [ERROR] LogOutputStream:75 - [STDERR_REDIRECT] 
2026-03-15 11:55:15,400 [ERROR] LogOutputStream:75 - [STDERR_REDIRECT] [Fatal Error] :1:1: Premature end of file.
2026-03-15 11:55:15,400 [ERROR] LogOutputStream:75 - [STDERR_REDIRECT] 
2026-03-15 11:55:16,400 [ERROR] LogOutputStream:75 - [STDERR_REDIRECT] [Fatal Error] :1:1: Premature end of file.
2026-03-15 11:55:16,400 [ERROR] LogOutputStream:75 - [STDERR_REDIRECT] 
2026-03-15 11:55:17,400 [ERROR] LogOutputStream:75 - [STDERR_REDIRECT] [Fatal Error] :1:1: Premature end of file.
2026-03-15 11:55:17,400 [ERROR] LogOutputStream:75 - [STDERR_REDIRECT] 
2026-03-15 11:55:18,399 [ERROR] LogOutputStream:75 - [STDERR_REDIRECT] [Fatal Error] :1:1: Premature end of file.
2026-03-15 11:55:18,399 [ERROR] LogOutputStream:75 - [STDERR_REDIRECT] 
2026-03-15 11:55:19,398 [ERROR] LogOutputStream:75 - [STDERR_REDIRECT] [Fatal Error] :1:1: Premature end of file.
2026-03-15 11:55:19,398 [ERROR] LogOutputStream:75 - [STDERR_REDIRECT] 
2026-03-15 11:55:20,401 [ERROR] LogOutputStream:75 - [STDERR_REDIRECT] [Fatal Error] :1:1: Premature end of file.
2026-03-15 11:55:20,401 [ERROR] LogOutputStream:75 - [STDERR_REDIRECT] 
2026-03-15 11:55:21,400 [ERROR] LogOutputStream:75 - [STDERR_REDIRECT] [Fatal Error] :1:1: Premature end of file.
2026-03-15 11:55:21,400 [ERROR] LogOutputStream:75 - [STDERR_REDIRECT] 
2026-03-15 11:55:22,398 [ERROR] LogOutputStream:75 - [STDERR_REDIRECT] [Fatal Error] :1:1: Premature end of file.
2026-03-15 11:55:22,399 [ERROR] LogOutputStream:75 - [STDERR_REDIRECT] 
2026-03-15 11:55:23,399 [ERROR] LogOutputStream:75 - [STDERR_REDIRECT] [Fatal Error] :1:1: Premature end of file.
2026-03-15 11:55:23,399 [ERROR] LogOutputStream:75 - [STDERR_REDIRECT] 
2026-03-15 11:55:24,400 [ERROR] LogOutputStream:75 - [STDERR_REDIRECT] [Fatal Error] :1:1: Premature end of file.
2026-03-15 11:55:24,400 [ERROR] LogOutputStream:75 - [STDERR_REDIRECT] 
2026-03-15 11:55:25,398 [ERROR] LogOutputStream:75 - [STDERR_REDIRECT] [Fatal Error] :1:1: Premature end of file.
2026-03-15 11:55:25,398 [ERROR] LogOutputStream:75 - [STDERR_REDIRECT] 
2026-03-15 11:55:26,399 [ERROR] LogOutputStream:75 - [STDERR_REDIRECT] [Fatal Error] :1:1: Premature end of file.
2026-03-15 11:55:26,399 [ERROR] LogOutputStream:75 - [STDERR_REDIRECT] 
2026-03-15 11:55:27,400 [ERROR] LogOutputStream:75 - [STDERR_REDIRECT] [Fatal Error] :1:1: Premature end of file.
2026-03-15 11:55:27,400 [ERROR] LogOutputStream:75 - [STDERR_REDIRECT] 
2026-03-15 11:55:28,399 [ERROR] LogOutputStream:75 - [STDERR_REDIRECT] [Fatal Error] :1:1: Premature end of file.
2026-03-15 11:55:28,399 [ERROR] LogOutputStream:75 - [STDERR_REDIRECT] 
2026-03-15 11:55:29,401 [ERROR] LogOutputStream:75 - [STDERR_REDIRECT] [Fatal Error] :1:1: Premature end of file.
2026-03-15 11:55:29,402 [ERROR] LogOutputStream:75 - [STDERR_REDIRECT] 
2026-03-15 11:55:30,399 [ERROR] LogOutputStream:75 - [STDERR_REDIRECT] [Fatal Error] :1:1: Premature end of file.
2026-03-15 11:55:30,399 [ERROR] LogOutputStream:75 - [STDERR_REDIRECT] 
2026-03-15 11:55:31,398 [ERROR] LogOutputStream:75 - [STDERR_REDIRECT] [Fatal Error] :1:1: Premature end of file.
2026-03-15 11:55:31,398 [ERROR] LogOutputStream:75 - [STDERR_REDIRECT] 
2026-03-15 11:55:32,399 [ERROR] LogOutputStream:75 - [STDERR_REDIRECT] [Fatal Error] :1:1: Premature end of file.
2026-03-15 11:55:32,399 [ERROR] LogOutputStream:75 - [STDERR_REDIRECT] 
2026-03-15 11:55:33,400 [ERROR] LogOutputStream:75 - [STDERR_REDIRECT] [Fatal Error] :1:1: Premature end of file.
2026-03-15 11:55:33,400 [ERROR] LogOutputStream:75 - [STDERR_REDIRECT] 
2026-03-15 11:55:34,400 [ERROR] LogOutputStream:75 - [STDERR_REDIRECT] [Fatal Error] :1:1: Premature end of file.
2026-03-15 11:55:34,400 [ERROR] LogOutputStream:75 - [STDERR_REDIRECT] 
2026-03-15 11:55:35,398 [ERROR] LogOutputStream:75 - [STDERR_REDIRECT] [Fatal Error] :1:1: Premature end of file.
2026-03-15 11:55:35,398 [ERROR] LogOutputStream:75 - [STDERR_REDIRECT] 
2026-03-15 11:55:36,398 [ERROR] LogOutputStream:75 - [STDERR_REDIRECT] [Fatal Error] :1:1: Premature end of file.
2026-03-15 11:55:36,398 [ERROR] LogOutputStream:75 - [STDERR_REDIRECT] 
2026-03-15 11:55:37,400 [ERROR] LogOutputStream:75 - [STDERR_REDIRECT] [Fatal Error] :1:1: Premature end of file.
2026-03-15 11:55:37,400 [ERROR] LogOutputStream:75 - [STDERR_REDIRECT] 
2026-03-15 11:55:38,400 [ERROR] LogOutputStream:75 - [STDERR_REDIRECT] [Fatal Error] :1:1: Premature end of file.
2026-03-15 11:55:38,400 [ERROR] LogOutputStream:75 - [STDERR_REDIRECT] 
2026-03-15 11:55:39,398 [ERROR] LogOutputStream:75 - [STDERR_REDIRECT] [Fatal Error] :1:1: Premature end of file.
2026-03-15 11:55:39,398 [ERROR] LogOutputStream:75 - [STDERR_REDIRECT] 
2026-03-15 11:55:40,399 [ERROR] LogOutputStream:75 - [STDERR_REDIRECT] [Fatal Error] :1:1: Premature end of file.
2026-03-15 11:55:40,399 [ERROR] LogOutputStream:75 - [STDERR_REDIRECT] 
2026-03-15 11:55:41,398 [ERROR] LogOutputStream:75 - [STDERR_REDIRECT] [Fatal Error] :1:1: Premature end of file.
2026-03-15 11:55:41,398 [ERROR] LogOutputStream:75 - [STDERR_REDIRECT] 
2026-03-15 11:55:42,398 [ERROR] LogOutputStream:75 - [STDERR_REDIRECT] [Fatal Error] :1:1: Premature end of file.
2026-03-15 11:55:42,398 [ERROR] LogOutputStream:75 - [STDERR_REDIRECT] 
2026-03-15 11:55:43,399 [ERROR] LogOutputStream:75 - [STDERR_REDIRECT] [Fatal Error] :1:1: Premature end of file.
2026-03-15 11:55:43,399 [ERROR] LogOutputStream:75 - [STDERR_REDIRECT] 
2026-03-15 11:55:44,399 [ERROR] LogOutputStream:75 - [STDERR_REDIRECT] [Fatal Error] :1:1: Premature end of file.
2026-03-15 11:55:44,399 [ERROR] LogOutputStream:75 - [STDERR_REDIRECT] 
2026-03-15 11:55:45,398 [ERROR] LogOutputStream:75 - [STDERR_REDIRECT] [Fatal Error] :1:1: Premature end of file.
2026-03-15 11:55:45,398 [ERROR] LogOutputStream:75 - [STDERR_REDIRECT] 
2026-03-15 11:55:46,398 [ERROR] LogOutputStream:75 - [STDERR_REDIRECT] [Fatal Error] :1:1: Premature end of file.
2026-03-15 11:55:46,398 [ERROR] LogOutputStream:75 - [STDERR_REDIRECT] 
2026-03-15 11:55:47,398 [ERROR] LogOutputStream:75 - [STDERR_REDIRECT] [Fatal Error] :1:1: Premature end of file.
2026-03-15 11:55:47,398 [ERROR] LogOutputStream:75 - [STDERR_REDIRECT] 
2026-03-15 11:55:48,400 [ERROR] LogOutputStream:75 - [STDERR_REDIRECT] [Fatal Error] :1:1: Premature end of file.
2026-03-15 11:55:48,400 [ERROR] LogOutputStream:75 - [STDERR_REDIRECT] 
2026-03-15 11:55:49,399 [ERROR] LogOutputStream:75 - [STDERR_REDIRECT] [Fatal Error] :1:1: Premature end of file.
2026-03-15 11:55:49,399 [ERROR] LogOutputStream:75 - [STDERR_REDIRECT] 
2026-03-15 11:55:50,399 [ERROR] LogOutputStream:75 - [STDERR_REDIRECT] [Fatal Error] :1:1: Premature end of file.
2026-03-15 11:55:50,399 [ERROR] LogOutputStream:75 - [STDERR_REDIRECT] 
2026-03-15 11:55:51,400 [ERROR] LogOutputStream:75 - [STDERR_REDIRECT] [Fatal Error] :1:1: Premature end of file.
2026-03-15 11:55:51,400 [ERROR] LogOutputStream:75 - [STDERR_REDIRECT] 
2026-03-15 11:55:52,398 [ERROR] LogOutputStream:75 - [STDERR_REDIRECT] [Fatal Error] :1:1: Premature end of file.
2026-03-15 11:55:52,398 [ERROR] LogOutputStream:75 - [STDERR_REDIRECT] 
2026-03-15 11:55:53,398 [ERROR] LogOutputStream:75 - [STDERR_REDIRECT] [Fatal Error] :1:1: Premature end of file.
2026-03-15 11:55:53,398 [ERROR] LogOutputStream:75 - [STDERR_REDIRECT] 
2026-03-15 11:55:54,400 [ERROR] LogOutputStream:75 - [STDERR_REDIRECT] [Fatal Error] :1:1: Premature end of file.
2026-03-15 11:55:54,400 [ERROR] LogOutputStream:75 - [STDERR_REDIRECT] 
2026-03-15 11:55:55,401 [ERROR] LogOutputStream:75 - [STDERR_REDIRECT] [Fatal Error] :1:1: Premature end of file.
2026-03-15 11:55:55,401 [ERROR] LogOutputStream:75 - [STDERR_REDIRECT] 
2026-03-15 11:55:56,401 [ERROR] LogOutputStream:75 - [STDERR_REDIRECT] [Fatal Error] :1:1: Premature end of file.
2026-03-15 11:55:56,401 [ERROR] LogOutputStream:75 - [STDERR_REDIRECT] 
2026-03-15 11:55:57,400 [ERROR] LogOutputStream:75 - [STDERR_REDIRECT] [Fatal Error] :1:1: Premature end of file.
2026-03-15 11:55:57,400 [ERROR] LogOutputStream:75 - [STDERR_REDIRECT] 
2026-03-15 11:55:58,400 [ERROR] LogOutputStream:75 - [STDERR_REDIRECT] [Fatal Error] :1:1: Premature end of file.
2026-03-15 11:55:58,400 [ERROR] LogOutputStream:75 - [STDERR_REDIRECT] 
2026-03-15 11:55:59,399 [ERROR] LogOutputStream:75 - [STDERR_REDIRECT] [Fatal Error] :1:1: Premature end of file.
2026-03-15 11:55:59,399 [ERROR] LogOutputStream:75 - [STDERR_REDIRECT] 
2026-03-15 11:56:00,399 [ERROR] LogOutputStream:75 - [STDERR_REDIRECT] [Fatal Error] :1:1: Premature end of file.
2026-03-15 11:56:00,399 [ERROR] LogOutputStream:75 - [STDERR_REDIRECT] 
2026-03-15 11:56:01,397 [ERROR] LogOutputStream:75 - [STDERR_REDIRECT] [Fatal Error] :1:1: Premature end of file.
2026-03-15 11:56:01,397 [ERROR] LogOutputStream:75 - [STDERR_REDIRECT] 
2026-03-15 11:56:02,400 [ERROR] LogOutputStream:75 - [STDERR_REDIRECT] [Fatal Error] :1:1: Premature end of file.
2026-03-15 11:56:02,400 [ERROR] LogOutputStream:75 - [STDERR_REDIRECT] 
2026-03-15 11:56:03,401 [ERROR] LogOutputStream:75 - [STDERR_REDIRECT] [Fatal Error] :1:1: Premature end of file.
2026-03-15 11:56:03,401 [ERROR] LogOutputStream:75 - [STDERR_REDIRECT] 
2026-03-15 11:56:04,399 [ERROR] LogOutputStream:75 - [STDERR_REDIRECT] [Fatal Error] :1:1: Premature end of file.
2026-03-15 11:56:04,399 [ERROR] LogOutputStream:75 - [STDERR_REDIRECT] 
2026-03-15 11:56:05,398 [ERROR] LogOutputStream:75 - [STDERR_REDIRECT] [Fatal Error] :1:1: Premature end of file.
2026-03-15 11:56:05,398 [ERROR] LogOutputStream:75 - [STDERR_REDIRECT] 
2026-03-15 11:56:06,399 [ERROR] LogOutputStream:75 - [STDERR_REDIRECT] [Fatal Error] :1:1: Premature end of file.
2026-03-15 11:56:06,399 [ERROR] LogOutputStream:75 - [STDERR_REDIRECT] 
2026-03-15 11:56:07,400 [ERROR] LogOutputStream:75 - [STDERR_REDIRECT] [Fatal Error] :1:1: Premature end of file.
2026-03-15 11:56:07,400 [ERROR] LogOutputStream:75 - [STDERR_REDIRECT] 
2026-03-15 11:56:08,400 [ERROR] LogOutputStream:75 - [STDERR_REDIRECT] [Fatal Error] :1:1: Premature end of file.
2026-03-15 11:56:08,400 [ERROR] LogOutputStream:75 - [STDERR_REDIRECT] 
2026-03-15 11:56:09,400 [ERROR] LogOutputStream:75 - [STDERR_REDIRECT] [Fatal Error] :1:1: Premature end of file.
2026-03-15 11:56:09,400 [ERROR] LogOutputStream:75 - [STDERR_REDIRECT] 
2026-03-15 11:56:10,398 [ERROR] LogOutputStream:75 - [STDERR_REDIRECT] [Fatal Error] :1:1: Premature end of file.
2026-03-15 11:56:10,398 [ERROR] LogOutputStream:75 - [STDERR_REDIRECT] 
2026-03-15 11:56:11,401 [ERROR] LogOutputStream:75 - [STDERR_REDIRECT] [Fatal Error] :1:1: Premature end of file.
2026-03-15 11:56:11,401 [ERROR] LogOutputStream:75 - [STDERR_REDIRECT] 
2026-03-15 11:56:12,398 [ERROR] LogOutputStream:75 - [STDERR_REDIRECT] [Fatal Error] :1:1: Premature end of file.
2026-03-15 11:56:12,398 [ERROR] LogOutputStream:75 - [STDERR_REDIRECT] 
2026-03-15 11:56:13,400 [ERROR] LogOutputStream:75 - [STDERR_REDIRECT] [Fatal Error] :1:1: Premature end of file.
2026-03-15 11:56:13,400 [ERROR] LogOutputStream:75 - [STDERR_REDIRECT] 
2026-03-15 11:56:14,398 [ERROR] LogOutputStream:75 - [STDERR_REDIRECT] [Fatal Error] :1:1: Premature end of file.
2026-03-15 11:56:14,399 [ERROR] LogOutputStream:75 - [STDERR_REDIRECT] 
2026-03-15 11:56:15,398 [ERROR] LogOutputStream:75 - [STDERR_REDIRECT] [Fatal Error] :1:1: Premature end of file.
2026-03-15 11:56:15,398 [ERROR] LogOutputStream:75 - [STDERR_REDIRECT] 
2026-03-15 11:56:16,399 [ERROR] LogOutputStream:75 - [STDERR_REDIRECT] [Fatal Error] :1:1: Premature end of file.
2026-03-15 11:56:16,399 [ERROR] LogOutputStream:75 - [STDERR_REDIRECT] 
2026-03-15 11:56:17,399 [ERROR] LogOutputStream:75 - [STDERR_REDIRECT] [Fatal Error] :1:1: Premature end of file.
2026-03-15 11:56:17,399 [ERROR] LogOutputStream:75 - [STDERR_REDIRECT] 
2026-03-15 11:56:18,400 [ERROR] LogOutputStream:75 - [STDERR_REDIRECT] [Fatal Error] :1:1: Premature end of file.
2026-03-15 11:56:18,400 [ERROR] LogOutputStream:75 - [STDERR_REDIRECT] 
2026-03-15 11:56:19,400 [ERROR] LogOutputStream:75 - [STDERR_REDIRECT] [Fatal Error] :1:1: Premature end of file.
2026-03-15 11:56:19,400 [ERROR] LogOutputStream:75 - [STDERR_REDIRECT] 
2026-03-15 11:56:20,400 [ERROR] LogOutputStream:75 - [STDERR_REDIRECT] [Fatal Error] :1:1: Premature end of file.
2026-03-15 11:56:20,400 [ERROR] LogOutputStream:75 - [STDERR_REDIRECT] 
2026-03-15 11:56:21,399 [ERROR] LogOutputStream:75 - [STDERR_REDIRECT] [Fatal Error] :1:1: Premature end of file.
2026-03-15 11:56:21,399 [ERROR] LogOutputStream:75 - [STDERR_REDIRECT] 
2026-03-15 11:56:22,400 [ERROR] LogOutputStream:75 - [STDERR_REDIRECT] [Fatal Error] :1:1: Premature end of file.
2026-03-15 11:56:22,400 [ERROR] LogOutputStream:75 - [STDERR_REDIRECT] 
2026-03-15 11:56:23,399 [ERROR] LogOutputStream:75 - [STDERR_REDIRECT] [Fatal Error] :1:1: Premature end of file.
2026-03-15 11:56:23,399 [ERROR] LogOutputStream:75 - [STDERR_REDIRECT] 
2026-03-15 11:56:24,400 [ERROR] LogOutputStream:75 - [STDERR_REDIRECT] [Fatal Error] :1:1: Premature end of file.
2026-03-15 11:56:24,400 [ERROR] LogOutputStream:75 - [STDERR_REDIRECT] 
2026-03-15 11:56:25,399 [ERROR] LogOutputStream:75 - [STDERR_REDIRECT] [Fatal Error] :1:1: Premature end of file.
2026-03-15 11:56:25,399 [ERROR] LogOutputStream:75 - [STDERR_REDIRECT] 
2026-03-15 11:56:26,398 [ERROR] LogOutputStream:75 - [STDERR_REDIRECT] [Fatal Error] :1:1: Premature end of file.
2026-03-15 11:56:26,398 [ERROR] LogOutputStream:75 - [STDERR_REDIRECT] 
2026-03-15 11:56:27,400 [ERROR] LogOutputStream:75 - [STDERR_REDIRECT] [Fatal Error] :1:1: Premature end of file.
2026-03-15 11:56:27,400 [ERROR] LogOutputStream:75 - [STDERR_REDIRECT] 
2026-03-15 11:56:28,399 [ERROR] LogOutputStream:75 - [STDERR_REDIRECT] [Fatal Error] :1:1: Premature end of file.
2026-03-15 11:56:28,399 [ERROR] LogOutputStream:75 - [STDERR_REDIRECT] 
2026-03-15 11:56:29,397 [ERROR] LogOutputStream:75 - [STDERR_REDIRECT] [Fatal Error] :1:1: Premature end of file.
2026-03-15 11:56:29,397 [ERROR] LogOutputStream:75 - [STDERR_REDIRECT] 
2026-03-15 11:56:30,401 [ERROR] LogOutputStream:75 - [STDERR_REDIRECT] [Fatal Error] :1:1: Premature end of file.
2026-03-15 11:56:30,401 [ERROR] LogOutputStream:75 - [STDERR_REDIRECT] 
2026-03-15 11:56:31,398 [ERROR] LogOutputStream:75 - [STDERR_REDIRECT] [Fatal Error] :1:1: Premature end of file.
2026-03-15 11:56:31,398 [ERROR] LogOutputStream:75 - [STDERR_REDIRECT] 
2026-03-15 11:56:32,399 [ERROR] LogOutputStream:75 - [STDERR_REDIRECT] [Fatal Error] :1:1: Premature end of file.
2026-03-15 11:56:32,399 [ERROR] LogOutputStream:75 - [STDERR_REDIRECT] 
2026-03-15 11:56:33,399 [ERROR] LogOutputStream:75 - [STDERR_REDIRECT] [Fatal Error] :1:1: Premature end of file.
2026-03-15 11:56:33,399 [ERROR] LogOutputStream:75 - [STDERR_REDIRECT] 
2026-03-15 11:56:34,399 [ERROR] LogOutputStream:75 - [STDERR_REDIRECT] [Fatal Error] :1:1: Premature end of file.
2026-03-15 11:56:34,399 [ERROR] LogOutputStream:75 - [STDERR_REDIRECT] 
2026-03-15 11:56:35,401 [ERROR] LogOutputStream:75 - [STDERR_REDIRECT] [Fatal Error] :1:1: Premature end of file.
2026-03-15 11:56:35,401 [ERROR] LogOutputStream:75 - [STDERR_REDIRECT] 
2026-03-15 11:56:36,400 [ERROR] LogOutputStream:75 - [STDERR_REDIRECT] [Fatal Error] :1:1: Premature end of file.
2026-03-15 11:56:36,400 [ERROR] LogOutputStream:75 - [STDERR_REDIRECT] 
2026-03-15 11:56:37,400 [ERROR] LogOutputStream:75 - [STDERR_REDIRECT] [Fatal Error] :1:1: Premature end of file.
2026-03-15 11:56:37,400 [ERROR] LogOutputStream:75 - [STDERR_REDIRECT] 
2026-03-15 11:56:38,398 [ERROR] LogOutputStream:75 - [STDERR_REDIRECT] [Fatal Error] :1:1: Premature end of file.
2026-03-15 11:56:38,398 [ERROR] LogOutputStream:75 - [STDERR_REDIRECT] 
2026-03-15 11:56:39,397 [ERROR] LogOutputStream:75 - [STDERR_REDIRECT] [Fatal Error] :1:1: Premature end of file.
2026-03-15 11:56:39,397 [ERROR] LogOutputStream:75 - [STDERR_REDIRECT] 
2026-03-15 11:56:40,399 [ERROR] LogOutputStream:75 - [STDERR_REDIRECT] [Fatal Error] :1:1: Premature end of file.
2026-03-15 11:56:40,399 [ERROR] LogOutputStream:75 - [STDERR_REDIRECT] 
2026-03-15 11:56:41,398 [ERROR] LogOutputStream:75 - [STDERR_REDIRECT] [Fatal Error] :1:1: Premature end of file.
2026-03-15 11:56:41,398 [ERROR] LogOutputStream:75 - [STDERR_REDIRECT] 
2026-03-15 11:56:42,398 [ERROR] LogOutputStream:75 - [STDERR_REDIRECT] [Fatal Error] :1:1: Premature end of file.
2026-03-15 11:56:42,398 [ERROR] LogOutputStream:75 - [STDERR_REDIRECT] 
2026-03-15 11:56:43,399 [ERROR] LogOutputStream:75 - [STDERR_REDIRECT] [Fatal Error] :1:1: Premature end of file.
2026-03-15 11:56:43,399 [ERROR] LogOutputStream:75 - [STDERR_REDIRECT] 
2026-03-15 11:56:44,397 [ERROR] LogOutputStream:75 - [STDERR_REDIRECT] [Fatal Error] :1:1: Premature end of file.
2026-03-15 11:56:44,397 [ERROR] LogOutputStream:75 - [STDERR_REDIRECT] 
2026-03-15 11:56:45,399 [ERROR] LogOutputStream:75 - [STDERR_REDIRECT] [Fatal Error] :1:1: Premature end of file.
2026-03-15 11:56:45,400 [ERROR] LogOutputStream:75 - [STDERR_REDIRECT] 
2026-03-15 11:56:46,399 [ERROR] LogOutputStream:75 - [STDERR_REDIRECT] [Fatal Error] :1:1: Premature end of file.
2026-03-15 11:56:46,400 [ERROR] LogOutputStream:75 - [STDERR_REDIRECT] 
2026-03-15 11:56:47,400 [ERROR] LogOutputStream:75 - [STDERR_REDIRECT] [Fatal Error] :1:1: Premature end of file.
2026-03-15 11:56:47,400 [ERROR] LogOutputStream:75 - [STDERR_REDIRECT] 
2026-03-15 11:56:48,400 [ERROR] LogOutputStream:75 - [STDERR_REDIRECT] [Fatal Error] :1:1: Premature end of file.
2026-03-15 11:56:48,400 [ERROR] LogOutputStream:75 - [STDERR_REDIRECT] 
2026-03-15 11:56:49,398 [ERROR] LogOutputStream:75 - [STDERR_REDIRECT] [Fatal Error] :1:1: Premature end of file.
2026-03-15 11:56:49,398 [ERROR] LogOutputStream:75 - [STDERR_REDIRECT] 
2026-03-15 11:56:50,397 [ERROR] LogOutputStream:75 - [STDERR_REDIRECT] [Fatal Error] :1:1: Premature end of file.
2026-03-15 11:56:50,397 [ERROR] LogOutputStream:75 - [STDERR_REDIRECT] 
2026-03-15 11:56:51,401 [ERROR] LogOutputStream:75 - [STDERR_REDIRECT] [Fatal Error] :1:1: Premature end of file.
2026-03-15 11:56:51,401 [ERROR] LogOutputStream:75 - [STDERR_REDIRECT] 
2026-03-15 11:56:52,399 [ERROR] LogOutputStream:75 - [STDERR_REDIRECT] [Fatal Error] :1:1: Premature end of file.
2026-03-15 11:56:52,399 [ERROR] LogOutputStream:75 - [STDERR_REDIRECT] 
2026-03-15 11:56:53,400 [ERROR] LogOutputStream:75 - [STDERR_REDIRECT] [Fatal Error] :1:1: Premature end of file.
2026-03-15 11:56:53,400 [ERROR] LogOutputStream:75 - [STDERR_REDIRECT] 
2026-03-15 11:56:54,397 [ERROR] LogOutputStream:75 - [STDERR_REDIRECT] [Fatal Error] :1:1: Premature end of file.
2026-03-15 11:56:54,397 [ERROR] LogOutputStream:75 - [STDERR_REDIRECT] 
2026-03-15 11:56:55,398 [ERROR] LogOutputStream:75 - [STDERR_REDIRECT] [Fatal Error] :1:1: Premature end of file.
2026-03-15 11:56:55,398 [ERROR] LogOutputStream:75 - [STDERR_REDIRECT] 
2026-03-15 11:56:56,398 [ERROR] LogOutputStream:75 - [STDERR_REDIRECT] [Fatal Error] :1:1: Premature end of file.
2026-03-15 11:56:56,398 [ERROR] LogOutputStream:75 - [STDERR_REDIRECT] 
2026-03-15 11:56:57,398 [ERROR] LogOutputStream:75 - [STDERR_REDIRECT] [Fatal Error] :1:1: Premature end of file.
2026-03-15 11:56:57,398 [ERROR] LogOutputStream:75 - [STDERR_REDIRECT] 
2026-03-15 11:56:58,398 [ERROR] LogOutputStream:75 - [STDERR_REDIRECT] [Fatal Error] :1:1: Premature end of file.
2026-03-15 11:56:58,398 [ERROR] LogOutputStream:75 - [STDERR_REDIRECT] 
2026-03-15 11:56:59,398 [ERROR] LogOutputStream:75 - [STDERR_REDIRECT] [Fatal Error] :1:1: Premature end of file.
2026-03-15 11:56:59,398 [ERROR] LogOutputStream:75 - [STDERR_REDIRECT] 
2026-03-15 11:57:00,398 [ERROR] LogOutputStream:75 - [STDERR_REDIRECT] [Fatal Error] :1:1: Premature end of file.
2026-03-15 11:57:00,398 [ERROR] LogOutputStream:75 - [STDERR_REDIRECT] 
2026-03-15 11:57:01,399 [ERROR] LogOutputStream:75 - [STDERR_REDIRECT] [Fatal Error] :1:1: Premature end of file.
2026-03-15 11:57:01,399 [ERROR] LogOutputStream:75 - [STDERR_REDIRECT] 
2026-03-15 11:57:02,398 [ERROR] LogOutputStream:75 - [STDERR_REDIRECT] [Fatal Error] :1:1: Premature end of file.
2026-03-15 11:57:02,398 [ERROR] LogOutputStream:75 - [STDERR_REDIRECT] 
2026-03-15 11:57:03,399 [ERROR] LogOutputStream:75 - [STDERR_REDIRECT] [Fatal Error] :1:1: Premature end of file.
2026-03-15 11:57:03,399 [ERROR] LogOutputStream:75 - [STDERR_REDIRECT] 
2026-03-15 11:57:04,399 [ERROR] LogOutputStream:75 - [STDERR_REDIRECT] [Fatal Error] :1:1: Premature end of file.
2026-03-15 11:57:04,399 [ERROR] LogOutputStream:75 - [STDERR_REDIRECT] 
2026-03-15 11:57:05,399 [ERROR] LogOutputStream:75 - [STDERR_REDIRECT] [Fatal Error] :1:1: Premature end of file.
2026-03-15 11:57:05,399 [ERROR] LogOutputStream:75 - [STDERR_REDIRECT] 
2026-03-15 11:57:06,397 [ERROR] LogOutputStream:75 - [STDERR_REDIRECT] [Fatal Error] :1:1: Premature end of file.
2026-03-15 11:57:06,397 [ERROR] LogOutputStream:75 - [STDERR_REDIRECT] 
2026-03-15 11:57:07,396 [ERROR] LogOutputStream:75 - [STDERR_REDIRECT] [Fatal Error] :1:1: Premature end of file.
2026-03-15 11:57:07,398 [ERROR] LogOutputStream:75 - [STDERR_REDIRECT] 
2026-03-15 11:57:08,398 [ERROR] LogOutputStream:75 - [STDERR_REDIRECT] [Fatal Error] :1:1: Premature end of file.
2026-03-15 11:57:08,399 [ERROR] LogOutputStream:75 - [STDERR_REDIRECT] 
2026-03-15 11:57:09,398 [ERROR] LogOutputStream:75 - [STDERR_REDIRECT] [Fatal Error] :1:1: Premature end of file.
2026-03-15 11:57:09,398 [ERROR] LogOutputStream:75 - [STDERR_REDIRECT] 
2026-03-15 11:57:10,400 [ERROR] LogOutputStream:75 - [STDERR_REDIRECT] [Fatal Error] :1:1: Premature end of file.
2026-03-15 11:57:10,400 [ERROR] LogOutputStream:75 - [STDERR_REDIRECT] 
2026-03-15 11:57:11,399 [ERROR] LogOutputStream:75 - [STDERR_REDIRECT] [Fatal Error] :1:1: Premature end of file.
2026-03-15 11:57:11,399 [ERROR] LogOutputStream:75 - [STDERR_REDIRECT] 
2026-03-15 11:57:12,403 [ERROR] LogOutputStream:75 - [STDERR_REDIRECT] [Fatal Error] :1:1: Premature end of file.
2026-03-15 11:57:12,403 [ERROR] LogOutputStream:75 - [STDERR_REDIRECT] 
2026-03-15 11:57:13,398 [ERROR] LogOutputStream:75 - [STDERR_REDIRECT] [Fatal Error] :1:1: Premature end of file.
2026-03-15 11:57:13,398 [ERROR] LogOutputStream:75 - [STDERR_REDIRECT] 
2026-03-15 11:57:14,399 [ERROR] LogOutputStream:75 - [STDERR_REDIRECT] [Fatal Error] :1:1: Premature end of file.
2026-03-15 11:57:14,399 [ERROR] LogOutputStream:75 - [STDERR_REDIRECT] 
2026-03-15 11:57:15,399 [ERROR] LogOutputStream:75 - [STDERR_REDIRECT] [Fatal Error] :1:1: Premature end of file.
2026-03-15 11:57:15,399 [ERROR] LogOutputStream:75 - [STDERR_REDIRECT] 
2026-03-15 11:57:16,400 [ERROR] LogOutputStream:75 - [STDERR_REDIRECT] [Fatal Error] :1:1: Premature end of file.
2026-03-15 11:57:16,400 [ERROR] LogOutputStream:75 - [STDERR_REDIRECT] 
2026-03-15 11:57:17,398 [ERROR] LogOutputStream:75 - [STDERR_REDIRECT] [Fatal Error] :1:1: Premature end of file.
2026-03-15 11:57:17,398 [ERROR] LogOutputStream:75 - [STDERR_REDIRECT] 
2026-03-15 11:57:18,400 [ERROR] LogOutputStream:75 - [STDERR_REDIRECT] [Fatal Error] :1:1: Premature end of file.
2026-03-15 11:57:18,400 [ERROR] LogOutputStream:75 - [STDERR_REDIRECT] 
2026-03-15 11:57:19,399 [ERROR] LogOutputStream:75 - [STDERR_REDIRECT] [Fatal Error] :1:1: Premature end of file.
2026-03-15 11:57:19,399 [ERROR] LogOutputStream:75 - [STDERR_REDIRECT] 
2026-03-15 11:57:20,398 [ERROR] LogOutputStream:75 - [STDERR_REDIRECT] [Fatal Error] :1:1: Premature end of file.
2026-03-15 11:57:20,398 [ERROR] LogOutputStream:75 - [STDERR_REDIRECT] 
2026-03-15 11:57:21,398 [ERROR] LogOutputStream:75 - [STDERR_REDIRECT] [Fatal Error] :1:1: Premature end of file.
2026-03-15 11:57:21,398 [ERROR] LogOutputStream:75 - [STDERR_REDIRECT] 
2026-03-15 11:57:22,399 [ERROR] LogOutputStream:75 - [STDERR_REDIRECT] [Fatal Error] :1:1: Premature end of file.
2026-03-15 11:57:22,399 [ERROR] LogOutputStream:75 - [STDERR_REDIRECT] 
2026-03-15 11:57:23,399 [ERROR] LogOutputStream:75 - [STDERR_REDIRECT] [Fatal Error] :1:1: Premature end of file.
2026-03-15 11:57:23,399 [ERROR] LogOutputStream:75 - [STDERR_REDIRECT] 
2026-03-15 11:57:24,401 [ERROR] LogOutputStream:75 - [STDERR_REDIRECT] [Fatal Error] :1:1: Premature end of file.
2026-03-15 11:57:24,401 [ERROR] LogOutputStream:75 - [STDERR_REDIRECT] 
2026-03-15 11:57:25,399 [ERROR] LogOutputStream:75 - [STDERR_REDIRECT] [Fatal Error] :1:1: Premature end of file.
2026-03-15 11:57:25,399 [ERROR] LogOutputStream:75 - [STDERR_REDIRECT] 
2026-03-15 11:57:26,397 [ERROR] LogOutputStream:75 - [STDERR_REDIRECT] [Fatal Error] :1:1: Premature end of file.
2026-03-15 11:57:26,397 [ERROR] LogOutputStream:75 - [STDERR_REDIRECT] 
2026-03-15 11:57:27,397 [ERROR] LogOutputStream:75 - [STDERR_REDIRECT] [Fatal Error] :1:1: Premature end of file.
2026-03-15 11:57:27,397 [ERROR] LogOutputStream:75 - [STDERR_REDIRECT] 
2026-03-15 11:57:28,399 [ERROR] LogOutputStream:75 - [STDERR_REDIRECT] [Fatal Error] :1:1: Premature end of file.
2026-03-15 11:57:28,399 [ERROR] LogOutputStream:75 - [STDERR_REDIRECT] 
2026-03-15 11:57:29,398 [ERROR] LogOutputStream:75 - [STDERR_REDIRECT] [Fatal Error] :1:1: Premature end of file.
2026-03-15 11:57:29,398 [ERROR] LogOutputStream:75 - [STDERR_REDIRECT] 
2026-03-15 11:57:30,398 [ERROR] LogOutputStream:75 - [STDERR_REDIRECT] [Fatal Error] :1:1: Premature end of file.
2026-03-15 11:57:30,398 [ERROR] LogOutputStream:75 - [STDERR_REDIRECT] 
2026-03-15 11:57:31,399 [ERROR] LogOutputStream:75 - [STDERR_REDIRECT] [Fatal Error] :1:1: Premature end of file.
2026-03-15 11:57:31,399 [ERROR] LogOutputStream:75 - [STDERR_REDIRECT] 
2026-03-15 11:57:32,400 [ERROR] LogOutputStream:75 - [STDERR_REDIRECT] [Fatal Error] :1:1: Premature end of file.
2026-03-15 11:57:32,400 [ERROR] LogOutputStream:75 - [STDERR_REDIRECT] 
2026-03-15 11:57:33,399 [ERROR] LogOutputStream:75 - [STDERR_REDIRECT] [Fatal Error] :1:1: Premature end of file.
2026-03-15 11:57:33,399 [ERROR] LogOutputStream:75 - [STDERR_REDIRECT] 
2026-03-15 11:57:34,399 [ERROR] LogOutputStream:75 - [STDERR_REDIRECT] [Fatal Error] :1:1: Premature end of file.
2026-03-15 11:57:34,399 [ERROR] LogOutputStream:75 - [STDERR_REDIRECT] 
2026-03-15 11:57:35,400 [ERROR] LogOutputStream:75 - [STDERR_REDIRECT] [Fatal Error] :1:1: Premature end of file.
2026-03-15 11:57:35,400 [ERROR] LogOutputStream:75 - [STDERR_REDIRECT] 
2026-03-15 11:57:36,400 [ERROR] LogOutputStream:75 - [STDERR_REDIRECT] [Fatal Error] :1:1: Premature end of file.
2026-03-15 11:57:36,401 [ERROR] LogOutputStream:75 - [STDERR_REDIRECT] 
2026-03-15 11:57:37,400 [ERROR] LogOutputStream:75 - [STDERR_REDIRECT] [Fatal Error] :1:1: Premature end of file.
2026-03-15 11:57:37,400 [ERROR] LogOutputStream:75 - [STDERR_REDIRECT] 
2026-03-15 11:57:38,398 [ERROR] LogOutputStream:75 - [STDERR_REDIRECT] [Fatal Error] :1:1: Premature end of file.
2026-03-15 11:57:38,399 [ERROR] LogOutputStream:75 - [STDERR_REDIRECT] 
2026-03-15 11:57:39,400 [ERROR] LogOutputStream:75 - [STDERR_REDIRECT] [Fatal Error] :1:1: Premature end of file.
2026-03-15 11:57:39,400 [ERROR] LogOutputStream:75 - [STDERR_REDIRECT] 
2026-03-15 11:57:40,400 [ERROR] LogOutputStream:75 - [STDERR_REDIRECT] [Fatal Error] :1:1: Premature end of file.
2026-03-15 11:57:40,400 [ERROR] LogOutputStream:75 - [STDERR_REDIRECT] 
2026-03-15 11:57:41,399 [ERROR] LogOutputStream:75 - [STDERR_REDIRECT] [Fatal Error] :1:1: Premature end of file.
2026-03-15 11:57:41,399 [ERROR] LogOutputStream:75 - [STDERR_REDIRECT] 
2026-03-15 11:57:42,399 [ERROR] LogOutputStream:75 - [STDERR_REDIRECT] [Fatal Error] :1:1: Premature end of file.
2026-03-15 11:57:42,399 [ERROR] LogOutputStream:75 - [STDERR_REDIRECT] 
2026-03-15 11:57:43,400 [ERROR] LogOutputStream:75 - [STDERR_REDIRECT] [Fatal Error] :1:1: Premature end of file.
2026-03-15 11:57:43,400 [ERROR] LogOutputStream:75 - [STDERR_REDIRECT] 
2026-03-15 11:57:44,397 [ERROR] LogOutputStream:75 - [STDERR_REDIRECT] [Fatal Error] :1:1: Premature end of file.
2026-03-15 11:57:44,397 [ERROR] LogOutputStream:75 - [STDERR_REDIRECT] 
2026-03-15 11:57:45,400 [ERROR] LogOutputStream:75 - [STDERR_REDIRECT] [Fatal Error] :1:1: Premature end of file.
2026-03-15 11:57:45,400 [ERROR] LogOutputStream:75 - [STDERR_REDIRECT] 
2026-03-15 11:57:46,399 [ERROR] LogOutputStream:75 - [STDERR_REDIRECT] [Fatal Error] :1:1: Premature end of file.
2026-03-15 11:57:46,399 [ERROR] LogOutputStream:75 - [STDERR_REDIRECT] 
2026-03-15 11:57:47,400 [ERROR] LogOutputStream:75 - [STDERR_REDIRECT] [Fatal Error] :1:1: Premature end of file.
2026-03-15 11:57:47,400 [ERROR] LogOutputStream:75 - [STDERR_REDIRECT] 
2026-03-15 11:57:48,400 [ERROR] LogOutputStream:75 - [STDERR_REDIRECT] [Fatal Error] :1:1: Premature end of file.
2026-03-15 11:57:48,400 [ERROR] LogOutputStream:75 - [STDERR_REDIRECT] 
2026-03-15 11:57:49,399 [ERROR] LogOutputStream:75 - [STDERR_REDIRECT] [Fatal Error] :1:1: Premature end of file.
2026-03-15 11:57:49,400 [ERROR] LogOutputStream:75 - [STDERR_REDIRECT] 
2026-03-15 11:57:50,399 [ERROR] LogOutputStream:75 - [STDERR_REDIRECT] [Fatal Error] :1:1: Premature end of file.
2026-03-15 11:57:50,399 [ERROR] LogOutputStream:75 - [STDERR_REDIRECT] 
2026-03-15 11:57:51,399 [ERROR] LogOutputStream:75 - [STDERR_REDIRECT] [Fatal Error] :1:1: Premature end of file.
2026-03-15 11:57:51,400 [ERROR] LogOutputStream:75 - [STDERR_REDIRECT] 
2026-03-15 11:57:52,399 [ERROR] LogOutputStream:75 - [STDERR_REDIRECT] [Fatal Error] :1:1: Premature end of file.
2026-03-15 11:57:52,399 [ERROR] LogOutputStream:75 - [STDERR_REDIRECT] 
2026-03-15 11:57:53,400 [ERROR] LogOutputStream:75 - [STDERR_REDIRECT] [Fatal Error] :1:1: Premature end of file.
2026-03-15 11:57:53,400 [ERROR] LogOutputStream:75 - [STDERR_REDIRECT] 
2026-03-15 11:57:54,399 [ERROR] LogOutputStream:75 - [STDERR_REDIRECT] [Fatal Error] :1:1: Premature end of file.
2026-03-15 11:57:54,400 [ERROR] LogOutputStream:75 - [STDERR_REDIRECT] 
2026-03-15 11:57:55,398 [ERROR] LogOutputStream:75 - [STDERR_REDIRECT] [Fatal Error] :1:1: Premature end of file.
2026-03-15 11:57:55,399 [ERROR] LogOutputStream:75 - [STDERR_REDIRECT] 
2026-03-15 11:57:56,400 [ERROR] LogOutputStream:75 - [STDERR_REDIRECT] [Fatal Error] :1:1: Premature end of file.
2026-03-15 11:57:56,400 [ERROR] LogOutputStream:75 - [STDERR_REDIRECT] 
2026-03-15 11:57:57,399 [ERROR] LogOutputStream:75 - [STDERR_REDIRECT] [Fatal Error] :1:1: Premature end of file.
2026-03-15 11:57:57,399 [ERROR] LogOutputStream:75 - [STDERR_REDIRECT] 
2026-03-15 11:57:58,398 [ERROR] LogOutputStream:75 - [STDERR_REDIRECT] [Fatal Error] :1:1: Premature end of file.
2026-03-15 11:57:58,399 [ERROR] LogOutputStream:75 - [STDERR_REDIRECT] 
2026-03-15 11:57:59,398 [ERROR] LogOutputStream:75 - [STDERR_REDIRECT] [Fatal Error] :1:1: Premature end of file.
2026-03-15 11:57:59,398 [ERROR] LogOutputStream:75 - [STDERR_REDIRECT] 
2026-03-15 11:58:00,399 [ERROR] LogOutputStream:75 - [STDERR_REDIRECT] [Fatal Error] :1:1: Premature end of file.
2026-03-15 11:58:00,399 [ERROR] LogOutputStream:75 - [STDERR_REDIRECT] 
2026-03-15 11:58:01,399 [ERROR] LogOutputStream:75 - [STDERR_REDIRECT] [Fatal Error] :1:1: Premature end of file.
2026-03-15 11:58:01,399 [ERROR] LogOutputStream:75 - [STDERR_REDIRECT] 
2026-03-15 11:58:02,401 [ERROR] LogOutputStream:75 - [STDERR_REDIRECT] [Fatal Error] :1:1: Premature end of file.
2026-03-15 11:58:02,401 [ERROR] LogOutputStream:75 - [STDERR_REDIRECT] 
2026-03-15 11:58:03,397 [ERROR] LogOutputStream:75 - [STDERR_REDIRECT] [Fatal Error] :1:1: Premature end of file.
2026-03-15 11:58:03,397 [ERROR] LogOutputStream:75 - [STDERR_REDIRECT] 
2026-03-15 11:58:04,399 [ERROR] LogOutputStream:75 - [STDERR_REDIRECT] [Fatal Error] :1:1: Premature end of file.
2026-03-15 11:58:04,399 [ERROR] LogOutputStream:75 - [STDERR_REDIRECT] 
2026-03-15 11:58:05,397 [ERROR] LogOutputStream:75 - [STDERR_REDIRECT] [Fatal Error] :1:1: Premature end of file.
2026-03-15 11:58:05,399 [ERROR] LogOutputStream:75 - [STDERR_REDIRECT] 
2026-03-15 11:58:06,400 [ERROR] LogOutputStream:75 - [STDERR_REDIRECT] [Fatal Error] :1:1: Premature end of file.
2026-03-15 11:58:06,400 [ERROR] LogOutputStream:75 - [STDERR_REDIRECT] 
2026-03-15 11:58:07,397 [ERROR] LogOutputStream:75 - [STDERR_REDIRECT] [Fatal Error] :1:1: Premature end of file.
2026-03-15 11:58:07,397 [ERROR] LogOutputStream:75 - [STDERR_REDIRECT] 
2026-03-15 11:58:08,399 [ERROR] LogOutputStream:75 - [STDERR_REDIRECT] [Fatal Error] :1:1: Premature end of file.
2026-03-15 11:58:08,399 [ERROR] LogOutputStream:75 - [STDERR_REDIRECT] 
2026-03-15 11:58:09,399 [ERROR] LogOutputStream:75 - [STDERR_REDIRECT] [Fatal Error] :1:1: Premature end of file.
2026-03-15 11:58:09,399 [ERROR] LogOutputStream:75 - [STDERR_REDIRECT] 
2026-03-15 11:58:10,400 [ERROR] LogOutputStream:75 - [STDERR_REDIRECT] [Fatal Error] :1:1: Premature end of file.
2026-03-15 11:58:10,401 [ERROR] LogOutputStream:75 - [STDERR_REDIRECT] 
2026-03-15 11:58:11,398 [ERROR] LogOutputStream:75 - [STDERR_REDIRECT] [Fatal Error] :1:1: Premature end of file.
2026-03-15 11:58:11,400 [ERROR] LogOutputStream:75 - [STDERR_REDIRECT] 
2026-03-15 11:58:12,397 [ERROR] LogOutputStream:75 - [STDERR_REDIRECT] [Fatal Error] :1:1: Premature end of file.
2026-03-15 11:58:12,397 [ERROR] LogOutputStream:75 - [STDERR_REDIRECT] 
2026-03-15 11:58:13,398 [ERROR] LogOutputStream:75 - [STDERR_REDIRECT] [Fatal Error] :1:1: Premature end of file.
2026-03-15 11:58:13,399 [ERROR] LogOutputStream:75 - [STDERR_REDIRECT] 
2026-03-15 11:58:14,400 [ERROR] LogOutputStream:75 - [STDERR_REDIRECT] [Fatal Error] :1:1: Premature end of file.
2026-03-15 11:58:14,401 [ERROR] LogOutputStream:75 - [STDERR_REDIRECT] 
2026-03-15 11:58:15,398 [ERROR] LogOutputStream:75 - [STDERR_REDIRECT] [Fatal Error] :1:1: Premature end of file.
2026-03-15 11:58:15,398 [ERROR] LogOutputStream:75 - [STDERR_REDIRECT] 
2026-03-15 11:58:16,401 [ERROR] LogOutputStream:75 - [STDERR_REDIRECT] [Fatal Error] :1:1: Premature end of file.
2026-03-15 11:58:16,401 [ERROR] LogOutputStream:75 - [STDERR_REDIRECT] 
2026-03-15 11:58:17,398 [ERROR] LogOutputStream:75 - [STDERR_REDIRECT] [Fatal Error] :1:1: Premature end of file.
2026-03-15 11:58:17,398 [ERROR] LogOutputStream:75 - [STDERR_REDIRECT] 
2026-03-15 11:58:18,399 [ERROR] LogOutputStream:75 - [STDERR_REDIRECT] [Fatal Error] :1:1: Premature end of file.
2026-03-15 11:58:18,399 [ERROR] LogOutputStream:75 - [STDERR_REDIRECT] 
2026-03-15 11:58:19,399 [ERROR] LogOutputStream:75 - [STDERR_REDIRECT] [Fatal Error] :1:1: Premature end of file.
2026-03-15 11:58:19,400 [ERROR] LogOutputStream:75 - [STDERR_REDIRECT] 
2026-03-15 11:58:20,400 [ERROR] LogOutputStream:75 - [STDERR_REDIRECT] [Fatal Error] :1:1: Premature end of file.
2026-03-15 11:58:20,400 [ERROR] LogOutputStream:75 - [STDERR_REDIRECT] 
2026-03-15 11:58:21,398 [ERROR] LogOutputStream:75 - [STDERR_REDIRECT] [Fatal Error] :1:1: Premature end of file.
2026-03-15 11:58:21,398 [ERROR] LogOutputStream:75 - [STDERR_REDIRECT] 
2026-03-15 11:58:22,399 [ERROR] LogOutputStream:75 - [STDERR_REDIRECT] [Fatal Error] :1:1: Premature end of file.
2026-03-15 11:58:22,399 [ERROR] LogOutputStream:75 - [STDERR_REDIRECT] 
2026-03-15 11:58:23,401 [ERROR] LogOutputStream:75 - [STDERR_REDIRECT] [Fatal Error] :1:1: Premature end of file.
2026-03-15 11:58:23,401 [ERROR] LogOutputStream:75 - [STDERR_REDIRECT] 
2026-03-15 11:58:24,398 [ERROR] LogOutputStream:75 - [STDERR_REDIRECT] [Fatal Error] :1:1: Premature end of file.
2026-03-15 11:58:24,398 [ERROR] LogOutputStream:75 - [STDERR_REDIRECT] 
2026-03-15 11:58:25,399 [ERROR] LogOutputStream:75 - [STDERR_REDIRECT] [Fatal Error] :1:1: Premature end of file.
2026-03-15 11:58:25,399 [ERROR] LogOutputStream:75 - [STDERR_REDIRECT] 
2026-03-15 11:58:26,399 [ERROR] LogOutputStream:75 - [STDERR_REDIRECT] [Fatal Error] :1:1: Premature end of file.
2026-03-15 11:58:26,399 [ERROR] LogOutputStream:75 - [STDERR_REDIRECT] 
2026-03-15 11:58:27,399 [ERROR] LogOutputStream:75 - [STDERR_REDIRECT] [Fatal Error] :1:1: Premature end of file.
2026-03-15 11:58:27,399 [ERROR] LogOutputStream:75 - [STDERR_REDIRECT] 
2026-03-15 11:58:28,397 [ERROR] LogOutputStream:75 - [STDERR_REDIRECT] [Fatal Error] :1:1: Premature end of file.
2026-03-15 11:58:28,398 [ERROR] LogOutputStream:75 - [STDERR_REDIRECT] 
2026-03-15 11:58:29,400 [ERROR] LogOutputStream:75 - [STDERR_REDIRECT] [Fatal Error] :1:1: Premature end of file.
2026-03-15 11:58:29,400 [ERROR] LogOutputStream:75 - [STDERR_REDIRECT] 
2026-03-15 11:58:30,398 [ERROR] LogOutputStream:75 - [STDERR_REDIRECT] [Fatal Error] :1:1: Premature end of file.
2026-03-15 11:58:30,398 [ERROR] LogOutputStream:75 - [STDERR_REDIRECT] 
2026-03-15 11:58:31,399 [ERROR] LogOutputStream:75 - [STDERR_REDIRECT] [Fatal Error] :1:1: Premature end of file.
2026-03-15 11:58:31,399 [ERROR] LogOutputStream:75 - [STDERR_REDIRECT] 
2026-03-15 11:58:32,399 [ERROR] LogOutputStream:75 - [STDERR_REDIRECT] [Fatal Error] :1:1: Premature end of file.
2026-03-15 11:58:32,399 [ERROR] LogOutputStream:75 - [STDERR_REDIRECT] 
2026-03-15 11:58:33,398 [ERROR] LogOutputStream:75 - [STDERR_REDIRECT] [Fatal Error] :1:1: Premature end of file.
2026-03-15 11:58:33,398 [ERROR] LogOutputStream:75 - [STDERR_REDIRECT] 
2026-03-15 11:58:34,399 [ERROR] LogOutputStream:75 - [STDERR_REDIRECT] [Fatal Error] :1:1: Premature end of file.
2026-03-15 11:58:34,399 [ERROR] LogOutputStream:75 - [STDERR_REDIRECT] 
2026-03-15 11:58:35,398 [ERROR] LogOutputStream:75 - [STDERR_REDIRECT] [Fatal Error] :1:1: Premature end of file.
2026-03-15 11:58:35,398 [ERROR] LogOutputStream:75 - [STDERR_REDIRECT] 
2026-03-15 11:58:36,399 [ERROR] LogOutputStream:75 - [STDERR_REDIRECT] [Fatal Error] :1:1: Premature end of file.
2026-03-15 11:58:36,399 [ERROR] LogOutputStream:75 - [STDERR_REDIRECT] 
2026-03-15 11:58:37,398 [ERROR] LogOutputStream:75 - [STDERR_REDIRECT] [Fatal Error] :1:1: Premature end of file.
2026-03-15 11:58:37,398 [ERROR] LogOutputStream:75 - [STDERR_REDIRECT] 
2026-03-15 11:58:38,399 [ERROR] LogOutputStream:75 - [STDERR_REDIRECT] [Fatal Error] :1:1: Premature end of file.
2026-03-15 11:58:38,399 [ERROR] LogOutputStream:75 - [STDERR_REDIRECT] 
2026-03-15 11:58:39,400 [ERROR] LogOutputStream:75 - [STDERR_REDIRECT] [Fatal Error] :1:1: Premature end of file.
2026-03-15 11:58:39,400 [ERROR] LogOutputStream:75 - [STDERR_REDIRECT] 
2026-03-15 11:58:40,399 [ERROR] LogOutputStream:75 - [STDERR_REDIRECT] [Fatal Error] :1:1: Premature end of file.
2026-03-15 11:58:40,399 [ERROR] LogOutputStream:75 - [STDERR_REDIRECT] 
2026-03-15 11:58:41,399 [ERROR] LogOutputStream:75 - [STDERR_REDIRECT] [Fatal Error] :1:1: Premature end of file.
2026-03-15 11:58:41,399 [ERROR] LogOutputStream:75 - [STDERR_REDIRECT] 
2026-03-15 11:58:42,399 [ERROR] LogOutputStream:75 - [STDERR_REDIRECT] [Fatal Error] :1:1: Premature end of file.
2026-03-15 11:58:42,399 [ERROR] LogOutputStream:75 - [STDERR_REDIRECT] 
2026-03-15 11:58:43,399 [ERROR] LogOutputStream:75 - [STDERR_REDIRECT] [Fatal Error] :1:1: Premature end of file.
2026-03-15 11:58:43,399 [ERROR] LogOutputStream:75 - [STDERR_REDIRECT] 
2026-03-15 11:58:44,399 [ERROR] LogOutputStream:75 - [STDERR_REDIRECT] [Fatal Error] :1:1: Premature end of file.
2026-03-15 11:58:44,399 [ERROR] LogOutputStream:75 - [STDERR_REDIRECT] 
2026-03-15 11:58:45,399 [ERROR] LogOutputStream:75 - [STDERR_REDIRECT] [Fatal Error] :1:1: Premature end of file.
2026-03-15 11:58:45,399 [ERROR] LogOutputStream:75 - [STDERR_REDIRECT] 
2026-03-15 11:58:46,399 [ERROR] LogOutputStream:75 - [STDERR_REDIRECT] [Fatal Error] :1:1: Premature end of file.
2026-03-15 11:58:46,399 [ERROR] LogOutputStream:75 - [STDERR_REDIRECT] 
2026-03-15 11:58:47,401 [ERROR] LogOutputStream:75 - [STDERR_REDIRECT] [Fatal Error] :1:1: Premature end of file.
2026-03-15 11:58:47,401 [ERROR] LogOutputStream:75 - [STDERR_REDIRECT] 
2026-03-15 11:58:48,398 [ERROR] LogOutputStream:75 - [STDERR_REDIRECT] [Fatal Error] :1:1: Premature end of file.
2026-03-15 11:58:48,398 [ERROR] LogOutputStream:75 - [STDERR_REDIRECT] 
2026-03-15 11:58:49,399 [ERROR] LogOutputStream:75 - [STDERR_REDIRECT] [Fatal Error] :1:1: Premature end of file.
2026-03-15 11:58:49,399 [ERROR] LogOutputStream:75 - [STDERR_REDIRECT] 
2026-03-15 11:58:50,399 [ERROR] LogOutputStream:75 - [STDERR_REDIRECT] [Fatal Error] :1:1: Premature end of file.
2026-03-15 11:58:50,400 [ERROR] LogOutputStream:75 - [STDERR_REDIRECT] 
2026-03-15 11:58:51,398 [ERROR] LogOutputStream:75 - [STDERR_REDIRECT] [Fatal Error] :1:1: Premature end of file.
2026-03-15 11:58:51,398 [ERROR] LogOutputStream:75 - [STDERR_REDIRECT] 
2026-03-15 11:58:52,399 [ERROR] LogOutputStream:75 - [STDERR_REDIRECT] [Fatal Error] :1:1: Premature end of file.
2026-03-15 11:58:52,399 [ERROR] LogOutputStream:75 - [STDERR_REDIRECT] 
2026-03-15 11:58:53,400 [ERROR] LogOutputStream:75 - [STDERR_REDIRECT] [Fatal Error] :1:1: Premature end of file.
2026-03-15 11:58:53,400 [ERROR] LogOutputStream:75 - [STDERR_REDIRECT] 
2026-03-15 11:58:54,399 [ERROR] LogOutputStream:75 - [STDERR_REDIRECT] [Fatal Error] :1:1: Premature end of file.
2026-03-15 11:58:54,399 [ERROR] LogOutputStream:75 - [STDERR_REDIRECT] 
2026-03-15 11:58:55,398 [ERROR] LogOutputStream:75 - [STDERR_REDIRECT] [Fatal Error] :1:1: Premature end of file.
2026-03-15 11:58:55,398 [ERROR] LogOutputStream:75 - [STDERR_REDIRECT] 
2026-03-15 11:58:56,399 [ERROR] LogOutputStream:75 - [STDERR_REDIRECT] [Fatal Error] :1:1: Premature end of file.
2026-03-15 11:58:56,399 [ERROR] LogOutputStream:75 - [STDERR_REDIRECT] 
2026-03-15 11:58:57,398 [ERROR] LogOutputStream:75 - [STDERR_REDIRECT] [Fatal Error] :1:1: Premature end of file.
2026-03-15 11:58:57,398 [ERROR] LogOutputStream:75 - [STDERR_REDIRECT] 
2026-03-15 11:58:58,398 [ERROR] LogOutputStream:75 - [STDERR_REDIRECT] [Fatal Error] :1:1: Premature end of file.
2026-03-15 11:58:58,399 [ERROR] LogOutputStream:75 - [STDERR_REDIRECT] 
2026-03-15 11:58:59,398 [ERROR] LogOutputStream:75 - [STDERR_REDIRECT] [Fatal Error] :1:1: Premature end of file.
2026-03-15 11:58:59,398 [ERROR] LogOutputStream:75 - [STDERR_REDIRECT] 
2026-03-15 11:59:00,399 [ERROR] LogOutputStream:75 - [STDERR_REDIRECT] [Fatal Error] :1:1: Premature end of file.
2026-03-15 11:59:00,399 [ERROR] LogOutputStream:75 - [STDERR_REDIRECT] 
2026-03-15 11:59:01,402 [ERROR] LogOutputStream:75 - [STDERR_REDIRECT] [Fatal Error] :1:1: Premature end of file.
2026-03-15 11:59:01,402 [ERROR] LogOutputStream:75 - [STDERR_REDIRECT] 
2026-03-15 11:59:02,400 [ERROR] LogOutputStream:75 - [STDERR_REDIRECT] [Fatal Error] :1:1: Premature end of file.
2026-03-15 11:59:02,400 [ERROR] LogOutputStream:75 - [STDERR_REDIRECT] 
2026-03-15 11:59:03,400 [ERROR] LogOutputStream:75 - [STDERR_REDIRECT] [Fatal Error] :1:1: Premature end of file.
2026-03-15 11:59:03,400 [ERROR] LogOutputStream:75 - [STDERR_REDIRECT] 
2026-03-15 11:59:04,400 [ERROR] LogOutputStream:75 - [STDERR_REDIRECT] [Fatal Error] :1:1: Premature end of file.
2026-03-15 11:59:04,400 [ERROR] LogOutputStream:75 - [STDERR_REDIRECT] 
2026-03-15 11:59:05,398 [ERROR] LogOutputStream:75 - [STDERR_REDIRECT] [Fatal Error] :1:1: Premature end of file.
2026-03-15 11:59:05,399 [ERROR] LogOutputStream:75 - [STDERR_REDIRECT] 
2026-03-15 11:59:06,399 [ERROR] LogOutputStream:75 - [STDERR_REDIRECT] [Fatal Error] :1:1: Premature end of file.
2026-03-15 11:59:06,399 [ERROR] LogOutputStream:75 - [STDERR_REDIRECT] 
2026-03-15 11:59:07,398 [ERROR] LogOutputStream:75 - [STDERR_REDIRECT] [Fatal Error] :1:1: Premature end of file.
2026-03-15 11:59:07,400 [ERROR] LogOutputStream:75 - [STDERR_REDIRECT] 
2026-03-15 11:59:08,397 [ERROR] LogOutputStream:75 - [STDERR_REDIRECT] [Fatal Error] :1:1: Premature end of file.
2026-03-15 11:59:08,398 [ERROR] LogOutputStream:75 - [STDERR_REDIRECT] 
2026-03-15 11:59:09,398 [ERROR] LogOutputStream:75 - [STDERR_REDIRECT] [Fatal Error] :1:1: Premature end of file.
2026-03-15 11:59:09,399 [ERROR] LogOutputStream:75 - [STDERR_REDIRECT] 
2026-03-15 11:59:10,399 [ERROR] LogOutputStream:75 - [STDERR_REDIRECT] [Fatal Error] :1:1: Premature end of file.
2026-03-15 11:59:10,399 [ERROR] LogOutputStream:75 - [STDERR_REDIRECT] 
2026-03-15 11:59:11,400 [ERROR] LogOutputStream:75 - [STDERR_REDIRECT] [Fatal Error] :1:1: Premature end of file.
2026-03-15 11:59:11,401 [ERROR] LogOutputStream:75 - [STDERR_REDIRECT] 
2026-03-15 11:59:12,398 [ERROR] LogOutputStream:75 - [STDERR_REDIRECT] [Fatal Error] :1:1: Premature end of file.
2026-03-15 11:59:12,398 [ERROR] LogOutputStream:75 - [STDERR_REDIRECT] 
2026-03-15 11:59:13,400 [ERROR] LogOutputStream:75 - [STDERR_REDIRECT] [Fatal Error] :1:1: Premature end of file.
2026-03-15 11:59:13,400 [ERROR] LogOutputStream:75 - [STDERR_REDIRECT] 
2026-03-15 11:59:14,402 [ERROR] LogOutputStream:75 - [STDERR_REDIRECT] [Fatal Error] :1:1: Premature end of file.
2026-03-15 11:59:14,402 [ERROR] LogOutputStream:75 - [STDERR_REDIRECT] 
2026-03-15 11:59:15,401 [ERROR] LogOutputStream:75 - [STDERR_REDIRECT] [Fatal Error] :1:1: Premature end of file.
2026-03-15 11:59:15,401 [ERROR] LogOutputStream:75 - [STDERR_REDIRECT] 
2026-03-15 11:59:16,398 [ERROR] LogOutputStream:75 - [STDERR_REDIRECT] [Fatal Error] :1:1: Premature end of file.
2026-03-15 11:59:16,398 [ERROR] LogOutputStream:75 - [STDERR_REDIRECT] 
2026-03-15 11:59:17,398 [ERROR] LogOutputStream:75 - [STDERR_REDIRECT] [Fatal Error] :1:1: Premature end of file.
2026-03-15 11:59:17,398 [ERROR] LogOutputStream:75 - [STDERR_REDIRECT] 
2026-03-15 11:59:18,398 [ERROR] LogOutputStream:75 - [STDERR_REDIRECT] [Fatal Error] :1:1: Premature end of file.
2026-03-15 11:59:18,398 [ERROR] LogOutputStream:75 - [STDERR_REDIRECT] 
2026-03-15 11:59:19,400 [ERROR] LogOutputStream:75 - [STDERR_REDIRECT] [Fatal Error] :1:1: Premature end of file.
2026-03-15 11:59:19,401 [ERROR] LogOutputStream:75 - [STDERR_REDIRECT] 
2026-03-15 11:59:20,400 [ERROR] LogOutputStream:75 - [STDERR_REDIRECT] [Fatal Error] :1:1: Premature end of file.
2026-03-15 11:59:20,400 [ERROR] LogOutputStream:75 - [STDERR_REDIRECT] 
2026-03-15 11:59:21,401 [ERROR] LogOutputStream:75 - [STDERR_REDIRECT] [Fatal Error] :1:1: Premature end of file.
2026-03-15 11:59:21,401 [ERROR] LogOutputStream:75 - [STDERR_REDIRECT] 
2026-03-15 11:59:22,399 [ERROR] LogOutputStream:75 - [STDERR_REDIRECT] [Fatal Error] :1:1: Premature end of file.
2026-03-15 11:59:22,399 [ERROR] LogOutputStream:75 - [STDERR_REDIRECT] 
2026-03-15 11:59:23,399 [ERROR] LogOutputStream:75 - [STDERR_REDIRECT] [Fatal Error] :1:1: Premature end of file.
2026-03-15 11:59:23,399 [ERROR] LogOutputStream:75 - [STDERR_REDIRECT] 
2026-03-15 11:59:24,402 [ERROR] LogOutputStream:75 - [STDERR_REDIRECT] [Fatal Error] :1:1: Premature end of file.
2026-03-15 11:59:24,402 [ERROR] LogOutputStream:75 - [STDERR_REDIRECT] 
2026-03-15 11:59:25,401 [ERROR] LogOutputStream:75 - [STDERR_REDIRECT] [Fatal Error] :1:1: Premature end of file.
2026-03-15 11:59:25,401 [ERROR] LogOutputStream:75 - [STDERR_REDIRECT] 
2026-03-15 11:59:26,400 [ERROR] LogOutputStream:75 - [STDERR_REDIRECT] [Fatal Error] :1:1: Premature end of file.
2026-03-15 11:59:26,400 [ERROR] LogOutputStream:75 - [STDERR_REDIRECT] 
2026-03-15 11:59:27,398 [ERROR] LogOutputStream:75 - [STDERR_REDIRECT] [Fatal Error] :1:1: Premature end of file.
2026-03-15 11:59:27,398 [ERROR] LogOutputStream:75 - [STDERR_REDIRECT] 
2026-03-15 11:59:28,399 [ERROR] LogOutputStream:75 - [STDERR_REDIRECT] [Fatal Error] :1:1: Premature end of file.
2026-03-15 11:59:28,399 [ERROR] LogOutputStream:75 - [STDERR_REDIRECT] 
2026-03-15 11:59:29,400 [ERROR] LogOutputStream:75 - [STDERR_REDIRECT] [Fatal Error] :1:1: Premature end of file.
2026-03-15 11:59:29,400 [ERROR] LogOutputStream:75 - [STDERR_REDIRECT] 
2026-03-15 11:59:30,397 [ERROR] LogOutputStream:75 - [STDERR_REDIRECT] [Fatal Error] :1:1: Premature end of file.
2026-03-15 11:59:30,399 [ERROR] LogOutputStream:75 - [STDERR_REDIRECT] 
2026-03-15 11:59:31,398 [ERROR] LogOutputStream:75 - [STDERR_REDIRECT] [Fatal Error] :1:1: Premature end of file.
2026-03-15 11:59:31,398 [ERROR] LogOutputStream:75 - [STDERR_REDIRECT] 
2026-03-15 11:59:32,401 [ERROR] LogOutputStream:75 - [STDERR_REDIRECT] [Fatal Error] :1:1: Premature end of file.
2026-03-15 11:59:32,401 [ERROR] LogOutputStream:75 - [STDERR_REDIRECT] 
2026-03-15 11:59:33,400 [ERROR] LogOutputStream:75 - [STDERR_REDIRECT] [Fatal Error] :1:1: Premature end of file.
2026-03-15 11:59:33,400 [ERROR] LogOutputStream:75 - [STDERR_REDIRECT] 
2026-03-15 11:59:34,400 [ERROR] LogOutputStream:75 - [STDERR_REDIRECT] [Fatal Error] :1:1: Premature end of file.
2026-03-15 11:59:34,400 [ERROR] LogOutputStream:75 - [STDERR_REDIRECT] 
2026-03-15 11:59:35,401 [ERROR] LogOutputStream:75 - [STDERR_REDIRECT] [Fatal Error] :1:1: Premature end of file.
2026-03-15 11:59:35,401 [ERROR] LogOutputStream:75 - [STDERR_REDIRECT] 
2026-03-15 11:59:36,399 [ERROR] LogOutputStream:75 - [STDERR_REDIRECT] [Fatal Error] :1:1: Premature end of file.
2026-03-15 11:59:36,399 [ERROR] LogOutputStream:75 - [STDERR_REDIRECT] 
2026-03-15 11:59:37,398 [ERROR] LogOutputStream:75 - [STDERR_REDIRECT] [Fatal Error] :1:1: Premature end of file.
2026-03-15 11:59:37,398 [ERROR] LogOutputStream:75 - [STDERR_REDIRECT] 
2026-03-15 11:59:38,398 [ERROR] LogOutputStream:75 - [STDERR_REDIRECT] [Fatal Error] :1:1: Premature end of file.
2026-03-15 11:59:38,398 [ERROR] LogOutputStream:75 - [STDERR_REDIRECT] 
2026-03-15 11:59:39,399 [ERROR] LogOutputStream:75 - [STDERR_REDIRECT] [Fatal Error] :1:1: Premature end of file.
2026-03-15 11:59:39,399 [ERROR] LogOutputStream:75 - [STDERR_REDIRECT] 
2026-03-15 11:59:40,401 [ERROR] LogOutputStream:75 - [STDERR_REDIRECT] [Fatal Error] :1:1: Premature end of file.
2026-03-15 11:59:40,401 [ERROR] LogOutputStream:75 - [STDERR_REDIRECT] 
2026-03-15 11:59:41,399 [ERROR] LogOutputStream:75 - [STDERR_REDIRECT] [Fatal Error] :1:1: Premature end of file.
2026-03-15 11:59:41,399 [ERROR] LogOutputStream:75 - [STDERR_REDIRECT] 
2026-03-15 11:59:42,400 [ERROR] LogOutputStream:75 - [STDERR_REDIRECT] [Fatal Error] :1:1: Premature end of file.
2026-03-15 11:59:42,400 [ERROR] LogOutputStream:75 - [STDERR_REDIRECT] 
2026-03-15 11:59:43,397 [ERROR] LogOutputStream:75 - [STDERR_REDIRECT] [Fatal Error] :1:1: Premature end of file.
2026-03-15 11:59:43,397 [ERROR] LogOutputStream:75 - [STDERR_REDIRECT] 
2026-03-15 11:59:44,399 [ERROR] LogOutputStream:75 - [STDERR_REDIRECT] [Fatal Error] :1:1: Premature end of file.
2026-03-15 11:59:44,399 [ERROR] LogOutputStream:75 - [STDERR_REDIRECT] 
2026-03-15 11:59:45,400 [ERROR] LogOutputStream:75 - [STDERR_REDIRECT] [Fatal Error] :1:1: Premature end of file.
2026-03-15 11:59:45,400 [ERROR] LogOutputStream:75 - [STDERR_REDIRECT] 
2026-03-15 11:59:46,398 [ERROR] LogOutputStream:75 - [STDERR_REDIRECT] [Fatal Error] :1:1: Premature end of file.
2026-03-15 11:59:46,398 [ERROR] LogOutputStream:75 - [STDERR_REDIRECT] 
2026-03-15 11:59:47,399 [ERROR] LogOutputStream:75 - [STDERR_REDIRECT] [Fatal Error] :1:1: Premature end of file.
2026-03-15 11:59:47,399 [ERROR] LogOutputStream:75 - [STDERR_REDIRECT] 
2026-03-15 11:59:48,400 [ERROR] LogOutputStream:75 - [STDERR_REDIRECT] [Fatal Error] :1:1: Premature end of file.
2026-03-15 11:59:48,400 [ERROR] LogOutputStream:75 - [STDERR_REDIRECT] 
2026-03-15 11:59:49,399 [ERROR] LogOutputStream:75 - [STDERR_REDIRECT] [Fatal Error] :1:1: Premature end of file.
2026-03-15 11:59:49,399 [ERROR] LogOutputStream:75 - [STDERR_REDIRECT] 
2026-03-15 11:59:50,398 [ERROR] LogOutputStream:75 - [STDERR_REDIRECT] [Fatal Error] :1:1: Premature end of file.
2026-03-15 11:59:50,398 [ERROR] LogOutputStream:75 - [STDERR_REDIRECT] 
2026-03-15 11:59:51,398 [ERROR] LogOutputStream:75 - [STDERR_REDIRECT] [Fatal Error] :1:1: Premature end of file.
2026-03-15 11:59:51,398 [ERROR] LogOutputStream:75 - [STDERR_REDIRECT] 
2026-03-15 11:59:52,399 [ERROR] LogOutputStream:75 - [STDERR_REDIRECT] [Fatal Error] :1:1: Premature end of file.
2026-03-15 11:59:52,400 [ERROR] LogOutputStream:75 - [STDERR_REDIRECT] 
2026-03-15 11:59:53,398 [ERROR] LogOutputStream:75 - [STDERR_REDIRECT] [Fatal Error] :1:1: Premature end of file.
2026-03-15 11:59:53,398 [ERROR] LogOutputStream:75 - [STDERR_REDIRECT] 
2026-03-15 11:59:54,401 [ERROR] LogOutputStream:75 - [STDERR_REDIRECT] [Fatal Error] :1:1: Premature end of file.
2026-03-15 11:59:54,401 [ERROR] LogOutputStream:75 - [STDERR_REDIRECT] 
2026-03-15 11:59:55,399 [ERROR] LogOutputStream:75 - [STDERR_REDIRECT] [Fatal Error] :1:1: Premature end of file.
2026-03-15 11:59:55,399 [ERROR] LogOutputStream:75 - [STDERR_REDIRECT] 
2026-03-15 11:59:56,398 [ERROR] LogOutputStream:75 - [STDERR_REDIRECT] [Fatal Error] :1:1: Premature end of file.
2026-03-15 11:59:56,398 [ERROR] LogOutputStream:75 - [STDERR_REDIRECT] 
2026-03-15 11:59:57,399 [ERROR] LogOutputStream:75 - [STDERR_REDIRECT] [Fatal Error] :1:1: Premature end of file.
2026-03-15 11:59:57,399 [ERROR] LogOutputStream:75 - [STDERR_REDIRECT] 
2026-03-15 11:59:58,399 [ERROR] LogOutputStream:75 - [STDERR_REDIRECT] [Fatal Error] :1:1: Premature end of file.
2026-03-15 11:59:58,399 [ERROR] LogOutputStream:75 - [STDERR_REDIRECT] 
2026-03-15 11:59:59,397 [ERROR] LogOutputStream:75 - [STDERR_REDIRECT] [Fatal Error] :1:1: Premature end of file.
2026-03-15 11:59:59,397 [ERROR] LogOutputStream:75 - [STDERR_REDIRECT] 
2026-03-15 12:00:00,399 [ERROR] LogOutputStream:75 - [STDERR_REDIRECT] [Fatal Error] :1:1: Premature end of file.
2026-03-15 12:00:00,399 [ERROR] LogOutputStream:75 - [STDERR_REDIRECT] 
2026-03-15 12:00:01,400 [ERROR] LogOutputStream:75 - [STDERR_REDIRECT] [Fatal Error] :1:1: Premature end of file.
2026-03-15 12:00:01,400 [ERROR] LogOutputStream:75 - [STDERR_REDIRECT] 
2026-03-15 12:00:02,399 [ERROR] LogOutputStream:75 - [STDERR_REDIRECT] [Fatal Error] :1:1: Premature end of file.
2026-03-15 12:00:02,399 [ERROR] LogOutputStream:75 - [STDERR_REDIRECT] 
2026-03-15 12:00:03,400 [ERROR] LogOutputStream:75 - [STDERR_REDIRECT] [Fatal Error] :1:1: Premature end of file.
2026-03-15 12:00:03,400 [ERROR] LogOutputStream:75 - [STDERR_REDIRECT] 
2026-03-15 12:00:04,399 [ERROR] LogOutputStream:75 - [STDERR_REDIRECT] [Fatal Error] :1:1: Premature end of file.
2026-03-15 12:00:04,399 [ERROR] LogOutputStream:75 - [STDERR_REDIRECT] 
2026-03-15 12:00:05,401 [ERROR] LogOutputStream:75 - [STDERR_REDIRECT] [Fatal Error] :1:1: Premature end of file.
2026-03-15 12:00:05,401 [ERROR] LogOutputStream:75 - [STDERR_REDIRECT] 
2026-03-15 12:00:06,400 [ERROR] LogOutputStream:75 - [STDERR_REDIRECT] [Fatal Error] :1:1: Premature end of file.
2026-03-15 12:00:06,400 [ERROR] LogOutputStream:75 - [STDERR_REDIRECT] 
2026-03-15 12:00:07,400 [ERROR] LogOutputStream:75 - [STDERR_REDIRECT] [Fatal Error] :1:1: Premature end of file.
2026-03-15 12:00:07,400 [ERROR] LogOutputStream:75 - [STDERR_REDIRECT] 
2026-03-15 12:00:08,399 [ERROR] LogOutputStream:75 - [STDERR_REDIRECT] [Fatal Error] :1:1: Premature end of file.
2026-03-15 12:00:08,399 [ERROR] LogOutputStream:75 - [STDERR_REDIRECT] 
2026-03-15 12:00:09,398 [ERROR] LogOutputStream:75 - [STDERR_REDIRECT] [Fatal Error] :1:1: Premature end of file.
2026-03-15 12:00:09,398 [ERROR] LogOutputStream:75 - [STDERR_REDIRECT] 
2026-03-15 12:00:10,400 [ERROR] LogOutputStream:75 - [STDERR_REDIRECT] [Fatal Error] :1:1: Premature end of file.
2026-03-15 12:00:10,400 [ERROR] LogOutputStream:75 - [STDERR_REDIRECT] 
2026-03-15 12:00:11,399 [ERROR] LogOutputStream:75 - [STDERR_REDIRECT] [Fatal Error] :1:1: Premature end of file.
2026-03-15 12:00:11,399 [ERROR] LogOutputStream:75 - [STDERR_REDIRECT] 
2026-03-15 12:00:12,398 [ERROR] LogOutputStream:75 - [STDERR_REDIRECT] [Fatal Error] :1:1: Premature end of file.
2026-03-15 12:00:12,398 [ERROR] LogOutputStream:75 - [STDERR_REDIRECT] 
2026-03-15 12:00:13,400 [ERROR] LogOutputStream:75 - [STDERR_REDIRECT] [Fatal Error] :1:1: Premature end of file.
2026-03-15 12:00:13,400 [ERROR] LogOutputStream:75 - [STDERR_REDIRECT] 
2026-03-15 12:00:14,399 [ERROR] LogOutputStream:75 - [STDERR_REDIRECT] [Fatal Error] :1:1: Premature end of file.
2026-03-15 12:00:14,399 [ERROR] LogOutputStream:75 - [STDERR_REDIRECT] 
2026-03-15 12:00:15,399 [ERROR] LogOutputStream:75 - [STDERR_REDIRECT] [Fatal Error] :1:1: Premature end of file.
2026-03-15 12:00:15,399 [ERROR] LogOutputStream:75 - [STDERR_REDIRECT] 
2026-03-15 12:00:16,400 [ERROR] LogOutputStream:75 - [STDERR_REDIRECT] [Fatal Error] :1:1: Premature end of file.
2026-03-15 12:00:16,400 [ERROR] LogOutputStream:75 - [STDERR_REDIRECT] 
2026-03-15 12:00:17,400 [ERROR] LogOutputStream:75 - [STDERR_REDIRECT] [Fatal Error] :1:1: Premature end of file.
2026-03-15 12:00:17,400 [ERROR] LogOutputStream:75 - [STDERR_REDIRECT] 
2026-03-15 12:00:18,400 [ERROR] LogOutputStream:75 - [STDERR_REDIRECT] [Fatal Error] :1:1: Premature end of file.
2026-03-15 12:00:18,400 [ERROR] LogOutputStream:75 - [STDERR_REDIRECT] 
2026-03-15 12:00:19,399 [ERROR] LogOutputStream:75 - [STDERR_REDIRECT] [Fatal Error] :1:1: Premature end of file.
2026-03-15 12:00:19,399 [ERROR] LogOutputStream:75 - [STDERR_REDIRECT] 
2026-03-15 12:00:20,400 [ERROR] LogOutputStream:75 - [STDERR_REDIRECT] [Fatal Error] :1:1: Premature end of file.
2026-03-15 12:00:20,400 [ERROR] LogOutputStream:75 - [STDERR_REDIRECT] 
2026-03-15 12:00:21,399 [ERROR] LogOutputStream:75 - [STDERR_REDIRECT] [Fatal Error] :1:1: Premature end of file.
2026-03-15 12:00:21,399 [ERROR] LogOutputStream:75 - [STDERR_REDIRECT] 
2026-03-15 12:00:22,400 [ERROR] LogOutputStream:75 - [STDERR_REDIRECT] [Fatal Error] :1:1: Premature end of file.
2026-03-15 12:00:22,400 [ERROR] LogOutputStream:75 - [STDERR_REDIRECT] 
2026-03-15 12:00:23,400 [ERROR] LogOutputStream:75 - [STDERR_REDIRECT] [Fatal Error] :1:1: Premature end of file.
2026-03-15 12:00:23,400 [ERROR] LogOutputStream:75 - [STDERR_REDIRECT] 
2026-03-15 12:00:24,400 [ERROR] LogOutputStream:75 - [STDERR_REDIRECT] [Fatal Error] :1:1: Premature end of file.
2026-03-15 12:00:24,400 [ERROR] LogOutputStream:75 - [STDERR_REDIRECT] 
2026-03-15 12:00:25,400 [ERROR] LogOutputStream:75 - [STDERR_REDIRECT] [Fatal Error] :1:1: Premature end of file.
2026-03-15 12:00:25,400 [ERROR] LogOutputStream:75 - [STDERR_REDIRECT] 
2026-03-15 12:00:26,401 [ERROR] LogOutputStream:75 - [STDERR_REDIRECT] [Fatal Error] :1:1: Premature end of file.
2026-03-15 12:00:26,401 [ERROR] LogOutputStream:75 - [STDERR_REDIRECT] 
2026-03-15 12:00:27,400 [ERROR] LogOutputStream:75 - [STDERR_REDIRECT] [Fatal Error] :1:1: Premature end of file.
2026-03-15 12:00:27,400 [ERROR] LogOutputStream:75 - [STDERR_REDIRECT] 
2026-03-15 12:00:28,400 [ERROR] LogOutputStream:75 - [STDERR_REDIRECT] [Fatal Error] :1:1: Premature end of file.
2026-03-15 12:00:28,400 [ERROR] LogOutputStream:75 - [STDERR_REDIRECT] 
2026-03-15 12:00:29,397 [ERROR] LogOutputStream:75 - [STDERR_REDIRECT] [Fatal Error] :1:1: Premature end of file.
2026-03-15 12:00:29,398 [ERROR] LogOutputStream:75 - [STDERR_REDIRECT] 
2026-03-15 12:00:30,398 [ERROR] LogOutputStream:75 - [STDERR_REDIRECT] [Fatal Error] :1:1: Premature end of file.
2026-03-15 12:00:30,398 [ERROR] LogOutputStream:75 - [STDERR_REDIRECT] 
2026-03-15 12:00:31,399 [ERROR] LogOutputStream:75 - [STDERR_REDIRECT] [Fatal Error] :1:1: Premature end of file.
2026-03-15 12:00:31,399 [ERROR] LogOutputStream:75 - [STDERR_REDIRECT] 
2026-03-15 12:00:32,401 [ERROR] LogOutputStream:75 - [STDERR_REDIRECT] [Fatal Error] :1:1: Premature end of file.
2026-03-15 12:00:32,402 [ERROR] LogOutputStream:75 - [STDERR_REDIRECT] 
2026-03-15 12:00:33,401 [ERROR] LogOutputStream:75 - [STDERR_REDIRECT] [Fatal Error] :1:1: Premature end of file.
2026-03-15 12:00:33,401 [ERROR] LogOutputStream:75 - [STDERR_REDIRECT] 
2026-03-15 12:00:34,399 [ERROR] LogOutputStream:75 - [STDERR_REDIRECT] [Fatal Error] :1:1: Premature end of file.
2026-03-15 12:00:34,399 [ERROR] LogOutputStream:75 - [STDERR_REDIRECT] 
2026-03-15 12:00:35,399 [ERROR] LogOutputStream:75 - [STDERR_REDIRECT] [Fatal Error] :1:1: Premature end of file.
2026-03-15 12:00:35,399 [ERROR] LogOutputStream:75 - [STDERR_REDIRECT] 
2026-03-15 12:00:36,400 [ERROR] LogOutputStream:75 - [STDERR_REDIRECT] [Fatal Error] :1:1: Premature end of file.
2026-03-15 12:00:36,400 [ERROR] LogOutputStream:75 - [STDERR_REDIRECT] 
2026-03-15 12:00:37,400 [ERROR] LogOutputStream:75 - [STDERR_REDIRECT] [Fatal Error] :1:1: Premature end of file.
2026-03-15 12:00:37,400 [ERROR] LogOutputStream:75 - [STDERR_REDIRECT] 
2026-03-15 12:00:38,398 [ERROR] LogOutputStream:75 - [STDERR_REDIRECT] [Fatal Error] :1:1: Premature end of file.
2026-03-15 12:00:38,398 [ERROR] LogOutputStream:75 - [STDERR_REDIRECT] 
2026-03-15 12:00:39,400 [ERROR] LogOutputStream:75 - [STDERR_REDIRECT] [Fatal Error] :1:1: Premature end of file.
2026-03-15 12:00:39,400 [ERROR] LogOutputStream:75 - [STDERR_REDIRECT] 
2026-03-15 12:00:40,398 [ERROR] LogOutputStream:75 - [STDERR_REDIRECT] [Fatal Error] :1:1: Premature end of file.
2026-03-15 12:00:40,398 [ERROR] LogOutputStream:75 - [STDERR_REDIRECT] 
2026-03-15 12:00:41,400 [ERROR] LogOutputStream:75 - [STDERR_REDIRECT] [Fatal Error] :1:1: Premature end of file.
2026-03-15 12:00:41,400 [ERROR] LogOutputStream:75 - [STDERR_REDIRECT] 
2026-03-15 12:00:42,399 [ERROR] LogOutputStream:75 - [STDERR_REDIRECT] [Fatal Error] :1:1: Premature end of file.
2026-03-15 12:00:42,399 [ERROR] LogOutputStream:75 - [STDERR_REDIRECT] 
2026-03-15 12:00:43,400 [ERROR] LogOutputStream:75 - [STDERR_REDIRECT] [Fatal Error] :1:1: Premature end of file.
2026-03-15 12:00:43,400 [ERROR] LogOutputStream:75 - [STDERR_REDIRECT] 
2026-03-15 12:00:44,398 [ERROR] LogOutputStream:75 - [STDERR_REDIRECT] [Fatal Error] :1:1: Premature end of file.
2026-03-15 12:00:44,398 [ERROR] LogOutputStream:75 - [STDERR_REDIRECT] 
2026-03-15 12:00:45,398 [ERROR] LogOutputStream:75 - [STDERR_REDIRECT] [Fatal Error] :1:1: Premature end of file.
2026-03-15 12:00:45,399 [ERROR] LogOutputStream:75 - [STDERR_REDIRECT] 
2026-03-15 12:00:46,400 [ERROR] LogOutputStream:75 - [STDERR_REDIRECT] [Fatal Error] :1:1: Premature end of file.
2026-03-15 12:00:46,400 [ERROR] LogOutputStream:75 - [STDERR_REDIRECT] 
2026-03-15 12:00:47,399 [ERROR] LogOutputStream:75 - [STDERR_REDIRECT] [Fatal Error] :1:1: Premature end of file.
2026-03-15 12:00:47,399 [ERROR] LogOutputStream:75 - [STDERR_REDIRECT] 
2026-03-15 12:00:48,400 [ERROR] LogOutputStream:75 - [STDERR_REDIRECT] [Fatal Error] :1:1: Premature end of file.
2026-03-15 12:00:48,400 [ERROR] LogOutputStream:75 - [STDERR_REDIRECT] 
2026-03-15 12:00:49,399 [ERROR] LogOutputStream:75 - [STDERR_REDIRECT] [Fatal Error] :1:1: Premature end of file.
2026-03-15 12:00:49,399 [ERROR] LogOutputStream:75 - [STDERR_REDIRECT] 
2026-03-15 12:00:50,399 [ERROR] LogOutputStream:75 - [STDERR_REDIRECT] [Fatal Error] :1:1: Premature end of file.
2026-03-15 12:00:50,399 [ERROR] LogOutputStream:75 - [STDERR_REDIRECT] 
2026-03-15 12:00:51,400 [ERROR] LogOutputStream:75 - [STDERR_REDIRECT] [Fatal Error] :1:1: Premature end of file.
2026-03-15 12:00:51,400 [ERROR] LogOutputStream:75 - [STDERR_REDIRECT] 
2026-03-15 12:00:52,397 [ERROR] LogOutputStream:75 - [STDERR_REDIRECT] [Fatal Error] :1:1: Premature end of file.
2026-03-15 12:00:52,398 [ERROR] LogOutputStream:75 - [STDERR_REDIRECT] 
2026-03-15 12:00:53,400 [ERROR] LogOutputStream:75 - [STDERR_REDIRECT] [Fatal Error] :1:1: Premature end of file.
2026-03-15 12:00:53,400 [ERROR] LogOutputStream:75 - [STDERR_REDIRECT] 
2026-03-15 12:00:54,398 [ERROR] LogOutputStream:75 - [STDERR_REDIRECT] [Fatal Error] :1:1: Premature end of file.
2026-03-15 12:00:54,398 [ERROR] LogOutputStream:75 - [STDERR_REDIRECT] 
2026-03-15 12:00:55,404 [ERROR] LogOutputStream:75 - [STDERR_REDIRECT] [Fatal Error] :1:1: Premature end of file.
2026-03-15 12:00:55,404 [ERROR] LogOutputStream:75 - [STDERR_REDIRECT] 
2026-03-15 12:00:56,398 [ERROR] LogOutputStream:75 - [STDERR_REDIRECT] [Fatal Error] :1:1: Premature end of file.
2026-03-15 12:00:56,399 [ERROR] LogOutputStream:75 - [STDERR_REDIRECT] 
2026-03-15 12:00:57,399 [ERROR] LogOutputStream:75 - [STDERR_REDIRECT] [Fatal Error] :1:1: Premature end of file.
2026-03-15 12:00:57,399 [ERROR] LogOutputStream:75 - [STDERR_REDIRECT] 
2026-03-15 12:00:58,400 [ERROR] LogOutputStream:75 - [STDERR_REDIRECT] [Fatal Error] :1:1: Premature end of file.
2026-03-15 12:00:58,400 [ERROR] LogOutputStream:75 - [STDERR_REDIRECT] 
2026-03-15 12:00:59,401 [ERROR] LogOutputStream:75 - [STDERR_REDIRECT] [Fatal Error] :1:1: Premature end of file.
2026-03-15 12:00:59,401 [ERROR] LogOutputStream:75 - [STDERR_REDIRECT] 
2026-03-15 12:01:00,399 [ERROR] LogOutputStream:75 - [STDERR_REDIRECT] [Fatal Error] :1:1: Premature end of file.
2026-03-15 12:01:00,399 [ERROR] LogOutputStream:75 - [STDERR_REDIRECT] 
2026-03-15 12:01:01,402 [ERROR] LogOutputStream:75 - [STDERR_REDIRECT] [Fatal Error] :1:1: Premature end of file.
2026-03-15 12:01:01,402 [ERROR] LogOutputStream:75 - [STDERR_REDIRECT] 
2026-03-15 12:01:02,398 [ERROR] LogOutputStream:75 - [STDERR_REDIRECT] [Fatal Error] :1:1: Premature end of file.
2026-03-15 12:01:02,398 [ERROR] LogOutputStream:75 - [STDERR_REDIRECT] 
2026-03-15 12:01:03,399 [ERROR] LogOutputStream:75 - [STDERR_REDIRECT] [Fatal Error] :1:1: Premature end of file.
2026-03-15 12:01:03,399 [ERROR] LogOutputStream:75 - [STDERR_REDIRECT] 
2026-03-15 12:01:04,402 [ERROR] LogOutputStream:75 - [STDERR_REDIRECT] [Fatal Error] :1:1: Premature end of file.
2026-03-15 12:01:04,402 [ERROR] LogOutputStream:75 - [STDERR_REDIRECT] 
2026-03-15 12:01:05,400 [ERROR] LogOutputStream:75 - [STDERR_REDIRECT] [Fatal Error] :1:1: Premature end of file.
2026-03-15 12:01:05,400 [ERROR] LogOutputStream:75 - [STDERR_REDIRECT] 
2026-03-15 12:01:06,398 [ERROR] LogOutputStream:75 - [STDERR_REDIRECT] [Fatal Error] :1:1: Premature end of file.
2026-03-15 12:01:06,398 [ERROR] LogOutputStream:75 - [STDERR_REDIRECT] 
2026-03-15 12:01:07,399 [ERROR] LogOutputStream:75 - [STDERR_REDIRECT] [Fatal Error] :1:1: Premature end of file.
2026-03-15 12:01:07,399 [ERROR] LogOutputStream:75 - [STDERR_REDIRECT] 
2026-03-15 12:01:08,398 [ERROR] LogOutputStream:75 - [STDERR_REDIRECT] [Fatal Error] :1:1: Premature end of file.
2026-03-15 12:01:08,398 [ERROR] LogOutputStream:75 - [STDERR_REDIRECT] 
2026-03-15 12:01:09,399 [ERROR] LogOutputStream:75 - [STDERR_REDIRECT] [Fatal Error] :1:1: Premature end of file.
2026-03-15 12:01:09,399 [ERROR] LogOutputStream:75 - [STDERR_REDIRECT] 
2026-03-15 12:01:10,400 [ERROR] LogOutputStream:75 - [STDERR_REDIRECT] [Fatal Error] :1:1: Premature end of file.
2026-03-15 12:01:10,400 [ERROR] LogOutputStream:75 - [STDERR_REDIRECT] 
2026-03-15 12:01:11,399 [ERROR] LogOutputStream:75 - [STDERR_REDIRECT] [Fatal Error] :1:1: Premature end of file.
2026-03-15 12:01:11,399 [ERROR] LogOutputStream:75 - [STDERR_REDIRECT] 
2026-03-15 12:01:12,397 [ERROR] LogOutputStream:75 - [STDERR_REDIRECT] [Fatal Error] :1:1: Premature end of file.
2026-03-15 12:01:12,397 [ERROR] LogOutputStream:75 - [STDERR_REDIRECT] 
2026-03-15 12:01:13,398 [ERROR] LogOutputStream:75 - [STDERR_REDIRECT] [Fatal Error] :1:1: Premature end of file.
2026-03-15 12:01:13,400 [ERROR] LogOutputStream:75 - [STDERR_REDIRECT] 
2026-03-15 12:01:14,399 [ERROR] LogOutputStream:75 - [STDERR_REDIRECT] [Fatal Error] :1:1: Premature end of file.
2026-03-15 12:01:14,399 [ERROR] LogOutputStream:75 - [STDERR_REDIRECT] 
2026-03-15 12:01:15,400 [ERROR] LogOutputStream:75 - [STDERR_REDIRECT] [Fatal Error] :1:1: Premature end of file.
2026-03-15 12:01:15,400 [ERROR] LogOutputStream:75 - [STDERR_REDIRECT] 
2026-03-15 12:01:16,399 [ERROR] LogOutputStream:75 - [STDERR_REDIRECT] [Fatal Error] :1:1: Premature end of file.
2026-03-15 12:01:16,399 [ERROR] LogOutputStream:75 - [STDERR_REDIRECT] 
2026-03-15 12:01:17,400 [ERROR] LogOutputStream:75 - [STDERR_REDIRECT] [Fatal Error] :1:1: Premature end of file.
2026-03-15 12:01:17,400 [ERROR] LogOutputStream:75 - [STDERR_REDIRECT] 
2026-03-15 12:01:18,399 [ERROR] LogOutputStream:75 - [STDERR_REDIRECT] [Fatal Error] :1:1: Premature end of file.
2026-03-15 12:01:18,399 [ERROR] LogOutputStream:75 - [STDERR_REDIRECT] 
2026-03-15 12:01:19,400 [ERROR] LogOutputStream:75 - [STDERR_REDIRECT] [Fatal Error] :1:1: Premature end of file.
2026-03-15 12:01:19,400 [ERROR] LogOutputStream:75 - [STDERR_REDIRECT] 
2026-03-15 12:01:20,400 [ERROR] LogOutputStream:75 - [STDERR_REDIRECT] [Fatal Error] :1:1: Premature end of file.
2026-03-15 12:01:20,400 [ERROR] LogOutputStream:75 - [STDERR_REDIRECT] 
2026-03-15 12:01:21,399 [ERROR] LogOutputStream:75 - [STDERR_REDIRECT] [Fatal Error] :1:1: Premature end of file.
2026-03-15 12:01:21,399 [ERROR] LogOutputStream:75 - [STDERR_REDIRECT] 
2026-03-15 12:01:22,400 [ERROR] LogOutputStream:75 - [STDERR_REDIRECT] [Fatal Error] :1:1: Premature end of file.
2026-03-15 12:01:22,400 [ERROR] LogOutputStream:75 - [STDERR_REDIRECT] 
2026-03-15 12:01:23,399 [ERROR] LogOutputStream:75 - [STDERR_REDIRECT] [Fatal Error] :1:1: Premature end of file.
2026-03-15 12:01:23,399 [ERROR] LogOutputStream:75 - [STDERR_REDIRECT] 
2026-03-15 12:01:24,399 [ERROR] LogOutputStream:75 - [STDERR_REDIRECT] [Fatal Error] :1:1: Premature end of file.
2026-03-15 12:01:24,399 [ERROR] LogOutputStream:75 - [STDERR_REDIRECT] 
2026-03-15 12:01:25,399 [ERROR] LogOutputStream:75 - [STDERR_REDIRECT] [Fatal Error] :1:1: Premature end of file.
2026-03-15 12:01:25,399 [ERROR] LogOutputStream:75 - [STDERR_REDIRECT] 
2026-03-15 12:01:26,398 [ERROR] LogOutputStream:75 - [STDERR_REDIRECT] [Fatal Error] :1:1: Premature end of file.
2026-03-15 12:01:26,398 [ERROR] LogOutputStream:75 - [STDERR_REDIRECT] 
2026-03-15 12:01:27,400 [ERROR] LogOutputStream:75 - [STDERR_REDIRECT] [Fatal Error] :1:1: Premature end of file.
2026-03-15 12:01:27,400 [ERROR] LogOutputStream:75 - [STDERR_REDIRECT] 
2026-03-15 12:01:28,399 [ERROR] LogOutputStream:75 - [STDERR_REDIRECT] [Fatal Error] :1:1: Premature end of file.
2026-03-15 12:01:28,399 [ERROR] LogOutputStream:75 - [STDERR_REDIRECT] 
2026-03-15 12:01:29,399 [ERROR] LogOutputStream:75 - [STDERR_REDIRECT] [Fatal Error] :1:1: Premature end of file.
2026-03-15 12:01:29,399 [ERROR] LogOutputStream:75 - [STDERR_REDIRECT] 
2026-03-15 12:01:30,400 [ERROR] LogOutputStream:75 - [STDERR_REDIRECT] [Fatal Error] :1:1: Premature end of file.
2026-03-15 12:01:30,400 [ERROR] LogOutputStream:75 - [STDERR_REDIRECT] 
2026-03-15 12:01:31,399 [ERROR] LogOutputStream:75 - [STDERR_REDIRECT] [Fatal Error] :1:1: Premature end of file.
2026-03-15 12:01:31,399 [ERROR] LogOutputStream:75 - [STDERR_REDIRECT] 
2026-03-15 12:01:32,399 [ERROR] LogOutputStream:75 - [STDERR_REDIRECT] [Fatal Error] :1:1: Premature end of file.
2026-03-15 12:01:32,399 [ERROR] LogOutputStream:75 - [STDERR_REDIRECT] 
2026-03-15 12:01:33,400 [ERROR] LogOutputStream:75 - [STDERR_REDIRECT] [Fatal Error] :1:1: Premature end of file.
2026-03-15 12:01:33,400 [ERROR] LogOutputStream:75 - [STDERR_REDIRECT] 
2026-03-15 12:01:34,399 [ERROR] LogOutputStream:75 - [STDERR_REDIRECT] [Fatal Error] :1:1: Premature end of file.
2026-03-15 12:01:34,399 [ERROR] LogOutputStream:75 - [STDERR_REDIRECT] 
2026-03-15 12:01:35,399 [ERROR] LogOutputStream:75 - [STDERR_REDIRECT] [Fatal Error] :1:1: Premature end of file.
2026-03-15 12:01:35,399 [ERROR] LogOutputStream:75 - [STDERR_REDIRECT] 
2026-03-15 12:01:36,401 [ERROR] LogOutputStream:75 - [STDERR_REDIRECT] [Fatal Error] :1:1: Premature end of file.
2026-03-15 12:01:36,401 [ERROR] LogOutputStream:75 - [STDERR_REDIRECT] 
2026-03-15 12:01:37,399 [ERROR] LogOutputStream:75 - [STDERR_REDIRECT] [Fatal Error] :1:1: Premature end of file.
2026-03-15 12:01:37,399 [ERROR] LogOutputStream:75 - [STDERR_REDIRECT] 
2026-03-15 12:01:38,399 [ERROR] LogOutputStream:75 - [STDERR_REDIRECT] [Fatal Error] :1:1: Premature end of file.
2026-03-15 12:01:38,399 [ERROR] LogOutputStream:75 - [STDERR_REDIRECT] 
2026-03-15 12:01:39,399 [ERROR] LogOutputStream:75 - [STDERR_REDIRECT] [Fatal Error] :1:1: Premature end of file.
2026-03-15 12:01:39,399 [ERROR] LogOutputStream:75 - [STDERR_REDIRECT] 
2026-03-15 12:01:40,399 [ERROR] LogOutputStream:75 - [STDERR_REDIRECT] [Fatal Error] :1:1: Premature end of file.
2026-03-15 12:01:40,399 [ERROR] LogOutputStream:75 - [STDERR_REDIRECT] 
2026-03-15 12:01:41,399 [ERROR] LogOutputStream:75 - [STDERR_REDIRECT] [Fatal Error] :1:1: Premature end of file.
2026-03-15 12:01:41,399 [ERROR] LogOutputStream:75 - [STDERR_REDIRECT] 
2026-03-15 12:01:42,399 [ERROR] LogOutputStream:75 - [STDERR_REDIRECT] [Fatal Error] :1:1: Premature end of file.
2026-03-15 12:01:42,399 [ERROR] LogOutputStream:75 - [STDERR_REDIRECT] 
2026-03-15 12:01:43,400 [ERROR] LogOutputStream:75 - [STDERR_REDIRECT] [Fatal Error] :1:1: Premature end of file.
2026-03-15 12:01:43,400 [ERROR] LogOutputStream:75 - [STDERR_REDIRECT] 
2026-03-15 12:01:44,399 [ERROR] LogOutputStream:75 - [STDERR_REDIRECT] [Fatal Error] :1:1: Premature end of file.
2026-03-15 12:01:44,399 [ERROR] LogOutputStream:75 - [STDERR_REDIRECT] 
2026-03-15 12:01:45,399 [ERROR] LogOutputStream:75 - [STDERR_REDIRECT] [Fatal Error] :1:1: Premature end of file.
2026-03-15 12:01:45,400 [ERROR] LogOutputStream:75 - [STDERR_REDIRECT] 
2026-03-15 12:01:46,399 [ERROR] LogOutputStream:75 - [STDERR_REDIRECT] [Fatal Error] :1:1: Premature end of file.
2026-03-15 12:01:46,399 [ERROR] LogOutputStream:75 - [STDERR_REDIRECT] 
2026-03-15 12:01:47,400 [ERROR] LogOutputStream:75 - [STDERR_REDIRECT] [Fatal Error] :1:1: Premature end of file.
2026-03-15 12:01:47,400 [ERROR] LogOutputStream:75 - [STDERR_REDIRECT] 
2026-03-15 12:01:48,398 [ERROR] LogOutputStream:75 - [STDERR_REDIRECT] [Fatal Error] :1:1: Premature end of file.
2026-03-15 12:01:48,398 [ERROR] LogOutputStream:75 - [STDERR_REDIRECT] 
2026-03-15 12:01:49,399 [ERROR] LogOutputStream:75 - [STDERR_REDIRECT] [Fatal Error] :1:1: Premature end of file.
2026-03-15 12:01:49,399 [ERROR] LogOutputStream:75 - [STDERR_REDIRECT] 
2026-03-15 12:01:50,400 [ERROR] LogOutputStream:75 - [STDERR_REDIRECT] [Fatal Error] :1:1: Premature end of file.
2026-03-15 12:01:50,400 [ERROR] LogOutputStream:75 - [STDERR_REDIRECT] 
2026-03-15 12:01:51,398 [ERROR] LogOutputStream:75 - [STDERR_REDIRECT] [Fatal Error] :1:1: Premature end of file.
2026-03-15 12:01:51,398 [ERROR] LogOutputStream:75 - [STDERR_REDIRECT] 
2026-03-15 12:01:52,400 [ERROR] LogOutputStream:75 - [STDERR_REDIRECT] [Fatal Error] :1:1: Premature end of file.
2026-03-15 12:01:52,400 [ERROR] LogOutputStream:75 - [STDERR_REDIRECT] 
2026-03-15 12:01:53,399 [ERROR] LogOutputStream:75 - [STDERR_REDIRECT] [Fatal Error] :1:1: Premature end of file.
2026-03-15 12:01:53,399 [ERROR] LogOutputStream:75 - [STDERR_REDIRECT] 
2026-03-15 12:01:54,399 [ERROR] LogOutputStream:75 - [STDERR_REDIRECT] [Fatal Error] :1:1: Premature end of file.
2026-03-15 12:01:54,399 [ERROR] LogOutputStream:75 - [STDERR_REDIRECT] 
2026-03-15 12:01:55,400 [ERROR] LogOutputStream:75 - [STDERR_REDIRECT] [Fatal Error] :1:1: Premature end of file.
2026-03-15 12:01:55,400 [ERROR] LogOutputStream:75 - [STDERR_REDIRECT] 
2026-03-15 12:01:56,401 [ERROR] LogOutputStream:75 - [STDERR_REDIRECT] [Fatal Error] :1:1: Premature end of file.
2026-03-15 12:01:56,401 [ERROR] LogOutputStream:75 - [STDERR_REDIRECT] 
2026-03-15 12:01:57,397 [ERROR] LogOutputStream:75 - [STDERR_REDIRECT] [Fatal Error] :1:1: Premature end of file.
2026-03-15 12:01:57,397 [ERROR] LogOutputStream:75 - [STDERR_REDIRECT] 
2026-03-15 12:01:58,399 [ERROR] LogOutputStream:75 - [STDERR_REDIRECT] [Fatal Error] :1:1: Premature end of file.
2026-03-15 12:01:58,399 [ERROR] LogOutputStream:75 - [STDERR_REDIRECT] 
2026-03-15 12:01:59,400 [ERROR] LogOutputStream:75 - [STDERR_REDIRECT] [Fatal Error] :1:1: Premature end of file.
2026-03-15 12:01:59,400 [ERROR] LogOutputStream:75 - [STDERR_REDIRECT] 
2026-03-15 12:02:00,399 [ERROR] LogOutputStream:75 - [STDERR_REDIRECT] [Fatal Error] :1:1: Premature end of file.
2026-03-15 12:02:00,399 [ERROR] LogOutputStream:75 - [STDERR_REDIRECT] 
2026-03-15 12:02:01,400 [ERROR] LogOutputStream:75 - [STDERR_REDIRECT] [Fatal Error] :1:1: Premature end of file.
2026-03-15 12:02:01,401 [ERROR] LogOutputStream:75 - [STDERR_REDIRECT] 
2026-03-15 12:02:02,398 [ERROR] LogOutputStream:75 - [STDERR_REDIRECT] [Fatal Error] :1:1: Premature end of file.
2026-03-15 12:02:02,398 [ERROR] LogOutputStream:75 - [STDERR_REDIRECT] 
2026-03-15 12:02:03,399 [ERROR] LogOutputStream:75 - [STDERR_REDIRECT] [Fatal Error] :1:1: Premature end of file.
2026-03-15 12:02:03,399 [ERROR] LogOutputStream:75 - [STDERR_REDIRECT] 
2026-03-15 12:02:04,398 [ERROR] LogOutputStream:75 - [STDERR_REDIRECT] [Fatal Error] :1:1: Premature end of file.
2026-03-15 12:02:04,398 [ERROR] LogOutputStream:75 - [STDERR_REDIRECT] 
2026-03-15 12:02:05,401 [ERROR] LogOutputStream:75 - [STDERR_REDIRECT] [Fatal Error] :1:1: Premature end of file.
2026-03-15 12:02:05,401 [ERROR] LogOutputStream:75 - [STDERR_REDIRECT] 
2026-03-15 12:02:06,399 [ERROR] LogOutputStream:75 - [STDERR_REDIRECT] [Fatal Error] :1:1: Premature end of file.
2026-03-15 12:02:06,399 [ERROR] LogOutputStream:75 - [STDERR_REDIRECT] 
2026-03-15 12:02:07,399 [ERROR] LogOutputStream:75 - [STDERR_REDIRECT] [Fatal Error] :1:1: Premature end of file.
2026-03-15 12:02:07,399 [ERROR] LogOutputStream:75 - [STDERR_REDIRECT] 
2026-03-15 12:02:08,399 [ERROR] LogOutputStream:75 - [STDERR_REDIRECT] [Fatal Error] :1:1: Premature end of file.
2026-03-15 12:02:08,399 [ERROR] LogOutputStream:75 - [STDERR_REDIRECT] 
2026-03-15 12:02:09,397 [ERROR] LogOutputStream:75 - [STDERR_REDIRECT] [Fatal Error] :1:1: Premature end of file.
2026-03-15 12:02:09,397 [ERROR] LogOutputStream:75 - [STDERR_REDIRECT] 
2026-03-15 12:02:10,399 [ERROR] LogOutputStream:75 - [STDERR_REDIRECT] [Fatal Error] :1:1: Premature end of file.
2026-03-15 12:02:10,399 [ERROR] LogOutputStream:75 - [STDERR_REDIRECT] 
2026-03-15 12:02:11,401 [ERROR] LogOutputStream:75 - [STDERR_REDIRECT] [Fatal Error] :1:1: Premature end of file.
2026-03-15 12:02:11,401 [ERROR] LogOutputStream:75 - [STDERR_REDIRECT] 
2026-03-15 12:02:12,398 [ERROR] LogOutputStream:75 - [STDERR_REDIRECT] [Fatal Error] :1:1: Premature end of file.
2026-03-15 12:02:12,398 [ERROR] LogOutputStream:75 - [STDERR_REDIRECT] 
2026-03-15 12:02:13,399 [ERROR] LogOutputStream:75 - [STDERR_REDIRECT] [Fatal Error] :1:1: Premature end of file.
2026-03-15 12:02:13,399 [ERROR] LogOutputStream:75 - [STDERR_REDIRECT] 
2026-03-15 12:02:14,399 [ERROR] LogOutputStream:75 - [STDERR_REDIRECT] [Fatal Error] :1:1: Premature end of file.
2026-03-15 12:02:14,399 [ERROR] LogOutputStream:75 - [STDERR_REDIRECT] 
2026-03-15 12:02:15,399 [ERROR] LogOutputStream:75 - [STDERR_REDIRECT] [Fatal Error] :1:1: Premature end of file.
2026-03-15 12:02:15,399 [ERROR] LogOutputStream:75 - [STDERR_REDIRECT] 
2026-03-15 12:02:16,399 [ERROR] LogOutputStream:75 - [STDERR_REDIRECT] [Fatal Error] :1:1: Premature end of file.
2026-03-15 12:02:16,399 [ERROR] LogOutputStream:75 - [STDERR_REDIRECT] 
2026-03-15 12:02:17,397 [ERROR] LogOutputStream:75 - [STDERR_REDIRECT] [Fatal Error] :1:1: Premature end of file.
2026-03-15 12:02:17,397 [ERROR] LogOutputStream:75 - [STDERR_REDIRECT] 
2026-03-15 12:02:18,399 [ERROR] LogOutputStream:75 - [STDERR_REDIRECT] [Fatal Error] :1:1: Premature end of file.
2026-03-15 12:02:18,399 [ERROR] LogOutputStream:75 - [STDERR_REDIRECT] 
2026-03-15 12:02:19,399 [ERROR] LogOutputStream:75 - [STDERR_REDIRECT] [Fatal Error] :1:1: Premature end of file.
2026-03-15 12:02:19,399 [ERROR] LogOutputStream:75 - [STDERR_REDIRECT] 
2026-03-15 12:02:20,399 [ERROR] LogOutputStream:75 - [STDERR_REDIRECT] [Fatal Error] :1:1: Premature end of file.
2026-03-15 12:02:20,399 [ERROR] LogOutputStream:75 - [STDERR_REDIRECT] 
2026-03-15 12:02:21,398 [ERROR] LogOutputStream:75 - [STDERR_REDIRECT] [Fatal Error] :1:1: Premature end of file.
2026-03-15 12:02:21,398 [ERROR] LogOutputStream:75 - [STDERR_REDIRECT] 
2026-03-15 12:02:22,399 [ERROR] LogOutputStream:75 - [STDERR_REDIRECT] [Fatal Error] :1:1: Premature end of file.
2026-03-15 12:02:22,399 [ERROR] LogOutputStream:75 - [STDERR_REDIRECT] 
2026-03-15 12:02:23,400 [ERROR] LogOutputStream:75 - [STDERR_REDIRECT] [Fatal Error] :1:1: Premature end of file.
2026-03-15 12:02:23,401 [ERROR] LogOutputStream:75 - [STDERR_REDIRECT] 
2026-03-15 12:02:24,401 [ERROR] LogOutputStream:75 - [STDERR_REDIRECT] [Fatal Error] :1:1: Premature end of file.
2026-03-15 12:02:24,401 [ERROR] LogOutputStream:75 - [STDERR_REDIRECT] 
2026-03-15 12:02:25,401 [ERROR] LogOutputStream:75 - [STDERR_REDIRECT] [Fatal Error] :1:1: Premature end of file.
2026-03-15 12:02:25,402 [ERROR] LogOutputStream:75 - [STDERR_REDIRECT] 
2026-03-15 12:02:26,399 [ERROR] LogOutputStream:75 - [STDERR_REDIRECT] [Fatal Error] :1:1: Premature end of file.
2026-03-15 12:02:26,399 [ERROR] LogOutputStream:75 - [STDERR_REDIRECT] 
2026-03-15 12:02:27,399 [ERROR] LogOutputStream:75 - [STDERR_REDIRECT] [Fatal Error] :1:1: Premature end of file.
2026-03-15 12:02:27,399 [ERROR] LogOutputStream:75 - [STDERR_REDIRECT] 
2026-03-15 12:02:28,399 [ERROR] LogOutputStream:75 - [STDERR_REDIRECT] [Fatal Error] :1:1: Premature end of file.
2026-03-15 12:02:28,399 [ERROR] LogOutputStream:75 - [STDERR_REDIRECT] 
2026-03-15 12:02:29,400 [ERROR] LogOutputStream:75 - [STDERR_REDIRECT] [Fatal Error] :1:1: Premature end of file.
2026-03-15 12:02:29,400 [ERROR] LogOutputStream:75 - [STDERR_REDIRECT] 
2026-03-15 12:02:30,399 [ERROR] LogOutputStream:75 - [STDERR_REDIRECT] [Fatal Error] :1:1: Premature end of file.
2026-03-15 12:02:30,399 [ERROR] LogOutputStream:75 - [STDERR_REDIRECT] 
2026-03-15 12:02:31,400 [ERROR] LogOutputStream:75 - [STDERR_REDIRECT] [Fatal Error] :1:1: Premature end of file.
2026-03-15 12:02:31,400 [ERROR] LogOutputStream:75 - [STDERR_REDIRECT] 
2026-03-15 12:02:32,399 [ERROR] LogOutputStream:75 - [STDERR_REDIRECT] [Fatal Error] :1:1: Premature end of file.
2026-03-15 12:02:32,399 [ERROR] LogOutputStream:75 - [STDERR_REDIRECT] 
2026-03-15 12:02:33,399 [ERROR] LogOutputStream:75 - [STDERR_REDIRECT] [Fatal Error] :1:1: Premature end of file.
2026-03-15 12:02:33,399 [ERROR] LogOutputStream:75 - [STDERR_REDIRECT] 
2026-03-15 12:02:34,399 [ERROR] LogOutputStream:75 - [STDERR_REDIRECT] [Fatal Error] :1:1: Premature end of file.
2026-03-15 12:02:34,399 [ERROR] LogOutputStream:75 - [STDERR_REDIRECT] 
2026-03-15 12:02:35,400 [ERROR] LogOutputStream:75 - [STDERR_REDIRECT] [Fatal Error] :1:1: Premature end of file.
2026-03-15 12:02:35,400 [ERROR] LogOutputStream:75 - [STDERR_REDIRECT] 
2026-03-15 12:02:36,401 [ERROR] LogOutputStream:75 - [STDERR_REDIRECT] [Fatal Error] :1:1: Premature end of file.
2026-03-15 12:02:36,401 [ERROR] LogOutputStream:75 - [STDERR_REDIRECT] 
2026-03-15 12:02:37,400 [ERROR] LogOutputStream:75 - [STDERR_REDIRECT] [Fatal Error] :1:1: Premature end of file.
2026-03-15 12:02:37,400 [ERROR] LogOutputStream:75 - [STDERR_REDIRECT] 
2026-03-15 12:02:38,399 [ERROR] LogOutputStream:75 - [STDERR_REDIRECT] [Fatal Error] :1:1: Premature end of file.
2026-03-15 12:02:38,399 [ERROR] LogOutputStream:75 - [STDERR_REDIRECT] 
2026-03-15 12:02:39,398 [ERROR] LogOutputStream:75 - [STDERR_REDIRECT] [Fatal Error] :1:1: Premature end of file.
2026-03-15 12:02:39,398 [ERROR] LogOutputStream:75 - [STDERR_REDIRECT] 
2026-03-15 12:02:40,399 [ERROR] LogOutputStream:75 - [STDERR_REDIRECT] [Fatal Error] :1:1: Premature end of file.
2026-03-15 12:02:40,399 [ERROR] LogOutputStream:75 - [STDERR_REDIRECT] 
2026-03-15 12:02:41,400 [ERROR] LogOutputStream:75 - [STDERR_REDIRECT] [Fatal Error] :1:1: Premature end of file.
2026-03-15 12:02:41,400 [ERROR] LogOutputStream:75 - [STDERR_REDIRECT] 
2026-03-15 12:02:42,399 [ERROR] LogOutputStream:75 - [STDERR_REDIRECT] [Fatal Error] :1:1: Premature end of file.
2026-03-15 12:02:42,399 [ERROR] LogOutputStream:75 - [STDERR_REDIRECT] 
2026-03-15 12:02:43,399 [ERROR] LogOutputStream:75 - [STDERR_REDIRECT] [Fatal Error] :1:1: Premature end of file.
2026-03-15 12:02:43,400 [ERROR] LogOutputStream:75 - [STDERR_REDIRECT] 
2026-03-15 12:02:44,399 [ERROR] LogOutputStream:75 - [STDERR_REDIRECT] [Fatal Error] :1:1: Premature end of file.
2026-03-15 12:02:44,399 [ERROR] LogOutputStream:75 - [STDERR_REDIRECT] 
2026-03-15 12:02:45,400 [ERROR] LogOutputStream:75 - [STDERR_REDIRECT] [Fatal Error] :1:1: Premature end of file.
2026-03-15 12:02:45,400 [ERROR] LogOutputStream:75 - [STDERR_REDIRECT] 
2026-03-15 12:02:46,401 [ERROR] LogOutputStream:75 - [STDERR_REDIRECT] [Fatal Error] :1:1: Premature end of file.
2026-03-15 12:02:46,401 [ERROR] LogOutputStream:75 - [STDERR_REDIRECT] 
2026-03-15 12:02:47,399 [ERROR] LogOutputStream:75 - [STDERR_REDIRECT] [Fatal Error] :1:1: Premature end of file.
2026-03-15 12:02:47,399 [ERROR] LogOutputStream:75 - [STDERR_REDIRECT] 
2026-03-15 12:02:48,398 [ERROR] LogOutputStream:75 - [STDERR_REDIRECT] [Fatal Error] :1:1: Premature end of file.
2026-03-15 12:02:48,398 [ERROR] LogOutputStream:75 - [STDERR_REDIRECT] 
2026-03-15 12:02:49,400 [ERROR] LogOutputStream:75 - [STDERR_REDIRECT] [Fatal Error] :1:1: Premature end of file.
2026-03-15 12:02:49,400 [ERROR] LogOutputStream:75 - [STDERR_REDIRECT] 
2026-03-15 12:02:50,399 [ERROR] LogOutputStream:75 - [STDERR_REDIRECT] [Fatal Error] :1:1: Premature end of file.
2026-03-15 12:02:50,399 [ERROR] LogOutputStream:75 - [STDERR_REDIRECT] 
2026-03-15 12:02:51,400 [ERROR] LogOutputStream:75 - [STDERR_REDIRECT] [Fatal Error] :1:1: Premature end of file.
2026-03-15 12:02:51,400 [ERROR] LogOutputStream:75 - [STDERR_REDIRECT] 
2026-03-15 12:02:52,399 [ERROR] LogOutputStream:75 - [STDERR_REDIRECT] [Fatal Error] :1:1: Premature end of file.
2026-03-15 12:02:52,399 [ERROR] LogOutputStream:75 - [STDERR_REDIRECT] 
2026-03-15 12:02:53,399 [ERROR] LogOutputStream:75 - [STDERR_REDIRECT] [Fatal Error] :1:1: Premature end of file.
2026-03-15 12:02:53,399 [ERROR] LogOutputStream:75 - [STDERR_REDIRECT] 
2026-03-15 12:02:54,400 [ERROR] LogOutputStream:75 - [STDERR_REDIRECT] [Fatal Error] :1:1: Premature end of file.
2026-03-15 12:02:54,400 [ERROR] LogOutputStream:75 - [STDERR_REDIRECT] 
2026-03-15 12:02:55,399 [ERROR] LogOutputStream:75 - [STDERR_REDIRECT] [Fatal Error] :1:1: Premature end of file.
2026-03-15 12:02:55,399 [ERROR] LogOutputStream:75 - [STDERR_REDIRECT] 
2026-03-15 12:02:56,399 [ERROR] LogOutputStream:75 - [STDERR_REDIRECT] [Fatal Error] :1:1: Premature end of file.
2026-03-15 12:02:56,399 [ERROR] LogOutputStream:75 - [STDERR_REDIRECT] 
2026-03-15 12:02:57,401 [ERROR] LogOutputStream:75 - [STDERR_REDIRECT] [Fatal Error] :1:1: Premature end of file.
2026-03-15 12:02:57,401 [ERROR] LogOutputStream:75 - [STDERR_REDIRECT] 
2026-03-15 12:02:58,398 [ERROR] LogOutputStream:75 - [STDERR_REDIRECT] [Fatal Error] :1:1: Premature end of file.
2026-03-15 12:02:58,398 [ERROR] LogOutputStream:75 - [STDERR_REDIRECT] 
2026-03-15 12:02:59,400 [ERROR] LogOutputStream:75 - [STDERR_REDIRECT] [Fatal Error] :1:1: Premature end of file.
2026-03-15 12:02:59,400 [ERROR] LogOutputStream:75 - [STDERR_REDIRECT] 
2026-03-15 12:03:00,400 [ERROR] LogOutputStream:75 - [STDERR_REDIRECT] [Fatal Error] :1:1: Premature end of file.
2026-03-15 12:03:00,401 [ERROR] LogOutputStream:75 - [STDERR_REDIRECT] 
2026-03-15 12:03:01,400 [ERROR] LogOutputStream:75 - [STDERR_REDIRECT] [Fatal Error] :1:1: Premature end of file.
2026-03-15 12:03:01,400 [ERROR] LogOutputStream:75 - [STDERR_REDIRECT] 
2026-03-15 12:03:02,399 [ERROR] LogOutputStream:75 - [STDERR_REDIRECT] [Fatal Error] :1:1: Premature end of file.
2026-03-15 12:03:02,399 [ERROR] LogOutputStream:75 - [STDERR_REDIRECT] 
2026-03-15 12:03:03,401 [ERROR] LogOutputStream:75 - [STDERR_REDIRECT] [Fatal Error] :1:1: Premature end of file.
2026-03-15 12:03:03,401 [ERROR] LogOutputStream:75 - [STDERR_REDIRECT] 
2026-03-15 12:03:04,398 [ERROR] LogOutputStream:75 - [STDERR_REDIRECT] [Fatal Error] :1:1: Premature end of file.
2026-03-15 12:03:04,398 [ERROR] LogOutputStream:75 - [STDERR_REDIRECT] 
2026-03-15 12:03:05,399 [ERROR] LogOutputStream:75 - [STDERR_REDIRECT] [Fatal Error] :1:1: Premature end of file.
2026-03-15 12:03:05,399 [ERROR] LogOutputStream:75 - [STDERR_REDIRECT] 
2026-03-15 12:03:06,399 [ERROR] LogOutputStream:75 - [STDERR_REDIRECT] [Fatal Error] :1:1: Premature end of file.
2026-03-15 12:03:06,399 [ERROR] LogOutputStream:75 - [STDERR_REDIRECT] 
2026-03-15 12:03:07,399 [ERROR] LogOutputStream:75 - [STDERR_REDIRECT] [Fatal Error] :1:1: Premature end of file.
2026-03-15 12:03:07,400 [ERROR] LogOutputStream:75 - [STDERR_REDIRECT] 
2026-03-15 12:03:08,399 [ERROR] LogOutputStream:75 - [STDERR_REDIRECT] [Fatal Error] :1:1: Premature end of file.
2026-03-15 12:03:08,399 [ERROR] LogOutputStream:75 - [STDERR_REDIRECT] 
2026-03-15 12:03:09,400 [ERROR] LogOutputStream:75 - [STDERR_REDIRECT] [Fatal Error] :1:1: Premature end of file.
2026-03-15 12:03:09,400 [ERROR] LogOutputStream:75 - [STDERR_REDIRECT] 
2026-03-15 12:03:10,398 [ERROR] LogOutputStream:75 - [STDERR_REDIRECT] [Fatal Error] :1:1: Premature end of file.
2026-03-15 12:03:10,399 [ERROR] LogOutputStream:75 - [STDERR_REDIRECT] 
2026-03-15 12:03:11,400 [ERROR] LogOutputStream:75 - [STDERR_REDIRECT] [Fatal Error] :1:1: Premature end of file.
2026-03-15 12:03:11,400 [ERROR] LogOutputStream:75 - [STDERR_REDIRECT] 
2026-03-15 12:03:12,400 [ERROR] LogOutputStream:75 - [STDERR_REDIRECT] [Fatal Error] :1:1: Premature end of file.
2026-03-15 12:03:12,400 [ERROR] LogOutputStream:75 - [STDERR_REDIRECT] 
2026-03-15 12:03:13,399 [ERROR] LogOutputStream:75 - [STDERR_REDIRECT] [Fatal Error] :1:1: Premature end of file.
2026-03-15 12:03:13,399 [ERROR] LogOutputStream:75 - [STDERR_REDIRECT] 
2026-03-15 12:03:14,398 [ERROR] LogOutputStream:75 - [STDERR_REDIRECT] [Fatal Error] :1:1: Premature end of file.
2026-03-15 12:03:14,398 [ERROR] LogOutputStream:75 - [STDERR_REDIRECT] 
2026-03-15 12:03:15,400 [ERROR] LogOutputStream:75 - [STDERR_REDIRECT] [Fatal Error] :1:1: Premature end of file.
2026-03-15 12:03:15,400 [ERROR] LogOutputStream:75 - [STDERR_REDIRECT] 
2026-03-15 12:03:16,401 [ERROR] LogOutputStream:75 - [STDERR_REDIRECT] [Fatal Error] :1:1: Premature end of file.
2026-03-15 12:03:16,402 [ERROR] LogOutputStream:75 - [STDERR_REDIRECT] 
2026-03-15 12:03:17,399 [ERROR] LogOutputStream:75 - [STDERR_REDIRECT] [Fatal Error] :1:1: Premature end of file.
2026-03-15 12:03:17,399 [ERROR] LogOutputStream:75 - [STDERR_REDIRECT] 
2026-03-15 12:03:18,399 [ERROR] LogOutputStream:75 - [STDERR_REDIRECT] [Fatal Error] :1:1: Premature end of file.
2026-03-15 12:03:18,399 [ERROR] LogOutputStream:75 - [STDERR_REDIRECT] 
2026-03-15 12:03:19,401 [ERROR] LogOutputStream:75 - [STDERR_REDIRECT] [Fatal Error] :1:1: Premature end of file.
2026-03-15 12:03:19,401 [ERROR] LogOutputStream:75 - [STDERR_REDIRECT] 
2026-03-15 12:03:20,399 [ERROR] LogOutputStream:75 - [STDERR_REDIRECT] [Fatal Error] :1:1: Premature end of file.
2026-03-15 12:03:20,399 [ERROR] LogOutputStream:75 - [STDERR_REDIRECT] 
2026-03-15 12:03:21,398 [ERROR] LogOutputStream:75 - [STDERR_REDIRECT] [Fatal Error] :1:1: Premature end of file.
2026-03-15 12:03:21,398 [ERROR] LogOutputStream:75 - [STDERR_REDIRECT] 
2026-03-15 12:03:22,400 [ERROR] LogOutputStream:75 - [STDERR_REDIRECT] [Fatal Error] :1:1: Premature end of file.
2026-03-15 12:03:22,400 [ERROR] LogOutputStream:75 - [STDERR_REDIRECT] 
2026-03-15 12:03:23,400 [ERROR] LogOutputStream:75 - [STDERR_REDIRECT] [Fatal Error] :1:1: Premature end of file.
2026-03-15 12:03:23,400 [ERROR] LogOutputStream:75 - [STDERR_REDIRECT] 
2026-03-15 12:03:24,398 [ERROR] LogOutputStream:75 - [STDERR_REDIRECT] [Fatal Error] :1:1: Premature end of file.
2026-03-15 12:03:24,399 [ERROR] LogOutputStream:75 - [STDERR_REDIRECT] 
2026-03-15 12:03:25,398 [ERROR] LogOutputStream:75 - [STDERR_REDIRECT] [Fatal Error] :1:1: Premature end of file.
2026-03-15 12:03:25,398 [ERROR] LogOutputStream:75 - [STDERR_REDIRECT] 
2026-03-15 12:03:26,400 [ERROR] LogOutputStream:75 - [STDERR_REDIRECT] [Fatal Error] :1:1: Premature end of file.
2026-03-15 12:03:26,400 [ERROR] LogOutputStream:75 - [STDERR_REDIRECT] 
2026-03-15 12:03:27,399 [ERROR] LogOutputStream:75 - [STDERR_REDIRECT] [Fatal Error] :1:1: Premature end of file.
2026-03-15 12:03:27,399 [ERROR] LogOutputStream:75 - [STDERR_REDIRECT] 
2026-03-15 12:03:28,398 [ERROR] LogOutputStream:75 - [STDERR_REDIRECT] [Fatal Error] :1:1: Premature end of file.
2026-03-15 12:03:28,398 [ERROR] LogOutputStream:75 - [STDERR_REDIRECT] 
2026-03-15 12:03:29,397 [ERROR] LogOutputStream:75 - [STDERR_REDIRECT] [Fatal Error] :1:1: Premature end of file.
2026-03-15 12:03:29,397 [ERROR] LogOutputStream:75 - [STDERR_REDIRECT] 
2026-03-15 12:03:30,397 [ERROR] LogOutputStream:75 - [STDERR_REDIRECT] [Fatal Error] :1:1: Premature end of file.
2026-03-15 12:03:30,397 [ERROR] LogOutputStream:75 - [STDERR_REDIRECT] 
2026-03-15 12:03:31,397 [ERROR] LogOutputStream:75 - [STDERR_REDIRECT] [Fatal Error] :1:1: Premature end of file.
2026-03-15 12:03:31,398 [ERROR] LogOutputStream:75 - [STDERR_REDIRECT] 
2026-03-15 12:03:32,400 [ERROR] LogOutputStream:75 - [STDERR_REDIRECT] [Fatal Error] :1:1: Premature end of file.
2026-03-15 12:03:32,400 [ERROR] LogOutputStream:75 - [STDERR_REDIRECT] 
2026-03-15 12:03:33,399 [ERROR] LogOutputStream:75 - [STDERR_REDIRECT] [Fatal Error] :1:1: Premature end of file.
2026-03-15 12:03:33,399 [ERROR] LogOutputStream:75 - [STDERR_REDIRECT] 
2026-03-15 12:03:34,398 [ERROR] LogOutputStream:75 - [STDERR_REDIRECT] [Fatal Error] :1:1: Premature end of file.
2026-03-15 12:03:34,398 [ERROR] LogOutputStream:75 - [STDERR_REDIRECT] 
2026-03-15 12:03:35,399 [ERROR] LogOutputStream:75 - [STDERR_REDIRECT] [Fatal Error] :1:1: Premature end of file.
2026-03-15 12:03:35,399 [ERROR] LogOutputStream:75 - [STDERR_REDIRECT] 
2026-03-15 12:03:36,399 [ERROR] LogOutputStream:75 - [STDERR_REDIRECT] [Fatal Error] :1:1: Premature end of file.
2026-03-15 12:03:36,399 [ERROR] LogOutputStream:75 - [STDERR_REDIRECT] 
2026-03-15 12:03:37,399 [ERROR] LogOutputStream:75 - [STDERR_REDIRECT] [Fatal Error] :1:1: Premature end of file.
2026-03-15 12:03:37,399 [ERROR] LogOutputStream:75 - [STDERR_REDIRECT] 
2026-03-15 12:03:38,398 [ERROR] LogOutputStream:75 - [STDERR_REDIRECT] [Fatal Error] :1:1: Premature end of file.
2026-03-15 12:03:38,398 [ERROR] LogOutputStream:75 - [STDERR_REDIRECT] 
2026-03-15 12:03:39,400 [ERROR] LogOutputStream:75 - [STDERR_REDIRECT] [Fatal Error] :1:1: Premature end of file.
2026-03-15 12:03:39,400 [ERROR] LogOutputStream:75 - [STDERR_REDIRECT] 
2026-03-15 12:03:40,399 [ERROR] LogOutputStream:75 - [STDERR_REDIRECT] [Fatal Error] :1:1: Premature end of file.
2026-03-15 12:03:40,399 [ERROR] LogOutputStream:75 - [STDERR_REDIRECT] 
2026-03-15 12:03:41,398 [ERROR] LogOutputStream:75 - [STDERR_REDIRECT] [Fatal Error] :1:1: Premature end of file.
2026-03-15 12:03:41,398 [ERROR] LogOutputStream:75 - [STDERR_REDIRECT] 
2026-03-15 12:03:42,399 [ERROR] LogOutputStream:75 - [STDERR_REDIRECT] [Fatal Error] :1:1: Premature end of file.
2026-03-15 12:03:42,399 [ERROR] LogOutputStream:75 - [STDERR_REDIRECT] 
2026-03-15 12:03:43,399 [ERROR] LogOutputStream:75 - [STDERR_REDIRECT] [Fatal Error] :1:1: Premature end of file.
2026-03-15 12:03:43,400 [ERROR] LogOutputStream:75 - [STDERR_REDIRECT] 
2026-03-15 12:03:44,398 [ERROR] LogOutputStream:75 - [STDERR_REDIRECT] [Fatal Error] :1:1: Premature end of file.
2026-03-15 12:03:44,398 [ERROR] LogOutputStream:75 - [STDERR_REDIRECT] 
2026-03-15 12:03:45,400 [ERROR] LogOutputStream:75 - [STDERR_REDIRECT] [Fatal Error] :1:1: Premature end of file.
2026-03-15 12:03:45,400 [ERROR] LogOutputStream:75 - [STDERR_REDIRECT] 
2026-03-15 12:03:46,398 [ERROR] LogOutputStream:75 - [STDERR_REDIRECT] [Fatal Error] :1:1: Premature end of file.
2026-03-15 12:03:46,398 [ERROR] LogOutputStream:75 - [STDERR_REDIRECT] 
2026-03-15 12:03:47,401 [ERROR] LogOutputStream:75 - [STDERR_REDIRECT] [Fatal Error] :1:1: Premature end of file.
2026-03-15 12:03:47,401 [ERROR] LogOutputStream:75 - [STDERR_REDIRECT] 
2026-03-15 12:03:48,402 [ERROR] LogOutputStream:75 - [STDERR_REDIRECT] [Fatal Error] :1:1: Premature end of file.
2026-03-15 12:03:48,402 [ERROR] LogOutputStream:75 - [STDERR_REDIRECT] 
2026-03-15 12:03:49,397 [ERROR] LogOutputStream:75 - [STDERR_REDIRECT] [Fatal Error] :1:1: Premature end of file.
2026-03-15 12:03:49,397 [ERROR] LogOutputStream:75 - [STDERR_REDIRECT] 
2026-03-15 12:03:50,401 [ERROR] LogOutputStream:75 - [STDERR_REDIRECT] [Fatal Error] :1:1: Premature end of file.
2026-03-15 12:03:50,401 [ERROR] LogOutputStream:75 - [STDERR_REDIRECT] 
2026-03-15 12:03:51,398 [ERROR] LogOutputStream:75 - [STDERR_REDIRECT] [Fatal Error] :1:1: Premature end of file.
2026-03-15 12:03:51,398 [ERROR] LogOutputStream:75 - [STDERR_REDIRECT] 
2026-03-15 12:03:52,408 [ERROR] LogOutputStream:75 - [STDERR_REDIRECT] [Fatal Error] :1:1: Premature end of file.
2026-03-15 12:03:52,409 [ERROR] LogOutputStream:75 - [STDERR_REDIRECT] 
2026-03-15 12:03:53,401 [ERROR] LogOutputStream:75 - [STDERR_REDIRECT] [Fatal Error] :1:1: Premature end of file.
2026-03-15 12:03:53,401 [ERROR] LogOutputStream:75 - [STDERR_REDIRECT] 
2026-03-15 12:03:54,398 [ERROR] LogOutputStream:75 - [STDERR_REDIRECT] [Fatal Error] :1:1: Premature end of file.
2026-03-15 12:03:54,398 [ERROR] LogOutputStream:75 - [STDERR_REDIRECT] 
2026-03-15 12:03:55,398 [ERROR] LogOutputStream:75 - [STDERR_REDIRECT] [Fatal Error] :1:1: Premature end of file.
2026-03-15 12:03:55,398 [ERROR] LogOutputStream:75 - [STDERR_REDIRECT] 
2026-03-15 12:03:56,398 [ERROR] LogOutputStream:75 - [STDERR_REDIRECT] [Fatal Error] :1:1: Premature end of file.
2026-03-15 12:03:56,399 [ERROR] LogOutputStream:75 - [STDERR_REDIRECT] 
2026-03-15 12:03:57,399 [ERROR] LogOutputStream:75 - [STDERR_REDIRECT] [Fatal Error] :1:1: Premature end of file.
2026-03-15 12:03:57,399 [ERROR] LogOutputStream:75 - [STDERR_REDIRECT] 
2026-03-15 12:03:58,399 [ERROR] LogOutputStream:75 - [STDERR_REDIRECT] [Fatal Error] :1:1: Premature end of file.
2026-03-15 12:03:58,399 [ERROR] LogOutputStream:75 - [STDERR_REDIRECT] 
2026-03-15 12:03:59,397 [ERROR] LogOutputStream:75 - [STDERR_REDIRECT] [Fatal Error] :1:1: Premature end of file.
2026-03-15 12:03:59,398 [ERROR] LogOutputStream:75 - [STDERR_REDIRECT] 
2026-03-15 12:04:00,398 [ERROR] LogOutputStream:75 - [STDERR_REDIRECT] [Fatal Error] :1:1: Premature end of file.
2026-03-15 12:04:00,398 [ERROR] LogOutputStream:75 - [STDERR_REDIRECT] 
2026-03-15 12:04:01,399 [ERROR] LogOutputStream:75 - [STDERR_REDIRECT] [Fatal Error] :1:1: Premature end of file.
2026-03-15 12:04:01,399 [ERROR] LogOutputStream:75 - [STDERR_REDIRECT] 
2026-03-15 12:04:02,398 [ERROR] LogOutputStream:75 - [STDERR_REDIRECT] [Fatal Error] :1:1: Premature end of file.
2026-03-15 12:04:02,399 [ERROR] LogOutputStream:75 - [STDERR_REDIRECT] 
2026-03-15 12:04:03,400 [ERROR] LogOutputStream:75 - [STDERR_REDIRECT] [Fatal Error] :1:1: Premature end of file.
2026-03-15 12:04:03,400 [ERROR] LogOutputStream:75 - [STDERR_REDIRECT] 
2026-03-15 12:04:04,399 [ERROR] LogOutputStream:75 - [STDERR_REDIRECT] [Fatal Error] :1:1: Premature end of file.
2026-03-15 12:04:04,399 [ERROR] LogOutputStream:75 - [STDERR_REDIRECT] 
2026-03-15 12:04:05,398 [ERROR] LogOutputStream:75 - [STDERR_REDIRECT] [Fatal Error] :1:1: Premature end of file.
2026-03-15 12:04:05,398 [ERROR] LogOutputStream:75 - [STDERR_REDIRECT] 
2026-03-15 12:04:06,400 [ERROR] LogOutputStream:75 - [STDERR_REDIRECT] [Fatal Error] :1:1: Premature end of file.
2026-03-15 12:04:06,400 [ERROR] LogOutputStream:75 - [STDERR_REDIRECT] 
2026-03-15 12:04:07,401 [ERROR] LogOutputStream:75 - [STDERR_REDIRECT] [Fatal Error] :1:1: Premature end of file.
2026-03-15 12:04:07,401 [ERROR] LogOutputStream:75 - [STDERR_REDIRECT] 
2026-03-15 12:04:08,400 [ERROR] LogOutputStream:75 - [STDERR_REDIRECT] [Fatal Error] :1:1: Premature end of file.
2026-03-15 12:04:08,400 [ERROR] LogOutputStream:75 - [STDERR_REDIRECT] 
2026-03-15 12:04:09,399 [ERROR] LogOutputStream:75 - [STDERR_REDIRECT] [Fatal Error] :1:1: Premature end of file.
2026-03-15 12:04:09,399 [ERROR] LogOutputStream:75 - [STDERR_REDIRECT] 
2026-03-15 12:04:10,399 [ERROR] LogOutputStream:75 - [STDERR_REDIRECT] [Fatal Error] :1:1: Premature end of file.
2026-03-15 12:04:10,400 [ERROR] LogOutputStream:75 - [STDERR_REDIRECT] 
2026-03-15 12:04:11,399 [ERROR] LogOutputStream:75 - [STDERR_REDIRECT] [Fatal Error] :1:1: Premature end of file.
2026-03-15 12:04:11,399 [ERROR] LogOutputStream:75 - [STDERR_REDIRECT] 
2026-03-15 12:04:12,399 [ERROR] LogOutputStream:75 - [STDERR_REDIRECT] [Fatal Error] :1:1: Premature end of file.
2026-03-15 12:04:12,399 [ERROR] LogOutputStream:75 - [STDERR_REDIRECT] 
2026-03-15 12:04:13,400 [ERROR] LogOutputStream:75 - [STDERR_REDIRECT] [Fatal Error] :1:1: Premature end of file.
2026-03-15 12:04:13,400 [ERROR] LogOutputStream:75 - [STDERR_REDIRECT] 
2026-03-15 12:04:14,400 [ERROR] LogOutputStream:75 - [STDERR_REDIRECT] [Fatal Error] :1:1: Premature end of file.
2026-03-15 12:04:14,400 [ERROR] LogOutputStream:75 - [STDERR_REDIRECT] 
2026-03-15 12:04:15,400 [ERROR] LogOutputStream:75 - [STDERR_REDIRECT] [Fatal Error] :1:1: Premature end of file.
2026-03-15 12:04:15,400 [ERROR] LogOutputStream:75 - [STDERR_REDIRECT] 
2026-03-15 12:04:16,399 [ERROR] LogOutputStream:75 - [STDERR_REDIRECT] [Fatal Error] :1:1: Premature end of file.
2026-03-15 12:04:16,399 [ERROR] LogOutputStream:75 - [STDERR_REDIRECT] 
2026-03-15 12:04:17,400 [ERROR] LogOutputStream:75 - [STDERR_REDIRECT] [Fatal Error] :1:1: Premature end of file.
2026-03-15 12:04:17,400 [ERROR] LogOutputStream:75 - [STDERR_REDIRECT] 
2026-03-15 12:04:18,399 [ERROR] LogOutputStream:75 - [STDERR_REDIRECT] [Fatal Error] :1:1: Premature end of file.
2026-03-15 12:04:18,399 [ERROR] LogOutputStream:75 - [STDERR_REDIRECT] 
2026-03-15 12:04:19,401 [ERROR] LogOutputStream:75 - [STDERR_REDIRECT] [Fatal Error] :1:1: Premature end of file.
2026-03-15 12:04:19,401 [ERROR] LogOutputStream:75 - [STDERR_REDIRECT] 
2026-03-15 12:04:20,400 [ERROR] LogOutputStream:75 - [STDERR_REDIRECT] [Fatal Error] :1:1: Premature end of file.
2026-03-15 12:04:20,400 [ERROR] LogOutputStream:75 - [STDERR_REDIRECT] 
2026-03-15 12:04:21,398 [ERROR] LogOutputStream:75 - [STDERR_REDIRECT] [Fatal Error] :1:1: Premature end of file.
2026-03-15 12:04:21,398 [ERROR] LogOutputStream:75 - [STDERR_REDIRECT] 
2026-03-15 12:04:22,400 [ERROR] LogOutputStream:75 - [STDERR_REDIRECT] [Fatal Error] :1:1: Premature end of file.
2026-03-15 12:04:22,400 [ERROR] LogOutputStream:75 - [STDERR_REDIRECT] 
2026-03-15 12:04:23,399 [ERROR] LogOutputStream:75 - [STDERR_REDIRECT] [Fatal Error] :1:1: Premature end of file.
2026-03-15 12:04:23,399 [ERROR] LogOutputStream:75 - [STDERR_REDIRECT] 
2026-03-15 12:04:24,400 [ERROR] LogOutputStream:75 - [STDERR_REDIRECT] [Fatal Error] :1:1: Premature end of file.
2026-03-15 12:04:24,400 [ERROR] LogOutputStream:75 - [STDERR_REDIRECT] 
2026-03-15 12:04:25,399 [ERROR] LogOutputStream:75 - [STDERR_REDIRECT] [Fatal Error] :1:1: Premature end of file.
2026-03-15 12:04:25,399 [ERROR] LogOutputStream:75 - [STDERR_REDIRECT] 
2026-03-15 12:04:26,400 [ERROR] LogOutputStream:75 - [STDERR_REDIRECT] [Fatal Error] :1:1: Premature end of file.
2026-03-15 12:04:26,400 [ERROR] LogOutputStream:75 - [STDERR_REDIRECT] 
2026-03-15 12:04:27,400 [ERROR] LogOutputStream:75 - [STDERR_REDIRECT] [Fatal Error] :1:1: Premature end of file.
2026-03-15 12:04:27,400 [ERROR] LogOutputStream:75 - [STDERR_REDIRECT] 
2026-03-15 12:04:28,398 [ERROR] LogOutputStream:75 - [STDERR_REDIRECT] [Fatal Error] :1:1: Premature end of file.
2026-03-15 12:04:28,398 [ERROR] LogOutputStream:75 - [STDERR_REDIRECT] 
2026-03-15 12:04:29,400 [ERROR] LogOutputStream:75 - [STDERR_REDIRECT] [Fatal Error] :1:1: Premature end of file.
2026-03-15 12:04:29,400 [ERROR] LogOutputStream:75 - [STDERR_REDIRECT] 
2026-03-15 12:04:30,399 [ERROR] LogOutputStream:75 - [STDERR_REDIRECT] [Fatal Error] :1:1: Premature end of file.
2026-03-15 12:04:30,399 [ERROR] LogOutputStream:75 - [STDERR_REDIRECT] 
2026-03-15 12:04:31,399 [ERROR] LogOutputStream:75 - [STDERR_REDIRECT] [Fatal Error] :1:1: Premature end of file.
2026-03-15 12:04:31,400 [ERROR] LogOutputStream:75 - [STDERR_REDIRECT] 
2026-03-15 12:04:32,399 [ERROR] LogOutputStream:75 - [STDERR_REDIRECT] [Fatal Error] :1:1: Premature end of file.
2026-03-15 12:04:32,399 [ERROR] LogOutputStream:75 - [STDERR_REDIRECT] 
2026-03-15 12:04:33,400 [ERROR] LogOutputStream:75 - [STDERR_REDIRECT] [Fatal Error] :1:1: Premature end of file.
2026-03-15 12:04:33,401 [ERROR] LogOutputStream:75 - [STDERR_REDIRECT] 
2026-03-15 12:04:34,400 [ERROR] LogOutputStream:75 - [STDERR_REDIRECT] [Fatal Error] :1:1: Premature end of file.
2026-03-15 12:04:34,400 [ERROR] LogOutputStream:75 - [STDERR_REDIRECT] 
2026-03-15 12:04:35,400 [ERROR] LogOutputStream:75 - [STDERR_REDIRECT] [Fatal Error] :1:1: Premature end of file.
2026-03-15 12:04:35,400 [ERROR] LogOutputStream:75 - [STDERR_REDIRECT] 
2026-03-15 12:04:36,397 [ERROR] LogOutputStream:75 - [STDERR_REDIRECT] [Fatal Error] :1:1: Premature end of file.
2026-03-15 12:04:36,398 [ERROR] LogOutputStream:75 - [STDERR_REDIRECT] 
2026-03-15 12:04:37,400 [ERROR] LogOutputStream:75 - [STDERR_REDIRECT] [Fatal Error] :1:1: Premature end of file.
2026-03-15 12:04:37,400 [ERROR] LogOutputStream:75 - [STDERR_REDIRECT] 
2026-03-15 12:04:38,401 [ERROR] LogOutputStream:75 - [STDERR_REDIRECT] [Fatal Error] :1:1: Premature end of file.
2026-03-15 12:04:38,401 [ERROR] LogOutputStream:75 - [STDERR_REDIRECT] 
2026-03-15 12:04:39,400 [ERROR] LogOutputStream:75 - [STDERR_REDIRECT] [Fatal Error] :1:1: Premature end of file.
2026-03-15 12:04:39,400 [ERROR] LogOutputStream:75 - [STDERR_REDIRECT] 
2026-03-15 12:04:40,399 [ERROR] LogOutputStream:75 - [STDERR_REDIRECT] [Fatal Error] :1:1: Premature end of file.
2026-03-15 12:04:40,399 [ERROR] LogOutputStream:75 - [STDERR_REDIRECT] 
2026-03-15 12:04:41,398 [ERROR] LogOutputStream:75 - [STDERR_REDIRECT] [Fatal Error] :1:1: Premature end of file.
2026-03-15 12:04:41,399 [ERROR] LogOutputStream:75 - [STDERR_REDIRECT] 
2026-03-15 12:04:42,399 [ERROR] LogOutputStream:75 - [STDERR_REDIRECT] [Fatal Error] :1:1: Premature end of file.
2026-03-15 12:04:42,399 [ERROR] LogOutputStream:75 - [STDERR_REDIRECT] 
2026-03-15 12:04:43,399 [ERROR] LogOutputStream:75 - [STDERR_REDIRECT] [Fatal Error] :1:1: Premature end of file.
2026-03-15 12:04:43,399 [ERROR] LogOutputStream:75 - [STDERR_REDIRECT] 
2026-03-15 12:04:44,400 [ERROR] LogOutputStream:75 - [STDERR_REDIRECT] [Fatal Error] :1:1: Premature end of file.
2026-03-15 12:04:44,400 [ERROR] LogOutputStream:75 - [STDERR_REDIRECT] 
2026-03-15 12:04:45,399 [ERROR] LogOutputStream:75 - [STDERR_REDIRECT] [Fatal Error] :1:1: Premature end of file.
2026-03-15 12:04:45,399 [ERROR] LogOutputStream:75 - [STDERR_REDIRECT] 
2026-03-15 12:04:46,399 [ERROR] LogOutputStream:75 - [STDERR_REDIRECT] [Fatal Error] :1:1: Premature end of file.
2026-03-15 12:04:46,399 [ERROR] LogOutputStream:75 - [STDERR_REDIRECT] 
2026-03-15 12:04:47,400 [ERROR] LogOutputStream:75 - [STDERR_REDIRECT] [Fatal Error] :1:1: Premature end of file.
2026-03-15 12:04:47,400 [ERROR] LogOutputStream:75 - [STDERR_REDIRECT] 
2026-03-15 12:04:48,398 [ERROR] LogOutputStream:75 - [STDERR_REDIRECT] [Fatal Error] :1:1: Premature end of file.
2026-03-15 12:04:48,398 [ERROR] LogOutputStream:75 - [STDERR_REDIRECT] 
2026-03-15 12:04:49,400 [ERROR] LogOutputStream:75 - [STDERR_REDIRECT] [Fatal Error] :1:1: Premature end of file.
2026-03-15 12:04:49,400 [ERROR] LogOutputStream:75 - [STDERR_REDIRECT] 
2026-03-15 12:04:50,397 [ERROR] LogOutputStream:75 - [STDERR_REDIRECT] [Fatal Error] :1:1: Premature end of file.
2026-03-15 12:04:50,397 [ERROR] LogOutputStream:75 - [STDERR_REDIRECT] 
2026-03-15 12:04:51,398 [ERROR] LogOutputStream:75 - [STDERR_REDIRECT] [Fatal Error] :1:1: Premature end of file.
2026-03-15 12:04:51,398 [ERROR] LogOutputStream:75 - [STDERR_REDIRECT] 
2026-03-15 12:04:52,401 [ERROR] LogOutputStream:75 - [STDERR_REDIRECT] [Fatal Error] :1:1: Premature end of file.
2026-03-15 12:04:52,401 [ERROR] LogOutputStream:75 - [STDERR_REDIRECT] 
2026-03-15 12:04:53,398 [ERROR] LogOutputStream:75 - [STDERR_REDIRECT] [Fatal Error] :1:1: Premature end of file.
2026-03-15 12:04:53,398 [ERROR] LogOutputStream:75 - [STDERR_REDIRECT] 
2026-03-15 12:04:54,400 [ERROR] LogOutputStream:75 - [STDERR_REDIRECT] [Fatal Error] :1:1: Premature end of file.
2026-03-15 12:04:54,400 [ERROR] LogOutputStream:75 - [STDERR_REDIRECT] 
2026-03-15 12:04:55,400 [ERROR] LogOutputStream:75 - [STDERR_REDIRECT] [Fatal Error] :1:1: Premature end of file.
2026-03-15 12:04:55,400 [ERROR] LogOutputStream:75 - [STDERR_REDIRECT] 
2026-03-15 12:04:56,400 [ERROR] LogOutputStream:75 - [STDERR_REDIRECT] [Fatal Error] :1:1: Premature end of file.
2026-03-15 12:04:56,400 [ERROR] LogOutputStream:75 - [STDERR_REDIRECT] 
2026-03-15 12:04:57,400 [ERROR] LogOutputStream:75 - [STDERR_REDIRECT] [Fatal Error] :1:1: Premature end of file.
2026-03-15 12:04:57,400 [ERROR] LogOutputStream:75 - [STDERR_REDIRECT] 
2026-03-15 12:04:58,397 [ERROR] LogOutputStream:75 - [STDERR_REDIRECT] [Fatal Error] :1:1: Premature end of file.
2026-03-15 12:04:58,397 [ERROR] LogOutputStream:75 - [STDERR_REDIRECT] 
2026-03-15 12:04:59,400 [ERROR] LogOutputStream:75 - [STDERR_REDIRECT] [Fatal Error] :1:1: Premature end of file.
2026-03-15 12:04:59,400 [ERROR] LogOutputStream:75 - [STDERR_REDIRECT] 
2026-03-15 12:05:00,398 [ERROR] LogOutputStream:75 - [STDERR_REDIRECT] [Fatal Error] :1:1: Premature end of file.
2026-03-15 12:05:00,398 [ERROR] LogOutputStream:75 - [STDERR_REDIRECT] 
2026-03-15 12:05:01,400 [ERROR] LogOutputStream:75 - [STDERR_REDIRECT] [Fatal Error] :1:1: Premature end of file.
2026-03-15 12:05:01,400 [ERROR] LogOutputStream:75 - [STDERR_REDIRECT] 
2026-03-15 12:05:02,398 [ERROR] LogOutputStream:75 - [STDERR_REDIRECT] [Fatal Error] :1:1: Premature end of file.
2026-03-15 12:05:02,398 [ERROR] LogOutputStream:75 - [STDERR_REDIRECT] 
2026-03-15 12:05:03,398 [ERROR] LogOutputStream:75 - [STDERR_REDIRECT] [Fatal Error] :1:1: Premature end of file.
2026-03-15 12:05:03,399 [ERROR] LogOutputStream:75 - [STDERR_REDIRECT] 
2026-03-15 12:05:04,398 [ERROR] LogOutputStream:75 - [STDERR_REDIRECT] [Fatal Error] :1:1: Premature end of file.
2026-03-15 12:05:04,398 [ERROR] LogOutputStream:75 - [STDERR_REDIRECT] 
2026-03-15 12:05:05,399 [ERROR] LogOutputStream:75 - [STDERR_REDIRECT] [Fatal Error] :1:1: Premature end of file.
2026-03-15 12:05:05,399 [ERROR] LogOutputStream:75 - [STDERR_REDIRECT] 
2026-03-15 12:05:06,400 [ERROR] LogOutputStream:75 - [STDERR_REDIRECT] [Fatal Error] :1:1: Premature end of file.
2026-03-15 12:05:06,400 [ERROR] LogOutputStream:75 - [STDERR_REDIRECT] 
2026-03-15 12:05:07,399 [ERROR] LogOutputStream:75 - [STDERR_REDIRECT] [Fatal Error] :1:1: Premature end of file.
2026-03-15 12:05:07,399 [ERROR] LogOutputStream:75 - [STDERR_REDIRECT] 
2026-03-15 12:05:08,398 [ERROR] LogOutputStream:75 - [STDERR_REDIRECT] [Fatal Error] :1:1: Premature end of file.
2026-03-15 12:05:08,399 [ERROR] LogOutputStream:75 - [STDERR_REDIRECT] 
2026-03-15 12:05:09,397 [ERROR] LogOutputStream:75 - [STDERR_REDIRECT] [Fatal Error] :1:1: Premature end of file.
2026-03-15 12:05:09,398 [ERROR] LogOutputStream:75 - [STDERR_REDIRECT] 
2026-03-15 12:05:10,400 [ERROR] LogOutputStream:75 - [STDERR_REDIRECT] [Fatal Error] :1:1: Premature end of file.
2026-03-15 12:05:10,400 [ERROR] LogOutputStream:75 - [STDERR_REDIRECT] 
2026-03-15 12:05:11,400 [ERROR] LogOutputStream:75 - [STDERR_REDIRECT] [Fatal Error] :1:1: Premature end of file.
2026-03-15 12:05:11,400 [ERROR] LogOutputStream:75 - [STDERR_REDIRECT] 
2026-03-15 12:05:12,399 [ERROR] LogOutputStream:75 - [STDERR_REDIRECT] [Fatal Error] :1:1: Premature end of file.
2026-03-15 12:05:12,399 [ERROR] LogOutputStream:75 - [STDERR_REDIRECT] 
2026-03-15 12:05:13,398 [ERROR] LogOutputStream:75 - [STDERR_REDIRECT] [Fatal Error] :1:1: Premature end of file.
2026-03-15 12:05:13,398 [ERROR] LogOutputStream:75 - [STDERR_REDIRECT] 
2026-03-15 12:05:14,400 [ERROR] LogOutputStream:75 - [STDERR_REDIRECT] [Fatal Error] :1:1: Premature end of file.
2026-03-15 12:05:14,400 [ERROR] LogOutputStream:75 - [STDERR_REDIRECT] 
2026-03-15 12:05:15,398 [ERROR] LogOutputStream:75 - [STDERR_REDIRECT] [Fatal Error] :1:1: Premature end of file.
2026-03-15 12:05:15,398 [ERROR] LogOutputStream:75 - [STDERR_REDIRECT] 
2026-03-15 12:05:16,401 [ERROR] LogOutputStream:75 - [STDERR_REDIRECT] [Fatal Error] :1:1: Premature end of file.
2026-03-15 12:05:16,401 [ERROR] LogOutputStream:75 - [STDERR_REDIRECT] 
2026-03-15 12:05:17,399 [ERROR] LogOutputStream:75 - [STDERR_REDIRECT] [Fatal Error] :1:1: Premature end of file.
2026-03-15 12:05:17,399 [ERROR] LogOutputStream:75 - [STDERR_REDIRECT] 
2026-03-15 12:05:18,400 [ERROR] LogOutputStream:75 - [STDERR_REDIRECT] [Fatal Error] :1:1: Premature end of file.
2026-03-15 12:05:18,400 [ERROR] LogOutputStream:75 - [STDERR_REDIRECT] 
2026-03-15 12:05:19,398 [ERROR] LogOutputStream:75 - [STDERR_REDIRECT] [Fatal Error] :1:1: Premature end of file.
2026-03-15 12:05:19,398 [ERROR] LogOutputStream:75 - [STDERR_REDIRECT] 
2026-03-15 12:05:20,399 [ERROR] LogOutputStream:75 - [STDERR_REDIRECT] [Fatal Error] :1:1: Premature end of file.
2026-03-15 12:05:20,399 [ERROR] LogOutputStream:75 - [STDERR_REDIRECT] 
2026-03-15 12:05:21,400 [ERROR] LogOutputStream:75 - [STDERR_REDIRECT] [Fatal Error] :1:1: Premature end of file.
2026-03-15 12:05:21,400 [ERROR] LogOutputStream:75 - [STDERR_REDIRECT] 
2026-03-15 12:05:22,401 [ERROR] LogOutputStream:75 - [STDERR_REDIRECT] [Fatal Error] :1:1: Premature end of file.
2026-03-15 12:05:22,401 [ERROR] LogOutputStream:75 - [STDERR_REDIRECT] 
2026-03-15 12:05:23,399 [ERROR] LogOutputStream:75 - [STDERR_REDIRECT] [Fatal Error] :1:1: Premature end of file.
2026-03-15 12:05:23,399 [ERROR] LogOutputStream:75 - [STDERR_REDIRECT] 
2026-03-15 12:05:24,398 [ERROR] LogOutputStream:75 - [STDERR_REDIRECT] [Fatal Error] :1:1: Premature end of file.
2026-03-15 12:05:24,398 [ERROR] LogOutputStream:75 - [STDERR_REDIRECT] 
2026-03-15 12:05:25,398 [ERROR] LogOutputStream:75 - [STDERR_REDIRECT] [Fatal Error] :1:1: Premature end of file.
2026-03-15 12:05:25,398 [ERROR] LogOutputStream:75 - [STDERR_REDIRECT] 
2026-03-15 12:05:26,398 [ERROR] LogOutputStream:75 - [STDERR_REDIRECT] [Fatal Error] :1:1: Premature end of file.
2026-03-15 12:05:26,398 [ERROR] LogOutputStream:75 - [STDERR_REDIRECT] 
2026-03-15 12:05:27,401 [ERROR] LogOutputStream:75 - [STDERR_REDIRECT] [Fatal Error] :1:1: Premature end of file.
2026-03-15 12:05:27,401 [ERROR] LogOutputStream:75 - [STDERR_REDIRECT] 
2026-03-15 12:05:28,400 [ERROR] LogOutputStream:75 - [STDERR_REDIRECT] [Fatal Error] :1:1: Premature end of file.
2026-03-15 12:05:28,400 [ERROR] LogOutputStream:75 - [STDERR_REDIRECT] 
2026-03-15 12:05:29,399 [ERROR] LogOutputStream:75 - [STDERR_REDIRECT] [Fatal Error] :1:1: Premature end of file.
2026-03-15 12:05:29,399 [ERROR] LogOutputStream:75 - [STDERR_REDIRECT] 
2026-03-15 12:05:30,399 [ERROR] LogOutputStream:75 - [STDERR_REDIRECT] [Fatal Error] :1:1: Premature end of file.
2026-03-15 12:05:30,399 [ERROR] LogOutputStream:75 - [STDERR_REDIRECT] 
2026-03-15 12:05:31,400 [ERROR] LogOutputStream:75 - [STDERR_REDIRECT] [Fatal Error] :1:1: Premature end of file.
2026-03-15 12:05:31,400 [ERROR] LogOutputStream:75 - [STDERR_REDIRECT] 
2026-03-15 12:05:32,398 [ERROR] LogOutputStream:75 - [STDERR_REDIRECT] [Fatal Error] :1:1: Premature end of file.
2026-03-15 12:05:32,398 [ERROR] LogOutputStream:75 - [STDERR_REDIRECT] 
2026-03-15 12:05:33,400 [ERROR] LogOutputStream:75 - [STDERR_REDIRECT] [Fatal Error] :1:1: Premature end of file.
2026-03-15 12:05:33,400 [ERROR] LogOutputStream:75 - [STDERR_REDIRECT] 
2026-03-15 12:05:34,401 [ERROR] LogOutputStream:75 - [STDERR_REDIRECT] [Fatal Error] :1:1: Premature end of file.
2026-03-15 12:05:34,401 [ERROR] LogOutputStream:75 - [STDERR_REDIRECT] 
2026-03-15 12:05:35,400 [ERROR] LogOutputStream:75 - [STDERR_REDIRECT] [Fatal Error] :1:1: Premature end of file.
2026-03-15 12:05:35,400 [ERROR] LogOutputStream:75 - [STDERR_REDIRECT] 
2026-03-15 12:05:36,399 [ERROR] LogOutputStream:75 - [STDERR_REDIRECT] [Fatal Error] :1:1: Premature end of file.
2026-03-15 12:05:36,399 [ERROR] LogOutputStream:75 - [STDERR_REDIRECT] 
2026-03-15 12:05:37,398 [ERROR] LogOutputStream:75 - [STDERR_REDIRECT] [Fatal Error] :1:1: Premature end of file.
2026-03-15 12:05:37,398 [ERROR] LogOutputStream:75 - [STDERR_REDIRECT] 
2026-03-15 12:05:38,397 [ERROR] LogOutputStream:75 - [STDERR_REDIRECT] [Fatal Error] :1:1: Premature end of file.
2026-03-15 12:05:38,397 [ERROR] LogOutputStream:75 - [STDERR_REDIRECT] 
2026-03-15 12:05:39,398 [ERROR] LogOutputStream:75 - [STDERR_REDIRECT] [Fatal Error] :1:1: Premature end of file.
2026-03-15 12:05:39,398 [ERROR] LogOutputStream:75 - [STDERR_REDIRECT] 
2026-03-15 12:05:40,399 [ERROR] LogOutputStream:75 - [STDERR_REDIRECT] [Fatal Error] :1:1: Premature end of file.
2026-03-15 12:05:40,399 [ERROR] LogOutputStream:75 - [STDERR_REDIRECT] 
2026-03-15 12:05:41,399 [ERROR] LogOutputStream:75 - [STDERR_REDIRECT] [Fatal Error] :1:1: Premature end of file.
2026-03-15 12:05:41,399 [ERROR] LogOutputStream:75 - [STDERR_REDIRECT] 
2026-03-15 12:05:42,396 [ERROR] LogOutputStream:75 - [STDERR_REDIRECT] [Fatal Error] :1:1: Premature end of file.
2026-03-15 12:05:42,398 [ERROR] LogOutputStream:75 - [STDERR_REDIRECT] 
2026-03-15 12:05:43,399 [ERROR] LogOutputStream:75 - [STDERR_REDIRECT] [Fatal Error] :1:1: Premature end of file.
2026-03-15 12:05:43,399 [ERROR] LogOutputStream:75 - [STDERR_REDIRECT] 
2026-03-15 12:05:44,397 [ERROR] LogOutputStream:75 - [STDERR_REDIRECT] [Fatal Error] :1:1: Premature end of file.
2026-03-15 12:05:44,397 [ERROR] LogOutputStream:75 - [STDERR_REDIRECT] 
2026-03-15 12:05:45,401 [ERROR] LogOutputStream:75 - [STDERR_REDIRECT] [Fatal Error] :1:1: Premature end of file.
2026-03-15 12:05:45,401 [ERROR] LogOutputStream:75 - [STDERR_REDIRECT] 
2026-03-15 12:05:46,399 [ERROR] LogOutputStream:75 - [STDERR_REDIRECT] [Fatal Error] :1:1: Premature end of file.
2026-03-15 12:05:46,399 [ERROR] LogOutputStream:75 - [STDERR_REDIRECT] 
2026-03-15 12:05:47,399 [ERROR] LogOutputStream:75 - [STDERR_REDIRECT] [Fatal Error] :1:1: Premature end of file.
2026-03-15 12:05:47,401 [ERROR] LogOutputStream:75 - [STDERR_REDIRECT] 
2026-03-15 12:05:48,396 [ERROR] LogOutputStream:75 - [STDERR_REDIRECT] [Fatal Error] :1:1: Premature end of file.
2026-03-15 12:05:48,396 [ERROR] LogOutputStream:75 - [STDERR_REDIRECT] 
2026-03-15 12:05:49,398 [ERROR] LogOutputStream:75 - [STDERR_REDIRECT] [Fatal Error] :1:1: Premature end of file.
2026-03-15 12:05:49,398 [ERROR] LogOutputStream:75 - [STDERR_REDIRECT] 
2026-03-15 12:05:50,399 [ERROR] LogOutputStream:75 - [STDERR_REDIRECT] [Fatal Error] :1:1: Premature end of file.
2026-03-15 12:05:50,400 [ERROR] LogOutputStream:75 - [STDERR_REDIRECT] 
2026-03-15 12:05:51,398 [ERROR] LogOutputStream:75 - [STDERR_REDIRECT] [Fatal Error] :1:1: Premature end of file.
2026-03-15 12:05:51,398 [ERROR] LogOutputStream:75 - [STDERR_REDIRECT] 
2026-03-15 12:05:52,398 [ERROR] LogOutputStream:75 - [STDERR_REDIRECT] [Fatal Error] :1:1: Premature end of file.
2026-03-15 12:05:52,398 [ERROR] LogOutputStream:75 - [STDERR_REDIRECT] 
2026-03-15 12:05:53,401 [ERROR] LogOutputStream:75 - [STDERR_REDIRECT] [Fatal Error] :1:1: Premature end of file.
2026-03-15 12:05:53,401 [ERROR] LogOutputStream:75 - [STDERR_REDIRECT] 
2026-03-15 12:05:54,399 [ERROR] LogOutputStream:75 - [STDERR_REDIRECT] [Fatal Error] :1:1: Premature end of file.
2026-03-15 12:05:54,400 [ERROR] LogOutputStream:75 - [STDERR_REDIRECT] 
2026-03-15 12:05:55,399 [ERROR] LogOutputStream:75 - [STDERR_REDIRECT] [Fatal Error] :1:1: Premature end of file.
2026-03-15 12:05:55,399 [ERROR] LogOutputStream:75 - [STDERR_REDIRECT] 
2026-03-15 12:05:56,399 [ERROR] LogOutputStream:75 - [STDERR_REDIRECT] [Fatal Error] :1:1: Premature end of file.
2026-03-15 12:05:56,399 [ERROR] LogOutputStream:75 - [STDERR_REDIRECT] 
2026-03-15 12:05:57,399 [ERROR] LogOutputStream:75 - [STDERR_REDIRECT] [Fatal Error] :1:1: Premature end of file.
2026-03-15 12:05:57,399 [ERROR] LogOutputStream:75 - [STDERR_REDIRECT] 
2026-03-15 12:05:58,400 [ERROR] LogOutputStream:75 - [STDERR_REDIRECT] [Fatal Error] :1:1: Premature end of file.
2026-03-15 12:05:58,400 [ERROR] LogOutputStream:75 - [STDERR_REDIRECT] 
2026-03-15 12:05:59,397 [ERROR] LogOutputStream:75 - [STDERR_REDIRECT] [Fatal Error] :1:1: Premature end of file.
2026-03-15 12:05:59,398 [ERROR] LogOutputStream:75 - [STDERR_REDIRECT] 
2026-03-15 12:06:00,403 [ERROR] LogOutputStream:75 - [STDERR_REDIRECT] [Fatal Error] :1:1: Premature end of file.
2026-03-15 12:06:00,403 [ERROR] LogOutputStream:75 - [STDERR_REDIRECT] 
2026-03-15 12:06:01,399 [ERROR] LogOutputStream:75 - [STDERR_REDIRECT] [Fatal Error] :1:1: Premature end of file.
2026-03-15 12:06:01,399 [ERROR] LogOutputStream:75 - [STDERR_REDIRECT] 
2026-03-15 12:06:02,398 [ERROR] LogOutputStream:75 - [STDERR_REDIRECT] [Fatal Error] :1:1: Premature end of file.
2026-03-15 12:06:02,398 [ERROR] LogOutputStream:75 - [STDERR_REDIRECT] 
2026-03-15 12:06:03,401 [ERROR] LogOutputStream:75 - [STDERR_REDIRECT] [Fatal Error] :1:1: Premature end of file.
2026-03-15 12:06:03,402 [ERROR] LogOutputStream:75 - [STDERR_REDIRECT] 
2026-03-15 12:06:04,346 [ERROR] LogOutputStream:75 - [STDERR_REDIRECT] 
