2026-03-09 20:10:56,293 [INFO] Activator:176 - 


2026-03-09 20:10:56,298 [INFO] Activator:177 - !SESSION log4j initialized
2026-03-09 20:11:05,264 [INFO] LogOutputStream:77 - [STDOUT_REDIRECT] 
2026-03-09 20:11:09,861 [INFO] ApplicationProperties:184 - Using Application install path: C:\ST\STM32CubeIDE_1.19.0\STM32CubeIDE\plugins\com.st.stm32cube.common.mx_6.15.0.202507011659
2026-03-09 20:11:09,880 [INFO] DbMcusXml:78 - Set database path to: C:\ST\STM32CubeIDE_1.19.0\STM32CubeIDE\plugins\com.st.stm32cube.common.mx_6.15.0.202507011659\\db\/mcu/
2026-03-09 20:11:09,880 [INFO] ApiDb:274 - Set plugin database path to: C:\ST\STM32CubeIDE_1.19.0\STM32CubeIDE\plugins\com.st.stm32cube.common.mx_6.15.0.202507011659\\db\/plugins/boardmanager/
2026-03-09 20:11:09,881 [WARN] ApiDb:259 - Overriding images path with different value:  => C:\ST\STM32CubeIDE_1.19.0\STM32CubeIDE\plugins\com.st.stm32cube.common.mx_6.15.0.202507011659\\db\/plugins/mcufinder/images/
2026-03-09 20:11:09,889 [INFO] ApiDb:250 - Set database path to: C:\Users\Song\.stmcufinder\plugins\mcufinder//mcu/
2026-03-09 20:11:09,891 [INFO] DbMcusAds:125 - Set database path to: C:\Users\Song\.stmcufinder\plugins\mcufinder//mcu/
2026-03-09 20:11:09,893 [INFO] CrossReferenceDbSqlite:203 - Set database path to: C:\Users\Song\.stmcufinder\plugins\mcufinder//mcu/cs/
2026-03-09 20:11:10,020 [INFO] RulesReader:64 - Compatibility file has been processed (317 Rules)
2026-03-09 20:11:10,151 [INFO] DbMcusXml:78 - Set database path to: C:\ST\STM32CubeIDE_1.19.0\STM32CubeIDE\plugins\com.st.stm32cube.common.mx_6.15.0.202507011659\\db\/mcu/
2026-03-09 20:11:10,151 [INFO] ApiDb:274 - Set plugin database path to: C:\ST\STM32CubeIDE_1.19.0\STM32CubeIDE\plugins\com.st.stm32cube.common.mx_6.15.0.202507011659\\db\/plugins/boardmanager/
2026-03-09 20:11:10,151 [INFO] ApiDb:261 - Set plugin images path to: C:\ST\STM32CubeIDE_1.19.0\STM32CubeIDE\plugins\com.st.stm32cube.common.mx_6.15.0.202507011659\\db\/plugins/mcufinder/images/
2026-03-09 20:11:10,152 [WARN] DbFile:41 - Overriding database path with different value: C:\Users\Song\.stmcufinder\plugins\mcufinder/ => C:\Users\Song\.stmcufinder\plugins\mcufinder
2026-03-09 20:11:10,152 [INFO] ApiDb:250 - Set database path to: C:\Users\Song\.stmcufinder\plugins\mcufinder//mcu/
2026-03-09 20:11:10,152 [WARN] DbFile:41 - Overriding database path with different value: C:\Users\Song\.stmcufinder\plugins\mcufinder/ => C:\Users\Song\.stmcufinder\plugins\mcufinder
2026-03-09 20:11:10,152 [INFO] DbMcusAds:125 - Set database path to: C:\Users\Song\.stmcufinder\plugins\mcufinder//mcu/
2026-03-09 20:11:10,152 [WARN] DbFile:41 - Overriding database path with different value: C:\Users\Song\.stmcufinder\plugins\mcufinder/ => C:\Users\Song\.stmcufinder\plugins\mcufinder
2026-03-09 20:11:10,152 [WARN] DbFile:41 - Overriding database path with different value: C:\Users\Song\.stmcufinder\plugins\mcufinder/ => C:\Users\Song\.stmcufinder\plugins\mcufinder
2026-03-09 20:11:10,152 [INFO] CrossReferenceDbSqlite:203 - Set database path to: C:\Users\Song\.stmcufinder\plugins\mcufinder//mcu/cs/
2026-03-09 20:11:10,263 [INFO] MainPanel:274 - HeapMemory: 268435456
2026-03-09 20:11:10,407 [INFO] DbMcusXml:78 - Set database path to: C:\ST\STM32CubeIDE_1.19.0\STM32CubeIDE\plugins\com.st.stm32cube.common.mx_6.15.0.202507011659\\db\/mcu/
2026-03-09 20:11:10,407 [INFO] ApiDb:274 - Set plugin database path to: C:\ST\STM32CubeIDE_1.19.0\STM32CubeIDE\plugins\com.st.stm32cube.common.mx_6.15.0.202507011659\\db\/plugins/boardmanager/
2026-03-09 20:11:10,407 [INFO] ApiDb:261 - Set plugin images path to: C:\ST\STM32CubeIDE_1.19.0\STM32CubeIDE\plugins\com.st.stm32cube.common.mx_6.15.0.202507011659\\db\/plugins/mcufinder/images/
2026-03-09 20:11:10,407 [WARN] DbFile:41 - Overriding database path with different value: C:\Users\Song\.stmcufinder\plugins\mcufinder/ => C:\Users\Song\.stmcufinder\plugins\mcufinder
2026-03-09 20:11:10,407 [INFO] ApiDb:250 - Set database path to: C:\Users\Song\.stmcufinder\plugins\mcufinder//mcu/
2026-03-09 20:11:10,407 [WARN] DbFile:41 - Overriding database path with different value: C:\Users\Song\.stmcufinder\plugins\mcufinder/ => C:\Users\Song\.stmcufinder\plugins\mcufinder
2026-03-09 20:11:10,408 [INFO] DbMcusAds:125 - Set database path to: C:\Users\Song\.stmcufinder\plugins\mcufinder//mcu/
2026-03-09 20:11:10,408 [WARN] DbFile:41 - Overriding database path with different value: C:\Users\Song\.stmcufinder\plugins\mcufinder/ => C:\Users\Song\.stmcufinder\plugins\mcufinder
2026-03-09 20:11:10,408 [WARN] DbFile:41 - Overriding database path with different value: C:\Users\Song\.stmcufinder\plugins\mcufinder/ => C:\Users\Song\.stmcufinder\plugins\mcufinder
2026-03-09 20:11:10,408 [INFO] CrossReferenceDbSqlite:203 - Set database path to: C:\Users\Song\.stmcufinder\plugins\mcufinder//mcu/cs/
2026-03-09 20:11:10,423 [INFO] ApplicationProperties:184 - Using Application install path: C:\ST\STM32CubeIDE_1.19.0\STM32CubeIDE\plugins\com.st.stm32cube.common.mx_6.15.0.202507011659
2026-03-09 20:11:10,424 [INFO] PluginManage:196 - Search for loadable plugins [exclusion list=, ]
2026-03-09 20:11:10,425 [INFO] PluginManage:310 - Check plugin analytics
2026-03-09 20:11:10,705 [INFO] AnalyticsPlugin:253 - Accepted Software Licenses: 
2026-03-09 20:11:10,705 [INFO] AnalyticsPlugin:255 - Accepted CMSIS Pack Licenses: 
2026-03-09 20:11:10,705 [INFO] AnalyticsPlugin:257 - Accepted Firmware Licenses: 
2026-03-09 20:11:10,711 [INFO] PluginManage:359 - Loaded plugin analytics (category:tool,tabindex:-1)
2026-03-09 20:11:10,712 [INFO] PluginManage:310 - Check plugin cadmodel
2026-03-09 20:11:10,722 [INFO] CADModel:105 - Init CAD model plugin
2026-03-09 20:11:10,722 [INFO] PluginManage:359 - Loaded plugin cadmodel (category:power,tabindex:5)
2026-03-09 20:11:10,722 [INFO] PluginManage:310 - Check plugin clock
2026-03-09 20:11:10,737 [INFO] PluginManage:359 - Loaded plugin clock (category:base,tabindex:2)
2026-03-09 20:11:10,738 [INFO] PluginManage:310 - Check plugin ddr
2026-03-09 20:11:10,742 [INFO] PluginManage:359 - Loaded plugin ddr (category:tool,tabindex:6)
2026-03-09 20:11:10,742 [INFO] PluginManage:310 - Check plugin filemanager
2026-03-09 20:11:10,904 [INFO] PluginManage:359 - Loaded plugin filemanager (category:base,tabindex:10)
2026-03-09 20:11:10,904 [INFO] PluginManage:310 - Check plugin ipmanager
2026-03-09 20:11:10,911 [INFO] PluginManage:359 - Loaded plugin ipmanager (category:base,tabindex:5)
2026-03-09 20:11:10,911 [INFO] PluginManage:310 - Check plugin lpbam
2026-03-09 20:11:10,918 [INFO] PluginManage:359 - Loaded plugin lpbam (category:base,tabindex:0)
2026-03-09 20:11:10,918 [INFO] PluginManage:310 - Check plugin memorymap
2026-03-09 20:11:10,931 [INFO] PluginManage:359 - Loaded plugin memorymap (category:base,tabindex:4)
2026-03-09 20:11:10,932 [INFO] PluginManage:310 - Check plugin pinoutandconfiguration
2026-03-09 20:11:10,939 [INFO] PluginManage:359 - Loaded plugin pinoutandconfiguration (category:base,tabindex:1)
2026-03-09 20:11:10,939 [INFO] PluginManage:310 - Check plugin pinoutconfig
2026-03-09 20:11:11,007 [WARN] SupportedApi:132 - Cannot load RTOS API schema: s4s-elt-must-match.1: The content of 'definitions' must match (annotation?, (simpleType | complexType)?, (unique | key | keyref)*)). A problem was found starting at: attribute.
2026-03-09 20:11:11,136 [INFO] PluginManage:359 - Loaded plugin pinoutconfig (category:base,tabindex:0)
2026-03-09 20:11:11,136 [INFO] PluginManage:310 - Check plugin power
2026-03-09 20:11:11,147 [INFO] PluginManage:359 - Loaded plugin power (category:power,tabindex:4)
2026-03-09 20:11:11,147 [INFO] PluginManage:310 - Check plugin projectmanager
2026-03-09 20:11:11,161 [INFO] PluginManage:359 - Loaded plugin projectmanager (category:projectmanager,tabindex:4)
2026-03-09 20:11:11,163 [INFO] PluginManage:310 - Check plugin rif
2026-03-09 20:11:11,172 [INFO] PluginManage:359 - Loaded plugin rif (category:base,tabindex:3)
2026-03-09 20:11:11,172 [INFO] PluginManage:310 - Check plugin thirdparty
2026-03-09 20:11:11,330 [WARN] IntegrityCheckThread:84 - waiting for thirdparty lock release [integrity check]
2026-03-09 20:11:11,330 [INFO] IntegrityCheckThread:86 - entering critical section [integrity check]
2026-03-09 20:11:11,330 [INFO] PluginManage:359 - Loaded plugin thirdparty (category:base,tabindex:-1)
2026-03-09 20:11:11,330 [INFO] PluginManage:310 - Check plugin tools
2026-03-09 20:11:11,330 [INFO] ThirdPartyUpdaterWithRetryManager:70 - Updater plugin not ready yet. [1/15]
2026-03-09 20:11:11,334 [INFO] PluginManage:359 - Loaded plugin tools (category:base,tabindex:7)
2026-03-09 20:11:11,334 [INFO] PluginManage:310 - Check plugin tutovideos
2026-03-09 20:11:11,491 [INFO] PluginManage:359 - Loaded plugin tutovideos (category:base,tabindex:-1)
2026-03-09 20:11:11,492 [INFO] PluginManage:310 - Check plugin updater
2026-03-09 20:11:11,510 [INFO] PluginManage:359 - Loaded plugin updater (category:base,tabindex:12)
2026-03-09 20:11:11,510 [INFO] PluginManage:310 - Check plugin userauth
2026-03-09 20:11:11,513 [INFO] UserAuth:118 - Init User Auth plugin
2026-03-09 20:11:11,514 [INFO] PluginManage:359 - Loaded plugin userauth (category:base,tabindex:14)
2026-03-09 20:11:11,514 [INFO] PluginManage:283 - PluginManage : Loaded plugins [18]
2026-03-09 20:11:11,692 [INFO] PinOutPanel:1589 - setPackage(No Configuration,No Configuration)
2026-03-09 20:11:11,762 [INFO] CADModel:165 - CPN selected for project level
2026-03-09 20:11:11,762 [INFO] CADModel:114 - Register for checkConnection events
2026-03-09 20:11:11,778 [INFO] IPUIPlugin:80 - create IPUIPlugin
2026-03-09 20:11:11,778 [INFO] PluginManager:220 - loadIPPluginJar : add adc
2026-03-09 20:11:11,780 [INFO] IPUIPlugin:80 - create IPUIPlugin
2026-03-09 20:11:11,780 [INFO] PluginManager:220 - loadIPPluginJar : add aes
2026-03-09 20:11:11,782 [INFO] IPUIPlugin:80 - create IPUIPlugin
2026-03-09 20:11:11,782 [INFO] PluginManager:220 - loadIPPluginJar : add can
2026-03-09 20:11:11,783 [INFO] IPUIPlugin:80 - create IPUIPlugin
2026-03-09 20:11:11,784 [INFO] PluginManager:220 - loadIPPluginJar : add comp
2026-03-09 20:11:11,785 [INFO] IPUIPlugin:80 - create IPUIPlugin
2026-03-09 20:11:11,785 [INFO] PluginManager:220 - loadIPPluginJar : add cryp
2026-03-09 20:11:11,788 [INFO] IPUIPlugin:80 - create IPUIPlugin
2026-03-09 20:11:11,788 [INFO] PluginManager:220 - loadIPPluginJar : add ddr_ctrl_phy
2026-03-09 20:11:11,790 [INFO] IPUIPlugin:80 - create IPUIPlugin
2026-03-09 20:11:11,790 [INFO] PluginManager:220 - loadIPPluginJar : add dfsdm
2026-03-09 20:11:11,796 [INFO] IPUIPlugin:80 - create IPUIPlugin
2026-03-09 20:11:11,796 [INFO] PluginManager:220 - loadIPPluginJar : add dma
2026-03-09 20:11:11,798 [INFO] IPUIPlugin:80 - create IPUIPlugin
2026-03-09 20:11:11,798 [INFO] PluginManager:220 - loadIPPluginJar : add dma3
2026-03-09 20:11:11,801 [INFO] IPUIPlugin:80 - create IPUIPlugin
2026-03-09 20:11:11,801 [INFO] PluginManager:220 - loadIPPluginJar : add extmemmanager
2026-03-09 20:11:11,802 [INFO] IPUIPlugin:80 - create IPUIPlugin
2026-03-09 20:11:11,802 [INFO] PluginManager:220 - loadIPPluginJar : add fatfs
2026-03-09 20:11:11,806 [INFO] IPUIPlugin:80 - create IPUIPlugin
2026-03-09 20:11:11,806 [INFO] PluginManager:220 - loadIPPluginJar : add fmc
2026-03-09 20:11:11,810 [INFO] IPUIPlugin:80 - create IPUIPlugin
2026-03-09 20:11:11,811 [INFO] PluginManager:220 - loadIPPluginJar : add freertos
2026-03-09 20:11:11,812 [INFO] IPUIPlugin:80 - create IPUIPlugin
2026-03-09 20:11:11,812 [INFO] PluginManager:220 - loadIPPluginJar : add genericplugin
2026-03-09 20:11:11,813 [INFO] IPUIPlugin:80 - create IPUIPlugin
2026-03-09 20:11:11,815 [INFO] PluginManager:220 - loadIPPluginJar : add gfxmmu
2026-03-09 20:11:11,818 [INFO] IPUIPlugin:80 - create IPUIPlugin
2026-03-09 20:11:11,818 [INFO] PluginManager:220 - loadIPPluginJar : add gic
2026-03-09 20:11:11,821 [INFO] IPUIPlugin:80 - create IPUIPlugin
2026-03-09 20:11:11,821 [INFO] PluginManager:220 - loadIPPluginJar : add gpio
2026-03-09 20:11:11,823 [INFO] IPUIPlugin:80 - create IPUIPlugin
2026-03-09 20:11:11,823 [INFO] PluginManager:220 - loadIPPluginJar : add gtzc
2026-03-09 20:11:11,825 [INFO] IPUIPlugin:80 - create IPUIPlugin
2026-03-09 20:11:11,825 [INFO] PluginManager:220 - loadIPPluginJar : add hash
2026-03-09 20:11:11,827 [INFO] IPUIPlugin:80 - create IPUIPlugin
2026-03-09 20:11:11,827 [INFO] PluginManager:220 - loadIPPluginJar : add i2c
2026-03-09 20:11:11,829 [INFO] IPUIPlugin:80 - create IPUIPlugin
2026-03-09 20:11:11,829 [INFO] PluginManager:220 - loadIPPluginJar : add i2s
2026-03-09 20:11:11,832 [INFO] IPUIPlugin:80 - create IPUIPlugin
2026-03-09 20:11:11,832 [INFO] PluginManager:220 - loadIPPluginJar : add i3c
2026-03-09 20:11:11,835 [INFO] IPUIPlugin:80 - create IPUIPlugin
2026-03-09 20:11:11,835 [INFO] PluginManager:220 - loadIPPluginJar : add ipddr
2026-03-09 20:11:11,840 [INFO] IPUIPlugin:80 - create IPUIPlugin
2026-03-09 20:11:11,841 [INFO] PluginManager:220 - loadIPPluginJar : add linkedlist
2026-03-09 20:11:11,844 [INFO] IPUIPlugin:80 - create IPUIPlugin
2026-03-09 20:11:11,844 [INFO] PluginManager:220 - loadIPPluginJar : add lorawan
2026-03-09 20:11:11,845 [INFO] IPUIPlugin:80 - create IPUIPlugin
2026-03-09 20:11:11,845 [INFO] PluginManager:220 - loadIPPluginJar : add ltdc
2026-03-09 20:11:11,850 [INFO] IPUIPlugin:80 - create IPUIPlugin
2026-03-09 20:11:11,850 [INFO] PluginManager:220 - loadIPPluginJar : add mdma
2026-03-09 20:11:11,853 [INFO] IPUIPlugin:80 - create IPUIPlugin
2026-03-09 20:11:11,853 [INFO] PluginManager:220 - loadIPPluginJar : add nvic
2026-03-09 20:11:11,856 [INFO] IPUIPlugin:80 - create IPUIPlugin
2026-03-09 20:11:11,856 [INFO] PluginManager:220 - loadIPPluginJar : add opamp
2026-03-09 20:11:11,858 [INFO] IPUIPlugin:80 - create IPUIPlugin
2026-03-09 20:11:11,858 [INFO] PluginManager:220 - loadIPPluginJar : add openamp
2026-03-09 20:11:11,861 [INFO] IPUIPlugin:80 - create IPUIPlugin
2026-03-09 20:11:11,861 [INFO] PluginManager:220 - loadIPPluginJar : add pdm2pcm
2026-03-09 20:11:11,866 [INFO] IPUIPlugin:80 - create IPUIPlugin
2026-03-09 20:11:11,868 [INFO] PluginManager:220 - loadIPPluginJar : add plateformsettings
2026-03-09 20:11:11,869 [INFO] IPUIPlugin:80 - create IPUIPlugin
2026-03-09 20:11:11,869 [INFO] PluginManager:220 - loadIPPluginJar : add quadspi
2026-03-09 20:11:11,871 [INFO] IPUIPlugin:80 - create IPUIPlugin
2026-03-09 20:11:11,871 [INFO] PluginManager:220 - loadIPPluginJar : add radio
2026-03-09 20:11:11,875 [INFO] IPUIPlugin:80 - create IPUIPlugin
2026-03-09 20:11:11,875 [INFO] PluginManager:220 - loadIPPluginJar : add resmgrutility
2026-03-09 20:11:11,878 [INFO] IPUIPlugin:80 - create IPUIPlugin
2026-03-09 20:11:11,878 [INFO] PluginManager:220 - loadIPPluginJar : add sai
2026-03-09 20:11:11,879 [INFO] IPUIPlugin:80 - create IPUIPlugin
2026-03-09 20:11:11,880 [INFO] PluginManager:220 - loadIPPluginJar : add spi
2026-03-09 20:11:11,884 [INFO] IPUIPlugin:80 - create IPUIPlugin
2026-03-09 20:11:11,884 [INFO] PluginManager:220 - loadIPPluginJar : add stm32_wpan
2026-03-09 20:11:11,885 [INFO] IPUIPlugin:80 - create IPUIPlugin
2026-03-09 20:11:11,885 [INFO] PluginManager:220 - loadIPPluginJar : add tim
2026-03-09 20:11:11,888 [INFO] IPUIPlugin:80 - create IPUIPlugin
2026-03-09 20:11:11,889 [INFO] PluginManager:220 - loadIPPluginJar : add touchsensing
2026-03-09 20:11:11,890 [INFO] IPUIPlugin:80 - create IPUIPlugin
2026-03-09 20:11:11,890 [INFO] PluginManager:220 - loadIPPluginJar : add tracer_emb
2026-03-09 20:11:11,892 [INFO] IPUIPlugin:80 - create IPUIPlugin
2026-03-09 20:11:11,892 [INFO] PluginManager:220 - loadIPPluginJar : add ts
2026-03-09 20:11:11,893 [INFO] IPUIPlugin:80 - create IPUIPlugin
2026-03-09 20:11:11,893 [INFO] PluginManager:220 - loadIPPluginJar : add tsc
2026-03-09 20:11:11,894 [INFO] IPUIPlugin:80 - create IPUIPlugin
2026-03-09 20:11:11,894 [INFO] PluginManager:220 - loadIPPluginJar : add ucpd
2026-03-09 20:11:11,896 [INFO] IPUIPlugin:80 - create IPUIPlugin
2026-03-09 20:11:11,896 [INFO] PluginManager:220 - loadIPPluginJar : add usart
2026-03-09 20:11:11,899 [INFO] IPUIPlugin:80 - create IPUIPlugin
2026-03-09 20:11:11,899 [INFO] PluginManager:220 - loadIPPluginJar : add usbx
2026-03-09 20:11:12,018 [FATAL] Updater:351 - Updater called before beeing initialized
2026-03-09 20:11:12,038 [INFO] RulesReader:64 - Compatibility file has been processed (317 Rules)
2026-03-09 20:11:12,052 [INFO] RulesReader:64 - Compatibility file has been processed (317 Rules)
2026-03-09 20:11:12,063 [INFO] CADModel:165 - CPN selected for project level
2026-03-09 20:11:12,064 [INFO] CADModel:114 - Register for checkConnection events
2026-03-09 20:11:12,064 [FATAL] Updater:351 - Updater called before beeing initialized
2026-03-09 20:11:12,064 [ERROR] CADModel:125 - Updater not yet initialized, retry later 
2026-03-09 20:11:12,236 [FATAL] Updater:351 - Updater called before beeing initialized
2026-03-09 20:11:12,238 [INFO] CADModel:165 - CPN selected for project level
2026-03-09 20:11:12,238 [INFO] CADModel:114 - Register for checkConnection events
2026-03-09 20:11:12,238 [FATAL] Updater:351 - Updater called before beeing initialized
2026-03-09 20:11:12,238 [ERROR] CADModel:125 - Updater not yet initialized, retry later 
2026-03-09 20:11:12,241 [FATAL] Updater:351 - Updater called before beeing initialized
2026-03-09 20:11:12,340 [FATAL] Updater:351 - Updater called before beeing initialized
2026-03-09 20:11:12,343 [INFO] DbMcusAds:53 - JSON generation date=Thu Jan 08 23:57:51 HKT 2026 (1767887871456)
2026-03-09 20:11:12,343 [FATAL] Updater:351 - Updater called before beeing initialized
2026-03-09 20:11:12,374 [WARN] DetailPanel:346 - Failed to get advertising image, set to default
2026-03-09 20:11:12,441 [FATAL] Updater:351 - Updater called before beeing initialized
2026-03-09 20:11:12,442 [FATAL] Updater:351 - Updater called before beeing initialized
2026-03-09 20:11:12,442 [FATAL] Updater:351 - Updater called before beeing initialized
2026-03-09 20:11:12,442 [WARN] DetailPanel:346 - Failed to get advertising image, set to default
2026-03-09 20:11:12,443 [FATAL] Updater:351 - Updater called before beeing initialized
2026-03-09 20:11:12,482 [ERROR] Updater:1198 - MainUpdater not yet initialized. External WinMGr cannot be set.
2026-03-09 20:11:12,484 [INFO] Updater:1134 - Updater Version found : 6.15.0
2026-03-09 20:11:12,501 [INFO] ApplicationProperties:184 - Using Application install path: C:\ST\STM32CubeIDE_1.19.0\STM32CubeIDE\plugins\com.st.stm32cube.common.mx_6.15.0.202507011659
2026-03-09 20:11:14,090 [ERROR] LogOutputStream:75 - [STDERR_REDIRECT] Mar 09, 2026 8:11:14 PM java.util.prefs.WindowsPreferences <init>
2026-03-09 20:11:14,091 [ERROR] LogOutputStream:75 - [STDERR_REDIRECT] WARNING: Could not open/create prefs root node Software\JavaSoft\Prefs at root 0xffffffff80000002. Windows RegCreateKeyEx(...) returned error code 5.
2026-03-09 20:11:14,091 [ERROR] LogOutputStream:75 - [STDERR_REDIRECT] 
2026-03-09 20:11:14,332 [INFO] ThirdPartyUpdaterWithRetryManager:70 - Updater plugin not ready yet. [2/15]
2026-03-09 20:11:14,660 [INFO] MainUpdater:2872 - connection check result : 10
2026-03-09 20:11:14,660 [INFO] MainUpdater:3604 - Updater definition file requires update
2026-03-09 20:11:14,660 [INFO] MainUpdater:289 - Updater Check For Update Now.
2026-03-09 20:11:14,660 [INFO] MicroXplorer:498 - Change Database Version : DB.6.0.150
2026-03-09 20:11:14,665 [INFO] McuFinderGlobals:63 - Set McuFinder mode to 2 (CubeIDE integrated)
2026-03-09 20:11:14,666 [INFO] UserAuth:487 - Internet connection configuration mode: 1
2026-03-09 20:11:14,695 [INFO] JxBrowserEngine:152 - Initiate JxBrowser Engine with user profile folder
2026-03-09 20:11:14,723 [INFO] ServerAccessManage:452 - Complete download http(s) 200
2026-03-09 20:11:14,724 [INFO] ServerAccessManage:509 - Download File updaters.zip
2026-03-09 20:11:14,901 [INFO] FileExtend:248 - Unzip File : updaters.zip
2026-03-09 20:11:14,903 [INFO] FileExtend:263 - Standard Zip Deflate
2026-03-09 20:11:15,198 [INFO] ServerAccessManage:452 - Complete download http(s) 200
2026-03-09 20:11:15,198 [INFO] ServerAccessManage:509 - Download File PacksControlFlags.xml
2026-03-09 20:11:15,292 [INFO] ServerAccessManage:452 - Complete download http(s) 200
2026-03-09 20:11:15,292 [INFO] ServerAccessManage:509 - Download File cubemx.pidx
2026-03-09 20:11:15,749 [INFO] ServerAccessManage:452 - Complete download http(s) 200
2026-03-09 20:11:15,749 [INFO] ServerAccessManage:509 - Download File STMicroelectronics.FP-SNS-MOTENVWB1.pdsc
2026-03-09 20:11:16,074 [INFO] WebApp:169 - Instantiating new browser for Auth
2026-03-09 20:11:16,517 [INFO] ServerAccessManage:452 - Complete download http(s) 200
2026-03-09 20:11:16,517 [INFO] ServerAccessManage:509 - Download File STMicroelectronics.X-CUBE-FREERTOS.pdsc
2026-03-09 20:11:17,161 [INFO] WebApp:463 - Apply proxy settings
2026-03-09 20:11:17,161 [INFO] WebApp:548 - Chromium requires no authentication
2026-03-09 20:11:17,173 [INFO] WebApp:491 - Direct internet connection detected
2026-03-09 20:11:17,200 [INFO] WebApp:900 - Register for checkConnection events
2026-03-09 20:11:17,200 [INFO] WebApp:463 - Apply proxy settings
2026-03-09 20:11:17,200 [INFO] WebApp:548 - Chromium requires no authentication
2026-03-09 20:11:17,200 [INFO] WebApp:491 - Direct internet connection detected
2026-03-09 20:11:17,347 [WARN] MainUpdater:1193 - Updater busy. Cannot search thirdparties
2026-03-09 20:11:17,347 [INFO] ThirdPartyUpdaterWithRetryManager:96 - Updater plugin is busy. [1/15]
2026-03-09 20:11:17,703 [INFO] ServerAccessManage:452 - Complete download http(s) 200
2026-03-09 20:11:17,703 [INFO] ServerAccessManage:509 - Download File STMicroelectronics.X-CUBE-TOUCHGFX.pdsc
2026-03-09 20:11:17,774 [INFO] WebApp:225 - Starting web application
2026-03-09 20:11:17,774 [INFO] WebApp:593 - Web application path used C:\ST\STM32CubeIDE_1.19.0\STM32CubeIDE\plugins\com.st.stm32cube.common.mx_6.15.0.202507011659\db\plugins\mcufinder\reactClient1\index.html
2026-03-09 20:11:17,858 [INFO] UserAuth:487 - Internet connection configuration mode: 1
2026-03-09 20:11:18,106 [ERROR] LogOutputStream:75 - [STDERR_REDIRECT] [Fatal Error] :1:1: Premature end of file.
2026-03-09 20:11:18,106 [ERROR] LogOutputStream:75 - [STDERR_REDIRECT] 
2026-03-09 20:11:18,930 [ERROR] LogOutputStream:75 - [STDERR_REDIRECT] [Fatal Error] :1:1: Premature end of file.
2026-03-09 20:11:18,930 [ERROR] LogOutputStream:75 - [STDERR_REDIRECT] 
2026-03-09 20:11:19,933 [ERROR] LogOutputStream:75 - [STDERR_REDIRECT] [Fatal Error] :1:1: Premature end of file.
2026-03-09 20:11:19,933 [ERROR] LogOutputStream:75 - [STDERR_REDIRECT] 
2026-03-09 20:11:20,348 [WARN] MainUpdater:1193 - Updater busy. Cannot search thirdparties
2026-03-09 20:11:20,348 [INFO] ThirdPartyUpdaterWithRetryManager:96 - Updater plugin is busy. [2/15]
2026-03-09 20:11:20,465 [INFO] ServerAccessManage:452 - Complete download http(s) 200
2026-03-09 20:11:20,465 [INFO] ServerAccessManage:509 - Download File STMicroelectronics.X-CUBE-AZRTOS-H7.pdsc
2026-03-09 20:11:20,943 [ERROR] LogOutputStream:75 - [STDERR_REDIRECT] [Fatal Error] :1:1: Premature end of file.
2026-03-09 20:11:20,943 [ERROR] LogOutputStream:75 - [STDERR_REDIRECT] 
2026-03-09 20:11:21,928 [ERROR] LogOutputStream:75 - [STDERR_REDIRECT] [Fatal Error] :1:1: Premature end of file.
2026-03-09 20:11:21,928 [ERROR] LogOutputStream:75 - [STDERR_REDIRECT] 
2026-03-09 20:11:22,922 [ERROR] LogOutputStream:75 - [STDERR_REDIRECT] [Fatal Error] :1:1: Premature end of file.
2026-03-09 20:11:22,922 [ERROR] LogOutputStream:75 - [STDERR_REDIRECT] 
2026-03-09 20:11:23,361 [WARN] MainUpdater:1193 - Updater busy. Cannot search thirdparties
2026-03-09 20:11:23,361 [INFO] ThirdPartyUpdaterWithRetryManager:96 - Updater plugin is busy. [3/15]
2026-03-09 20:11:23,789 [ERROR] ServerAccessManage:1254 - HTTP unexpected response (418) for https://www.weston-embedded.com/stm_packages/WES.I-CUBE-Cesium.pdsc
2026-03-09 20:11:23,791 [ERROR] ServerAccessManage:740 - Error during Access to HTTP Server. : WES.I-CUBE-Cesium.pdsc.
2026-03-09 20:11:23,930 [ERROR] LogOutputStream:75 - [STDERR_REDIRECT] [Fatal Error] :1:1: Premature end of file.
2026-03-09 20:11:23,931 [ERROR] LogOutputStream:75 - [STDERR_REDIRECT] 
2026-03-09 20:11:24,047 [WARN] PackLoader:240 - Cannot read IP mode file for STMicroelectronics.FP-SNS-MOTENVWB1.1.5.0
2026-03-09 20:11:24,061 [INFO] CheckServerUpdateThread:120 - End of CheckServer Thread
2026-03-09 20:11:24,078 [WARN] PackLoader:240 - Cannot read IP mode file for STMicroelectronics.X-CUBE-FREERTOS.1.5.0
2026-03-09 20:11:24,085 [WARN] PackLoader:240 - Cannot read IP mode file for STMicroelectronics.X-CUBE-TOUCHGFX.4.26.1
2026-03-09 20:11:24,108 [WARN] PackLoader:240 - Cannot read IP mode file for STMicroelectronics.X-CUBE-AZRTOS-H7.3.5.0
2026-03-09 20:11:24,112 [INFO] PopulateThirdPartyThread:66 - Ending populate Thread
2026-03-09 20:11:24,115 [INFO] ThirdParty:1030 - CMSIS Pack Vendor :STMicroelectronics X-CUBE-FREERTOS 1.5.0
2026-03-09 20:11:24,115 [INFO] ThirdParty:1030 - CMSIS Pack Vendor :STMicroelectronics X-CUBE-AZRTOS-H7 3.5.0
2026-03-09 20:11:24,115 [INFO] ThirdParty:1030 - CMSIS Pack Vendor :STMicroelectronics FP-SNS-MOTENVWB1 1.5.0
2026-03-09 20:11:24,115 [INFO] ThirdParty:1030 - CMSIS Pack Vendor :STMicroelectronics X-CUBE-TOUCHGFX 4.26.1
2026-03-09 20:11:24,115 [INFO] LoadServerUpdatesThread:375 - End of LoadServerUpdate Thread
2026-03-09 20:11:24,922 [ERROR] LogOutputStream:75 - [STDERR_REDIRECT] [Fatal Error] :1:1: Premature end of file.
2026-03-09 20:11:24,922 [ERROR] LogOutputStream:75 - [STDERR_REDIRECT] 
2026-03-09 20:11:25,926 [ERROR] LogOutputStream:75 - [STDERR_REDIRECT] [Fatal Error] :1:1: Premature end of file.
2026-03-09 20:11:25,926 [ERROR] LogOutputStream:75 - [STDERR_REDIRECT] 
2026-03-09 20:11:26,529 [WARN] PackLoader:240 - Cannot read IP mode file for STMicroelectronics.X-CUBE-AZRTOS-H7.3.5.0
2026-03-09 20:11:26,537 [WARN] PackLoader:240 - Cannot read IP mode file for STMicroelectronics.FP-SNS-MOTENVWB1.1.4.0
2026-03-09 20:11:26,544 [WARN] PackLoader:240 - Cannot read IP mode file for STMicroelectronics.FP-ATR-ASTRA1.2.0.2
2026-03-09 20:11:26,558 [WARN] PackLoader:240 - Cannot read IP mode file for STMicroelectronics.X-CUBE-SMBUS.2.1.0
2026-03-09 20:11:26,570 [WARN] PackLoader:240 - Cannot read IP mode file for STMicroelectronics.X-CUBE-AZRTOS-F7.1.1.0
2026-03-09 20:11:26,588 [WARN] PackLoader:240 - Cannot read IP mode file for STMicroelectronics.X-CUBE-AZRTOS-H7.3.4.0
2026-03-09 20:11:26,596 [WARN] PackLoader:240 - Cannot read IP mode file for STMicroelectronics.X-CUBE-DISPLAY.3.0.0
2026-03-09 20:11:26,602 [WARN] PackLoader:240 - Cannot read IP mode file for STMicroelectronics.FP-SNS-MOTENVWB1.1.5.0
2026-03-09 20:11:26,614 [WARN] PackLoader:240 - Cannot read IP mode file for STMicroelectronics.X-CUBE-NFC10.1.0.0
2026-03-09 20:11:26,620 [WARN] PackLoader:240 - Cannot read IP mode file for STMicroelectronics.FP-SNS-SMARTAG2.1.2.0
2026-03-09 20:11:26,624 [WARN] PackLoader:240 - Cannot read IP mode file for STMicroelectronics.FP-SNS-FLIGHT1.5.1.0
2026-03-09 20:11:26,632 [INFO] LogOutputStream:77 - [STDOUT_REDIRECT] 1 : Invalid condition id : UX_CORESTACK_Condition cause : null
2026-03-09 20:11:26,634 [INFO] LogOutputStream:77 - [STDOUT_REDIRECT] 1 : Invalid condition id : UX_CORESTACK_Condition cause : null
2026-03-09 20:11:26,635 [INFO] LogOutputStream:77 - [STDOUT_REDIRECT] 1 : Invalid condition id : UX_CORESTACK_Condition cause : null
2026-03-09 20:11:26,636 [INFO] LogOutputStream:77 - [STDOUT_REDIRECT] 1 : Invalid condition id : UX_CORESTACK_Condition cause : null
2026-03-09 20:11:26,638 [INFO] LogOutputStream:77 - [STDOUT_REDIRECT] 1 : Invalid condition id : UX_CORESTACK_Condition cause : null
2026-03-09 20:11:26,640 [WARN] PackLoader:240 - Cannot read IP mode file for STMicroelectronics.X-CUBE-AZRTOS-WL.2.0.0
2026-03-09 20:11:26,653 [WARN] PackLoader:240 - Cannot read IP mode file for STMicroelectronics.X-CUBE-AZRTOS-H7RS.1.2.0
2026-03-09 20:11:26,659 [WARN] PackLoader:240 - Cannot read IP mode file for STMicroelectronics.X-CUBE-BLE2.3.3.0
2026-03-09 20:11:26,699 [WARN] PackLoader:240 - Cannot read IP mode file for Infineon.AIROC-Wi-Fi-Bluetooth-STM32.1.8.0
2026-03-09 20:11:26,710 [WARN] PackLoader:240 - Cannot read IP mode file for STMicroelectronics.X-CUBE-NFC9.1.0.0
2026-03-09 20:11:26,716 [WARN] PackLoader:240 - Cannot read IP mode file for STMicroelectronics.X-CUBE-BLE1.7.1.0
2026-03-09 20:11:26,722 [WARN] PackLoader:240 - Cannot read IP mode file for STMicroelectronics.X-CUBE-FREERTOS.1.4.0
2026-03-09 20:11:26,725 [WARN] PackLoader:240 - Cannot read IP mode file for Cesanta.I-CUBE-Mongoose.7.20.0
2026-03-09 20:11:26,752 [WARN] PackLoader:240 - Cannot read IP mode file for STMicroelectronics.X-CUBE-MEMS1.12.0.0
2026-03-09 20:11:26,823 [WARN] PackLoader:240 - Cannot read IP mode file for STMicroelectronics.X-CUBE-AZRTOS-G0.1.1.0
2026-03-09 20:11:26,828 [WARN] PackLoader:240 - Cannot read IP mode file for STMicroelectronics.X-CUBE-SAFEA1.1.2.2
2026-03-09 20:11:26,835 [WARN] PackLoader:240 - Cannot read IP mode file for STMicroelectronics.X-CUBE-NFC4.3.0.0
2026-03-09 20:11:26,840 [WARN] PackLoader:240 - Cannot read IP mode file for EmbeddedOffice.I-CUBE-FS-RTOS.1.0.1
2026-03-09 20:11:26,847 [WARN] PackLoader:240 - Cannot read IP mode file for STMicroelectronics.X-CUBE-WB05N.2.0.0
2026-03-09 20:11:26,852 [WARN] PackLoader:240 - Cannot read IP mode file for STMicroelectronics.X-CUBE-TCPP.4.2.0
2026-03-09 20:11:26,859 [WARN] PackLoader:240 - Cannot read IP mode file for RealThread.X-CUBE-RT-Thread_Nano.4.1.1
2026-03-09 20:11:26,862 [WARN] PackLoader:240 - Cannot read IP mode file for STMicroelectronics.FP-ATR-SIGFOX1.3.2.0
2026-03-09 20:11:26,866 [WARN] PackLoader:240 - Cannot read IP mode file for STMicroelectronics.X-CUBE-FREERTOS.1.5.0
2026-03-09 20:11:26,871 [WARN] PackLoader:240 - Cannot read IP mode file for STMicroelectronics.X-CUBE-NFC6.3.2.0
2026-03-09 20:11:26,892 [WARN] PackLoader:240 - Cannot read IP mode file for SEGGER.I-CUBE-embOS.1.3.1
2026-03-09 20:11:26,918 [WARN] PackLoader:240 - Cannot read IP mode file for STMicroelectronics.X-CUBE-ALGOBUILD.1.4.0
2026-03-09 20:11:26,937 [ERROR] LogOutputStream:75 - [STDERR_REDIRECT] [Fatal Error] :1:1: Premature end of file.
2026-03-09 20:11:26,937 [ERROR] LogOutputStream:75 - [STDERR_REDIRECT] 
2026-03-09 20:11:26,943 [WARN] PackLoader:240 - Cannot read IP mode file for STMicroelectronics.X-CUBE-MEMS1.11.3.0
2026-03-09 20:11:27,034 [WARN] PackLoader:240 - Cannot read IP mode file for STMicroelectronics.X-CUBE-PM33A1.1.0.0
2026-03-09 20:11:27,045 [WARN] PackLoader:240 - Cannot read IP mode file for STMicroelectronics.X-CUBE-AZRTOS-F4.1.1.0
2026-03-09 20:11:27,050 [WARN] PackLoader:240 - Cannot read IP mode file for STMicroelectronics.X-CUBE-ISPU.2.1.0
2026-03-09 20:11:27,060 [WARN] PackLoader:240 - Cannot read IP mode file for STMicroelectronics.X-CUBE-AZRTOS-L5.2.0.0
2026-03-09 20:11:27,066 [WARN] PackLoader:240 - Cannot read IP mode file for STMicroelectronics.X-CUBE-NFC6.3.1.0
2026-03-09 20:11:27,072 [WARN] PackLoader:240 - Cannot read IP mode file for STMicroelectronics.X-CUBE-FREERTOS.1.3.1
2026-03-09 20:11:27,075 [WARN] PackLoader:240 - Cannot read IP mode file for STMicroelectronics.X-CUBE-TOUCHGFX.4.26.0
2026-03-09 20:11:27,077 [WARN] PackLoader:240 - Cannot read IP mode file for STMicroelectronics.X-CUBE-TOUCHGFX.4.26.1
2026-03-09 20:11:27,081 [WARN] PackLoader:240 - Cannot read IP mode file for STMicroelectronics.X-CUBE-DPower.1.3.0
2026-03-09 20:11:27,091 [WARN] ConditionMgr:438 - getConditionDescription Invalid condition id : LAN8742 Phy interface Condition cause : null
2026-03-09 20:11:27,092 [WARN] PackLoader:240 - Cannot read IP mode file for STMicroelectronics.X-CUBE-AZRTOS-L4.2.0.0
2026-03-09 20:11:27,093 [WARN] ConditionMgr:1044 - genDependencies : Invalid condition id : LAN8742 Phy interface Condition cause : null
2026-03-09 20:11:27,093 [WARN] ConditionMgr:1044 - genDependencies : Invalid condition id : LAN8742 Phy interface Condition cause : null
2026-03-09 20:11:27,093 [WARN] ConditionMgr:1044 - genDependencies : Invalid condition id : LAN8742 Phy interface Condition cause : null
2026-03-09 20:11:27,099 [WARN] PackLoader:240 - Cannot read IP mode file for STMicroelectronics.X-CUBE-SFXS2LP1.4.0.0
2026-03-09 20:11:27,104 [WARN] PackLoader:240 - Cannot read IP mode file for STMicroelectronics.X-CUBE-ST67W61.1.2.0
2026-03-09 20:11:27,112 [WARN] ConditionMgr:438 - getConditionDescription Invalid condition id : UX DEVICE CLASS RTOS Condition cause : null
2026-03-09 20:11:27,112 [WARN] ConditionMgr:438 - getConditionDescription Invalid condition id : UX DEVICE CLASS RTOS Condition cause : null
2026-03-09 20:11:27,114 [WARN] PackLoader:240 - Cannot read IP mode file for STMicroelectronics.X-CUBE-AZRTOS-WB.2.0.0
2026-03-09 20:11:27,115 [WARN] ConditionMgr:1044 - genDependencies : Invalid condition id : UX DEVICE CLASS RTOS Condition cause : null
2026-03-09 20:11:27,115 [WARN] ConditionMgr:1044 - genDependencies : Invalid condition id : UX DEVICE CLASS RTOS Condition cause : null
2026-03-09 20:11:27,115 [WARN] ConditionMgr:1044 - genDependencies : Invalid condition id : UX DEVICE CLASS RTOS Condition cause : null
2026-03-09 20:11:27,115 [WARN] ConditionMgr:1044 - genDependencies : Invalid condition id : UX DEVICE CLASS RTOS Condition cause : null
2026-03-09 20:11:27,115 [WARN] ConditionMgr:1044 - genDependencies : Invalid condition id : UX DEVICE CLASS RTOS Condition cause : null
2026-03-09 20:11:27,119 [WARN] ConditionMgr:438 - getConditionDescription Invalid condition id : Cortex-A Device cause : null
2026-03-09 20:11:27,125 [WARN] ConditionMgr:1044 - genDependencies : Invalid condition id : Cortex-A Device cause : null
2026-03-09 20:11:27,125 [WARN] ConditionMgr:1044 - genDependencies : Invalid condition id : Cortex-A Device cause : null
2026-03-09 20:11:27,125 [WARN] ConditionMgr:1044 - genDependencies : Invalid condition id : Cortex-A Device cause : null
2026-03-09 20:11:27,131 [WARN] PackLoader:240 - Cannot read IP mode file for STMicroelectronics.X-CUBE-STSE01.2.0.0
2026-03-09 20:11:27,138 [WARN] PackLoader:240 - Cannot read IP mode file for STMicroelectronics.X-CUBE-SUBG2.5.0.0
2026-03-09 20:11:27,151 [WARN] PackLoader:240 - Cannot read IP mode file for STMicroelectronics.X-CUBE-AZRTOS-H7RS.1.1.0
2026-03-09 20:11:27,162 [WARN] PackLoader:240 - Cannot read IP mode file for STMicroelectronics.X-CUBE-AZRTOS-G4.2.0.0
2026-03-09 20:11:27,167 [WARN] PackLoader:240 - Cannot read IP mode file for STMicroelectronics.X-CUBE-NFC7.2.0.0
2026-03-09 20:11:27,171 [WARN] PackLoader:240 - Cannot read IP mode file for STMicroelectronics.X-CUBE-ALS.1.0.2
2026-03-09 20:11:27,176 [WARN] PackLoader:240 - Cannot read IP mode file for STMicroelectronics.X-CUBE-STSE01.1.0.0
2026-03-09 20:11:27,184 [WARN] PackLoader:240 - Cannot read IP mode file for STMicroelectronics.X-CUBE-TOF1.3.4.3
2026-03-09 20:11:27,191 [INFO] ThirdParty:978 - Integrity check success = true
2026-03-09 20:11:27,191 [INFO] IntegrityCheckThread:100 - exiting critical section [integrity check]
2026-03-09 20:11:27,191 [INFO] IntegrityCheckThread:103 - End integrity checks thread
2026-03-09 20:11:27,931 [ERROR] LogOutputStream:75 - [STDERR_REDIRECT] [Fatal Error] :1:1: Premature end of file.
2026-03-09 20:11:27,931 [ERROR] LogOutputStream:75 - [STDERR_REDIRECT] 
2026-03-09 20:11:28,922 [ERROR] LogOutputStream:75 - [STDERR_REDIRECT] [Fatal Error] :1:1: Premature end of file.
2026-03-09 20:11:28,922 [ERROR] LogOutputStream:75 - [STDERR_REDIRECT] 
2026-03-09 20:11:29,933 [ERROR] LogOutputStream:75 - [STDERR_REDIRECT] [Fatal Error] :1:1: Premature end of file.
2026-03-09 20:11:29,933 [ERROR] LogOutputStream:75 - [STDERR_REDIRECT] 
2026-03-09 20:11:30,938 [ERROR] LogOutputStream:75 - [STDERR_REDIRECT] [Fatal Error] :1:1: Premature end of file.
2026-03-09 20:11:30,938 [ERROR] LogOutputStream:75 - [STDERR_REDIRECT] 
2026-03-09 20:11:31,929 [ERROR] LogOutputStream:75 - [STDERR_REDIRECT] [Fatal Error] :1:1: Premature end of file.
2026-03-09 20:11:31,929 [ERROR] LogOutputStream:75 - [STDERR_REDIRECT] 
2026-03-09 20:11:32,938 [ERROR] LogOutputStream:75 - [STDERR_REDIRECT] [Fatal Error] :1:1: Premature end of file.
2026-03-09 20:11:32,938 [ERROR] LogOutputStream:75 - [STDERR_REDIRECT] 
2026-03-09 20:11:33,928 [ERROR] LogOutputStream:75 - [STDERR_REDIRECT] [Fatal Error] :1:1: Premature end of file.
2026-03-09 20:11:33,929 [ERROR] LogOutputStream:75 - [STDERR_REDIRECT] 
2026-03-09 20:11:34,934 [ERROR] LogOutputStream:75 - [STDERR_REDIRECT] [Fatal Error] :1:1: Premature end of file.
2026-03-09 20:11:34,934 [ERROR] LogOutputStream:75 - [STDERR_REDIRECT] 
2026-03-09 20:11:35,930 [ERROR] LogOutputStream:75 - [STDERR_REDIRECT] [Fatal Error] :1:1: Premature end of file.
2026-03-09 20:11:35,930 [ERROR] LogOutputStream:75 - [STDERR_REDIRECT] 
2026-03-09 20:11:36,936 [ERROR] LogOutputStream:75 - [STDERR_REDIRECT] [Fatal Error] :1:1: Premature end of file.
2026-03-09 20:11:36,937 [ERROR] LogOutputStream:75 - [STDERR_REDIRECT] 
2026-03-09 20:11:37,924 [ERROR] LogOutputStream:75 - [STDERR_REDIRECT] [Fatal Error] :1:1: Premature end of file.
2026-03-09 20:11:37,924 [ERROR] LogOutputStream:75 - [STDERR_REDIRECT] 
2026-03-09 20:11:38,931 [ERROR] LogOutputStream:75 - [STDERR_REDIRECT] [Fatal Error] :1:1: Premature end of file.
2026-03-09 20:11:38,932 [ERROR] LogOutputStream:75 - [STDERR_REDIRECT] 
2026-03-09 20:11:39,923 [ERROR] LogOutputStream:75 - [STDERR_REDIRECT] [Fatal Error] :1:1: Premature end of file.
2026-03-09 20:11:39,924 [ERROR] LogOutputStream:75 - [STDERR_REDIRECT] 
2026-03-09 20:11:40,933 [ERROR] LogOutputStream:75 - [STDERR_REDIRECT] [Fatal Error] :1:1: Premature end of file.
2026-03-09 20:11:40,935 [ERROR] LogOutputStream:75 - [STDERR_REDIRECT] 
2026-03-09 20:11:41,932 [ERROR] LogOutputStream:75 - [STDERR_REDIRECT] [Fatal Error] :1:1: Premature end of file.
2026-03-09 20:11:41,932 [ERROR] LogOutputStream:75 - [STDERR_REDIRECT] 
2026-03-09 20:11:42,933 [ERROR] LogOutputStream:75 - [STDERR_REDIRECT] [Fatal Error] :1:1: Premature end of file.
2026-03-09 20:11:42,934 [ERROR] LogOutputStream:75 - [STDERR_REDIRECT] 
2026-03-09 20:11:43,920 [ERROR] LogOutputStream:75 - [STDERR_REDIRECT] [Fatal Error] :1:1: Premature end of file.
2026-03-09 20:11:43,920 [ERROR] LogOutputStream:75 - [STDERR_REDIRECT] 
2026-03-09 20:11:44,930 [ERROR] LogOutputStream:75 - [STDERR_REDIRECT] [Fatal Error] :1:1: Premature end of file.
2026-03-09 20:11:44,930 [ERROR] LogOutputStream:75 - [STDERR_REDIRECT] 
2026-03-09 20:11:45,926 [ERROR] LogOutputStream:75 - [STDERR_REDIRECT] [Fatal Error] :1:1: Premature end of file.
2026-03-09 20:11:45,926 [ERROR] LogOutputStream:75 - [STDERR_REDIRECT] 
2026-03-09 20:11:46,958 [ERROR] LogOutputStream:75 - [STDERR_REDIRECT] [Fatal Error] :1:1: Premature end of file.
2026-03-09 20:11:46,958 [ERROR] LogOutputStream:75 - [STDERR_REDIRECT] 
2026-03-09 20:11:47,933 [ERROR] LogOutputStream:75 - [STDERR_REDIRECT] [Fatal Error] :1:1: Premature end of file.
2026-03-09 20:11:47,934 [ERROR] LogOutputStream:75 - [STDERR_REDIRECT] 
2026-03-09 20:11:48,932 [ERROR] LogOutputStream:75 - [STDERR_REDIRECT] [Fatal Error] :1:1: Premature end of file.
2026-03-09 20:11:48,932 [ERROR] LogOutputStream:75 - [STDERR_REDIRECT] 
2026-03-09 20:11:49,930 [ERROR] LogOutputStream:75 - [STDERR_REDIRECT] [Fatal Error] :1:1: Premature end of file.
2026-03-09 20:11:49,930 [ERROR] LogOutputStream:75 - [STDERR_REDIRECT] 
2026-03-09 20:11:50,922 [ERROR] LogOutputStream:75 - [STDERR_REDIRECT] [Fatal Error] :1:1: Premature end of file.
2026-03-09 20:11:50,922 [ERROR] LogOutputStream:75 - [STDERR_REDIRECT] 
2026-03-09 20:11:51,922 [ERROR] LogOutputStream:75 - [STDERR_REDIRECT] [Fatal Error] :1:1: Premature end of file.
2026-03-09 20:11:51,922 [ERROR] LogOutputStream:75 - [STDERR_REDIRECT] 
2026-03-09 20:11:52,919 [ERROR] LogOutputStream:75 - [STDERR_REDIRECT] [Fatal Error] :1:1: Premature end of file.
2026-03-09 20:11:52,920 [ERROR] LogOutputStream:75 - [STDERR_REDIRECT] 
2026-03-09 20:11:53,921 [ERROR] LogOutputStream:75 - [STDERR_REDIRECT] [Fatal Error] :1:1: Premature end of file.
2026-03-09 20:11:53,923 [ERROR] LogOutputStream:75 - [STDERR_REDIRECT] 
2026-03-09 20:11:54,926 [ERROR] LogOutputStream:75 - [STDERR_REDIRECT] [Fatal Error] :1:1: Premature end of file.
2026-03-09 20:11:54,926 [ERROR] LogOutputStream:75 - [STDERR_REDIRECT] 
2026-03-09 20:11:55,920 [ERROR] LogOutputStream:75 - [STDERR_REDIRECT] [Fatal Error] :1:1: Premature end of file.
2026-03-09 20:11:55,921 [ERROR] LogOutputStream:75 - [STDERR_REDIRECT] 
2026-03-09 20:11:56,920 [ERROR] LogOutputStream:75 - [STDERR_REDIRECT] [Fatal Error] :1:1: Premature end of file.
2026-03-09 20:11:56,920 [ERROR] LogOutputStream:75 - [STDERR_REDIRECT] 
2026-03-09 20:11:57,921 [ERROR] LogOutputStream:75 - [STDERR_REDIRECT] [Fatal Error] :1:1: Premature end of file.
2026-03-09 20:11:57,921 [ERROR] LogOutputStream:75 - [STDERR_REDIRECT] 
2026-03-09 20:11:58,918 [ERROR] LogOutputStream:75 - [STDERR_REDIRECT] [Fatal Error] :1:1: Premature end of file.
2026-03-09 20:11:58,918 [ERROR] LogOutputStream:75 - [STDERR_REDIRECT] 
2026-03-09 20:11:59,920 [ERROR] LogOutputStream:75 - [STDERR_REDIRECT] [Fatal Error] :1:1: Premature end of file.
2026-03-09 20:11:59,920 [ERROR] LogOutputStream:75 - [STDERR_REDIRECT] 
2026-03-09 20:12:00,920 [ERROR] LogOutputStream:75 - [STDERR_REDIRECT] [Fatal Error] :1:1: Premature end of file.
2026-03-09 20:12:00,920 [ERROR] LogOutputStream:75 - [STDERR_REDIRECT] 
2026-03-09 20:12:01,921 [ERROR] LogOutputStream:75 - [STDERR_REDIRECT] [Fatal Error] :1:1: Premature end of file.
2026-03-09 20:12:01,921 [ERROR] LogOutputStream:75 - [STDERR_REDIRECT] 
2026-03-09 20:12:02,920 [ERROR] LogOutputStream:75 - [STDERR_REDIRECT] [Fatal Error] :1:1: Premature end of file.
2026-03-09 20:12:02,920 [ERROR] LogOutputStream:75 - [STDERR_REDIRECT] 
2026-03-09 20:12:03,920 [ERROR] LogOutputStream:75 - [STDERR_REDIRECT] [Fatal Error] :1:1: Premature end of file.
2026-03-09 20:12:03,920 [ERROR] LogOutputStream:75 - [STDERR_REDIRECT] 
2026-03-09 20:12:04,919 [ERROR] LogOutputStream:75 - [STDERR_REDIRECT] [Fatal Error] :1:1: Premature end of file.
2026-03-09 20:12:04,919 [ERROR] LogOutputStream:75 - [STDERR_REDIRECT] 
2026-03-09 20:12:05,922 [ERROR] LogOutputStream:75 - [STDERR_REDIRECT] [Fatal Error] :1:1: Premature end of file.
2026-03-09 20:12:05,922 [ERROR] LogOutputStream:75 - [STDERR_REDIRECT] 
2026-03-09 20:12:06,918 [ERROR] LogOutputStream:75 - [STDERR_REDIRECT] [Fatal Error] :1:1: Premature end of file.
2026-03-09 20:12:06,919 [ERROR] LogOutputStream:75 - [STDERR_REDIRECT] 
2026-03-09 20:12:07,919 [ERROR] LogOutputStream:75 - [STDERR_REDIRECT] [Fatal Error] :1:1: Premature end of file.
2026-03-09 20:12:07,920 [ERROR] LogOutputStream:75 - [STDERR_REDIRECT] 
2026-03-09 20:12:08,920 [ERROR] LogOutputStream:75 - [STDERR_REDIRECT] [Fatal Error] :1:1: Premature end of file.
2026-03-09 20:12:08,920 [ERROR] LogOutputStream:75 - [STDERR_REDIRECT] 
2026-03-09 20:12:09,922 [ERROR] LogOutputStream:75 - [STDERR_REDIRECT] [Fatal Error] :1:1: Premature end of file.
2026-03-09 20:12:09,922 [ERROR] LogOutputStream:75 - [STDERR_REDIRECT] 
2026-03-09 20:12:10,920 [ERROR] LogOutputStream:75 - [STDERR_REDIRECT] [Fatal Error] :1:1: Premature end of file.
2026-03-09 20:12:10,921 [ERROR] LogOutputStream:75 - [STDERR_REDIRECT] 
2026-03-09 20:12:11,919 [ERROR] LogOutputStream:75 - [STDERR_REDIRECT] [Fatal Error] :1:1: Premature end of file.
2026-03-09 20:12:11,920 [ERROR] LogOutputStream:75 - [STDERR_REDIRECT] 
2026-03-09 20:12:12,920 [ERROR] LogOutputStream:75 - [STDERR_REDIRECT] [Fatal Error] :1:1: Premature end of file.
2026-03-09 20:12:12,920 [ERROR] LogOutputStream:75 - [STDERR_REDIRECT] 
2026-03-09 20:12:13,919 [ERROR] LogOutputStream:75 - [STDERR_REDIRECT] [Fatal Error] :1:1: Premature end of file.
2026-03-09 20:12:13,920 [ERROR] LogOutputStream:75 - [STDERR_REDIRECT] 
2026-03-09 20:12:14,920 [ERROR] LogOutputStream:75 - [STDERR_REDIRECT] [Fatal Error] :1:1: Premature end of file.
2026-03-09 20:12:14,920 [ERROR] LogOutputStream:75 - [STDERR_REDIRECT] 
2026-03-09 20:12:15,918 [ERROR] LogOutputStream:75 - [STDERR_REDIRECT] [Fatal Error] :1:1: Premature end of file.
2026-03-09 20:12:15,919 [ERROR] LogOutputStream:75 - [STDERR_REDIRECT] 
2026-03-09 20:12:16,918 [ERROR] LogOutputStream:75 - [STDERR_REDIRECT] [Fatal Error] :1:1: Premature end of file.
2026-03-09 20:12:16,919 [ERROR] LogOutputStream:75 - [STDERR_REDIRECT] 
2026-03-09 20:12:17,921 [ERROR] LogOutputStream:75 - [STDERR_REDIRECT] [Fatal Error] :1:1: Premature end of file.
2026-03-09 20:12:17,921 [ERROR] LogOutputStream:75 - [STDERR_REDIRECT] 
2026-03-09 20:12:18,920 [ERROR] LogOutputStream:75 - [STDERR_REDIRECT] [Fatal Error] :1:1: Premature end of file.
2026-03-09 20:12:18,920 [ERROR] LogOutputStream:75 - [STDERR_REDIRECT] 
2026-03-09 20:12:19,919 [ERROR] LogOutputStream:75 - [STDERR_REDIRECT] [Fatal Error] :1:1: Premature end of file.
2026-03-09 20:12:19,919 [ERROR] LogOutputStream:75 - [STDERR_REDIRECT] 
2026-03-09 20:12:20,919 [ERROR] LogOutputStream:75 - [STDERR_REDIRECT] [Fatal Error] :1:1: Premature end of file.
2026-03-09 20:12:20,919 [ERROR] LogOutputStream:75 - [STDERR_REDIRECT] 
2026-03-09 20:12:21,929 [ERROR] LogOutputStream:75 - [STDERR_REDIRECT] [Fatal Error] :1:1: Premature end of file.
2026-03-09 20:12:21,930 [ERROR] LogOutputStream:75 - [STDERR_REDIRECT] 
2026-03-09 20:12:22,920 [ERROR] LogOutputStream:75 - [STDERR_REDIRECT] [Fatal Error] :1:1: Premature end of file.
2026-03-09 20:12:22,920 [ERROR] LogOutputStream:75 - [STDERR_REDIRECT] 
2026-03-09 20:12:23,919 [ERROR] LogOutputStream:75 - [STDERR_REDIRECT] [Fatal Error] :1:1: Premature end of file.
2026-03-09 20:12:23,919 [ERROR] LogOutputStream:75 - [STDERR_REDIRECT] 
2026-03-09 20:12:24,917 [ERROR] LogOutputStream:75 - [STDERR_REDIRECT] [Fatal Error] :1:1: Premature end of file.
2026-03-09 20:12:24,917 [ERROR] LogOutputStream:75 - [STDERR_REDIRECT] 
2026-03-09 20:12:25,920 [ERROR] LogOutputStream:75 - [STDERR_REDIRECT] [Fatal Error] :1:1: Premature end of file.
2026-03-09 20:12:25,920 [ERROR] LogOutputStream:75 - [STDERR_REDIRECT] 
2026-03-09 20:12:26,920 [ERROR] LogOutputStream:75 - [STDERR_REDIRECT] [Fatal Error] :1:1: Premature end of file.
2026-03-09 20:12:26,920 [ERROR] LogOutputStream:75 - [STDERR_REDIRECT] 
2026-03-09 20:12:27,921 [ERROR] LogOutputStream:75 - [STDERR_REDIRECT] [Fatal Error] :1:1: Premature end of file.
2026-03-09 20:12:27,921 [ERROR] LogOutputStream:75 - [STDERR_REDIRECT] 
2026-03-09 20:12:28,919 [ERROR] LogOutputStream:75 - [STDERR_REDIRECT] [Fatal Error] :1:1: Premature end of file.
2026-03-09 20:12:28,919 [ERROR] LogOutputStream:75 - [STDERR_REDIRECT] 
2026-03-09 20:12:29,919 [ERROR] LogOutputStream:75 - [STDERR_REDIRECT] [Fatal Error] :1:1: Premature end of file.
2026-03-09 20:12:29,919 [ERROR] LogOutputStream:75 - [STDERR_REDIRECT] 
2026-03-09 20:12:30,921 [ERROR] LogOutputStream:75 - [STDERR_REDIRECT] [Fatal Error] :1:1: Premature end of file.
2026-03-09 20:12:30,921 [ERROR] LogOutputStream:75 - [STDERR_REDIRECT] 
2026-03-09 20:12:31,920 [ERROR] LogOutputStream:75 - [STDERR_REDIRECT] [Fatal Error] :1:1: Premature end of file.
2026-03-09 20:12:31,920 [ERROR] LogOutputStream:75 - [STDERR_REDIRECT] 
2026-03-09 20:12:32,920 [ERROR] LogOutputStream:75 - [STDERR_REDIRECT] [Fatal Error] :1:1: Premature end of file.
2026-03-09 20:12:32,921 [ERROR] LogOutputStream:75 - [STDERR_REDIRECT] 
2026-03-09 20:12:33,919 [ERROR] LogOutputStream:75 - [STDERR_REDIRECT] [Fatal Error] :1:1: Premature end of file.
2026-03-09 20:12:33,919 [ERROR] LogOutputStream:75 - [STDERR_REDIRECT] 
2026-03-09 20:12:34,919 [ERROR] LogOutputStream:75 - [STDERR_REDIRECT] [Fatal Error] :1:1: Premature end of file.
2026-03-09 20:12:34,919 [ERROR] LogOutputStream:75 - [STDERR_REDIRECT] 
2026-03-09 20:12:35,920 [ERROR] LogOutputStream:75 - [STDERR_REDIRECT] [Fatal Error] :1:1: Premature end of file.
2026-03-09 20:12:35,920 [ERROR] LogOutputStream:75 - [STDERR_REDIRECT] 
2026-03-09 20:12:36,919 [ERROR] LogOutputStream:75 - [STDERR_REDIRECT] [Fatal Error] :1:1: Premature end of file.
2026-03-09 20:12:36,920 [ERROR] LogOutputStream:75 - [STDERR_REDIRECT] 
2026-03-09 20:12:37,921 [ERROR] LogOutputStream:75 - [STDERR_REDIRECT] [Fatal Error] :1:1: Premature end of file.
2026-03-09 20:12:37,921 [ERROR] LogOutputStream:75 - [STDERR_REDIRECT] 
2026-03-09 20:12:38,920 [ERROR] LogOutputStream:75 - [STDERR_REDIRECT] [Fatal Error] :1:1: Premature end of file.
2026-03-09 20:12:38,920 [ERROR] LogOutputStream:75 - [STDERR_REDIRECT] 
2026-03-09 20:12:39,922 [ERROR] LogOutputStream:75 - [STDERR_REDIRECT] [Fatal Error] :1:1: Premature end of file.
2026-03-09 20:12:39,922 [ERROR] LogOutputStream:75 - [STDERR_REDIRECT] 
2026-03-09 20:12:40,918 [ERROR] LogOutputStream:75 - [STDERR_REDIRECT] [Fatal Error] :1:1: Premature end of file.
2026-03-09 20:12:40,918 [ERROR] LogOutputStream:75 - [STDERR_REDIRECT] 
2026-03-09 20:12:41,920 [ERROR] LogOutputStream:75 - [STDERR_REDIRECT] [Fatal Error] :1:1: Premature end of file.
2026-03-09 20:12:41,920 [ERROR] LogOutputStream:75 - [STDERR_REDIRECT] 
2026-03-09 20:12:42,919 [ERROR] LogOutputStream:75 - [STDERR_REDIRECT] [Fatal Error] :1:1: Premature end of file.
2026-03-09 20:12:42,919 [ERROR] LogOutputStream:75 - [STDERR_REDIRECT] 
2026-03-09 20:12:43,921 [ERROR] LogOutputStream:75 - [STDERR_REDIRECT] [Fatal Error] :1:1: Premature end of file.
2026-03-09 20:12:43,921 [ERROR] LogOutputStream:75 - [STDERR_REDIRECT] 
2026-03-09 20:12:44,937 [ERROR] LogOutputStream:75 - [STDERR_REDIRECT] [Fatal Error] :1:1: Premature end of file.
2026-03-09 20:12:44,938 [ERROR] LogOutputStream:75 - [STDERR_REDIRECT] 
2026-03-09 20:12:45,923 [ERROR] LogOutputStream:75 - [STDERR_REDIRECT] [Fatal Error] :1:1: Premature end of file.
2026-03-09 20:12:45,923 [ERROR] LogOutputStream:75 - [STDERR_REDIRECT] 
2026-03-09 20:12:46,923 [ERROR] LogOutputStream:75 - [STDERR_REDIRECT] [Fatal Error] :1:1: Premature end of file.
2026-03-09 20:12:46,923 [ERROR] LogOutputStream:75 - [STDERR_REDIRECT] 
2026-03-09 20:12:47,921 [ERROR] LogOutputStream:75 - [STDERR_REDIRECT] [Fatal Error] :1:1: Premature end of file.
2026-03-09 20:12:47,921 [ERROR] LogOutputStream:75 - [STDERR_REDIRECT] 
2026-03-09 20:12:48,918 [ERROR] LogOutputStream:75 - [STDERR_REDIRECT] [Fatal Error] :1:1: Premature end of file.
2026-03-09 20:12:48,919 [ERROR] LogOutputStream:75 - [STDERR_REDIRECT] 
2026-03-09 20:12:49,920 [ERROR] LogOutputStream:75 - [STDERR_REDIRECT] [Fatal Error] :1:1: Premature end of file.
2026-03-09 20:12:49,921 [ERROR] LogOutputStream:75 - [STDERR_REDIRECT] 
2026-03-09 20:12:50,920 [ERROR] LogOutputStream:75 - [STDERR_REDIRECT] [Fatal Error] :1:1: Premature end of file.
2026-03-09 20:12:50,920 [ERROR] LogOutputStream:75 - [STDERR_REDIRECT] 
2026-03-09 20:12:51,919 [ERROR] LogOutputStream:75 - [STDERR_REDIRECT] [Fatal Error] :1:1: Premature end of file.
2026-03-09 20:12:51,919 [ERROR] LogOutputStream:75 - [STDERR_REDIRECT] 
2026-03-09 20:12:52,920 [ERROR] LogOutputStream:75 - [STDERR_REDIRECT] [Fatal Error] :1:1: Premature end of file.
2026-03-09 20:12:52,920 [ERROR] LogOutputStream:75 - [STDERR_REDIRECT] 
2026-03-09 20:12:53,919 [ERROR] LogOutputStream:75 - [STDERR_REDIRECT] [Fatal Error] :1:1: Premature end of file.
2026-03-09 20:12:53,919 [ERROR] LogOutputStream:75 - [STDERR_REDIRECT] 
2026-03-09 20:12:54,918 [ERROR] LogOutputStream:75 - [STDERR_REDIRECT] [Fatal Error] :1:1: Premature end of file.
2026-03-09 20:12:54,918 [ERROR] LogOutputStream:75 - [STDERR_REDIRECT] 
2026-03-09 20:12:55,919 [ERROR] LogOutputStream:75 - [STDERR_REDIRECT] [Fatal Error] :1:1: Premature end of file.
2026-03-09 20:12:55,919 [ERROR] LogOutputStream:75 - [STDERR_REDIRECT] 
2026-03-09 20:12:56,920 [ERROR] LogOutputStream:75 - [STDERR_REDIRECT] [Fatal Error] :1:1: Premature end of file.
2026-03-09 20:12:56,920 [ERROR] LogOutputStream:75 - [STDERR_REDIRECT] 
2026-03-09 20:12:57,919 [ERROR] LogOutputStream:75 - [STDERR_REDIRECT] [Fatal Error] :1:1: Premature end of file.
2026-03-09 20:12:57,920 [ERROR] LogOutputStream:75 - [STDERR_REDIRECT] 
2026-03-09 20:12:58,919 [ERROR] LogOutputStream:75 - [STDERR_REDIRECT] [Fatal Error] :1:1: Premature end of file.
2026-03-09 20:12:58,920 [ERROR] LogOutputStream:75 - [STDERR_REDIRECT] 
2026-03-09 20:12:59,920 [ERROR] LogOutputStream:75 - [STDERR_REDIRECT] [Fatal Error] :1:1: Premature end of file.
2026-03-09 20:12:59,921 [ERROR] LogOutputStream:75 - [STDERR_REDIRECT] 
2026-03-09 20:13:00,921 [ERROR] LogOutputStream:75 - [STDERR_REDIRECT] [Fatal Error] :1:1: Premature end of file.
2026-03-09 20:13:00,921 [ERROR] LogOutputStream:75 - [STDERR_REDIRECT] 
2026-03-09 20:13:01,920 [ERROR] LogOutputStream:75 - [STDERR_REDIRECT] [Fatal Error] :1:1: Premature end of file.
2026-03-09 20:13:01,920 [ERROR] LogOutputStream:75 - [STDERR_REDIRECT] 
2026-03-09 20:13:02,921 [ERROR] LogOutputStream:75 - [STDERR_REDIRECT] [Fatal Error] :1:1: Premature end of file.
2026-03-09 20:13:02,921 [ERROR] LogOutputStream:75 - [STDERR_REDIRECT] 
2026-03-09 20:13:03,920 [ERROR] LogOutputStream:75 - [STDERR_REDIRECT] [Fatal Error] :1:1: Premature end of file.
2026-03-09 20:13:03,920 [ERROR] LogOutputStream:75 - [STDERR_REDIRECT] 
2026-03-09 20:13:04,920 [ERROR] LogOutputStream:75 - [STDERR_REDIRECT] [Fatal Error] :1:1: Premature end of file.
2026-03-09 20:13:04,920 [ERROR] LogOutputStream:75 - [STDERR_REDIRECT] 
2026-03-09 20:13:05,920 [ERROR] LogOutputStream:75 - [STDERR_REDIRECT] [Fatal Error] :1:1: Premature end of file.
2026-03-09 20:13:05,920 [ERROR] LogOutputStream:75 - [STDERR_REDIRECT] 
2026-03-09 20:13:06,919 [ERROR] LogOutputStream:75 - [STDERR_REDIRECT] [Fatal Error] :1:1: Premature end of file.
2026-03-09 20:13:06,919 [ERROR] LogOutputStream:75 - [STDERR_REDIRECT] 
2026-03-09 20:13:07,921 [ERROR] LogOutputStream:75 - [STDERR_REDIRECT] [Fatal Error] :1:1: Premature end of file.
2026-03-09 20:13:07,921 [ERROR] LogOutputStream:75 - [STDERR_REDIRECT] 
2026-03-09 20:13:08,917 [ERROR] LogOutputStream:75 - [STDERR_REDIRECT] [Fatal Error] :1:1: Premature end of file.
2026-03-09 20:13:08,917 [ERROR] LogOutputStream:75 - [STDERR_REDIRECT] 
2026-03-09 20:13:09,919 [ERROR] LogOutputStream:75 - [STDERR_REDIRECT] [Fatal Error] :1:1: Premature end of file.
2026-03-09 20:13:09,919 [ERROR] LogOutputStream:75 - [STDERR_REDIRECT] 
2026-03-09 20:13:10,919 [ERROR] LogOutputStream:75 - [STDERR_REDIRECT] [Fatal Error] :1:1: Premature end of file.
2026-03-09 20:13:10,919 [ERROR] LogOutputStream:75 - [STDERR_REDIRECT] 
2026-03-09 20:13:11,921 [ERROR] LogOutputStream:75 - [STDERR_REDIRECT] [Fatal Error] :1:1: Premature end of file.
2026-03-09 20:13:11,921 [ERROR] LogOutputStream:75 - [STDERR_REDIRECT] 
2026-03-09 20:13:12,920 [ERROR] LogOutputStream:75 - [STDERR_REDIRECT] [Fatal Error] :1:1: Premature end of file.
2026-03-09 20:13:12,920 [ERROR] LogOutputStream:75 - [STDERR_REDIRECT] 
2026-03-09 20:13:13,921 [ERROR] LogOutputStream:75 - [STDERR_REDIRECT] [Fatal Error] :1:1: Premature end of file.
2026-03-09 20:13:13,921 [ERROR] LogOutputStream:75 - [STDERR_REDIRECT] 
2026-03-09 20:13:14,919 [ERROR] LogOutputStream:75 - [STDERR_REDIRECT] [Fatal Error] :1:1: Premature end of file.
2026-03-09 20:13:14,919 [ERROR] LogOutputStream:75 - [STDERR_REDIRECT] 
2026-03-09 20:13:15,919 [ERROR] LogOutputStream:75 - [STDERR_REDIRECT] [Fatal Error] :1:1: Premature end of file.
2026-03-09 20:13:15,919 [ERROR] LogOutputStream:75 - [STDERR_REDIRECT] 
2026-03-09 20:13:16,919 [ERROR] LogOutputStream:75 - [STDERR_REDIRECT] [Fatal Error] :1:1: Premature end of file.
2026-03-09 20:13:16,919 [ERROR] LogOutputStream:75 - [STDERR_REDIRECT] 
2026-03-09 20:13:17,921 [ERROR] LogOutputStream:75 - [STDERR_REDIRECT] [Fatal Error] :1:1: Premature end of file.
2026-03-09 20:13:17,921 [ERROR] LogOutputStream:75 - [STDERR_REDIRECT] 
2026-03-09 20:13:18,920 [ERROR] LogOutputStream:75 - [STDERR_REDIRECT] [Fatal Error] :1:1: Premature end of file.
2026-03-09 20:13:18,920 [ERROR] LogOutputStream:75 - [STDERR_REDIRECT] 
2026-03-09 20:13:19,921 [ERROR] LogOutputStream:75 - [STDERR_REDIRECT] [Fatal Error] :1:1: Premature end of file.
2026-03-09 20:13:19,921 [ERROR] LogOutputStream:75 - [STDERR_REDIRECT] 
2026-03-09 20:13:20,919 [ERROR] LogOutputStream:75 - [STDERR_REDIRECT] [Fatal Error] :1:1: Premature end of file.
2026-03-09 20:13:20,919 [ERROR] LogOutputStream:75 - [STDERR_REDIRECT] 
2026-03-09 20:13:21,918 [ERROR] LogOutputStream:75 - [STDERR_REDIRECT] [Fatal Error] :1:1: Premature end of file.
2026-03-09 20:13:21,918 [ERROR] LogOutputStream:75 - [STDERR_REDIRECT] 
2026-03-09 20:13:22,921 [ERROR] LogOutputStream:75 - [STDERR_REDIRECT] [Fatal Error] :1:1: Premature end of file.
2026-03-09 20:13:22,921 [ERROR] LogOutputStream:75 - [STDERR_REDIRECT] 
2026-03-09 20:13:23,920 [ERROR] LogOutputStream:75 - [STDERR_REDIRECT] [Fatal Error] :1:1: Premature end of file.
2026-03-09 20:13:23,920 [ERROR] LogOutputStream:75 - [STDERR_REDIRECT] 
2026-03-09 20:13:24,920 [ERROR] LogOutputStream:75 - [STDERR_REDIRECT] [Fatal Error] :1:1: Premature end of file.
2026-03-09 20:13:24,920 [ERROR] LogOutputStream:75 - [STDERR_REDIRECT] 
2026-03-09 20:13:25,920 [ERROR] LogOutputStream:75 - [STDERR_REDIRECT] [Fatal Error] :1:1: Premature end of file.
2026-03-09 20:13:25,921 [ERROR] LogOutputStream:75 - [STDERR_REDIRECT] 
2026-03-09 20:13:26,921 [ERROR] LogOutputStream:75 - [STDERR_REDIRECT] [Fatal Error] :1:1: Premature end of file.
2026-03-09 20:13:26,921 [ERROR] LogOutputStream:75 - [STDERR_REDIRECT] 
2026-03-09 20:13:27,922 [ERROR] LogOutputStream:75 - [STDERR_REDIRECT] [Fatal Error] :1:1: Premature end of file.
2026-03-09 20:13:27,922 [ERROR] LogOutputStream:75 - [STDERR_REDIRECT] 
2026-03-09 20:13:28,918 [ERROR] LogOutputStream:75 - [STDERR_REDIRECT] [Fatal Error] :1:1: Premature end of file.
2026-03-09 20:13:28,919 [ERROR] LogOutputStream:75 - [STDERR_REDIRECT] 
2026-03-09 20:13:29,920 [ERROR] LogOutputStream:75 - [STDERR_REDIRECT] [Fatal Error] :1:1: Premature end of file.
2026-03-09 20:13:29,920 [ERROR] LogOutputStream:75 - [STDERR_REDIRECT] 
2026-03-09 20:13:30,919 [ERROR] LogOutputStream:75 - [STDERR_REDIRECT] [Fatal Error] :1:1: Premature end of file.
2026-03-09 20:13:30,920 [ERROR] LogOutputStream:75 - [STDERR_REDIRECT] 
2026-03-09 20:13:31,920 [ERROR] LogOutputStream:75 - [STDERR_REDIRECT] [Fatal Error] :1:1: Premature end of file.
2026-03-09 20:13:31,921 [ERROR] LogOutputStream:75 - [STDERR_REDIRECT] 
2026-03-09 20:13:32,920 [ERROR] LogOutputStream:75 - [STDERR_REDIRECT] [Fatal Error] :1:1: Premature end of file.
2026-03-09 20:13:32,920 [ERROR] LogOutputStream:75 - [STDERR_REDIRECT] 
2026-03-09 20:13:33,921 [ERROR] LogOutputStream:75 - [STDERR_REDIRECT] [Fatal Error] :1:1: Premature end of file.
2026-03-09 20:13:33,921 [ERROR] LogOutputStream:75 - [STDERR_REDIRECT] 
2026-03-09 20:13:34,920 [ERROR] LogOutputStream:75 - [STDERR_REDIRECT] [Fatal Error] :1:1: Premature end of file.
2026-03-09 20:13:34,920 [ERROR] LogOutputStream:75 - [STDERR_REDIRECT] 
2026-03-09 20:13:35,919 [ERROR] LogOutputStream:75 - [STDERR_REDIRECT] [Fatal Error] :1:1: Premature end of file.
2026-03-09 20:13:35,919 [ERROR] LogOutputStream:75 - [STDERR_REDIRECT] 
2026-03-09 20:13:36,919 [ERROR] LogOutputStream:75 - [STDERR_REDIRECT] [Fatal Error] :1:1: Premature end of file.
2026-03-09 20:13:36,919 [ERROR] LogOutputStream:75 - [STDERR_REDIRECT] 
2026-03-09 20:13:37,921 [ERROR] LogOutputStream:75 - [STDERR_REDIRECT] [Fatal Error] :1:1: Premature end of file.
2026-03-09 20:13:37,921 [ERROR] LogOutputStream:75 - [STDERR_REDIRECT] 
2026-03-09 20:13:38,920 [ERROR] LogOutputStream:75 - [STDERR_REDIRECT] [Fatal Error] :1:1: Premature end of file.
2026-03-09 20:13:38,920 [ERROR] LogOutputStream:75 - [STDERR_REDIRECT] 
2026-03-09 20:13:39,921 [ERROR] LogOutputStream:75 - [STDERR_REDIRECT] [Fatal Error] :1:1: Premature end of file.
2026-03-09 20:13:39,921 [ERROR] LogOutputStream:75 - [STDERR_REDIRECT] 
2026-03-09 20:13:40,919 [ERROR] LogOutputStream:75 - [STDERR_REDIRECT] [Fatal Error] :1:1: Premature end of file.
2026-03-09 20:13:40,919 [ERROR] LogOutputStream:75 - [STDERR_REDIRECT] 
2026-03-09 20:13:41,920 [ERROR] LogOutputStream:75 - [STDERR_REDIRECT] [Fatal Error] :1:1: Premature end of file.
2026-03-09 20:13:41,920 [ERROR] LogOutputStream:75 - [STDERR_REDIRECT] 
2026-03-09 20:13:42,920 [ERROR] LogOutputStream:75 - [STDERR_REDIRECT] [Fatal Error] :1:1: Premature end of file.
2026-03-09 20:13:42,920 [ERROR] LogOutputStream:75 - [STDERR_REDIRECT] 
2026-03-09 20:13:43,922 [ERROR] LogOutputStream:75 - [STDERR_REDIRECT] [Fatal Error] :1:1: Premature end of file.
2026-03-09 20:13:43,922 [ERROR] LogOutputStream:75 - [STDERR_REDIRECT] 
2026-03-09 20:13:44,919 [ERROR] LogOutputStream:75 - [STDERR_REDIRECT] [Fatal Error] :1:1: Premature end of file.
2026-03-09 20:13:44,919 [ERROR] LogOutputStream:75 - [STDERR_REDIRECT] 
2026-03-09 20:13:45,920 [ERROR] LogOutputStream:75 - [STDERR_REDIRECT] [Fatal Error] :1:1: Premature end of file.
2026-03-09 20:13:45,920 [ERROR] LogOutputStream:75 - [STDERR_REDIRECT] 
2026-03-09 20:13:46,920 [ERROR] LogOutputStream:75 - [STDERR_REDIRECT] [Fatal Error] :1:1: Premature end of file.
2026-03-09 20:13:46,920 [ERROR] LogOutputStream:75 - [STDERR_REDIRECT] 
2026-03-09 20:13:47,920 [ERROR] LogOutputStream:75 - [STDERR_REDIRECT] [Fatal Error] :1:1: Premature end of file.
2026-03-09 20:13:47,920 [ERROR] LogOutputStream:75 - [STDERR_REDIRECT] 
2026-03-09 20:13:48,919 [ERROR] LogOutputStream:75 - [STDERR_REDIRECT] [Fatal Error] :1:1: Premature end of file.
2026-03-09 20:13:48,919 [ERROR] LogOutputStream:75 - [STDERR_REDIRECT] 
2026-03-09 20:13:49,920 [ERROR] LogOutputStream:75 - [STDERR_REDIRECT] [Fatal Error] :1:1: Premature end of file.
2026-03-09 20:13:49,920 [ERROR] LogOutputStream:75 - [STDERR_REDIRECT] 
2026-03-09 20:13:50,920 [ERROR] LogOutputStream:75 - [STDERR_REDIRECT] [Fatal Error] :1:1: Premature end of file.
2026-03-09 20:13:50,920 [ERROR] LogOutputStream:75 - [STDERR_REDIRECT] 
2026-03-09 20:13:51,921 [ERROR] LogOutputStream:75 - [STDERR_REDIRECT] [Fatal Error] :1:1: Premature end of file.
2026-03-09 20:13:51,921 [ERROR] LogOutputStream:75 - [STDERR_REDIRECT] 
2026-03-09 20:13:52,919 [ERROR] LogOutputStream:75 - [STDERR_REDIRECT] [Fatal Error] :1:1: Premature end of file.
2026-03-09 20:13:52,919 [ERROR] LogOutputStream:75 - [STDERR_REDIRECT] 
2026-03-09 20:13:53,921 [ERROR] LogOutputStream:75 - [STDERR_REDIRECT] [Fatal Error] :1:1: Premature end of file.
2026-03-09 20:13:53,921 [ERROR] LogOutputStream:75 - [STDERR_REDIRECT] 
2026-03-09 20:13:54,921 [ERROR] LogOutputStream:75 - [STDERR_REDIRECT] [Fatal Error] :1:1: Premature end of file.
2026-03-09 20:13:54,921 [ERROR] LogOutputStream:75 - [STDERR_REDIRECT] 
2026-03-09 20:13:55,920 [ERROR] LogOutputStream:75 - [STDERR_REDIRECT] [Fatal Error] :1:1: Premature end of file.
2026-03-09 20:13:55,920 [ERROR] LogOutputStream:75 - [STDERR_REDIRECT] 
2026-03-09 20:13:56,920 [ERROR] LogOutputStream:75 - [STDERR_REDIRECT] [Fatal Error] :1:1: Premature end of file.
2026-03-09 20:13:56,920 [ERROR] LogOutputStream:75 - [STDERR_REDIRECT] 
2026-03-09 20:13:57,920 [ERROR] LogOutputStream:75 - [STDERR_REDIRECT] [Fatal Error] :1:1: Premature end of file.
2026-03-09 20:13:57,920 [ERROR] LogOutputStream:75 - [STDERR_REDIRECT] 
2026-03-09 20:13:58,921 [ERROR] LogOutputStream:75 - [STDERR_REDIRECT] [Fatal Error] :1:1: Premature end of file.
2026-03-09 20:13:58,921 [ERROR] LogOutputStream:75 - [STDERR_REDIRECT] 
2026-03-09 20:13:59,918 [ERROR] LogOutputStream:75 - [STDERR_REDIRECT] [Fatal Error] :1:1: Premature end of file.
2026-03-09 20:13:59,918 [ERROR] LogOutputStream:75 - [STDERR_REDIRECT] 
2026-03-09 20:14:00,920 [ERROR] LogOutputStream:75 - [STDERR_REDIRECT] [Fatal Error] :1:1: Premature end of file.
2026-03-09 20:14:00,920 [ERROR] LogOutputStream:75 - [STDERR_REDIRECT] 
2026-03-09 20:14:01,920 [ERROR] LogOutputStream:75 - [STDERR_REDIRECT] [Fatal Error] :1:1: Premature end of file.
2026-03-09 20:14:01,920 [ERROR] LogOutputStream:75 - [STDERR_REDIRECT] 
2026-03-09 20:14:02,921 [ERROR] LogOutputStream:75 - [STDERR_REDIRECT] [Fatal Error] :1:1: Premature end of file.
2026-03-09 20:14:02,921 [ERROR] LogOutputStream:75 - [STDERR_REDIRECT] 
2026-03-09 20:14:03,920 [ERROR] LogOutputStream:75 - [STDERR_REDIRECT] [Fatal Error] :1:1: Premature end of file.
2026-03-09 20:14:03,920 [ERROR] LogOutputStream:75 - [STDERR_REDIRECT] 
2026-03-09 20:14:04,921 [ERROR] LogOutputStream:75 - [STDERR_REDIRECT] [Fatal Error] :1:1: Premature end of file.
2026-03-09 20:14:04,921 [ERROR] LogOutputStream:75 - [STDERR_REDIRECT] 
2026-03-09 20:14:05,920 [ERROR] LogOutputStream:75 - [STDERR_REDIRECT] [Fatal Error] :1:1: Premature end of file.
2026-03-09 20:14:05,921 [ERROR] LogOutputStream:75 - [STDERR_REDIRECT] 
2026-03-09 20:14:06,918 [ERROR] LogOutputStream:75 - [STDERR_REDIRECT] [Fatal Error] :1:1: Premature end of file.
2026-03-09 20:14:06,918 [ERROR] LogOutputStream:75 - [STDERR_REDIRECT] 
2026-03-09 20:14:07,923 [ERROR] LogOutputStream:75 - [STDERR_REDIRECT] [Fatal Error] :1:1: Premature end of file.
2026-03-09 20:14:07,923 [ERROR] LogOutputStream:75 - [STDERR_REDIRECT] 
2026-03-09 20:14:08,920 [ERROR] LogOutputStream:75 - [STDERR_REDIRECT] [Fatal Error] :1:1: Premature end of file.
2026-03-09 20:14:08,920 [ERROR] LogOutputStream:75 - [STDERR_REDIRECT] 
2026-03-09 20:14:09,922 [ERROR] LogOutputStream:75 - [STDERR_REDIRECT] [Fatal Error] :1:1: Premature end of file.
2026-03-09 20:14:09,922 [ERROR] LogOutputStream:75 - [STDERR_REDIRECT] 
2026-03-09 20:14:10,919 [ERROR] LogOutputStream:75 - [STDERR_REDIRECT] [Fatal Error] :1:1: Premature end of file.
2026-03-09 20:14:10,919 [ERROR] LogOutputStream:75 - [STDERR_REDIRECT] 
2026-03-09 20:14:11,919 [ERROR] LogOutputStream:75 - [STDERR_REDIRECT] [Fatal Error] :1:1: Premature end of file.
2026-03-09 20:14:11,920 [ERROR] LogOutputStream:75 - [STDERR_REDIRECT] 
2026-03-09 20:14:12,922 [ERROR] LogOutputStream:75 - [STDERR_REDIRECT] [Fatal Error] :1:1: Premature end of file.
2026-03-09 20:14:12,922 [ERROR] LogOutputStream:75 - [STDERR_REDIRECT] 
2026-03-09 20:14:13,922 [ERROR] LogOutputStream:75 - [STDERR_REDIRECT] [Fatal Error] :1:1: Premature end of file.
2026-03-09 20:14:13,922 [ERROR] LogOutputStream:75 - [STDERR_REDIRECT] 
2026-03-09 20:14:14,918 [ERROR] LogOutputStream:75 - [STDERR_REDIRECT] [Fatal Error] :1:1: Premature end of file.
2026-03-09 20:14:14,919 [ERROR] LogOutputStream:75 - [STDERR_REDIRECT] 
2026-03-09 20:14:15,920 [ERROR] LogOutputStream:75 - [STDERR_REDIRECT] [Fatal Error] :1:1: Premature end of file.
2026-03-09 20:14:15,921 [ERROR] LogOutputStream:75 - [STDERR_REDIRECT] 
2026-03-09 20:14:16,918 [ERROR] LogOutputStream:75 - [STDERR_REDIRECT] [Fatal Error] :1:1: Premature end of file.
2026-03-09 20:14:16,918 [ERROR] LogOutputStream:75 - [STDERR_REDIRECT] 
2026-03-09 20:14:17,920 [ERROR] LogOutputStream:75 - [STDERR_REDIRECT] [Fatal Error] :1:1: Premature end of file.
2026-03-09 20:14:17,920 [ERROR] LogOutputStream:75 - [STDERR_REDIRECT] 
2026-03-09 20:14:18,920 [ERROR] LogOutputStream:75 - [STDERR_REDIRECT] [Fatal Error] :1:1: Premature end of file.
2026-03-09 20:14:18,920 [ERROR] LogOutputStream:75 - [STDERR_REDIRECT] 
2026-03-09 20:14:19,919 [ERROR] LogOutputStream:75 - [STDERR_REDIRECT] [Fatal Error] :1:1: Premature end of file.
2026-03-09 20:14:19,920 [ERROR] LogOutputStream:75 - [STDERR_REDIRECT] 
2026-03-09 20:14:20,920 [ERROR] LogOutputStream:75 - [STDERR_REDIRECT] [Fatal Error] :1:1: Premature end of file.
2026-03-09 20:14:20,921 [ERROR] LogOutputStream:75 - [STDERR_REDIRECT] 
2026-03-09 20:14:21,919 [ERROR] LogOutputStream:75 - [STDERR_REDIRECT] [Fatal Error] :1:1: Premature end of file.
2026-03-09 20:14:21,919 [ERROR] LogOutputStream:75 - [STDERR_REDIRECT] 
2026-03-09 20:14:22,919 [ERROR] LogOutputStream:75 - [STDERR_REDIRECT] [Fatal Error] :1:1: Premature end of file.
2026-03-09 20:14:22,920 [ERROR] LogOutputStream:75 - [STDERR_REDIRECT] 
2026-03-09 20:14:23,919 [ERROR] LogOutputStream:75 - [STDERR_REDIRECT] [Fatal Error] :1:1: Premature end of file.
2026-03-09 20:14:23,920 [ERROR] LogOutputStream:75 - [STDERR_REDIRECT] 
2026-03-09 20:14:24,921 [ERROR] LogOutputStream:75 - [STDERR_REDIRECT] [Fatal Error] :1:1: Premature end of file.
2026-03-09 20:14:24,921 [ERROR] LogOutputStream:75 - [STDERR_REDIRECT] 
2026-03-09 20:14:25,920 [ERROR] LogOutputStream:75 - [STDERR_REDIRECT] [Fatal Error] :1:1: Premature end of file.
2026-03-09 20:14:25,920 [ERROR] LogOutputStream:75 - [STDERR_REDIRECT] 
2026-03-09 20:14:26,920 [ERROR] LogOutputStream:75 - [STDERR_REDIRECT] [Fatal Error] :1:1: Premature end of file.
2026-03-09 20:14:26,920 [ERROR] LogOutputStream:75 - [STDERR_REDIRECT] 
2026-03-09 20:14:27,920 [ERROR] LogOutputStream:75 - [STDERR_REDIRECT] [Fatal Error] :1:1: Premature end of file.
2026-03-09 20:14:27,920 [ERROR] LogOutputStream:75 - [STDERR_REDIRECT] 
2026-03-09 20:14:28,922 [ERROR] LogOutputStream:75 - [STDERR_REDIRECT] [Fatal Error] :1:1: Premature end of file.
2026-03-09 20:14:28,922 [ERROR] LogOutputStream:75 - [STDERR_REDIRECT] 
2026-03-09 20:14:29,928 [ERROR] LogOutputStream:75 - [STDERR_REDIRECT] [Fatal Error] :1:1: Premature end of file.
2026-03-09 20:14:29,928 [ERROR] LogOutputStream:75 - [STDERR_REDIRECT] 
2026-03-09 20:14:30,921 [ERROR] LogOutputStream:75 - [STDERR_REDIRECT] [Fatal Error] :1:1: Premature end of file.
2026-03-09 20:14:30,921 [ERROR] LogOutputStream:75 - [STDERR_REDIRECT] 
2026-03-09 20:14:31,921 [ERROR] LogOutputStream:75 - [STDERR_REDIRECT] [Fatal Error] :1:1: Premature end of file.
2026-03-09 20:14:31,921 [ERROR] LogOutputStream:75 - [STDERR_REDIRECT] 
2026-03-09 20:14:32,920 [ERROR] LogOutputStream:75 - [STDERR_REDIRECT] [Fatal Error] :1:1: Premature end of file.
2026-03-09 20:14:32,920 [ERROR] LogOutputStream:75 - [STDERR_REDIRECT] 
2026-03-09 20:14:33,921 [ERROR] LogOutputStream:75 - [STDERR_REDIRECT] [Fatal Error] :1:1: Premature end of file.
2026-03-09 20:14:33,921 [ERROR] LogOutputStream:75 - [STDERR_REDIRECT] 
2026-03-09 20:14:34,930 [ERROR] LogOutputStream:75 - [STDERR_REDIRECT] [Fatal Error] :1:1: Premature end of file.
2026-03-09 20:14:34,930 [ERROR] LogOutputStream:75 - [STDERR_REDIRECT] 
2026-03-09 20:14:35,922 [ERROR] LogOutputStream:75 - [STDERR_REDIRECT] [Fatal Error] :1:1: Premature end of file.
2026-03-09 20:14:35,923 [ERROR] LogOutputStream:75 - [STDERR_REDIRECT] 
2026-03-09 20:14:36,930 [ERROR] LogOutputStream:75 - [STDERR_REDIRECT] [Fatal Error] :1:1: Premature end of file.
2026-03-09 20:14:36,930 [ERROR] LogOutputStream:75 - [STDERR_REDIRECT] 
2026-03-09 20:14:37,933 [ERROR] LogOutputStream:75 - [STDERR_REDIRECT] [Fatal Error] :1:1: Premature end of file.
2026-03-09 20:14:37,933 [ERROR] LogOutputStream:75 - [STDERR_REDIRECT] 
2026-03-09 20:14:38,925 [ERROR] LogOutputStream:75 - [STDERR_REDIRECT] [Fatal Error] :1:1: Premature end of file.
2026-03-09 20:14:38,925 [ERROR] LogOutputStream:75 - [STDERR_REDIRECT] 
2026-03-09 20:14:39,932 [ERROR] LogOutputStream:75 - [STDERR_REDIRECT] [Fatal Error] :1:1: Premature end of file.
2026-03-09 20:14:39,932 [ERROR] LogOutputStream:75 - [STDERR_REDIRECT] 
2026-03-09 20:14:40,933 [ERROR] LogOutputStream:75 - [STDERR_REDIRECT] [Fatal Error] :1:1: Premature end of file.
2026-03-09 20:14:40,933 [ERROR] LogOutputStream:75 - [STDERR_REDIRECT] 
2026-03-09 20:14:41,927 [ERROR] LogOutputStream:75 - [STDERR_REDIRECT] [Fatal Error] :1:1: Premature end of file.
2026-03-09 20:14:41,927 [ERROR] LogOutputStream:75 - [STDERR_REDIRECT] 
2026-03-09 20:14:42,930 [ERROR] LogOutputStream:75 - [STDERR_REDIRECT] [Fatal Error] :1:1: Premature end of file.
2026-03-09 20:14:42,930 [ERROR] LogOutputStream:75 - [STDERR_REDIRECT] 
2026-03-09 20:14:43,919 [ERROR] LogOutputStream:75 - [STDERR_REDIRECT] [Fatal Error] :1:1: Premature end of file.
2026-03-09 20:14:43,919 [ERROR] LogOutputStream:75 - [STDERR_REDIRECT] 
2026-03-09 20:14:44,929 [ERROR] LogOutputStream:75 - [STDERR_REDIRECT] [Fatal Error] :1:1: Premature end of file.
2026-03-09 20:14:44,930 [ERROR] LogOutputStream:75 - [STDERR_REDIRECT] 
2026-03-09 20:14:45,932 [ERROR] LogOutputStream:75 - [STDERR_REDIRECT] [Fatal Error] :1:1: Premature end of file.
2026-03-09 20:14:45,932 [ERROR] LogOutputStream:75 - [STDERR_REDIRECT] 
2026-03-09 20:14:46,920 [ERROR] LogOutputStream:75 - [STDERR_REDIRECT] [Fatal Error] :1:1: Premature end of file.
2026-03-09 20:14:46,920 [ERROR] LogOutputStream:75 - [STDERR_REDIRECT] 
2026-03-09 20:14:47,929 [ERROR] LogOutputStream:75 - [STDERR_REDIRECT] [Fatal Error] :1:1: Premature end of file.
2026-03-09 20:14:47,929 [ERROR] LogOutputStream:75 - [STDERR_REDIRECT] 
2026-03-09 20:14:48,973 [ERROR] LogOutputStream:75 - [STDERR_REDIRECT] [Fatal Error] :1:1: Premature end of file.
2026-03-09 20:14:48,974 [ERROR] LogOutputStream:75 - [STDERR_REDIRECT] 
2026-03-09 20:14:49,939 [ERROR] LogOutputStream:75 - [STDERR_REDIRECT] [Fatal Error] :1:1: Premature end of file.
2026-03-09 20:14:49,939 [ERROR] LogOutputStream:75 - [STDERR_REDIRECT] 
2026-03-09 20:14:50,954 [ERROR] LogOutputStream:75 - [STDERR_REDIRECT] [Fatal Error] :1:1: Premature end of file.
2026-03-09 20:14:50,954 [ERROR] LogOutputStream:75 - [STDERR_REDIRECT] 
2026-03-09 20:14:51,935 [ERROR] LogOutputStream:75 - [STDERR_REDIRECT] [Fatal Error] :1:1: Premature end of file.
2026-03-09 20:14:51,935 [ERROR] LogOutputStream:75 - [STDERR_REDIRECT] 
2026-03-09 20:14:53,013 [ERROR] LogOutputStream:75 - [STDERR_REDIRECT] [Fatal Error] :1:1: Premature end of file.
2026-03-09 20:14:53,013 [ERROR] LogOutputStream:75 - [STDERR_REDIRECT] 
2026-03-09 20:14:53,938 [ERROR] LogOutputStream:75 - [STDERR_REDIRECT] [Fatal Error] :1:1: Premature end of file.
2026-03-09 20:14:53,938 [ERROR] LogOutputStream:75 - [STDERR_REDIRECT] 
2026-03-09 20:14:54,931 [ERROR] LogOutputStream:75 - [STDERR_REDIRECT] [Fatal Error] :1:1: Premature end of file.
2026-03-09 20:14:54,932 [ERROR] LogOutputStream:75 - [STDERR_REDIRECT] 
2026-03-09 20:14:55,927 [ERROR] LogOutputStream:75 - [STDERR_REDIRECT] [Fatal Error] :1:1: Premature end of file.
2026-03-09 20:14:55,927 [ERROR] LogOutputStream:75 - [STDERR_REDIRECT] 
2026-03-09 20:14:56,935 [ERROR] LogOutputStream:75 - [STDERR_REDIRECT] [Fatal Error] :1:1: Premature end of file.
2026-03-09 20:14:56,935 [ERROR] LogOutputStream:75 - [STDERR_REDIRECT] 
2026-03-09 20:14:57,929 [ERROR] LogOutputStream:75 - [STDERR_REDIRECT] [Fatal Error] :1:1: Premature end of file.
2026-03-09 20:14:57,929 [ERROR] LogOutputStream:75 - [STDERR_REDIRECT] 
2026-03-09 20:14:58,934 [ERROR] LogOutputStream:75 - [STDERR_REDIRECT] [Fatal Error] :1:1: Premature end of file.
2026-03-09 20:14:58,935 [ERROR] LogOutputStream:75 - [STDERR_REDIRECT] 
2026-03-09 20:14:59,928 [ERROR] LogOutputStream:75 - [STDERR_REDIRECT] [Fatal Error] :1:1: Premature end of file.
2026-03-09 20:14:59,928 [ERROR] LogOutputStream:75 - [STDERR_REDIRECT] 
2026-03-09 20:15:00,934 [ERROR] LogOutputStream:75 - [STDERR_REDIRECT] [Fatal Error] :1:1: Premature end of file.
2026-03-09 20:15:00,934 [ERROR] LogOutputStream:75 - [STDERR_REDIRECT] 
2026-03-09 20:15:01,924 [ERROR] LogOutputStream:75 - [STDERR_REDIRECT] [Fatal Error] :1:1: Premature end of file.
2026-03-09 20:15:01,924 [ERROR] LogOutputStream:75 - [STDERR_REDIRECT] 
2026-03-09 20:15:02,934 [ERROR] LogOutputStream:75 - [STDERR_REDIRECT] [Fatal Error] :1:1: Premature end of file.
2026-03-09 20:15:02,935 [ERROR] LogOutputStream:75 - [STDERR_REDIRECT] 
2026-03-09 20:15:03,932 [ERROR] LogOutputStream:75 - [STDERR_REDIRECT] [Fatal Error] :1:1: Premature end of file.
2026-03-09 20:15:03,932 [ERROR] LogOutputStream:75 - [STDERR_REDIRECT] 
2026-03-09 20:15:04,921 [ERROR] LogOutputStream:75 - [STDERR_REDIRECT] [Fatal Error] :1:1: Premature end of file.
2026-03-09 20:15:04,921 [ERROR] LogOutputStream:75 - [STDERR_REDIRECT] 
2026-03-09 20:15:05,934 [ERROR] LogOutputStream:75 - [STDERR_REDIRECT] [Fatal Error] :1:1: Premature end of file.
2026-03-09 20:15:05,935 [ERROR] LogOutputStream:75 - [STDERR_REDIRECT] 
2026-03-09 20:15:06,931 [ERROR] LogOutputStream:75 - [STDERR_REDIRECT] [Fatal Error] :1:1: Premature end of file.
2026-03-09 20:15:06,932 [ERROR] LogOutputStream:75 - [STDERR_REDIRECT] 
2026-03-09 20:15:07,927 [ERROR] LogOutputStream:75 - [STDERR_REDIRECT] [Fatal Error] :1:1: Premature end of file.
2026-03-09 20:15:07,927 [ERROR] LogOutputStream:75 - [STDERR_REDIRECT] 
2026-03-09 20:15:08,935 [ERROR] LogOutputStream:75 - [STDERR_REDIRECT] [Fatal Error] :1:1: Premature end of file.
2026-03-09 20:15:08,936 [ERROR] LogOutputStream:75 - [STDERR_REDIRECT] 
2026-03-09 20:15:09,935 [ERROR] LogOutputStream:75 - [STDERR_REDIRECT] [Fatal Error] :1:1: Premature end of file.
2026-03-09 20:15:09,935 [ERROR] LogOutputStream:75 - [STDERR_REDIRECT] 
2026-03-09 20:15:10,929 [ERROR] LogOutputStream:75 - [STDERR_REDIRECT] [Fatal Error] :1:1: Premature end of file.
2026-03-09 20:15:10,930 [ERROR] LogOutputStream:75 - [STDERR_REDIRECT] 
2026-03-09 20:15:11,924 [ERROR] LogOutputStream:75 - [STDERR_REDIRECT] [Fatal Error] :1:1: Premature end of file.
2026-03-09 20:15:11,924 [ERROR] LogOutputStream:75 - [STDERR_REDIRECT] 
2026-03-09 20:15:12,931 [ERROR] LogOutputStream:75 - [STDERR_REDIRECT] [Fatal Error] :1:1: Premature end of file.
2026-03-09 20:15:12,931 [ERROR] LogOutputStream:75 - [STDERR_REDIRECT] 
2026-03-09 20:15:13,925 [ERROR] LogOutputStream:75 - [STDERR_REDIRECT] [Fatal Error] :1:1: Premature end of file.
2026-03-09 20:15:13,925 [ERROR] LogOutputStream:75 - [STDERR_REDIRECT] 
2026-03-09 20:15:14,926 [ERROR] LogOutputStream:75 - [STDERR_REDIRECT] [Fatal Error] :1:1: Premature end of file.
2026-03-09 20:15:14,926 [ERROR] LogOutputStream:75 - [STDERR_REDIRECT] 
2026-03-09 20:15:15,933 [ERROR] LogOutputStream:75 - [STDERR_REDIRECT] [Fatal Error] :1:1: Premature end of file.
2026-03-09 20:15:15,933 [ERROR] LogOutputStream:75 - [STDERR_REDIRECT] 
2026-03-09 20:15:16,928 [ERROR] LogOutputStream:75 - [STDERR_REDIRECT] [Fatal Error] :1:1: Premature end of file.
2026-03-09 20:15:16,928 [ERROR] LogOutputStream:75 - [STDERR_REDIRECT] 
2026-03-09 20:15:17,922 [ERROR] LogOutputStream:75 - [STDERR_REDIRECT] [Fatal Error] :1:1: Premature end of file.
2026-03-09 20:15:17,922 [ERROR] LogOutputStream:75 - [STDERR_REDIRECT] 
2026-03-09 20:15:18,927 [ERROR] LogOutputStream:75 - [STDERR_REDIRECT] [Fatal Error] :1:1: Premature end of file.
2026-03-09 20:15:18,928 [ERROR] LogOutputStream:75 - [STDERR_REDIRECT] 
2026-03-09 20:15:19,925 [ERROR] LogOutputStream:75 - [STDERR_REDIRECT] [Fatal Error] :1:1: Premature end of file.
2026-03-09 20:15:19,925 [ERROR] LogOutputStream:75 - [STDERR_REDIRECT] 
2026-03-09 20:15:20,929 [ERROR] LogOutputStream:75 - [STDERR_REDIRECT] [Fatal Error] :1:1: Premature end of file.
2026-03-09 20:15:20,929 [ERROR] LogOutputStream:75 - [STDERR_REDIRECT] 
2026-03-09 20:15:21,926 [ERROR] LogOutputStream:75 - [STDERR_REDIRECT] [Fatal Error] :1:1: Premature end of file.
2026-03-09 20:15:21,926 [ERROR] LogOutputStream:75 - [STDERR_REDIRECT] 
2026-03-09 20:15:22,930 [ERROR] LogOutputStream:75 - [STDERR_REDIRECT] [Fatal Error] :1:1: Premature end of file.
2026-03-09 20:15:22,930 [ERROR] LogOutputStream:75 - [STDERR_REDIRECT] 
2026-03-09 20:15:23,926 [ERROR] LogOutputStream:75 - [STDERR_REDIRECT] [Fatal Error] :1:1: Premature end of file.
2026-03-09 20:15:23,926 [ERROR] LogOutputStream:75 - [STDERR_REDIRECT] 
2026-03-09 20:15:24,934 [ERROR] LogOutputStream:75 - [STDERR_REDIRECT] [Fatal Error] :1:1: Premature end of file.
2026-03-09 20:15:24,934 [ERROR] LogOutputStream:75 - [STDERR_REDIRECT] 
2026-03-09 20:15:25,925 [ERROR] LogOutputStream:75 - [STDERR_REDIRECT] [Fatal Error] :1:1: Premature end of file.
2026-03-09 20:15:25,925 [ERROR] LogOutputStream:75 - [STDERR_REDIRECT] 
2026-03-09 20:15:26,932 [ERROR] LogOutputStream:75 - [STDERR_REDIRECT] [Fatal Error] :1:1: Premature end of file.
2026-03-09 20:15:26,932 [ERROR] LogOutputStream:75 - [STDERR_REDIRECT] 
2026-03-09 20:15:27,923 [ERROR] LogOutputStream:75 - [STDERR_REDIRECT] [Fatal Error] :1:1: Premature end of file.
2026-03-09 20:15:27,924 [ERROR] LogOutputStream:75 - [STDERR_REDIRECT] 
2026-03-09 20:15:28,929 [ERROR] LogOutputStream:75 - [STDERR_REDIRECT] [Fatal Error] :1:1: Premature end of file.
2026-03-09 20:15:28,930 [ERROR] LogOutputStream:75 - [STDERR_REDIRECT] 
2026-03-09 20:15:29,923 [ERROR] LogOutputStream:75 - [STDERR_REDIRECT] [Fatal Error] :1:1: Premature end of file.
2026-03-09 20:15:29,923 [ERROR] LogOutputStream:75 - [STDERR_REDIRECT] 
2026-03-09 20:15:30,933 [ERROR] LogOutputStream:75 - [STDERR_REDIRECT] [Fatal Error] :1:1: Premature end of file.
2026-03-09 20:15:30,933 [ERROR] LogOutputStream:75 - [STDERR_REDIRECT] 
2026-03-09 20:15:31,924 [ERROR] LogOutputStream:75 - [STDERR_REDIRECT] [Fatal Error] :1:1: Premature end of file.
2026-03-09 20:15:31,924 [ERROR] LogOutputStream:75 - [STDERR_REDIRECT] 
2026-03-09 20:15:32,932 [ERROR] LogOutputStream:75 - [STDERR_REDIRECT] [Fatal Error] :1:1: Premature end of file.
2026-03-09 20:15:32,932 [ERROR] LogOutputStream:75 - [STDERR_REDIRECT] 
2026-03-09 20:15:33,928 [ERROR] LogOutputStream:75 - [STDERR_REDIRECT] [Fatal Error] :1:1: Premature end of file.
2026-03-09 20:15:33,928 [ERROR] LogOutputStream:75 - [STDERR_REDIRECT] 
2026-03-09 20:15:34,919 [ERROR] LogOutputStream:75 - [STDERR_REDIRECT] [Fatal Error] :1:1: Premature end of file.
2026-03-09 20:15:34,919 [ERROR] LogOutputStream:75 - [STDERR_REDIRECT] 
2026-03-09 20:15:35,924 [ERROR] LogOutputStream:75 - [STDERR_REDIRECT] [Fatal Error] :1:1: Premature end of file.
2026-03-09 20:15:35,924 [ERROR] LogOutputStream:75 - [STDERR_REDIRECT] 
2026-03-09 20:15:36,934 [ERROR] LogOutputStream:75 - [STDERR_REDIRECT] [Fatal Error] :1:1: Premature end of file.
2026-03-09 20:15:36,935 [ERROR] LogOutputStream:75 - [STDERR_REDIRECT] 
2026-03-09 20:15:37,929 [ERROR] LogOutputStream:75 - [STDERR_REDIRECT] [Fatal Error] :1:1: Premature end of file.
2026-03-09 20:15:37,929 [ERROR] LogOutputStream:75 - [STDERR_REDIRECT] 
2026-03-09 20:15:38,926 [ERROR] LogOutputStream:75 - [STDERR_REDIRECT] [Fatal Error] :1:1: Premature end of file.
2026-03-09 20:15:38,926 [ERROR] LogOutputStream:75 - [STDERR_REDIRECT] 
2026-03-09 20:15:39,919 [ERROR] LogOutputStream:75 - [STDERR_REDIRECT] [Fatal Error] :1:1: Premature end of file.
2026-03-09 20:15:39,919 [ERROR] LogOutputStream:75 - [STDERR_REDIRECT] 
2026-03-09 20:15:40,923 [ERROR] LogOutputStream:75 - [STDERR_REDIRECT] [Fatal Error] :1:1: Premature end of file.
2026-03-09 20:15:40,923 [ERROR] LogOutputStream:75 - [STDERR_REDIRECT] 
2026-03-09 20:15:41,924 [ERROR] LogOutputStream:75 - [STDERR_REDIRECT] [Fatal Error] :1:1: Premature end of file.
2026-03-09 20:15:41,925 [ERROR] LogOutputStream:75 - [STDERR_REDIRECT] 
2026-03-09 20:15:42,922 [ERROR] LogOutputStream:75 - [STDERR_REDIRECT] [Fatal Error] :1:1: Premature end of file.
2026-03-09 20:15:42,922 [ERROR] LogOutputStream:75 - [STDERR_REDIRECT] 
2026-03-09 20:15:43,924 [ERROR] LogOutputStream:75 - [STDERR_REDIRECT] [Fatal Error] :1:1: Premature end of file.
2026-03-09 20:15:43,925 [ERROR] LogOutputStream:75 - [STDERR_REDIRECT] 
2026-03-09 20:15:44,929 [ERROR] LogOutputStream:75 - [STDERR_REDIRECT] [Fatal Error] :1:1: Premature end of file.
2026-03-09 20:15:44,929 [ERROR] LogOutputStream:75 - [STDERR_REDIRECT] 
2026-03-09 20:15:45,922 [ERROR] LogOutputStream:75 - [STDERR_REDIRECT] [Fatal Error] :1:1: Premature end of file.
2026-03-09 20:15:45,922 [ERROR] LogOutputStream:75 - [STDERR_REDIRECT] 
2026-03-09 20:15:46,930 [ERROR] LogOutputStream:75 - [STDERR_REDIRECT] [Fatal Error] :1:1: Premature end of file.
2026-03-09 20:15:46,930 [ERROR] LogOutputStream:75 - [STDERR_REDIRECT] 
2026-03-09 20:15:47,923 [ERROR] LogOutputStream:75 - [STDERR_REDIRECT] [Fatal Error] :1:1: Premature end of file.
2026-03-09 20:15:47,923 [ERROR] LogOutputStream:75 - [STDERR_REDIRECT] 
2026-03-09 20:15:48,927 [ERROR] LogOutputStream:75 - [STDERR_REDIRECT] [Fatal Error] :1:1: Premature end of file.
2026-03-09 20:15:48,927 [ERROR] LogOutputStream:75 - [STDERR_REDIRECT] 
2026-03-09 20:15:49,935 [ERROR] LogOutputStream:75 - [STDERR_REDIRECT] [Fatal Error] :1:1: Premature end of file.
2026-03-09 20:15:49,935 [ERROR] LogOutputStream:75 - [STDERR_REDIRECT] 
2026-03-09 20:15:50,927 [ERROR] LogOutputStream:75 - [STDERR_REDIRECT] [Fatal Error] :1:1: Premature end of file.
2026-03-09 20:15:50,927 [ERROR] LogOutputStream:75 - [STDERR_REDIRECT] 
2026-03-09 20:15:51,935 [ERROR] LogOutputStream:75 - [STDERR_REDIRECT] [Fatal Error] :1:1: Premature end of file.
2026-03-09 20:15:51,935 [ERROR] LogOutputStream:75 - [STDERR_REDIRECT] 
2026-03-09 20:15:52,927 [ERROR] LogOutputStream:75 - [STDERR_REDIRECT] [Fatal Error] :1:1: Premature end of file.
2026-03-09 20:15:52,927 [ERROR] LogOutputStream:75 - [STDERR_REDIRECT] 
2026-03-09 20:15:53,932 [ERROR] LogOutputStream:75 - [STDERR_REDIRECT] [Fatal Error] :1:1: Premature end of file.
2026-03-09 20:15:53,932 [ERROR] LogOutputStream:75 - [STDERR_REDIRECT] 
2026-03-09 20:15:54,928 [ERROR] LogOutputStream:75 - [STDERR_REDIRECT] [Fatal Error] :1:1: Premature end of file.
2026-03-09 20:15:54,929 [ERROR] LogOutputStream:75 - [STDERR_REDIRECT] 
2026-03-09 20:15:55,931 [ERROR] LogOutputStream:75 - [STDERR_REDIRECT] [Fatal Error] :1:1: Premature end of file.
2026-03-09 20:15:55,932 [ERROR] LogOutputStream:75 - [STDERR_REDIRECT] 
2026-03-09 20:15:56,925 [ERROR] LogOutputStream:75 - [STDERR_REDIRECT] [Fatal Error] :1:1: Premature end of file.
2026-03-09 20:15:56,925 [ERROR] LogOutputStream:75 - [STDERR_REDIRECT] 
2026-03-09 20:15:57,935 [ERROR] LogOutputStream:75 - [STDERR_REDIRECT] [Fatal Error] :1:1: Premature end of file.
2026-03-09 20:15:57,935 [ERROR] LogOutputStream:75 - [STDERR_REDIRECT] 
2026-03-09 20:15:58,926 [ERROR] LogOutputStream:75 - [STDERR_REDIRECT] [Fatal Error] :1:1: Premature end of file.
2026-03-09 20:15:58,926 [ERROR] LogOutputStream:75 - [STDERR_REDIRECT] 
2026-03-09 20:15:59,935 [ERROR] LogOutputStream:75 - [STDERR_REDIRECT] [Fatal Error] :1:1: Premature end of file.
2026-03-09 20:15:59,935 [ERROR] LogOutputStream:75 - [STDERR_REDIRECT] 
2026-03-09 20:16:00,928 [ERROR] LogOutputStream:75 - [STDERR_REDIRECT] [Fatal Error] :1:1: Premature end of file.
2026-03-09 20:16:00,928 [ERROR] LogOutputStream:75 - [STDERR_REDIRECT] 
2026-03-09 20:16:01,933 [ERROR] LogOutputStream:75 - [STDERR_REDIRECT] [Fatal Error] :1:1: Premature end of file.
2026-03-09 20:16:01,933 [ERROR] LogOutputStream:75 - [STDERR_REDIRECT] 
2026-03-09 20:16:02,927 [ERROR] LogOutputStream:75 - [STDERR_REDIRECT] [Fatal Error] :1:1: Premature end of file.
2026-03-09 20:16:02,928 [ERROR] LogOutputStream:75 - [STDERR_REDIRECT] 
2026-03-09 20:16:03,922 [ERROR] LogOutputStream:75 - [STDERR_REDIRECT] [Fatal Error] :1:1: Premature end of file.
2026-03-09 20:16:03,922 [ERROR] LogOutputStream:75 - [STDERR_REDIRECT] 
2026-03-09 20:16:04,934 [ERROR] LogOutputStream:75 - [STDERR_REDIRECT] [Fatal Error] :1:1: Premature end of file.
2026-03-09 20:16:04,934 [ERROR] LogOutputStream:75 - [STDERR_REDIRECT] 
2026-03-09 20:16:05,928 [ERROR] LogOutputStream:75 - [STDERR_REDIRECT] [Fatal Error] :1:1: Premature end of file.
2026-03-09 20:16:05,928 [ERROR] LogOutputStream:75 - [STDERR_REDIRECT] 
2026-03-09 20:16:06,932 [ERROR] LogOutputStream:75 - [STDERR_REDIRECT] [Fatal Error] :1:1: Premature end of file.
2026-03-09 20:16:06,932 [ERROR] LogOutputStream:75 - [STDERR_REDIRECT] 
2026-03-09 20:16:07,923 [ERROR] LogOutputStream:75 - [STDERR_REDIRECT] [Fatal Error] :1:1: Premature end of file.
2026-03-09 20:16:07,923 [ERROR] LogOutputStream:75 - [STDERR_REDIRECT] 
2026-03-09 20:16:08,928 [ERROR] LogOutputStream:75 - [STDERR_REDIRECT] [Fatal Error] :1:1: Premature end of file.
2026-03-09 20:16:08,928 [ERROR] LogOutputStream:75 - [STDERR_REDIRECT] 
2026-03-09 20:16:09,932 [ERROR] LogOutputStream:75 - [STDERR_REDIRECT] [Fatal Error] :1:1: Premature end of file.
2026-03-09 20:16:09,932 [ERROR] LogOutputStream:75 - [STDERR_REDIRECT] 
2026-03-09 20:16:10,924 [ERROR] LogOutputStream:75 - [STDERR_REDIRECT] [Fatal Error] :1:1: Premature end of file.
2026-03-09 20:16:10,924 [ERROR] LogOutputStream:75 - [STDERR_REDIRECT] 
2026-03-09 20:16:11,931 [ERROR] LogOutputStream:75 - [STDERR_REDIRECT] [Fatal Error] :1:1: Premature end of file.
2026-03-09 20:16:11,931 [ERROR] LogOutputStream:75 - [STDERR_REDIRECT] 
2026-03-09 20:16:12,922 [ERROR] LogOutputStream:75 - [STDERR_REDIRECT] [Fatal Error] :1:1: Premature end of file.
2026-03-09 20:16:12,922 [ERROR] LogOutputStream:75 - [STDERR_REDIRECT] 
2026-03-09 20:16:13,924 [ERROR] LogOutputStream:75 - [STDERR_REDIRECT] [Fatal Error] :1:1: Premature end of file.
2026-03-09 20:16:13,924 [ERROR] LogOutputStream:75 - [STDERR_REDIRECT] 
2026-03-09 20:16:14,930 [ERROR] LogOutputStream:75 - [STDERR_REDIRECT] [Fatal Error] :1:1: Premature end of file.
2026-03-09 20:16:14,930 [ERROR] LogOutputStream:75 - [STDERR_REDIRECT] 
2026-03-09 20:16:15,926 [ERROR] LogOutputStream:75 - [STDERR_REDIRECT] [Fatal Error] :1:1: Premature end of file.
2026-03-09 20:16:15,926 [ERROR] LogOutputStream:75 - [STDERR_REDIRECT] 
2026-03-09 20:16:16,920 [ERROR] LogOutputStream:75 - [STDERR_REDIRECT] [Fatal Error] :1:1: Premature end of file.
2026-03-09 20:16:16,920 [ERROR] LogOutputStream:75 - [STDERR_REDIRECT] 
2026-03-09 20:16:17,925 [ERROR] LogOutputStream:75 - [STDERR_REDIRECT] [Fatal Error] :1:1: Premature end of file.
2026-03-09 20:16:17,925 [ERROR] LogOutputStream:75 - [STDERR_REDIRECT] 
2026-03-09 20:16:18,929 [ERROR] LogOutputStream:75 - [STDERR_REDIRECT] [Fatal Error] :1:1: Premature end of file.
2026-03-09 20:16:18,930 [ERROR] LogOutputStream:75 - [STDERR_REDIRECT] 
2026-03-09 20:16:19,925 [ERROR] LogOutputStream:75 - [STDERR_REDIRECT] [Fatal Error] :1:1: Premature end of file.
2026-03-09 20:16:19,926 [ERROR] LogOutputStream:75 - [STDERR_REDIRECT] 
2026-03-09 20:16:20,931 [ERROR] LogOutputStream:75 - [STDERR_REDIRECT] [Fatal Error] :1:1: Premature end of file.
2026-03-09 20:16:20,931 [ERROR] LogOutputStream:75 - [STDERR_REDIRECT] 
2026-03-09 20:16:21,923 [ERROR] LogOutputStream:75 - [STDERR_REDIRECT] [Fatal Error] :1:1: Premature end of file.
2026-03-09 20:16:21,923 [ERROR] LogOutputStream:75 - [STDERR_REDIRECT] 
2026-03-09 20:16:22,929 [ERROR] LogOutputStream:75 - [STDERR_REDIRECT] [Fatal Error] :1:1: Premature end of file.
2026-03-09 20:16:22,929 [ERROR] LogOutputStream:75 - [STDERR_REDIRECT] 
2026-03-09 20:16:23,922 [ERROR] LogOutputStream:75 - [STDERR_REDIRECT] [Fatal Error] :1:1: Premature end of file.
2026-03-09 20:16:23,922 [ERROR] LogOutputStream:75 - [STDERR_REDIRECT] 
2026-03-09 20:16:24,928 [ERROR] LogOutputStream:75 - [STDERR_REDIRECT] [Fatal Error] :1:1: Premature end of file.
2026-03-09 20:16:24,930 [ERROR] LogOutputStream:75 - [STDERR_REDIRECT] 
2026-03-09 20:16:25,933 [ERROR] LogOutputStream:75 - [STDERR_REDIRECT] [Fatal Error] :1:1: Premature end of file.
2026-03-09 20:16:25,933 [ERROR] LogOutputStream:75 - [STDERR_REDIRECT] 
2026-03-09 20:16:26,927 [ERROR] LogOutputStream:75 - [STDERR_REDIRECT] [Fatal Error] :1:1: Premature end of file.
2026-03-09 20:16:26,927 [ERROR] LogOutputStream:75 - [STDERR_REDIRECT] 
2026-03-09 20:16:27,926 [ERROR] LogOutputStream:75 - [STDERR_REDIRECT] [Fatal Error] :1:1: Premature end of file.
2026-03-09 20:16:27,927 [ERROR] LogOutputStream:75 - [STDERR_REDIRECT] 
2026-03-09 20:16:28,922 [ERROR] LogOutputStream:75 - [STDERR_REDIRECT] [Fatal Error] :1:1: Premature end of file.
2026-03-09 20:16:28,922 [ERROR] LogOutputStream:75 - [STDERR_REDIRECT] 
2026-03-09 20:16:29,925 [ERROR] LogOutputStream:75 - [STDERR_REDIRECT] [Fatal Error] :1:1: Premature end of file.
2026-03-09 20:16:29,926 [ERROR] LogOutputStream:75 - [STDERR_REDIRECT] 
2026-03-09 20:16:30,923 [ERROR] LogOutputStream:75 - [STDERR_REDIRECT] [Fatal Error] :1:1: Premature end of file.
2026-03-09 20:16:30,923 [ERROR] LogOutputStream:75 - [STDERR_REDIRECT] 
2026-03-09 20:16:31,928 [ERROR] LogOutputStream:75 - [STDERR_REDIRECT] [Fatal Error] :1:1: Premature end of file.
2026-03-09 20:16:31,928 [ERROR] LogOutputStream:75 - [STDERR_REDIRECT] 
2026-03-09 20:16:32,928 [ERROR] LogOutputStream:75 - [STDERR_REDIRECT] [Fatal Error] :1:1: Premature end of file.
2026-03-09 20:16:32,928 [ERROR] LogOutputStream:75 - [STDERR_REDIRECT] 
2026-03-09 20:16:33,930 [ERROR] LogOutputStream:75 - [STDERR_REDIRECT] [Fatal Error] :1:1: Premature end of file.
2026-03-09 20:16:33,930 [ERROR] LogOutputStream:75 - [STDERR_REDIRECT] 
2026-03-09 20:16:34,934 [ERROR] LogOutputStream:75 - [STDERR_REDIRECT] [Fatal Error] :1:1: Premature end of file.
2026-03-09 20:16:34,934 [ERROR] LogOutputStream:75 - [STDERR_REDIRECT] 
2026-03-09 20:16:35,926 [ERROR] LogOutputStream:75 - [STDERR_REDIRECT] [Fatal Error] :1:1: Premature end of file.
2026-03-09 20:16:35,926 [ERROR] LogOutputStream:75 - [STDERR_REDIRECT] 
2026-03-09 20:16:36,929 [ERROR] LogOutputStream:75 - [STDERR_REDIRECT] [Fatal Error] :1:1: Premature end of file.
2026-03-09 20:16:36,929 [ERROR] LogOutputStream:75 - [STDERR_REDIRECT] 
2026-03-09 20:16:37,935 [ERROR] LogOutputStream:75 - [STDERR_REDIRECT] [Fatal Error] :1:1: Premature end of file.
2026-03-09 20:16:37,935 [ERROR] LogOutputStream:75 - [STDERR_REDIRECT] 
2026-03-09 20:16:38,924 [ERROR] LogOutputStream:75 - [STDERR_REDIRECT] [Fatal Error] :1:1: Premature end of file.
2026-03-09 20:16:38,924 [ERROR] LogOutputStream:75 - [STDERR_REDIRECT] 
2026-03-09 20:16:39,933 [ERROR] LogOutputStream:75 - [STDERR_REDIRECT] [Fatal Error] :1:1: Premature end of file.
2026-03-09 20:16:39,933 [ERROR] LogOutputStream:75 - [STDERR_REDIRECT] 
2026-03-09 20:16:40,929 [ERROR] LogOutputStream:75 - [STDERR_REDIRECT] [Fatal Error] :1:1: Premature end of file.
2026-03-09 20:16:40,929 [ERROR] LogOutputStream:75 - [STDERR_REDIRECT] 
2026-03-09 20:16:41,922 [ERROR] LogOutputStream:75 - [STDERR_REDIRECT] [Fatal Error] :1:1: Premature end of file.
2026-03-09 20:16:41,923 [ERROR] LogOutputStream:75 - [STDERR_REDIRECT] 
2026-03-09 20:16:42,934 [ERROR] LogOutputStream:75 - [STDERR_REDIRECT] [Fatal Error] :1:1: Premature end of file.
2026-03-09 20:16:42,935 [ERROR] LogOutputStream:75 - [STDERR_REDIRECT] 
2026-03-09 20:16:43,929 [ERROR] LogOutputStream:75 - [STDERR_REDIRECT] [Fatal Error] :1:1: Premature end of file.
2026-03-09 20:16:43,929 [ERROR] LogOutputStream:75 - [STDERR_REDIRECT] 
2026-03-09 20:16:44,924 [ERROR] LogOutputStream:75 - [STDERR_REDIRECT] [Fatal Error] :1:1: Premature end of file.
2026-03-09 20:16:44,925 [ERROR] LogOutputStream:75 - [STDERR_REDIRECT] 
2026-03-09 20:16:45,928 [ERROR] LogOutputStream:75 - [STDERR_REDIRECT] [Fatal Error] :1:1: Premature end of file.
2026-03-09 20:16:45,928 [ERROR] LogOutputStream:75 - [STDERR_REDIRECT] 
2026-03-09 20:16:46,934 [ERROR] LogOutputStream:75 - [STDERR_REDIRECT] [Fatal Error] :1:1: Premature end of file.
2026-03-09 20:16:46,934 [ERROR] LogOutputStream:75 - [STDERR_REDIRECT] 
2026-03-09 20:16:47,926 [ERROR] LogOutputStream:75 - [STDERR_REDIRECT] [Fatal Error] :1:1: Premature end of file.
2026-03-09 20:16:47,926 [ERROR] LogOutputStream:75 - [STDERR_REDIRECT] 
2026-03-09 20:16:48,929 [ERROR] LogOutputStream:75 - [STDERR_REDIRECT] [Fatal Error] :1:1: Premature end of file.
2026-03-09 20:16:48,929 [ERROR] LogOutputStream:75 - [STDERR_REDIRECT] 
2026-03-09 20:16:49,937 [ERROR] LogOutputStream:75 - [STDERR_REDIRECT] [Fatal Error] :1:1: Premature end of file.
2026-03-09 20:16:49,937 [ERROR] LogOutputStream:75 - [STDERR_REDIRECT] 
2026-03-09 20:16:50,927 [ERROR] LogOutputStream:75 - [STDERR_REDIRECT] [Fatal Error] :1:1: Premature end of file.
2026-03-09 20:16:50,927 [ERROR] LogOutputStream:75 - [STDERR_REDIRECT] 
2026-03-09 20:16:51,933 [ERROR] LogOutputStream:75 - [STDERR_REDIRECT] [Fatal Error] :1:1: Premature end of file.
2026-03-09 20:16:51,933 [ERROR] LogOutputStream:75 - [STDERR_REDIRECT] 
2026-03-09 20:16:52,930 [ERROR] LogOutputStream:75 - [STDERR_REDIRECT] [Fatal Error] :1:1: Premature end of file.
2026-03-09 20:16:52,930 [ERROR] LogOutputStream:75 - [STDERR_REDIRECT] 
2026-03-09 20:16:53,932 [ERROR] LogOutputStream:75 - [STDERR_REDIRECT] [Fatal Error] :1:1: Premature end of file.
2026-03-09 20:16:53,932 [ERROR] LogOutputStream:75 - [STDERR_REDIRECT] 
2026-03-09 20:16:54,931 [ERROR] LogOutputStream:75 - [STDERR_REDIRECT] [Fatal Error] :1:1: Premature end of file.
2026-03-09 20:16:54,932 [ERROR] LogOutputStream:75 - [STDERR_REDIRECT] 
2026-03-09 20:16:55,925 [ERROR] LogOutputStream:75 - [STDERR_REDIRECT] [Fatal Error] :1:1: Premature end of file.
2026-03-09 20:16:55,925 [ERROR] LogOutputStream:75 - [STDERR_REDIRECT] 
2026-03-09 20:16:56,933 [ERROR] LogOutputStream:75 - [STDERR_REDIRECT] [Fatal Error] :1:1: Premature end of file.
2026-03-09 20:16:56,933 [ERROR] LogOutputStream:75 - [STDERR_REDIRECT] 
2026-03-09 20:16:57,927 [ERROR] LogOutputStream:75 - [STDERR_REDIRECT] [Fatal Error] :1:1: Premature end of file.
2026-03-09 20:16:57,927 [ERROR] LogOutputStream:75 - [STDERR_REDIRECT] 
2026-03-09 20:16:58,934 [ERROR] LogOutputStream:75 - [STDERR_REDIRECT] [Fatal Error] :1:1: Premature end of file.
2026-03-09 20:16:58,935 [ERROR] LogOutputStream:75 - [STDERR_REDIRECT] 
2026-03-09 20:16:59,932 [ERROR] LogOutputStream:75 - [STDERR_REDIRECT] [Fatal Error] :1:1: Premature end of file.
2026-03-09 20:16:59,932 [ERROR] LogOutputStream:75 - [STDERR_REDIRECT] 
2026-03-09 20:17:00,925 [ERROR] LogOutputStream:75 - [STDERR_REDIRECT] [Fatal Error] :1:1: Premature end of file.
2026-03-09 20:17:00,925 [ERROR] LogOutputStream:75 - [STDERR_REDIRECT] 
2026-03-09 20:17:01,934 [ERROR] LogOutputStream:75 - [STDERR_REDIRECT] [Fatal Error] :1:1: Premature end of file.
2026-03-09 20:17:01,934 [ERROR] LogOutputStream:75 - [STDERR_REDIRECT] 
2026-03-09 20:17:02,930 [ERROR] LogOutputStream:75 - [STDERR_REDIRECT] [Fatal Error] :1:1: Premature end of file.
2026-03-09 20:17:02,930 [ERROR] LogOutputStream:75 - [STDERR_REDIRECT] 
2026-03-09 20:17:03,929 [ERROR] LogOutputStream:75 - [STDERR_REDIRECT] [Fatal Error] :1:1: Premature end of file.
2026-03-09 20:17:03,929 [ERROR] LogOutputStream:75 - [STDERR_REDIRECT] 
2026-03-09 20:17:04,926 [ERROR] LogOutputStream:75 - [STDERR_REDIRECT] [Fatal Error] :1:1: Premature end of file.
2026-03-09 20:17:04,926 [ERROR] LogOutputStream:75 - [STDERR_REDIRECT] 
2026-03-09 20:17:05,930 [ERROR] LogOutputStream:75 - [STDERR_REDIRECT] [Fatal Error] :1:1: Premature end of file.
2026-03-09 20:17:05,930 [ERROR] LogOutputStream:75 - [STDERR_REDIRECT] 
2026-03-09 20:17:06,923 [ERROR] LogOutputStream:75 - [STDERR_REDIRECT] [Fatal Error] :1:1: Premature end of file.
2026-03-09 20:17:06,923 [ERROR] LogOutputStream:75 - [STDERR_REDIRECT] 
2026-03-09 20:17:07,932 [ERROR] LogOutputStream:75 - [STDERR_REDIRECT] [Fatal Error] :1:1: Premature end of file.
2026-03-09 20:17:07,932 [ERROR] LogOutputStream:75 - [STDERR_REDIRECT] 
2026-03-09 20:17:08,924 [ERROR] LogOutputStream:75 - [STDERR_REDIRECT] [Fatal Error] :1:1: Premature end of file.
2026-03-09 20:17:08,924 [ERROR] LogOutputStream:75 - [STDERR_REDIRECT] 
2026-03-09 20:17:09,932 [ERROR] LogOutputStream:75 - [STDERR_REDIRECT] [Fatal Error] :1:1: Premature end of file.
2026-03-09 20:17:09,932 [ERROR] LogOutputStream:75 - [STDERR_REDIRECT] 
2026-03-09 20:17:10,926 [ERROR] LogOutputStream:75 - [STDERR_REDIRECT] [Fatal Error] :1:1: Premature end of file.
2026-03-09 20:17:10,926 [ERROR] LogOutputStream:75 - [STDERR_REDIRECT] 
2026-03-09 20:17:11,920 [ERROR] LogOutputStream:75 - [STDERR_REDIRECT] [Fatal Error] :1:1: Premature end of file.
2026-03-09 20:17:11,920 [ERROR] LogOutputStream:75 - [STDERR_REDIRECT] 
2026-03-09 20:17:12,929 [ERROR] LogOutputStream:75 - [STDERR_REDIRECT] [Fatal Error] :1:1: Premature end of file.
2026-03-09 20:17:12,929 [ERROR] LogOutputStream:75 - [STDERR_REDIRECT] 
2026-03-09 20:17:13,923 [ERROR] LogOutputStream:75 - [STDERR_REDIRECT] [Fatal Error] :1:1: Premature end of file.
2026-03-09 20:17:13,924 [ERROR] LogOutputStream:75 - [STDERR_REDIRECT] 
2026-03-09 20:17:14,939 [ERROR] LogOutputStream:75 - [STDERR_REDIRECT] [Fatal Error] :1:1: Premature end of file.
2026-03-09 20:17:14,939 [ERROR] LogOutputStream:75 - [STDERR_REDIRECT] 
2026-03-09 20:17:15,920 [ERROR] LogOutputStream:75 - [STDERR_REDIRECT] [Fatal Error] :1:1: Premature end of file.
2026-03-09 20:17:15,920 [ERROR] LogOutputStream:75 - [STDERR_REDIRECT] 
2026-03-09 20:17:16,931 [ERROR] LogOutputStream:75 - [STDERR_REDIRECT] [Fatal Error] :1:1: Premature end of file.
2026-03-09 20:17:16,931 [ERROR] LogOutputStream:75 - [STDERR_REDIRECT] 
2026-03-09 20:17:17,925 [ERROR] LogOutputStream:75 - [STDERR_REDIRECT] [Fatal Error] :1:1: Premature end of file.
2026-03-09 20:17:17,925 [ERROR] LogOutputStream:75 - [STDERR_REDIRECT] 
2026-03-09 20:17:18,930 [ERROR] LogOutputStream:75 - [STDERR_REDIRECT] [Fatal Error] :1:1: Premature end of file.
2026-03-09 20:17:18,930 [ERROR] LogOutputStream:75 - [STDERR_REDIRECT] 
2026-03-09 20:17:19,926 [ERROR] LogOutputStream:75 - [STDERR_REDIRECT] [Fatal Error] :1:1: Premature end of file.
2026-03-09 20:17:19,926 [ERROR] LogOutputStream:75 - [STDERR_REDIRECT] 
2026-03-09 20:17:20,933 [ERROR] LogOutputStream:75 - [STDERR_REDIRECT] [Fatal Error] :1:1: Premature end of file.
2026-03-09 20:17:20,933 [ERROR] LogOutputStream:75 - [STDERR_REDIRECT] 
2026-03-09 20:17:21,923 [ERROR] LogOutputStream:75 - [STDERR_REDIRECT] [Fatal Error] :1:1: Premature end of file.
2026-03-09 20:17:21,923 [ERROR] LogOutputStream:75 - [STDERR_REDIRECT] 
2026-03-09 20:17:22,930 [ERROR] LogOutputStream:75 - [STDERR_REDIRECT] [Fatal Error] :1:1: Premature end of file.
2026-03-09 20:17:22,930 [ERROR] LogOutputStream:75 - [STDERR_REDIRECT] 
2026-03-09 20:17:23,924 [ERROR] LogOutputStream:75 - [STDERR_REDIRECT] [Fatal Error] :1:1: Premature end of file.
2026-03-09 20:17:23,924 [ERROR] LogOutputStream:75 - [STDERR_REDIRECT] 
2026-03-09 20:17:24,933 [ERROR] LogOutputStream:75 - [STDERR_REDIRECT] [Fatal Error] :1:1: Premature end of file.
2026-03-09 20:17:24,934 [ERROR] LogOutputStream:75 - [STDERR_REDIRECT] 
2026-03-09 20:17:25,928 [ERROR] LogOutputStream:75 - [STDERR_REDIRECT] [Fatal Error] :1:1: Premature end of file.
2026-03-09 20:17:25,928 [ERROR] LogOutputStream:75 - [STDERR_REDIRECT] 
2026-03-09 20:17:26,924 [ERROR] LogOutputStream:75 - [STDERR_REDIRECT] [Fatal Error] :1:1: Premature end of file.
2026-03-09 20:17:26,924 [ERROR] LogOutputStream:75 - [STDERR_REDIRECT] 
2026-03-09 20:17:27,930 [ERROR] LogOutputStream:75 - [STDERR_REDIRECT] [Fatal Error] :1:1: Premature end of file.
2026-03-09 20:17:27,930 [ERROR] LogOutputStream:75 - [STDERR_REDIRECT] 
2026-03-09 20:17:28,923 [ERROR] LogOutputStream:75 - [STDERR_REDIRECT] [Fatal Error] :1:1: Premature end of file.
2026-03-09 20:17:28,923 [ERROR] LogOutputStream:75 - [STDERR_REDIRECT] 
2026-03-09 20:17:29,933 [ERROR] LogOutputStream:75 - [STDERR_REDIRECT] [Fatal Error] :1:1: Premature end of file.
2026-03-09 20:17:29,933 [ERROR] LogOutputStream:75 - [STDERR_REDIRECT] 
2026-03-09 20:17:30,926 [ERROR] LogOutputStream:75 - [STDERR_REDIRECT] [Fatal Error] :1:1: Premature end of file.
2026-03-09 20:17:30,926 [ERROR] LogOutputStream:75 - [STDERR_REDIRECT] 
2026-03-09 20:17:31,931 [ERROR] LogOutputStream:75 - [STDERR_REDIRECT] [Fatal Error] :1:1: Premature end of file.
2026-03-09 20:17:31,931 [ERROR] LogOutputStream:75 - [STDERR_REDIRECT] 
2026-03-09 20:17:32,924 [ERROR] LogOutputStream:75 - [STDERR_REDIRECT] [Fatal Error] :1:1: Premature end of file.
2026-03-09 20:17:32,924 [ERROR] LogOutputStream:75 - [STDERR_REDIRECT] 
2026-03-09 20:17:33,930 [ERROR] LogOutputStream:75 - [STDERR_REDIRECT] [Fatal Error] :1:1: Premature end of file.
2026-03-09 20:17:33,930 [ERROR] LogOutputStream:75 - [STDERR_REDIRECT] 
2026-03-09 20:17:34,934 [ERROR] LogOutputStream:75 - [STDERR_REDIRECT] [Fatal Error] :1:1: Premature end of file.
2026-03-09 20:17:34,934 [ERROR] LogOutputStream:75 - [STDERR_REDIRECT] 
2026-03-09 20:17:35,934 [ERROR] LogOutputStream:75 - [STDERR_REDIRECT] [Fatal Error] :1:1: Premature end of file.
2026-03-09 20:17:35,934 [ERROR] LogOutputStream:75 - [STDERR_REDIRECT] 
2026-03-09 20:17:36,925 [ERROR] LogOutputStream:75 - [STDERR_REDIRECT] [Fatal Error] :1:1: Premature end of file.
2026-03-09 20:17:36,925 [ERROR] LogOutputStream:75 - [STDERR_REDIRECT] 
2026-03-09 20:17:37,931 [ERROR] LogOutputStream:75 - [STDERR_REDIRECT] [Fatal Error] :1:1: Premature end of file.
2026-03-09 20:17:37,931 [ERROR] LogOutputStream:75 - [STDERR_REDIRECT] 
2026-03-09 20:17:38,924 [ERROR] LogOutputStream:75 - [STDERR_REDIRECT] [Fatal Error] :1:1: Premature end of file.
2026-03-09 20:17:38,924 [ERROR] LogOutputStream:75 - [STDERR_REDIRECT] 
2026-03-09 20:17:39,931 [ERROR] LogOutputStream:75 - [STDERR_REDIRECT] [Fatal Error] :1:1: Premature end of file.
2026-03-09 20:17:39,931 [ERROR] LogOutputStream:75 - [STDERR_REDIRECT] 
2026-03-09 20:17:40,920 [ERROR] LogOutputStream:75 - [STDERR_REDIRECT] [Fatal Error] :1:1: Premature end of file.
2026-03-09 20:17:40,920 [ERROR] LogOutputStream:75 - [STDERR_REDIRECT] 
2026-03-09 20:17:41,929 [ERROR] LogOutputStream:75 - [STDERR_REDIRECT] [Fatal Error] :1:1: Premature end of file.
2026-03-09 20:17:41,929 [ERROR] LogOutputStream:75 - [STDERR_REDIRECT] 
2026-03-09 20:17:42,931 [ERROR] LogOutputStream:75 - [STDERR_REDIRECT] [Fatal Error] :1:1: Premature end of file.
2026-03-09 20:17:42,931 [ERROR] LogOutputStream:75 - [STDERR_REDIRECT] 
2026-03-09 20:17:43,934 [ERROR] LogOutputStream:75 - [STDERR_REDIRECT] [Fatal Error] :1:1: Premature end of file.
2026-03-09 20:17:43,934 [ERROR] LogOutputStream:75 - [STDERR_REDIRECT] 
2026-03-09 20:17:44,924 [ERROR] LogOutputStream:75 - [STDERR_REDIRECT] [Fatal Error] :1:1: Premature end of file.
2026-03-09 20:17:44,924 [ERROR] LogOutputStream:75 - [STDERR_REDIRECT] 
2026-03-09 20:17:45,927 [ERROR] LogOutputStream:75 - [STDERR_REDIRECT] [Fatal Error] :1:1: Premature end of file.
2026-03-09 20:17:45,928 [ERROR] LogOutputStream:75 - [STDERR_REDIRECT] 
2026-03-09 20:17:46,934 [ERROR] LogOutputStream:75 - [STDERR_REDIRECT] [Fatal Error] :1:1: Premature end of file.
2026-03-09 20:17:46,934 [ERROR] LogOutputStream:75 - [STDERR_REDIRECT] 
2026-03-09 20:17:47,929 [ERROR] LogOutputStream:75 - [STDERR_REDIRECT] [Fatal Error] :1:1: Premature end of file.
2026-03-09 20:17:47,930 [ERROR] LogOutputStream:75 - [STDERR_REDIRECT] 
2026-03-09 20:17:48,936 [ERROR] LogOutputStream:75 - [STDERR_REDIRECT] [Fatal Error] :1:1: Premature end of file.
2026-03-09 20:17:48,936 [ERROR] LogOutputStream:75 - [STDERR_REDIRECT] 
2026-03-09 20:17:49,929 [ERROR] LogOutputStream:75 - [STDERR_REDIRECT] [Fatal Error] :1:1: Premature end of file.
2026-03-09 20:17:49,929 [ERROR] LogOutputStream:75 - [STDERR_REDIRECT] 
2026-03-09 20:17:50,937 [ERROR] LogOutputStream:75 - [STDERR_REDIRECT] [Fatal Error] :1:1: Premature end of file.
2026-03-09 20:17:50,937 [ERROR] LogOutputStream:75 - [STDERR_REDIRECT] 
2026-03-09 20:17:51,928 [ERROR] LogOutputStream:75 - [STDERR_REDIRECT] [Fatal Error] :1:1: Premature end of file.
2026-03-09 20:17:51,928 [ERROR] LogOutputStream:75 - [STDERR_REDIRECT] 
2026-03-09 20:17:52,935 [ERROR] LogOutputStream:75 - [STDERR_REDIRECT] [Fatal Error] :1:1: Premature end of file.
2026-03-09 20:17:52,935 [ERROR] LogOutputStream:75 - [STDERR_REDIRECT] 
2026-03-09 20:17:53,932 [ERROR] LogOutputStream:75 - [STDERR_REDIRECT] [Fatal Error] :1:1: Premature end of file.
2026-03-09 20:17:53,932 [ERROR] LogOutputStream:75 - [STDERR_REDIRECT] 
2026-03-09 20:17:54,921 [ERROR] LogOutputStream:75 - [STDERR_REDIRECT] [Fatal Error] :1:1: Premature end of file.
2026-03-09 20:17:54,921 [ERROR] LogOutputStream:75 - [STDERR_REDIRECT] 
2026-03-09 20:17:55,930 [ERROR] LogOutputStream:75 - [STDERR_REDIRECT] [Fatal Error] :1:1: Premature end of file.
2026-03-09 20:17:55,930 [ERROR] LogOutputStream:75 - [STDERR_REDIRECT] 
2026-03-09 20:17:56,933 [ERROR] LogOutputStream:75 - [STDERR_REDIRECT] [Fatal Error] :1:1: Premature end of file.
2026-03-09 20:17:56,933 [ERROR] LogOutputStream:75 - [STDERR_REDIRECT] 
2026-03-09 20:17:57,926 [ERROR] LogOutputStream:75 - [STDERR_REDIRECT] [Fatal Error] :1:1: Premature end of file.
2026-03-09 20:17:57,926 [ERROR] LogOutputStream:75 - [STDERR_REDIRECT] 
2026-03-09 20:17:58,933 [ERROR] LogOutputStream:75 - [STDERR_REDIRECT] [Fatal Error] :1:1: Premature end of file.
2026-03-09 20:17:58,933 [ERROR] LogOutputStream:75 - [STDERR_REDIRECT] 
2026-03-09 20:17:59,921 [ERROR] LogOutputStream:75 - [STDERR_REDIRECT] [Fatal Error] :1:1: Premature end of file.
2026-03-09 20:17:59,921 [ERROR] LogOutputStream:75 - [STDERR_REDIRECT] 
2026-03-09 20:18:00,930 [ERROR] LogOutputStream:75 - [STDERR_REDIRECT] [Fatal Error] :1:1: Premature end of file.
2026-03-09 20:18:00,930 [ERROR] LogOutputStream:75 - [STDERR_REDIRECT] 
2026-03-09 20:18:01,925 [ERROR] LogOutputStream:75 - [STDERR_REDIRECT] [Fatal Error] :1:1: Premature end of file.
2026-03-09 20:18:01,925 [ERROR] LogOutputStream:75 - [STDERR_REDIRECT] 
2026-03-09 20:18:02,933 [ERROR] LogOutputStream:75 - [STDERR_REDIRECT] [Fatal Error] :1:1: Premature end of file.
2026-03-09 20:18:02,933 [ERROR] LogOutputStream:75 - [STDERR_REDIRECT] 
2026-03-09 20:18:03,934 [ERROR] LogOutputStream:75 - [STDERR_REDIRECT] [Fatal Error] :1:1: Premature end of file.
2026-03-09 20:18:03,934 [ERROR] LogOutputStream:75 - [STDERR_REDIRECT] 
2026-03-09 20:18:04,928 [ERROR] LogOutputStream:75 - [STDERR_REDIRECT] [Fatal Error] :1:1: Premature end of file.
2026-03-09 20:18:04,928 [ERROR] LogOutputStream:75 - [STDERR_REDIRECT] 
2026-03-09 20:18:05,925 [ERROR] LogOutputStream:75 - [STDERR_REDIRECT] [Fatal Error] :1:1: Premature end of file.
2026-03-09 20:18:05,925 [ERROR] LogOutputStream:75 - [STDERR_REDIRECT] 
2026-03-09 20:18:06,921 [ERROR] LogOutputStream:75 - [STDERR_REDIRECT] [Fatal Error] :1:1: Premature end of file.
2026-03-09 20:18:06,921 [ERROR] LogOutputStream:75 - [STDERR_REDIRECT] 
2026-03-09 20:18:07,925 [ERROR] LogOutputStream:75 - [STDERR_REDIRECT] [Fatal Error] :1:1: Premature end of file.
2026-03-09 20:18:07,926 [ERROR] LogOutputStream:75 - [STDERR_REDIRECT] 
2026-03-09 20:18:08,943 [ERROR] LogOutputStream:75 - [STDERR_REDIRECT] [Fatal Error] :1:1: Premature end of file.
2026-03-09 20:18:08,944 [ERROR] LogOutputStream:75 - [STDERR_REDIRECT] 
2026-03-09 20:18:09,924 [ERROR] LogOutputStream:75 - [STDERR_REDIRECT] [Fatal Error] :1:1: Premature end of file.
2026-03-09 20:18:09,926 [ERROR] LogOutputStream:75 - [STDERR_REDIRECT] 
2026-03-09 20:18:10,923 [ERROR] LogOutputStream:75 - [STDERR_REDIRECT] [Fatal Error] :1:1: Premature end of file.
2026-03-09 20:18:10,923 [ERROR] LogOutputStream:75 - [STDERR_REDIRECT] 
2026-03-09 20:18:11,926 [ERROR] LogOutputStream:75 - [STDERR_REDIRECT] [Fatal Error] :1:1: Premature end of file.
2026-03-09 20:18:11,926 [ERROR] LogOutputStream:75 - [STDERR_REDIRECT] 
2026-03-09 20:18:12,926 [ERROR] LogOutputStream:75 - [STDERR_REDIRECT] [Fatal Error] :1:1: Premature end of file.
2026-03-09 20:18:12,926 [ERROR] LogOutputStream:75 - [STDERR_REDIRECT] 
2026-03-09 20:18:13,925 [ERROR] LogOutputStream:75 - [STDERR_REDIRECT] [Fatal Error] :1:1: Premature end of file.
2026-03-09 20:18:13,925 [ERROR] LogOutputStream:75 - [STDERR_REDIRECT] 
2026-03-09 20:18:14,930 [ERROR] LogOutputStream:75 - [STDERR_REDIRECT] [Fatal Error] :1:1: Premature end of file.
2026-03-09 20:18:14,930 [ERROR] LogOutputStream:75 - [STDERR_REDIRECT] 
2026-03-09 20:18:15,921 [ERROR] LogOutputStream:75 - [STDERR_REDIRECT] [Fatal Error] :1:1: Premature end of file.
2026-03-09 20:18:15,921 [ERROR] LogOutputStream:75 - [STDERR_REDIRECT] 
2026-03-09 20:18:16,929 [ERROR] LogOutputStream:75 - [STDERR_REDIRECT] [Fatal Error] :1:1: Premature end of file.
2026-03-09 20:18:16,929 [ERROR] LogOutputStream:75 - [STDERR_REDIRECT] 
2026-03-09 20:18:17,934 [ERROR] LogOutputStream:75 - [STDERR_REDIRECT] [Fatal Error] :1:1: Premature end of file.
2026-03-09 20:18:17,934 [ERROR] LogOutputStream:75 - [STDERR_REDIRECT] 
2026-03-09 20:18:18,923 [ERROR] LogOutputStream:75 - [STDERR_REDIRECT] [Fatal Error] :1:1: Premature end of file.
2026-03-09 20:18:18,923 [ERROR] LogOutputStream:75 - [STDERR_REDIRECT] 
2026-03-09 20:18:19,935 [ERROR] LogOutputStream:75 - [STDERR_REDIRECT] [Fatal Error] :1:1: Premature end of file.
2026-03-09 20:18:19,935 [ERROR] LogOutputStream:75 - [STDERR_REDIRECT] 
2026-03-09 20:18:20,923 [ERROR] LogOutputStream:75 - [STDERR_REDIRECT] [Fatal Error] :1:1: Premature end of file.
2026-03-09 20:18:20,923 [ERROR] LogOutputStream:75 - [STDERR_REDIRECT] 
2026-03-09 20:18:21,931 [ERROR] LogOutputStream:75 - [STDERR_REDIRECT] [Fatal Error] :1:1: Premature end of file.
2026-03-09 20:18:21,931 [ERROR] LogOutputStream:75 - [STDERR_REDIRECT] 
2026-03-09 20:18:22,921 [ERROR] LogOutputStream:75 - [STDERR_REDIRECT] [Fatal Error] :1:1: Premature end of file.
2026-03-09 20:18:22,921 [ERROR] LogOutputStream:75 - [STDERR_REDIRECT] 
2026-03-09 20:18:23,929 [ERROR] LogOutputStream:75 - [STDERR_REDIRECT] [Fatal Error] :1:1: Premature end of file.
2026-03-09 20:18:23,929 [ERROR] LogOutputStream:75 - [STDERR_REDIRECT] 
2026-03-09 20:18:24,923 [ERROR] LogOutputStream:75 - [STDERR_REDIRECT] [Fatal Error] :1:1: Premature end of file.
2026-03-09 20:18:24,923 [ERROR] LogOutputStream:75 - [STDERR_REDIRECT] 
2026-03-09 20:18:25,929 [ERROR] LogOutputStream:75 - [STDERR_REDIRECT] [Fatal Error] :1:1: Premature end of file.
2026-03-09 20:18:25,929 [ERROR] LogOutputStream:75 - [STDERR_REDIRECT] 
2026-03-09 20:18:26,933 [ERROR] LogOutputStream:75 - [STDERR_REDIRECT] [Fatal Error] :1:1: Premature end of file.
2026-03-09 20:18:26,933 [ERROR] LogOutputStream:75 - [STDERR_REDIRECT] 
2026-03-09 20:18:27,932 [ERROR] LogOutputStream:75 - [STDERR_REDIRECT] [Fatal Error] :1:1: Premature end of file.
2026-03-09 20:18:27,932 [ERROR] LogOutputStream:75 - [STDERR_REDIRECT] 
2026-03-09 20:18:28,922 [ERROR] LogOutputStream:75 - [STDERR_REDIRECT] [Fatal Error] :1:1: Premature end of file.
2026-03-09 20:18:28,922 [ERROR] LogOutputStream:75 - [STDERR_REDIRECT] 
2026-03-09 20:18:29,932 [ERROR] LogOutputStream:75 - [STDERR_REDIRECT] [Fatal Error] :1:1: Premature end of file.
2026-03-09 20:18:29,932 [ERROR] LogOutputStream:75 - [STDERR_REDIRECT] 
2026-03-09 20:18:30,929 [ERROR] LogOutputStream:75 - [STDERR_REDIRECT] [Fatal Error] :1:1: Premature end of file.
2026-03-09 20:18:30,929 [ERROR] LogOutputStream:75 - [STDERR_REDIRECT] 
2026-03-09 20:18:31,938 [ERROR] LogOutputStream:75 - [STDERR_REDIRECT] [Fatal Error] :1:1: Premature end of file.
2026-03-09 20:18:31,938 [ERROR] LogOutputStream:75 - [STDERR_REDIRECT] 
2026-03-09 20:18:32,959 [ERROR] LogOutputStream:75 - [STDERR_REDIRECT] [Fatal Error] :1:1: Premature end of file.
2026-03-09 20:18:32,960 [ERROR] LogOutputStream:75 - [STDERR_REDIRECT] 
2026-03-09 20:18:33,940 [ERROR] LogOutputStream:75 - [STDERR_REDIRECT] [Fatal Error] :1:1: Premature end of file.
2026-03-09 20:18:33,940 [ERROR] LogOutputStream:75 - [STDERR_REDIRECT] 
2026-03-09 20:18:34,934 [ERROR] LogOutputStream:75 - [STDERR_REDIRECT] [Fatal Error] :1:1: Premature end of file.
2026-03-09 20:18:34,934 [ERROR] LogOutputStream:75 - [STDERR_REDIRECT] 
2026-03-09 20:18:35,937 [ERROR] LogOutputStream:75 - [STDERR_REDIRECT] [Fatal Error] :1:1: Premature end of file.
2026-03-09 20:18:35,937 [ERROR] LogOutputStream:75 - [STDERR_REDIRECT] 
2026-03-09 20:18:36,942 [ERROR] LogOutputStream:75 - [STDERR_REDIRECT] [Fatal Error] :1:1: Premature end of file.
2026-03-09 20:18:36,942 [ERROR] LogOutputStream:75 - [STDERR_REDIRECT] 
2026-03-09 20:18:37,942 [ERROR] LogOutputStream:75 - [STDERR_REDIRECT] [Fatal Error] :1:1: Premature end of file.
2026-03-09 20:18:37,942 [ERROR] LogOutputStream:75 - [STDERR_REDIRECT] 
2026-03-09 20:18:38,934 [ERROR] LogOutputStream:75 - [STDERR_REDIRECT] [Fatal Error] :1:1: Premature end of file.
2026-03-09 20:18:38,934 [ERROR] LogOutputStream:75 - [STDERR_REDIRECT] 
2026-03-09 20:18:39,925 [ERROR] LogOutputStream:75 - [STDERR_REDIRECT] [Fatal Error] :1:1: Premature end of file.
2026-03-09 20:18:39,925 [ERROR] LogOutputStream:75 - [STDERR_REDIRECT] 
2026-03-09 20:18:40,935 [ERROR] LogOutputStream:75 - [STDERR_REDIRECT] [Fatal Error] :1:1: Premature end of file.
2026-03-09 20:18:40,935 [ERROR] LogOutputStream:75 - [STDERR_REDIRECT] 
2026-03-09 20:18:41,927 [ERROR] LogOutputStream:75 - [STDERR_REDIRECT] [Fatal Error] :1:1: Premature end of file.
2026-03-09 20:18:41,927 [ERROR] LogOutputStream:75 - [STDERR_REDIRECT] 
2026-03-09 20:18:42,940 [ERROR] LogOutputStream:75 - [STDERR_REDIRECT] [Fatal Error] :1:1: Premature end of file.
2026-03-09 20:18:42,940 [ERROR] LogOutputStream:75 - [STDERR_REDIRECT] 
2026-03-09 20:18:43,958 [ERROR] LogOutputStream:75 - [STDERR_REDIRECT] [Fatal Error] :1:1: Premature end of file.
2026-03-09 20:18:43,958 [ERROR] LogOutputStream:75 - [STDERR_REDIRECT] 
2026-03-09 20:18:44,934 [ERROR] LogOutputStream:75 - [STDERR_REDIRECT] [Fatal Error] :1:1: Premature end of file.
2026-03-09 20:18:44,934 [ERROR] LogOutputStream:75 - [STDERR_REDIRECT] 
2026-03-09 20:18:45,932 [ERROR] LogOutputStream:75 - [STDERR_REDIRECT] [Fatal Error] :1:1: Premature end of file.
2026-03-09 20:18:45,932 [ERROR] LogOutputStream:75 - [STDERR_REDIRECT] 
2026-03-09 20:18:46,940 [ERROR] LogOutputStream:75 - [STDERR_REDIRECT] [Fatal Error] :1:1: Premature end of file.
2026-03-09 20:18:46,940 [ERROR] LogOutputStream:75 - [STDERR_REDIRECT] 
2026-03-09 20:18:47,931 [ERROR] LogOutputStream:75 - [STDERR_REDIRECT] [Fatal Error] :1:1: Premature end of file.
2026-03-09 20:18:47,931 [ERROR] LogOutputStream:75 - [STDERR_REDIRECT] 
2026-03-09 20:18:48,924 [ERROR] LogOutputStream:75 - [STDERR_REDIRECT] [Fatal Error] :1:1: Premature end of file.
2026-03-09 20:18:48,924 [ERROR] LogOutputStream:75 - [STDERR_REDIRECT] 
2026-03-09 20:18:49,932 [ERROR] LogOutputStream:75 - [STDERR_REDIRECT] [Fatal Error] :1:1: Premature end of file.
2026-03-09 20:18:49,932 [ERROR] LogOutputStream:75 - [STDERR_REDIRECT] 
2026-03-09 20:18:50,922 [ERROR] LogOutputStream:75 - [STDERR_REDIRECT] [Fatal Error] :1:1: Premature end of file.
2026-03-09 20:18:50,922 [ERROR] LogOutputStream:75 - [STDERR_REDIRECT] 
2026-03-09 20:18:51,933 [ERROR] LogOutputStream:75 - [STDERR_REDIRECT] [Fatal Error] :1:1: Premature end of file.
2026-03-09 20:18:51,933 [ERROR] LogOutputStream:75 - [STDERR_REDIRECT] 
2026-03-09 20:18:52,925 [ERROR] LogOutputStream:75 - [STDERR_REDIRECT] [Fatal Error] :1:1: Premature end of file.
2026-03-09 20:18:52,925 [ERROR] LogOutputStream:75 - [STDERR_REDIRECT] 
2026-03-09 20:18:53,934 [ERROR] LogOutputStream:75 - [STDERR_REDIRECT] [Fatal Error] :1:1: Premature end of file.
2026-03-09 20:18:53,935 [ERROR] LogOutputStream:75 - [STDERR_REDIRECT] 
2026-03-09 20:18:54,930 [ERROR] LogOutputStream:75 - [STDERR_REDIRECT] [Fatal Error] :1:1: Premature end of file.
2026-03-09 20:18:54,930 [ERROR] LogOutputStream:75 - [STDERR_REDIRECT] 
2026-03-09 20:18:55,940 [ERROR] LogOutputStream:75 - [STDERR_REDIRECT] [Fatal Error] :1:1: Premature end of file.
2026-03-09 20:18:55,940 [ERROR] LogOutputStream:75 - [STDERR_REDIRECT] 
2026-03-09 20:18:56,930 [ERROR] LogOutputStream:75 - [STDERR_REDIRECT] [Fatal Error] :1:1: Premature end of file.
2026-03-09 20:18:56,930 [ERROR] LogOutputStream:75 - [STDERR_REDIRECT] 
2026-03-09 20:18:57,926 [ERROR] LogOutputStream:75 - [STDERR_REDIRECT] [Fatal Error] :1:1: Premature end of file.
2026-03-09 20:18:57,926 [ERROR] LogOutputStream:75 - [STDERR_REDIRECT] 
2026-03-09 20:18:58,951 [ERROR] LogOutputStream:75 - [STDERR_REDIRECT] [Fatal Error] :1:1: Premature end of file.
2026-03-09 20:18:58,951 [ERROR] LogOutputStream:75 - [STDERR_REDIRECT] 
2026-03-09 20:18:59,947 [ERROR] LogOutputStream:75 - [STDERR_REDIRECT] [Fatal Error] :1:1: Premature end of file.
2026-03-09 20:18:59,947 [ERROR] LogOutputStream:75 - [STDERR_REDIRECT] 
2026-03-09 20:19:00,929 [ERROR] LogOutputStream:75 - [STDERR_REDIRECT] [Fatal Error] :1:1: Premature end of file.
2026-03-09 20:19:00,929 [ERROR] LogOutputStream:75 - [STDERR_REDIRECT] 
2026-03-09 20:19:01,935 [ERROR] LogOutputStream:75 - [STDERR_REDIRECT] [Fatal Error] :1:1: Premature end of file.
2026-03-09 20:19:01,935 [ERROR] LogOutputStream:75 - [STDERR_REDIRECT] 
2026-03-09 20:19:02,925 [ERROR] LogOutputStream:75 - [STDERR_REDIRECT] [Fatal Error] :1:1: Premature end of file.
2026-03-09 20:19:02,925 [ERROR] LogOutputStream:75 - [STDERR_REDIRECT] 
2026-03-09 20:19:03,932 [ERROR] LogOutputStream:75 - [STDERR_REDIRECT] [Fatal Error] :1:1: Premature end of file.
2026-03-09 20:19:03,932 [ERROR] LogOutputStream:75 - [STDERR_REDIRECT] 
2026-03-09 20:19:04,920 [ERROR] LogOutputStream:75 - [STDERR_REDIRECT] [Fatal Error] :1:1: Premature end of file.
2026-03-09 20:19:04,921 [ERROR] LogOutputStream:75 - [STDERR_REDIRECT] 
2026-03-09 20:19:05,928 [ERROR] LogOutputStream:75 - [STDERR_REDIRECT] [Fatal Error] :1:1: Premature end of file.
2026-03-09 20:19:05,928 [ERROR] LogOutputStream:75 - [STDERR_REDIRECT] 
2026-03-09 20:19:06,934 [ERROR] LogOutputStream:75 - [STDERR_REDIRECT] [Fatal Error] :1:1: Premature end of file.
2026-03-09 20:19:06,934 [ERROR] LogOutputStream:75 - [STDERR_REDIRECT] 
2026-03-09 20:19:07,930 [ERROR] LogOutputStream:75 - [STDERR_REDIRECT] [Fatal Error] :1:1: Premature end of file.
2026-03-09 20:19:07,930 [ERROR] LogOutputStream:75 - [STDERR_REDIRECT] 
2026-03-09 20:19:08,928 [ERROR] LogOutputStream:75 - [STDERR_REDIRECT] [Fatal Error] :1:1: Premature end of file.
2026-03-09 20:19:08,928 [ERROR] LogOutputStream:75 - [STDERR_REDIRECT] 
2026-03-09 20:19:09,922 [ERROR] LogOutputStream:75 - [STDERR_REDIRECT] [Fatal Error] :1:1: Premature end of file.
2026-03-09 20:19:09,922 [ERROR] LogOutputStream:75 - [STDERR_REDIRECT] 
2026-03-09 20:19:10,931 [ERROR] LogOutputStream:75 - [STDERR_REDIRECT] [Fatal Error] :1:1: Premature end of file.
2026-03-09 20:19:10,932 [ERROR] LogOutputStream:75 - [STDERR_REDIRECT] 
2026-03-09 20:19:11,934 [ERROR] LogOutputStream:75 - [STDERR_REDIRECT] [Fatal Error] :1:1: Premature end of file.
2026-03-09 20:19:11,935 [ERROR] LogOutputStream:75 - [STDERR_REDIRECT] 
2026-03-09 20:19:12,927 [ERROR] LogOutputStream:75 - [STDERR_REDIRECT] [Fatal Error] :1:1: Premature end of file.
2026-03-09 20:19:12,927 [ERROR] LogOutputStream:75 - [STDERR_REDIRECT] 
2026-03-09 20:19:13,921 [ERROR] LogOutputStream:75 - [STDERR_REDIRECT] [Fatal Error] :1:1: Premature end of file.
2026-03-09 20:19:13,921 [ERROR] LogOutputStream:75 - [STDERR_REDIRECT] 
2026-03-09 20:19:14,932 [ERROR] LogOutputStream:75 - [STDERR_REDIRECT] [Fatal Error] :1:1: Premature end of file.
2026-03-09 20:19:14,932 [ERROR] LogOutputStream:75 - [STDERR_REDIRECT] 
2026-03-09 20:19:15,922 [ERROR] LogOutputStream:75 - [STDERR_REDIRECT] [Fatal Error] :1:1: Premature end of file.
2026-03-09 20:19:15,922 [ERROR] LogOutputStream:75 - [STDERR_REDIRECT] 
2026-03-09 20:19:16,925 [ERROR] LogOutputStream:75 - [STDERR_REDIRECT] [Fatal Error] :1:1: Premature end of file.
2026-03-09 20:19:16,925 [ERROR] LogOutputStream:75 - [STDERR_REDIRECT] 
2026-03-09 20:19:17,932 [ERROR] LogOutputStream:75 - [STDERR_REDIRECT] [Fatal Error] :1:1: Premature end of file.
2026-03-09 20:19:17,932 [ERROR] LogOutputStream:75 - [STDERR_REDIRECT] 
2026-03-09 20:19:18,936 [ERROR] LogOutputStream:75 - [STDERR_REDIRECT] [Fatal Error] :1:1: Premature end of file.
2026-03-09 20:19:18,936 [ERROR] LogOutputStream:75 - [STDERR_REDIRECT] 
2026-03-09 20:19:19,932 [ERROR] LogOutputStream:75 - [STDERR_REDIRECT] [Fatal Error] :1:1: Premature end of file.
2026-03-09 20:19:19,932 [ERROR] LogOutputStream:75 - [STDERR_REDIRECT] 
2026-03-09 20:19:20,924 [ERROR] LogOutputStream:75 - [STDERR_REDIRECT] [Fatal Error] :1:1: Premature end of file.
2026-03-09 20:19:20,924 [ERROR] LogOutputStream:75 - [STDERR_REDIRECT] 
2026-03-09 20:19:21,929 [ERROR] LogOutputStream:75 - [STDERR_REDIRECT] [Fatal Error] :1:1: Premature end of file.
2026-03-09 20:19:21,929 [ERROR] LogOutputStream:75 - [STDERR_REDIRECT] 
2026-03-09 20:19:22,926 [ERROR] LogOutputStream:75 - [STDERR_REDIRECT] [Fatal Error] :1:1: Premature end of file.
2026-03-09 20:19:22,926 [ERROR] LogOutputStream:75 - [STDERR_REDIRECT] 
2026-03-09 20:19:23,936 [ERROR] LogOutputStream:75 - [STDERR_REDIRECT] [Fatal Error] :1:1: Premature end of file.
2026-03-09 20:19:23,936 [ERROR] LogOutputStream:75 - [STDERR_REDIRECT] 
2026-03-09 20:19:24,926 [ERROR] LogOutputStream:75 - [STDERR_REDIRECT] [Fatal Error] :1:1: Premature end of file.
2026-03-09 20:19:24,926 [ERROR] LogOutputStream:75 - [STDERR_REDIRECT] 
2026-03-09 20:19:25,938 [ERROR] LogOutputStream:75 - [STDERR_REDIRECT] [Fatal Error] :1:1: Premature end of file.
2026-03-09 20:19:25,938 [ERROR] LogOutputStream:75 - [STDERR_REDIRECT] 
2026-03-09 20:19:26,923 [ERROR] LogOutputStream:75 - [STDERR_REDIRECT] [Fatal Error] :1:1: Premature end of file.
2026-03-09 20:19:26,923 [ERROR] LogOutputStream:75 - [STDERR_REDIRECT] 
2026-03-09 20:19:27,928 [ERROR] LogOutputStream:75 - [STDERR_REDIRECT] [Fatal Error] :1:1: Premature end of file.
2026-03-09 20:19:27,928 [ERROR] LogOutputStream:75 - [STDERR_REDIRECT] 
2026-03-09 20:19:28,935 [ERROR] LogOutputStream:75 - [STDERR_REDIRECT] [Fatal Error] :1:1: Premature end of file.
2026-03-09 20:19:28,935 [ERROR] LogOutputStream:75 - [STDERR_REDIRECT] 
2026-03-09 20:19:29,925 [ERROR] LogOutputStream:75 - [STDERR_REDIRECT] [Fatal Error] :1:1: Premature end of file.
2026-03-09 20:19:29,925 [ERROR] LogOutputStream:75 - [STDERR_REDIRECT] 
2026-03-09 20:19:30,932 [ERROR] LogOutputStream:75 - [STDERR_REDIRECT] [Fatal Error] :1:1: Premature end of file.
2026-03-09 20:19:30,932 [ERROR] LogOutputStream:75 - [STDERR_REDIRECT] 
2026-03-09 20:19:31,924 [ERROR] LogOutputStream:75 - [STDERR_REDIRECT] [Fatal Error] :1:1: Premature end of file.
2026-03-09 20:19:31,924 [ERROR] LogOutputStream:75 - [STDERR_REDIRECT] 
2026-03-09 20:19:32,926 [ERROR] LogOutputStream:75 - [STDERR_REDIRECT] [Fatal Error] :1:1: Premature end of file.
2026-03-09 20:19:32,927 [ERROR] LogOutputStream:75 - [STDERR_REDIRECT] 
2026-03-09 20:19:33,935 [ERROR] LogOutputStream:75 - [STDERR_REDIRECT] [Fatal Error] :1:1: Premature end of file.
2026-03-09 20:19:33,935 [ERROR] LogOutputStream:75 - [STDERR_REDIRECT] 
2026-03-09 20:19:34,931 [ERROR] LogOutputStream:75 - [STDERR_REDIRECT] [Fatal Error] :1:1: Premature end of file.
2026-03-09 20:19:34,931 [ERROR] LogOutputStream:75 - [STDERR_REDIRECT] 
2026-03-09 20:19:35,923 [ERROR] LogOutputStream:75 - [STDERR_REDIRECT] [Fatal Error] :1:1: Premature end of file.
2026-03-09 20:19:35,923 [ERROR] LogOutputStream:75 - [STDERR_REDIRECT] 
2026-03-09 20:19:36,926 [ERROR] LogOutputStream:75 - [STDERR_REDIRECT] [Fatal Error] :1:1: Premature end of file.
2026-03-09 20:19:36,927 [ERROR] LogOutputStream:75 - [STDERR_REDIRECT] 
2026-03-09 20:19:37,933 [ERROR] LogOutputStream:75 - [STDERR_REDIRECT] [Fatal Error] :1:1: Premature end of file.
2026-03-09 20:19:37,933 [ERROR] LogOutputStream:75 - [STDERR_REDIRECT] 
2026-03-09 20:19:38,940 [ERROR] LogOutputStream:75 - [STDERR_REDIRECT] [Fatal Error] :1:1: Premature end of file.
2026-03-09 20:19:38,940 [ERROR] LogOutputStream:75 - [STDERR_REDIRECT] 
2026-03-09 20:19:39,921 [ERROR] LogOutputStream:75 - [STDERR_REDIRECT] [Fatal Error] :1:1: Premature end of file.
2026-03-09 20:19:39,921 [ERROR] LogOutputStream:75 - [STDERR_REDIRECT] 
2026-03-09 20:19:40,930 [ERROR] LogOutputStream:75 - [STDERR_REDIRECT] [Fatal Error] :1:1: Premature end of file.
2026-03-09 20:19:40,930 [ERROR] LogOutputStream:75 - [STDERR_REDIRECT] 
2026-03-09 20:19:41,923 [ERROR] LogOutputStream:75 - [STDERR_REDIRECT] [Fatal Error] :1:1: Premature end of file.
2026-03-09 20:19:41,923 [ERROR] LogOutputStream:75 - [STDERR_REDIRECT] 
2026-03-09 20:19:42,930 [ERROR] LogOutputStream:75 - [STDERR_REDIRECT] [Fatal Error] :1:1: Premature end of file.
2026-03-09 20:19:42,930 [ERROR] LogOutputStream:75 - [STDERR_REDIRECT] 
2026-03-09 20:19:43,921 [ERROR] LogOutputStream:75 - [STDERR_REDIRECT] [Fatal Error] :1:1: Premature end of file.
2026-03-09 20:19:43,922 [ERROR] LogOutputStream:75 - [STDERR_REDIRECT] 
2026-03-09 20:19:44,923 [ERROR] LogOutputStream:75 - [STDERR_REDIRECT] [Fatal Error] :1:1: Premature end of file.
2026-03-09 20:19:44,924 [ERROR] LogOutputStream:75 - [STDERR_REDIRECT] 
2026-03-09 20:19:45,928 [ERROR] LogOutputStream:75 - [STDERR_REDIRECT] [Fatal Error] :1:1: Premature end of file.
2026-03-09 20:19:45,928 [ERROR] LogOutputStream:75 - [STDERR_REDIRECT] 
2026-03-09 20:19:46,923 [ERROR] LogOutputStream:75 - [STDERR_REDIRECT] [Fatal Error] :1:1: Premature end of file.
2026-03-09 20:19:46,923 [ERROR] LogOutputStream:75 - [STDERR_REDIRECT] 
2026-03-09 20:19:47,930 [ERROR] LogOutputStream:75 - [STDERR_REDIRECT] [Fatal Error] :1:1: Premature end of file.
2026-03-09 20:19:47,930 [ERROR] LogOutputStream:75 - [STDERR_REDIRECT] 
2026-03-09 20:19:48,924 [ERROR] LogOutputStream:75 - [STDERR_REDIRECT] [Fatal Error] :1:1: Premature end of file.
2026-03-09 20:19:48,924 [ERROR] LogOutputStream:75 - [STDERR_REDIRECT] 
2026-03-09 20:19:49,932 [ERROR] LogOutputStream:75 - [STDERR_REDIRECT] [Fatal Error] :1:1: Premature end of file.
2026-03-09 20:19:49,932 [ERROR] LogOutputStream:75 - [STDERR_REDIRECT] 
2026-03-09 20:19:50,923 [ERROR] LogOutputStream:75 - [STDERR_REDIRECT] [Fatal Error] :1:1: Premature end of file.
2026-03-09 20:19:50,923 [ERROR] LogOutputStream:75 - [STDERR_REDIRECT] 
2026-03-09 20:19:51,933 [ERROR] LogOutputStream:75 - [STDERR_REDIRECT] [Fatal Error] :1:1: Premature end of file.
2026-03-09 20:19:51,933 [ERROR] LogOutputStream:75 - [STDERR_REDIRECT] 
2026-03-09 20:19:52,930 [ERROR] LogOutputStream:75 - [STDERR_REDIRECT] [Fatal Error] :1:1: Premature end of file.
2026-03-09 20:19:52,930 [ERROR] LogOutputStream:75 - [STDERR_REDIRECT] 
2026-03-09 20:19:53,957 [ERROR] LogOutputStream:75 - [STDERR_REDIRECT] [Fatal Error] :1:1: Premature end of file.
2026-03-09 20:19:53,957 [ERROR] LogOutputStream:75 - [STDERR_REDIRECT] 
2026-03-09 20:19:54,937 [ERROR] LogOutputStream:75 - [STDERR_REDIRECT] [Fatal Error] :1:1: Premature end of file.
2026-03-09 20:19:54,937 [ERROR] LogOutputStream:75 - [STDERR_REDIRECT] 
2026-03-09 20:19:55,928 [ERROR] LogOutputStream:75 - [STDERR_REDIRECT] [Fatal Error] :1:1: Premature end of file.
2026-03-09 20:19:55,928 [ERROR] LogOutputStream:75 - [STDERR_REDIRECT] 
2026-03-09 20:19:56,927 [ERROR] LogOutputStream:75 - [STDERR_REDIRECT] [Fatal Error] :1:1: Premature end of file.
2026-03-09 20:19:56,928 [ERROR] LogOutputStream:75 - [STDERR_REDIRECT] 
2026-03-09 20:19:57,934 [ERROR] LogOutputStream:75 - [STDERR_REDIRECT] [Fatal Error] :1:1: Premature end of file.
2026-03-09 20:19:57,934 [ERROR] LogOutputStream:75 - [STDERR_REDIRECT] 
2026-03-09 20:19:58,928 [ERROR] LogOutputStream:75 - [STDERR_REDIRECT] [Fatal Error] :1:1: Premature end of file.
2026-03-09 20:19:58,928 [ERROR] LogOutputStream:75 - [STDERR_REDIRECT] 
2026-03-09 20:19:59,936 [ERROR] LogOutputStream:75 - [STDERR_REDIRECT] [Fatal Error] :1:1: Premature end of file.
2026-03-09 20:19:59,936 [ERROR] LogOutputStream:75 - [STDERR_REDIRECT] 
2026-03-09 20:20:00,927 [ERROR] LogOutputStream:75 - [STDERR_REDIRECT] [Fatal Error] :1:1: Premature end of file.
2026-03-09 20:20:00,927 [ERROR] LogOutputStream:75 - [STDERR_REDIRECT] 
2026-03-09 20:20:01,922 [ERROR] LogOutputStream:75 - [STDERR_REDIRECT] [Fatal Error] :1:1: Premature end of file.
2026-03-09 20:20:01,922 [ERROR] LogOutputStream:75 - [STDERR_REDIRECT] 
2026-03-09 20:20:02,931 [ERROR] LogOutputStream:75 - [STDERR_REDIRECT] [Fatal Error] :1:1: Premature end of file.
2026-03-09 20:20:02,931 [ERROR] LogOutputStream:75 - [STDERR_REDIRECT] 
2026-03-09 20:20:03,930 [ERROR] LogOutputStream:75 - [STDERR_REDIRECT] [Fatal Error] :1:1: Premature end of file.
2026-03-09 20:20:03,930 [ERROR] LogOutputStream:75 - [STDERR_REDIRECT] 
2026-03-09 20:20:04,921 [ERROR] LogOutputStream:75 - [STDERR_REDIRECT] [Fatal Error] :1:1: Premature end of file.
2026-03-09 20:20:04,921 [ERROR] LogOutputStream:75 - [STDERR_REDIRECT] 
2026-03-09 20:20:05,929 [ERROR] LogOutputStream:75 - [STDERR_REDIRECT] [Fatal Error] :1:1: Premature end of file.
2026-03-09 20:20:05,929 [ERROR] LogOutputStream:75 - [STDERR_REDIRECT] 
2026-03-09 20:20:06,933 [ERROR] LogOutputStream:75 - [STDERR_REDIRECT] [Fatal Error] :1:1: Premature end of file.
2026-03-09 20:20:06,933 [ERROR] LogOutputStream:75 - [STDERR_REDIRECT] 
2026-03-09 20:20:07,940 [ERROR] LogOutputStream:75 - [STDERR_REDIRECT] [Fatal Error] :1:1: Premature end of file.
2026-03-09 20:20:07,940 [ERROR] LogOutputStream:75 - [STDERR_REDIRECT] 
2026-03-09 20:20:08,928 [ERROR] LogOutputStream:75 - [STDERR_REDIRECT] [Fatal Error] :1:1: Premature end of file.
2026-03-09 20:20:08,928 [ERROR] LogOutputStream:75 - [STDERR_REDIRECT] 
2026-03-09 20:20:09,935 [ERROR] LogOutputStream:75 - [STDERR_REDIRECT] [Fatal Error] :1:1: Premature end of file.
2026-03-09 20:20:09,936 [ERROR] LogOutputStream:75 - [STDERR_REDIRECT] 
2026-03-09 20:20:10,923 [ERROR] LogOutputStream:75 - [STDERR_REDIRECT] [Fatal Error] :1:1: Premature end of file.
2026-03-09 20:20:10,924 [ERROR] LogOutputStream:75 - [STDERR_REDIRECT] 
2026-03-09 20:20:11,930 [ERROR] LogOutputStream:75 - [STDERR_REDIRECT] [Fatal Error] :1:1: Premature end of file.
2026-03-09 20:20:11,930 [ERROR] LogOutputStream:75 - [STDERR_REDIRECT] 
2026-03-09 20:20:12,923 [ERROR] LogOutputStream:75 - [STDERR_REDIRECT] [Fatal Error] :1:1: Premature end of file.
2026-03-09 20:20:12,923 [ERROR] LogOutputStream:75 - [STDERR_REDIRECT] 
2026-03-09 20:20:13,931 [ERROR] LogOutputStream:75 - [STDERR_REDIRECT] [Fatal Error] :1:1: Premature end of file.
2026-03-09 20:20:13,931 [ERROR] LogOutputStream:75 - [STDERR_REDIRECT] 
2026-03-09 20:20:14,924 [ERROR] LogOutputStream:75 - [STDERR_REDIRECT] [Fatal Error] :1:1: Premature end of file.
2026-03-09 20:20:14,924 [ERROR] LogOutputStream:75 - [STDERR_REDIRECT] 
2026-03-09 20:20:15,925 [ERROR] LogOutputStream:75 - [STDERR_REDIRECT] [Fatal Error] :1:1: Premature end of file.
2026-03-09 20:20:15,925 [ERROR] LogOutputStream:75 - [STDERR_REDIRECT] 
2026-03-09 20:20:16,928 [ERROR] LogOutputStream:75 - [STDERR_REDIRECT] [Fatal Error] :1:1: Premature end of file.
2026-03-09 20:20:16,928 [ERROR] LogOutputStream:75 - [STDERR_REDIRECT] 
2026-03-09 20:20:17,934 [ERROR] LogOutputStream:75 - [STDERR_REDIRECT] [Fatal Error] :1:1: Premature end of file.
2026-03-09 20:20:17,934 [ERROR] LogOutputStream:75 - [STDERR_REDIRECT] 
2026-03-09 20:20:18,929 [ERROR] LogOutputStream:75 - [STDERR_REDIRECT] [Fatal Error] :1:1: Premature end of file.
2026-03-09 20:20:18,929 [ERROR] LogOutputStream:75 - [STDERR_REDIRECT] 
2026-03-09 20:20:19,930 [ERROR] LogOutputStream:75 - [STDERR_REDIRECT] [Fatal Error] :1:1: Premature end of file.
2026-03-09 20:20:19,930 [ERROR] LogOutputStream:75 - [STDERR_REDIRECT] 
2026-03-09 20:20:20,924 [ERROR] LogOutputStream:75 - [STDERR_REDIRECT] [Fatal Error] :1:1: Premature end of file.
2026-03-09 20:20:20,926 [ERROR] LogOutputStream:75 - [STDERR_REDIRECT] 
2026-03-09 20:20:21,935 [ERROR] LogOutputStream:75 - [STDERR_REDIRECT] [Fatal Error] :1:1: Premature end of file.
2026-03-09 20:20:21,935 [ERROR] LogOutputStream:75 - [STDERR_REDIRECT] 
2026-03-09 20:20:22,928 [ERROR] LogOutputStream:75 - [STDERR_REDIRECT] [Fatal Error] :1:1: Premature end of file.
2026-03-09 20:20:22,928 [ERROR] LogOutputStream:75 - [STDERR_REDIRECT] 
2026-03-09 20:20:23,929 [ERROR] LogOutputStream:75 - [STDERR_REDIRECT] [Fatal Error] :1:1: Premature end of file.
2026-03-09 20:20:23,929 [ERROR] LogOutputStream:75 - [STDERR_REDIRECT] 
2026-03-09 20:20:24,925 [ERROR] LogOutputStream:75 - [STDERR_REDIRECT] [Fatal Error] :1:1: Premature end of file.
2026-03-09 20:20:24,925 [ERROR] LogOutputStream:75 - [STDERR_REDIRECT] 
2026-03-09 20:20:25,929 [ERROR] LogOutputStream:75 - [STDERR_REDIRECT] [Fatal Error] :1:1: Premature end of file.
2026-03-09 20:20:25,929 [ERROR] LogOutputStream:75 - [STDERR_REDIRECT] 
2026-03-09 20:20:26,927 [ERROR] LogOutputStream:75 - [STDERR_REDIRECT] [Fatal Error] :1:1: Premature end of file.
2026-03-09 20:20:26,927 [ERROR] LogOutputStream:75 - [STDERR_REDIRECT] 
2026-03-09 20:20:27,925 [ERROR] LogOutputStream:75 - [STDERR_REDIRECT] [Fatal Error] :1:1: Premature end of file.
2026-03-09 20:20:27,925 [ERROR] LogOutputStream:75 - [STDERR_REDIRECT] 
2026-03-09 20:20:28,923 [ERROR] LogOutputStream:75 - [STDERR_REDIRECT] [Fatal Error] :1:1: Premature end of file.
2026-03-09 20:20:28,923 [ERROR] LogOutputStream:75 - [STDERR_REDIRECT] 
2026-03-09 20:20:29,924 [ERROR] LogOutputStream:75 - [STDERR_REDIRECT] [Fatal Error] :1:1: Premature end of file.
2026-03-09 20:20:29,924 [ERROR] LogOutputStream:75 - [STDERR_REDIRECT] 
2026-03-09 20:20:30,937 [ERROR] LogOutputStream:75 - [STDERR_REDIRECT] [Fatal Error] :1:1: Premature end of file.
2026-03-09 20:20:30,938 [ERROR] LogOutputStream:75 - [STDERR_REDIRECT] 
2026-03-09 20:20:31,937 [ERROR] LogOutputStream:75 - [STDERR_REDIRECT] [Fatal Error] :1:1: Premature end of file.
2026-03-09 20:20:31,938 [ERROR] LogOutputStream:75 - [STDERR_REDIRECT] 
2026-03-09 20:20:32,929 [ERROR] LogOutputStream:75 - [STDERR_REDIRECT] [Fatal Error] :1:1: Premature end of file.
2026-03-09 20:20:32,929 [ERROR] LogOutputStream:75 - [STDERR_REDIRECT] 
2026-03-09 20:20:33,935 [ERROR] LogOutputStream:75 - [STDERR_REDIRECT] [Fatal Error] :1:1: Premature end of file.
2026-03-09 20:20:33,936 [ERROR] LogOutputStream:75 - [STDERR_REDIRECT] 
2026-03-09 20:20:34,928 [ERROR] LogOutputStream:75 - [STDERR_REDIRECT] [Fatal Error] :1:1: Premature end of file.
2026-03-09 20:20:34,928 [ERROR] LogOutputStream:75 - [STDERR_REDIRECT] 
2026-03-09 20:20:35,924 [ERROR] LogOutputStream:75 - [STDERR_REDIRECT] [Fatal Error] :1:1: Premature end of file.
2026-03-09 20:20:35,924 [ERROR] LogOutputStream:75 - [STDERR_REDIRECT] 
2026-03-09 20:20:36,929 [ERROR] LogOutputStream:75 - [STDERR_REDIRECT] [Fatal Error] :1:1: Premature end of file.
2026-03-09 20:20:36,929 [ERROR] LogOutputStream:75 - [STDERR_REDIRECT] 
2026-03-09 20:20:37,935 [ERROR] LogOutputStream:75 - [STDERR_REDIRECT] [Fatal Error] :1:1: Premature end of file.
2026-03-09 20:20:37,935 [ERROR] LogOutputStream:75 - [STDERR_REDIRECT] 
2026-03-09 20:20:38,933 [ERROR] LogOutputStream:75 - [STDERR_REDIRECT] [Fatal Error] :1:1: Premature end of file.
2026-03-09 20:20:38,934 [ERROR] LogOutputStream:75 - [STDERR_REDIRECT] 
2026-03-09 20:20:39,935 [ERROR] LogOutputStream:75 - [STDERR_REDIRECT] [Fatal Error] :1:1: Premature end of file.
2026-03-09 20:20:39,935 [ERROR] LogOutputStream:75 - [STDERR_REDIRECT] 
2026-03-09 20:20:40,925 [ERROR] LogOutputStream:75 - [STDERR_REDIRECT] [Fatal Error] :1:1: Premature end of file.
2026-03-09 20:20:40,926 [ERROR] LogOutputStream:75 - [STDERR_REDIRECT] 
2026-03-09 20:20:41,931 [ERROR] LogOutputStream:75 - [STDERR_REDIRECT] [Fatal Error] :1:1: Premature end of file.
2026-03-09 20:20:41,931 [ERROR] LogOutputStream:75 - [STDERR_REDIRECT] 
2026-03-09 20:20:42,925 [ERROR] LogOutputStream:75 - [STDERR_REDIRECT] [Fatal Error] :1:1: Premature end of file.
2026-03-09 20:20:42,925 [ERROR] LogOutputStream:75 - [STDERR_REDIRECT] 
2026-03-09 20:20:43,931 [ERROR] LogOutputStream:75 - [STDERR_REDIRECT] [Fatal Error] :1:1: Premature end of file.
2026-03-09 20:20:43,931 [ERROR] LogOutputStream:75 - [STDERR_REDIRECT] 
2026-03-09 20:20:44,932 [ERROR] LogOutputStream:75 - [STDERR_REDIRECT] [Fatal Error] :1:1: Premature end of file.
2026-03-09 20:20:44,932 [ERROR] LogOutputStream:75 - [STDERR_REDIRECT] 
2026-03-09 20:20:45,940 [ERROR] LogOutputStream:75 - [STDERR_REDIRECT] [Fatal Error] :1:1: Premature end of file.
2026-03-09 20:20:45,940 [ERROR] LogOutputStream:75 - [STDERR_REDIRECT] 
2026-03-09 20:20:46,919 [ERROR] LogOutputStream:75 - [STDERR_REDIRECT] [Fatal Error] :1:1: Premature end of file.
2026-03-09 20:20:46,919 [ERROR] LogOutputStream:75 - [STDERR_REDIRECT] 
2026-03-09 20:20:47,933 [ERROR] LogOutputStream:75 - [STDERR_REDIRECT] [Fatal Error] :1:1: Premature end of file.
2026-03-09 20:20:47,933 [ERROR] LogOutputStream:75 - [STDERR_REDIRECT] 
2026-03-09 20:20:48,925 [ERROR] LogOutputStream:75 - [STDERR_REDIRECT] [Fatal Error] :1:1: Premature end of file.
2026-03-09 20:20:48,925 [ERROR] LogOutputStream:75 - [STDERR_REDIRECT] 
2026-03-09 20:20:49,931 [ERROR] LogOutputStream:75 - [STDERR_REDIRECT] [Fatal Error] :1:1: Premature end of file.
2026-03-09 20:20:49,931 [ERROR] LogOutputStream:75 - [STDERR_REDIRECT] 
2026-03-09 20:20:50,924 [ERROR] LogOutputStream:75 - [STDERR_REDIRECT] [Fatal Error] :1:1: Premature end of file.
2026-03-09 20:20:50,924 [ERROR] LogOutputStream:75 - [STDERR_REDIRECT] 
2026-03-09 20:20:51,926 [ERROR] LogOutputStream:75 - [STDERR_REDIRECT] [Fatal Error] :1:1: Premature end of file.
2026-03-09 20:20:51,926 [ERROR] LogOutputStream:75 - [STDERR_REDIRECT] 
2026-03-09 20:20:52,931 [ERROR] LogOutputStream:75 - [STDERR_REDIRECT] [Fatal Error] :1:1: Premature end of file.
2026-03-09 20:20:52,931 [ERROR] LogOutputStream:75 - [STDERR_REDIRECT] 
2026-03-09 20:20:53,936 [ERROR] LogOutputStream:75 - [STDERR_REDIRECT] [Fatal Error] :1:1: Premature end of file.
2026-03-09 20:20:53,936 [ERROR] LogOutputStream:75 - [STDERR_REDIRECT] 
2026-03-09 20:20:54,925 [ERROR] LogOutputStream:75 - [STDERR_REDIRECT] [Fatal Error] :1:1: Premature end of file.
2026-03-09 20:20:54,925 [ERROR] LogOutputStream:75 - [STDERR_REDIRECT] 
2026-03-09 20:20:55,921 [ERROR] LogOutputStream:75 - [STDERR_REDIRECT] [Fatal Error] :1:1: Premature end of file.
2026-03-09 20:20:55,922 [ERROR] LogOutputStream:75 - [STDERR_REDIRECT] 
2026-03-09 20:20:56,932 [ERROR] LogOutputStream:75 - [STDERR_REDIRECT] [Fatal Error] :1:1: Premature end of file.
2026-03-09 20:20:56,932 [ERROR] LogOutputStream:75 - [STDERR_REDIRECT] 
2026-03-09 20:20:57,933 [ERROR] LogOutputStream:75 - [STDERR_REDIRECT] [Fatal Error] :1:1: Premature end of file.
2026-03-09 20:20:57,933 [ERROR] LogOutputStream:75 - [STDERR_REDIRECT] 
2026-03-09 20:20:58,925 [ERROR] LogOutputStream:75 - [STDERR_REDIRECT] [Fatal Error] :1:1: Premature end of file.
2026-03-09 20:20:58,925 [ERROR] LogOutputStream:75 - [STDERR_REDIRECT] 
2026-03-09 20:20:59,932 [ERROR] LogOutputStream:75 - [STDERR_REDIRECT] [Fatal Error] :1:1: Premature end of file.
2026-03-09 20:20:59,933 [ERROR] LogOutputStream:75 - [STDERR_REDIRECT] 
2026-03-09 20:21:00,925 [ERROR] LogOutputStream:75 - [STDERR_REDIRECT] [Fatal Error] :1:1: Premature end of file.
2026-03-09 20:21:00,925 [ERROR] LogOutputStream:75 - [STDERR_REDIRECT] 
2026-03-09 20:21:01,931 [ERROR] LogOutputStream:75 - [STDERR_REDIRECT] [Fatal Error] :1:1: Premature end of file.
2026-03-09 20:21:01,931 [ERROR] LogOutputStream:75 - [STDERR_REDIRECT] 
2026-03-09 20:21:02,923 [ERROR] LogOutputStream:75 - [STDERR_REDIRECT] [Fatal Error] :1:1: Premature end of file.
2026-03-09 20:21:02,923 [ERROR] LogOutputStream:75 - [STDERR_REDIRECT] 
2026-03-09 20:21:03,927 [ERROR] LogOutputStream:75 - [STDERR_REDIRECT] [Fatal Error] :1:1: Premature end of file.
2026-03-09 20:21:03,927 [ERROR] LogOutputStream:75 - [STDERR_REDIRECT] 
2026-03-09 20:21:04,920 [ERROR] LogOutputStream:75 - [STDERR_REDIRECT] [Fatal Error] :1:1: Premature end of file.
2026-03-09 20:21:04,920 [ERROR] LogOutputStream:75 - [STDERR_REDIRECT] 
2026-03-09 20:21:05,932 [ERROR] LogOutputStream:75 - [STDERR_REDIRECT] [Fatal Error] :1:1: Premature end of file.
2026-03-09 20:21:05,932 [ERROR] LogOutputStream:75 - [STDERR_REDIRECT] 
2026-03-09 20:21:06,923 [ERROR] LogOutputStream:75 - [STDERR_REDIRECT] [Fatal Error] :1:1: Premature end of file.
2026-03-09 20:21:06,923 [ERROR] LogOutputStream:75 - [STDERR_REDIRECT] 
2026-03-09 20:21:07,930 [ERROR] LogOutputStream:75 - [STDERR_REDIRECT] [Fatal Error] :1:1: Premature end of file.
2026-03-09 20:21:07,930 [ERROR] LogOutputStream:75 - [STDERR_REDIRECT] 
2026-03-09 20:21:08,920 [ERROR] LogOutputStream:75 - [STDERR_REDIRECT] [Fatal Error] :1:1: Premature end of file.
2026-03-09 20:21:08,920 [ERROR] LogOutputStream:75 - [STDERR_REDIRECT] 
2026-03-09 20:21:09,930 [ERROR] LogOutputStream:75 - [STDERR_REDIRECT] [Fatal Error] :1:1: Premature end of file.
2026-03-09 20:21:09,930 [ERROR] LogOutputStream:75 - [STDERR_REDIRECT] 
2026-03-09 20:21:10,937 [ERROR] LogOutputStream:75 - [STDERR_REDIRECT] [Fatal Error] :1:1: Premature end of file.
2026-03-09 20:21:10,937 [ERROR] LogOutputStream:75 - [STDERR_REDIRECT] 
2026-03-09 20:21:11,928 [ERROR] LogOutputStream:75 - [STDERR_REDIRECT] [Fatal Error] :1:1: Premature end of file.
2026-03-09 20:21:11,928 [ERROR] LogOutputStream:75 - [STDERR_REDIRECT] 
2026-03-09 20:21:12,937 [ERROR] LogOutputStream:75 - [STDERR_REDIRECT] [Fatal Error] :1:1: Premature end of file.
2026-03-09 20:21:12,937 [ERROR] LogOutputStream:75 - [STDERR_REDIRECT] 
2026-03-09 20:21:13,930 [ERROR] LogOutputStream:75 - [STDERR_REDIRECT] [Fatal Error] :1:1: Premature end of file.
2026-03-09 20:21:13,930 [ERROR] LogOutputStream:75 - [STDERR_REDIRECT] 
2026-03-09 20:21:14,935 [ERROR] LogOutputStream:75 - [STDERR_REDIRECT] [Fatal Error] :1:1: Premature end of file.
2026-03-09 20:21:14,935 [ERROR] LogOutputStream:75 - [STDERR_REDIRECT] 
2026-03-09 20:21:15,930 [ERROR] LogOutputStream:75 - [STDERR_REDIRECT] [Fatal Error] :1:1: Premature end of file.
2026-03-09 20:21:15,930 [ERROR] LogOutputStream:75 - [STDERR_REDIRECT] 
2026-03-09 20:21:16,924 [ERROR] LogOutputStream:75 - [STDERR_REDIRECT] [Fatal Error] :1:1: Premature end of file.
2026-03-09 20:21:16,924 [ERROR] LogOutputStream:75 - [STDERR_REDIRECT] 
2026-03-09 20:21:17,959 [ERROR] LogOutputStream:75 - [STDERR_REDIRECT] [Fatal Error] :1:1: Premature end of file.
2026-03-09 20:21:17,959 [ERROR] LogOutputStream:75 - [STDERR_REDIRECT] 
2026-03-09 20:21:18,928 [ERROR] LogOutputStream:75 - [STDERR_REDIRECT] [Fatal Error] :1:1: Premature end of file.
2026-03-09 20:21:18,929 [ERROR] LogOutputStream:75 - [STDERR_REDIRECT] 
2026-03-09 20:21:19,935 [ERROR] LogOutputStream:75 - [STDERR_REDIRECT] [Fatal Error] :1:1: Premature end of file.
2026-03-09 20:21:19,935 [ERROR] LogOutputStream:75 - [STDERR_REDIRECT] 
2026-03-09 20:21:20,931 [ERROR] LogOutputStream:75 - [STDERR_REDIRECT] [Fatal Error] :1:1: Premature end of file.
2026-03-09 20:21:20,931 [ERROR] LogOutputStream:75 - [STDERR_REDIRECT] 
2026-03-09 20:21:21,932 [ERROR] LogOutputStream:75 - [STDERR_REDIRECT] [Fatal Error] :1:1: Premature end of file.
2026-03-09 20:21:21,933 [ERROR] LogOutputStream:75 - [STDERR_REDIRECT] 
2026-03-09 20:21:22,926 [ERROR] LogOutputStream:75 - [STDERR_REDIRECT] [Fatal Error] :1:1: Premature end of file.
2026-03-09 20:21:22,926 [ERROR] LogOutputStream:75 - [STDERR_REDIRECT] 
2026-03-09 20:21:23,935 [ERROR] LogOutputStream:75 - [STDERR_REDIRECT] [Fatal Error] :1:1: Premature end of file.
2026-03-09 20:21:23,935 [ERROR] LogOutputStream:75 - [STDERR_REDIRECT] 
2026-03-09 20:21:24,938 [ERROR] LogOutputStream:75 - [STDERR_REDIRECT] [Fatal Error] :1:1: Premature end of file.
2026-03-09 20:21:24,938 [ERROR] LogOutputStream:75 - [STDERR_REDIRECT] 
2026-03-09 20:21:25,948 [ERROR] LogOutputStream:75 - [STDERR_REDIRECT] [Fatal Error] :1:1: Premature end of file.
2026-03-09 20:21:25,948 [ERROR] LogOutputStream:75 - [STDERR_REDIRECT] 
2026-03-09 20:21:26,924 [ERROR] LogOutputStream:75 - [STDERR_REDIRECT] [Fatal Error] :1:1: Premature end of file.
2026-03-09 20:21:26,924 [ERROR] LogOutputStream:75 - [STDERR_REDIRECT] 
2026-03-09 20:21:27,934 [ERROR] LogOutputStream:75 - [STDERR_REDIRECT] [Fatal Error] :1:1: Premature end of file.
2026-03-09 20:21:27,934 [ERROR] LogOutputStream:75 - [STDERR_REDIRECT] 
2026-03-09 20:21:28,936 [ERROR] LogOutputStream:75 - [STDERR_REDIRECT] [Fatal Error] :1:1: Premature end of file.
2026-03-09 20:21:28,936 [ERROR] LogOutputStream:75 - [STDERR_REDIRECT] 
2026-03-09 20:21:29,935 [ERROR] LogOutputStream:75 - [STDERR_REDIRECT] [Fatal Error] :1:1: Premature end of file.
2026-03-09 20:21:29,935 [ERROR] LogOutputStream:75 - [STDERR_REDIRECT] 
2026-03-09 20:21:30,927 [ERROR] LogOutputStream:75 - [STDERR_REDIRECT] [Fatal Error] :1:1: Premature end of file.
2026-03-09 20:21:30,927 [ERROR] LogOutputStream:75 - [STDERR_REDIRECT] 
2026-03-09 20:21:31,941 [ERROR] LogOutputStream:75 - [STDERR_REDIRECT] [Fatal Error] :1:1: Premature end of file.
2026-03-09 20:21:31,941 [ERROR] LogOutputStream:75 - [STDERR_REDIRECT] 
2026-03-09 20:21:32,932 [ERROR] LogOutputStream:75 - [STDERR_REDIRECT] [Fatal Error] :1:1: Premature end of file.
2026-03-09 20:21:32,932 [ERROR] LogOutputStream:75 - [STDERR_REDIRECT] 
2026-03-09 20:21:33,921 [ERROR] LogOutputStream:75 - [STDERR_REDIRECT] [Fatal Error] :1:1: Premature end of file.
2026-03-09 20:21:33,921 [ERROR] LogOutputStream:75 - [STDERR_REDIRECT] 
2026-03-09 20:21:34,926 [ERROR] LogOutputStream:75 - [STDERR_REDIRECT] [Fatal Error] :1:1: Premature end of file.
2026-03-09 20:21:34,927 [ERROR] LogOutputStream:75 - [STDERR_REDIRECT] 
2026-03-09 20:21:35,936 [ERROR] LogOutputStream:75 - [STDERR_REDIRECT] [Fatal Error] :1:1: Premature end of file.
2026-03-09 20:21:35,936 [ERROR] LogOutputStream:75 - [STDERR_REDIRECT] 
2026-03-09 20:21:36,926 [ERROR] LogOutputStream:75 - [STDERR_REDIRECT] [Fatal Error] :1:1: Premature end of file.
2026-03-09 20:21:36,926 [ERROR] LogOutputStream:75 - [STDERR_REDIRECT] 
2026-03-09 20:21:37,933 [ERROR] LogOutputStream:75 - [STDERR_REDIRECT] [Fatal Error] :1:1: Premature end of file.
2026-03-09 20:21:37,933 [ERROR] LogOutputStream:75 - [STDERR_REDIRECT] 
2026-03-09 20:21:38,923 [ERROR] LogOutputStream:75 - [STDERR_REDIRECT] [Fatal Error] :1:1: Premature end of file.
2026-03-09 20:21:38,923 [ERROR] LogOutputStream:75 - [STDERR_REDIRECT] 
2026-03-09 20:21:39,931 [ERROR] LogOutputStream:75 - [STDERR_REDIRECT] [Fatal Error] :1:1: Premature end of file.
2026-03-09 20:21:39,931 [ERROR] LogOutputStream:75 - [STDERR_REDIRECT] 
2026-03-09 20:21:40,934 [ERROR] LogOutputStream:75 - [STDERR_REDIRECT] [Fatal Error] :1:1: Premature end of file.
2026-03-09 20:21:40,935 [ERROR] LogOutputStream:75 - [STDERR_REDIRECT] 
2026-03-09 20:21:41,928 [ERROR] LogOutputStream:75 - [STDERR_REDIRECT] [Fatal Error] :1:1: Premature end of file.
2026-03-09 20:21:41,928 [ERROR] LogOutputStream:75 - [STDERR_REDIRECT] 
2026-03-09 20:21:42,934 [ERROR] LogOutputStream:75 - [STDERR_REDIRECT] [Fatal Error] :1:1: Premature end of file.
2026-03-09 20:21:42,934 [ERROR] LogOutputStream:75 - [STDERR_REDIRECT] 
2026-03-09 20:21:43,925 [ERROR] LogOutputStream:75 - [STDERR_REDIRECT] [Fatal Error] :1:1: Premature end of file.
2026-03-09 20:21:43,925 [ERROR] LogOutputStream:75 - [STDERR_REDIRECT] 
2026-03-09 20:21:44,929 [ERROR] LogOutputStream:75 - [STDERR_REDIRECT] [Fatal Error] :1:1: Premature end of file.
2026-03-09 20:21:44,929 [ERROR] LogOutputStream:75 - [STDERR_REDIRECT] 
2026-03-09 20:21:45,925 [ERROR] LogOutputStream:75 - [STDERR_REDIRECT] [Fatal Error] :1:1: Premature end of file.
2026-03-09 20:21:45,925 [ERROR] LogOutputStream:75 - [STDERR_REDIRECT] 
2026-03-09 20:21:46,932 [ERROR] LogOutputStream:75 - [STDERR_REDIRECT] [Fatal Error] :1:1: Premature end of file.
2026-03-09 20:21:46,933 [ERROR] LogOutputStream:75 - [STDERR_REDIRECT] 
2026-03-09 20:21:47,933 [ERROR] LogOutputStream:75 - [STDERR_REDIRECT] [Fatal Error] :1:1: Premature end of file.
2026-03-09 20:21:47,933 [ERROR] LogOutputStream:75 - [STDERR_REDIRECT] 
2026-03-09 20:21:48,937 [ERROR] LogOutputStream:75 - [STDERR_REDIRECT] [Fatal Error] :1:1: Premature end of file.
2026-03-09 20:21:48,938 [ERROR] LogOutputStream:75 - [STDERR_REDIRECT] 
2026-03-09 20:21:49,928 [ERROR] LogOutputStream:75 - [STDERR_REDIRECT] [Fatal Error] :1:1: Premature end of file.
2026-03-09 20:21:49,928 [ERROR] LogOutputStream:75 - [STDERR_REDIRECT] 
2026-03-09 20:21:50,921 [ERROR] LogOutputStream:75 - [STDERR_REDIRECT] [Fatal Error] :1:1: Premature end of file.
2026-03-09 20:21:50,922 [ERROR] LogOutputStream:75 - [STDERR_REDIRECT] 
2026-03-09 20:21:51,931 [ERROR] LogOutputStream:75 - [STDERR_REDIRECT] [Fatal Error] :1:1: Premature end of file.
2026-03-09 20:21:51,932 [ERROR] LogOutputStream:75 - [STDERR_REDIRECT] 
2026-03-09 20:21:52,919 [ERROR] LogOutputStream:75 - [STDERR_REDIRECT] [Fatal Error] :1:1: Premature end of file.
2026-03-09 20:21:52,919 [ERROR] LogOutputStream:75 - [STDERR_REDIRECT] 
2026-03-09 20:21:53,939 [ERROR] LogOutputStream:75 - [STDERR_REDIRECT] [Fatal Error] :1:1: Premature end of file.
2026-03-09 20:21:53,939 [ERROR] LogOutputStream:75 - [STDERR_REDIRECT] 
2026-03-09 20:21:54,921 [ERROR] LogOutputStream:75 - [STDERR_REDIRECT] [Fatal Error] :1:1: Premature end of file.
2026-03-09 20:21:54,921 [ERROR] LogOutputStream:75 - [STDERR_REDIRECT] 
2026-03-09 20:21:55,931 [ERROR] LogOutputStream:75 - [STDERR_REDIRECT] [Fatal Error] :1:1: Premature end of file.
2026-03-09 20:21:55,931 [ERROR] LogOutputStream:75 - [STDERR_REDIRECT] 
2026-03-09 20:21:56,927 [ERROR] LogOutputStream:75 - [STDERR_REDIRECT] [Fatal Error] :1:1: Premature end of file.
2026-03-09 20:21:56,927 [ERROR] LogOutputStream:75 - [STDERR_REDIRECT] 
2026-03-09 20:21:57,943 [ERROR] LogOutputStream:75 - [STDERR_REDIRECT] [Fatal Error] :1:1: Premature end of file.
2026-03-09 20:21:57,944 [ERROR] LogOutputStream:75 - [STDERR_REDIRECT] 
2026-03-09 20:21:58,923 [ERROR] LogOutputStream:75 - [STDERR_REDIRECT] [Fatal Error] :1:1: Premature end of file.
2026-03-09 20:21:58,924 [ERROR] LogOutputStream:75 - [STDERR_REDIRECT] 
2026-03-09 20:21:59,930 [ERROR] LogOutputStream:75 - [STDERR_REDIRECT] [Fatal Error] :1:1: Premature end of file.
2026-03-09 20:21:59,930 [ERROR] LogOutputStream:75 - [STDERR_REDIRECT] 
2026-03-09 20:22:00,927 [ERROR] LogOutputStream:75 - [STDERR_REDIRECT] [Fatal Error] :1:1: Premature end of file.
2026-03-09 20:22:00,927 [ERROR] LogOutputStream:75 - [STDERR_REDIRECT] 
2026-03-09 20:22:01,940 [ERROR] LogOutputStream:75 - [STDERR_REDIRECT] [Fatal Error] :1:1: Premature end of file.
2026-03-09 20:22:01,940 [ERROR] LogOutputStream:75 - [STDERR_REDIRECT] 
2026-03-09 20:22:02,927 [ERROR] LogOutputStream:75 - [STDERR_REDIRECT] [Fatal Error] :1:1: Premature end of file.
2026-03-09 20:22:02,927 [ERROR] LogOutputStream:75 - [STDERR_REDIRECT] 
2026-03-09 20:22:03,956 [ERROR] LogOutputStream:75 - [STDERR_REDIRECT] [Fatal Error] :1:1: Premature end of file.
2026-03-09 20:22:03,956 [ERROR] LogOutputStream:75 - [STDERR_REDIRECT] 
2026-03-09 20:22:04,921 [ERROR] LogOutputStream:75 - [STDERR_REDIRECT] [Fatal Error] :1:1: Premature end of file.
2026-03-09 20:22:04,921 [ERROR] LogOutputStream:75 - [STDERR_REDIRECT] 
2026-03-09 20:22:05,923 [ERROR] LogOutputStream:75 - [STDERR_REDIRECT] [Fatal Error] :1:1: Premature end of file.
2026-03-09 20:22:05,923 [ERROR] LogOutputStream:75 - [STDERR_REDIRECT] 
2026-03-09 20:22:06,934 [ERROR] LogOutputStream:75 - [STDERR_REDIRECT] [Fatal Error] :1:1: Premature end of file.
2026-03-09 20:22:06,935 [ERROR] LogOutputStream:75 - [STDERR_REDIRECT] 
2026-03-09 20:22:07,928 [ERROR] LogOutputStream:75 - [STDERR_REDIRECT] [Fatal Error] :1:1: Premature end of file.
2026-03-09 20:22:07,928 [ERROR] LogOutputStream:75 - [STDERR_REDIRECT] 
2026-03-09 20:22:08,936 [ERROR] LogOutputStream:75 - [STDERR_REDIRECT] [Fatal Error] :1:1: Premature end of file.
2026-03-09 20:22:08,936 [ERROR] LogOutputStream:75 - [STDERR_REDIRECT] 
2026-03-09 20:22:09,924 [ERROR] LogOutputStream:75 - [STDERR_REDIRECT] [Fatal Error] :1:1: Premature end of file.
2026-03-09 20:22:09,924 [ERROR] LogOutputStream:75 - [STDERR_REDIRECT] 
2026-03-09 20:22:10,933 [ERROR] LogOutputStream:75 - [STDERR_REDIRECT] [Fatal Error] :1:1: Premature end of file.
2026-03-09 20:22:10,933 [ERROR] LogOutputStream:75 - [STDERR_REDIRECT] 
2026-03-09 20:22:11,924 [ERROR] LogOutputStream:75 - [STDERR_REDIRECT] [Fatal Error] :1:1: Premature end of file.
2026-03-09 20:22:11,924 [ERROR] LogOutputStream:75 - [STDERR_REDIRECT] 
2026-03-09 20:22:12,929 [ERROR] LogOutputStream:75 - [STDERR_REDIRECT] [Fatal Error] :1:1: Premature end of file.
2026-03-09 20:22:12,929 [ERROR] LogOutputStream:75 - [STDERR_REDIRECT] 
2026-03-09 20:22:13,935 [ERROR] LogOutputStream:75 - [STDERR_REDIRECT] [Fatal Error] :1:1: Premature end of file.
2026-03-09 20:22:13,935 [ERROR] LogOutputStream:75 - [STDERR_REDIRECT] 
2026-03-09 20:22:14,922 [ERROR] LogOutputStream:75 - [STDERR_REDIRECT] [Fatal Error] :1:1: Premature end of file.
2026-03-09 20:22:14,922 [ERROR] LogOutputStream:75 - [STDERR_REDIRECT] 
2026-03-09 20:22:15,930 [ERROR] LogOutputStream:75 - [STDERR_REDIRECT] [Fatal Error] :1:1: Premature end of file.
2026-03-09 20:22:15,930 [ERROR] LogOutputStream:75 - [STDERR_REDIRECT] 
2026-03-09 20:22:16,926 [ERROR] LogOutputStream:75 - [STDERR_REDIRECT] [Fatal Error] :1:1: Premature end of file.
2026-03-09 20:22:16,926 [ERROR] LogOutputStream:75 - [STDERR_REDIRECT] 
2026-03-09 20:22:17,931 [ERROR] LogOutputStream:75 - [STDERR_REDIRECT] [Fatal Error] :1:1: Premature end of file.
2026-03-09 20:22:17,931 [ERROR] LogOutputStream:75 - [STDERR_REDIRECT] 
2026-03-09 20:22:18,933 [ERROR] LogOutputStream:75 - [STDERR_REDIRECT] [Fatal Error] :1:1: Premature end of file.
2026-03-09 20:22:18,934 [ERROR] LogOutputStream:75 - [STDERR_REDIRECT] 
2026-03-09 20:22:19,928 [ERROR] LogOutputStream:75 - [STDERR_REDIRECT] [Fatal Error] :1:1: Premature end of file.
2026-03-09 20:22:19,928 [ERROR] LogOutputStream:75 - [STDERR_REDIRECT] 
2026-03-09 20:22:20,923 [ERROR] LogOutputStream:75 - [STDERR_REDIRECT] [Fatal Error] :1:1: Premature end of file.
2026-03-09 20:22:20,923 [ERROR] LogOutputStream:75 - [STDERR_REDIRECT] 
2026-03-09 20:22:21,929 [ERROR] LogOutputStream:75 - [STDERR_REDIRECT] [Fatal Error] :1:1: Premature end of file.
2026-03-09 20:22:21,929 [ERROR] LogOutputStream:75 - [STDERR_REDIRECT] 
2026-03-09 20:22:22,923 [ERROR] LogOutputStream:75 - [STDERR_REDIRECT] [Fatal Error] :1:1: Premature end of file.
2026-03-09 20:22:22,923 [ERROR] LogOutputStream:75 - [STDERR_REDIRECT] 
2026-03-09 20:22:23,932 [ERROR] LogOutputStream:75 - [STDERR_REDIRECT] [Fatal Error] :1:1: Premature end of file.
2026-03-09 20:22:23,932 [ERROR] LogOutputStream:75 - [STDERR_REDIRECT] 
2026-03-09 20:22:24,934 [ERROR] LogOutputStream:75 - [STDERR_REDIRECT] [Fatal Error] :1:1: Premature end of file.
2026-03-09 20:22:24,934 [ERROR] LogOutputStream:75 - [STDERR_REDIRECT] 
2026-03-09 20:22:25,924 [ERROR] LogOutputStream:75 - [STDERR_REDIRECT] [Fatal Error] :1:1: Premature end of file.
2026-03-09 20:22:25,925 [ERROR] LogOutputStream:75 - [STDERR_REDIRECT] 
2026-03-09 20:22:26,930 [ERROR] LogOutputStream:75 - [STDERR_REDIRECT] [Fatal Error] :1:1: Premature end of file.
2026-03-09 20:22:26,930 [ERROR] LogOutputStream:75 - [STDERR_REDIRECT] 
2026-03-09 20:22:27,923 [ERROR] LogOutputStream:75 - [STDERR_REDIRECT] [Fatal Error] :1:1: Premature end of file.
2026-03-09 20:22:27,923 [ERROR] LogOutputStream:75 - [STDERR_REDIRECT] 
2026-03-09 20:22:28,932 [ERROR] LogOutputStream:75 - [STDERR_REDIRECT] [Fatal Error] :1:1: Premature end of file.
2026-03-09 20:22:28,932 [ERROR] LogOutputStream:75 - [STDERR_REDIRECT] 
2026-03-09 20:22:29,924 [ERROR] LogOutputStream:75 - [STDERR_REDIRECT] [Fatal Error] :1:1: Premature end of file.
2026-03-09 20:22:29,924 [ERROR] LogOutputStream:75 - [STDERR_REDIRECT] 
2026-03-09 20:22:30,934 [ERROR] LogOutputStream:75 - [STDERR_REDIRECT] [Fatal Error] :1:1: Premature end of file.
2026-03-09 20:22:30,934 [ERROR] LogOutputStream:75 - [STDERR_REDIRECT] 
2026-03-09 20:22:31,927 [ERROR] LogOutputStream:75 - [STDERR_REDIRECT] [Fatal Error] :1:1: Premature end of file.
2026-03-09 20:22:31,927 [ERROR] LogOutputStream:75 - [STDERR_REDIRECT] 
2026-03-09 20:22:32,932 [ERROR] LogOutputStream:75 - [STDERR_REDIRECT] [Fatal Error] :1:1: Premature end of file.
2026-03-09 20:22:32,932 [ERROR] LogOutputStream:75 - [STDERR_REDIRECT] 
2026-03-09 20:22:33,924 [ERROR] LogOutputStream:75 - [STDERR_REDIRECT] [Fatal Error] :1:1: Premature end of file.
2026-03-09 20:22:33,924 [ERROR] LogOutputStream:75 - [STDERR_REDIRECT] 
2026-03-09 20:22:34,930 [ERROR] LogOutputStream:75 - [STDERR_REDIRECT] [Fatal Error] :1:1: Premature end of file.
2026-03-09 20:22:34,930 [ERROR] LogOutputStream:75 - [STDERR_REDIRECT] 
2026-03-09 20:22:35,928 [ERROR] LogOutputStream:75 - [STDERR_REDIRECT] [Fatal Error] :1:1: Premature end of file.
2026-03-09 20:22:35,928 [ERROR] LogOutputStream:75 - [STDERR_REDIRECT] 
2026-03-09 20:22:36,938 [ERROR] LogOutputStream:75 - [STDERR_REDIRECT] [Fatal Error] :1:1: Premature end of file.
2026-03-09 20:22:36,938 [ERROR] LogOutputStream:75 - [STDERR_REDIRECT] 
2026-03-09 20:22:37,935 [ERROR] LogOutputStream:75 - [STDERR_REDIRECT] [Fatal Error] :1:1: Premature end of file.
2026-03-09 20:22:37,935 [ERROR] LogOutputStream:75 - [STDERR_REDIRECT] 
2026-03-09 20:22:38,940 [ERROR] LogOutputStream:75 - [STDERR_REDIRECT] [Fatal Error] :1:1: Premature end of file.
2026-03-09 20:22:38,940 [ERROR] LogOutputStream:75 - [STDERR_REDIRECT] 
2026-03-09 20:22:39,924 [ERROR] LogOutputStream:75 - [STDERR_REDIRECT] [Fatal Error] :1:1: Premature end of file.
2026-03-09 20:22:39,924 [ERROR] LogOutputStream:75 - [STDERR_REDIRECT] 
2026-03-09 20:22:40,927 [ERROR] LogOutputStream:75 - [STDERR_REDIRECT] [Fatal Error] :1:1: Premature end of file.
2026-03-09 20:22:40,927 [ERROR] LogOutputStream:75 - [STDERR_REDIRECT] 
2026-03-09 20:22:41,932 [ERROR] LogOutputStream:75 - [STDERR_REDIRECT] [Fatal Error] :1:1: Premature end of file.
2026-03-09 20:22:41,932 [ERROR] LogOutputStream:75 - [STDERR_REDIRECT] 
2026-03-09 20:22:42,924 [ERROR] LogOutputStream:75 - [STDERR_REDIRECT] [Fatal Error] :1:1: Premature end of file.
2026-03-09 20:22:42,924 [ERROR] LogOutputStream:75 - [STDERR_REDIRECT] 
2026-03-09 20:22:43,926 [ERROR] LogOutputStream:75 - [STDERR_REDIRECT] [Fatal Error] :1:1: Premature end of file.
2026-03-09 20:22:43,926 [ERROR] LogOutputStream:75 - [STDERR_REDIRECT] 
2026-03-09 20:22:44,933 [ERROR] LogOutputStream:75 - [STDERR_REDIRECT] [Fatal Error] :1:1: Premature end of file.
2026-03-09 20:22:44,933 [ERROR] LogOutputStream:75 - [STDERR_REDIRECT] 
2026-03-09 20:22:45,930 [ERROR] LogOutputStream:75 - [STDERR_REDIRECT] [Fatal Error] :1:1: Premature end of file.
2026-03-09 20:22:45,930 [ERROR] LogOutputStream:75 - [STDERR_REDIRECT] 
2026-03-09 20:22:46,932 [ERROR] LogOutputStream:75 - [STDERR_REDIRECT] [Fatal Error] :1:1: Premature end of file.
2026-03-09 20:22:46,932 [ERROR] LogOutputStream:75 - [STDERR_REDIRECT] 
2026-03-09 20:22:47,937 [ERROR] LogOutputStream:75 - [STDERR_REDIRECT] [Fatal Error] :1:1: Premature end of file.
2026-03-09 20:22:47,937 [ERROR] LogOutputStream:75 - [STDERR_REDIRECT] 
2026-03-09 20:22:48,926 [ERROR] LogOutputStream:75 - [STDERR_REDIRECT] [Fatal Error] :1:1: Premature end of file.
2026-03-09 20:22:48,926 [ERROR] LogOutputStream:75 - [STDERR_REDIRECT] 
2026-03-09 20:22:49,936 [ERROR] LogOutputStream:75 - [STDERR_REDIRECT] [Fatal Error] :1:1: Premature end of file.
2026-03-09 20:22:49,936 [ERROR] LogOutputStream:75 - [STDERR_REDIRECT] 
2026-03-09 20:22:50,945 [ERROR] LogOutputStream:75 - [STDERR_REDIRECT] [Fatal Error] :1:1: Premature end of file.
2026-03-09 20:22:50,945 [ERROR] LogOutputStream:75 - [STDERR_REDIRECT] 
2026-03-09 20:22:51,921 [ERROR] LogOutputStream:75 - [STDERR_REDIRECT] [Fatal Error] :1:1: Premature end of file.
2026-03-09 20:22:51,921 [ERROR] LogOutputStream:75 - [STDERR_REDIRECT] 
2026-03-09 20:22:52,929 [ERROR] LogOutputStream:75 - [STDERR_REDIRECT] [Fatal Error] :1:1: Premature end of file.
2026-03-09 20:22:52,929 [ERROR] LogOutputStream:75 - [STDERR_REDIRECT] 
2026-03-09 20:22:53,941 [ERROR] LogOutputStream:75 - [STDERR_REDIRECT] [Fatal Error] :1:1: Premature end of file.
2026-03-09 20:22:53,941 [ERROR] LogOutputStream:75 - [STDERR_REDIRECT] 
2026-03-09 20:22:54,927 [ERROR] LogOutputStream:75 - [STDERR_REDIRECT] [Fatal Error] :1:1: Premature end of file.
2026-03-09 20:22:54,927 [ERROR] LogOutputStream:75 - [STDERR_REDIRECT] 
2026-03-09 20:22:55,937 [ERROR] LogOutputStream:75 - [STDERR_REDIRECT] [Fatal Error] :1:1: Premature end of file.
2026-03-09 20:22:55,937 [ERROR] LogOutputStream:75 - [STDERR_REDIRECT] 
2026-03-09 20:22:56,924 [ERROR] LogOutputStream:75 - [STDERR_REDIRECT] [Fatal Error] :1:1: Premature end of file.
2026-03-09 20:22:56,924 [ERROR] LogOutputStream:75 - [STDERR_REDIRECT] 
2026-03-09 20:22:57,934 [ERROR] LogOutputStream:75 - [STDERR_REDIRECT] [Fatal Error] :1:1: Premature end of file.
2026-03-09 20:22:57,934 [ERROR] LogOutputStream:75 - [STDERR_REDIRECT] 
2026-03-09 20:22:58,935 [ERROR] LogOutputStream:75 - [STDERR_REDIRECT] [Fatal Error] :1:1: Premature end of file.
2026-03-09 20:22:58,935 [ERROR] LogOutputStream:75 - [STDERR_REDIRECT] 
2026-03-09 20:22:59,930 [ERROR] LogOutputStream:75 - [STDERR_REDIRECT] [Fatal Error] :1:1: Premature end of file.
2026-03-09 20:22:59,930 [ERROR] LogOutputStream:75 - [STDERR_REDIRECT] 
2026-03-09 20:23:00,940 [ERROR] LogOutputStream:75 - [STDERR_REDIRECT] [Fatal Error] :1:1: Premature end of file.
2026-03-09 20:23:00,940 [ERROR] LogOutputStream:75 - [STDERR_REDIRECT] 
2026-03-09 20:23:01,925 [ERROR] LogOutputStream:75 - [STDERR_REDIRECT] [Fatal Error] :1:1: Premature end of file.
2026-03-09 20:23:01,925 [ERROR] LogOutputStream:75 - [STDERR_REDIRECT] 
2026-03-09 20:23:02,930 [ERROR] LogOutputStream:75 - [STDERR_REDIRECT] [Fatal Error] :1:1: Premature end of file.
2026-03-09 20:23:02,930 [ERROR] LogOutputStream:75 - [STDERR_REDIRECT] 
2026-03-09 20:23:03,933 [ERROR] LogOutputStream:75 - [STDERR_REDIRECT] [Fatal Error] :1:1: Premature end of file.
2026-03-09 20:23:03,933 [ERROR] LogOutputStream:75 - [STDERR_REDIRECT] 
2026-03-09 20:23:04,931 [ERROR] LogOutputStream:75 - [STDERR_REDIRECT] [Fatal Error] :1:1: Premature end of file.
2026-03-09 20:23:04,931 [ERROR] LogOutputStream:75 - [STDERR_REDIRECT] 
2026-03-09 20:23:05,932 [ERROR] LogOutputStream:75 - [STDERR_REDIRECT] [Fatal Error] :1:1: Premature end of file.
2026-03-09 20:23:05,932 [ERROR] LogOutputStream:75 - [STDERR_REDIRECT] 
2026-03-09 20:23:06,924 [ERROR] LogOutputStream:75 - [STDERR_REDIRECT] [Fatal Error] :1:1: Premature end of file.
2026-03-09 20:23:06,924 [ERROR] LogOutputStream:75 - [STDERR_REDIRECT] 
2026-03-09 20:23:07,926 [ERROR] LogOutputStream:75 - [STDERR_REDIRECT] [Fatal Error] :1:1: Premature end of file.
2026-03-09 20:23:07,926 [ERROR] LogOutputStream:75 - [STDERR_REDIRECT] 
2026-03-09 20:23:08,932 [ERROR] LogOutputStream:75 - [STDERR_REDIRECT] [Fatal Error] :1:1: Premature end of file.
2026-03-09 20:23:08,932 [ERROR] LogOutputStream:75 - [STDERR_REDIRECT] 
2026-03-09 20:23:09,935 [ERROR] LogOutputStream:75 - [STDERR_REDIRECT] [Fatal Error] :1:1: Premature end of file.
2026-03-09 20:23:09,935 [ERROR] LogOutputStream:75 - [STDERR_REDIRECT] 
2026-03-09 20:23:10,941 [ERROR] LogOutputStream:75 - [STDERR_REDIRECT] [Fatal Error] :1:1: Premature end of file.
2026-03-09 20:23:10,941 [ERROR] LogOutputStream:75 - [STDERR_REDIRECT] 
2026-03-09 20:23:11,932 [ERROR] LogOutputStream:75 - [STDERR_REDIRECT] [Fatal Error] :1:1: Premature end of file.
2026-03-09 20:23:11,932 [ERROR] LogOutputStream:75 - [STDERR_REDIRECT] 
2026-03-09 20:23:12,935 [ERROR] LogOutputStream:75 - [STDERR_REDIRECT] [Fatal Error] :1:1: Premature end of file.
2026-03-09 20:23:12,935 [ERROR] LogOutputStream:75 - [STDERR_REDIRECT] 
2026-03-09 20:23:13,926 [ERROR] LogOutputStream:75 - [STDERR_REDIRECT] [Fatal Error] :1:1: Premature end of file.
2026-03-09 20:23:13,926 [ERROR] LogOutputStream:75 - [STDERR_REDIRECT] 
2026-03-09 20:23:14,932 [ERROR] LogOutputStream:75 - [STDERR_REDIRECT] [Fatal Error] :1:1: Premature end of file.
2026-03-09 20:23:14,932 [ERROR] LogOutputStream:75 - [STDERR_REDIRECT] 
2026-03-09 20:23:15,936 [ERROR] LogOutputStream:75 - [STDERR_REDIRECT] [Fatal Error] :1:1: Premature end of file.
2026-03-09 20:23:15,936 [ERROR] LogOutputStream:75 - [STDERR_REDIRECT] 
2026-03-09 20:23:16,924 [ERROR] LogOutputStream:75 - [STDERR_REDIRECT] [Fatal Error] :1:1: Premature end of file.
2026-03-09 20:23:16,924 [ERROR] LogOutputStream:75 - [STDERR_REDIRECT] 
2026-03-09 20:23:17,928 [ERROR] LogOutputStream:75 - [STDERR_REDIRECT] [Fatal Error] :1:1: Premature end of file.
2026-03-09 20:23:17,929 [ERROR] LogOutputStream:75 - [STDERR_REDIRECT] 
2026-03-09 20:23:18,935 [ERROR] LogOutputStream:75 - [STDERR_REDIRECT] [Fatal Error] :1:1: Premature end of file.
2026-03-09 20:23:18,935 [ERROR] LogOutputStream:75 - [STDERR_REDIRECT] 
2026-03-09 20:23:19,933 [ERROR] LogOutputStream:75 - [STDERR_REDIRECT] [Fatal Error] :1:1: Premature end of file.
2026-03-09 20:23:19,933 [ERROR] LogOutputStream:75 - [STDERR_REDIRECT] 
2026-03-09 20:23:20,943 [ERROR] LogOutputStream:75 - [STDERR_REDIRECT] [Fatal Error] :1:1: Premature end of file.
2026-03-09 20:23:20,943 [ERROR] LogOutputStream:75 - [STDERR_REDIRECT] 
2026-03-09 20:23:21,928 [ERROR] LogOutputStream:75 - [STDERR_REDIRECT] [Fatal Error] :1:1: Premature end of file.
2026-03-09 20:23:21,928 [ERROR] LogOutputStream:75 - [STDERR_REDIRECT] 
2026-03-09 20:23:22,925 [ERROR] LogOutputStream:75 - [STDERR_REDIRECT] [Fatal Error] :1:1: Premature end of file.
2026-03-09 20:23:22,925 [ERROR] LogOutputStream:75 - [STDERR_REDIRECT] 
2026-03-09 20:23:23,927 [ERROR] LogOutputStream:75 - [STDERR_REDIRECT] [Fatal Error] :1:1: Premature end of file.
2026-03-09 20:23:23,927 [ERROR] LogOutputStream:75 - [STDERR_REDIRECT] 
2026-03-09 20:23:24,937 [ERROR] LogOutputStream:75 - [STDERR_REDIRECT] [Fatal Error] :1:1: Premature end of file.
2026-03-09 20:23:24,937 [ERROR] LogOutputStream:75 - [STDERR_REDIRECT] 
2026-03-09 20:23:25,934 [ERROR] LogOutputStream:75 - [STDERR_REDIRECT] [Fatal Error] :1:1: Premature end of file.
2026-03-09 20:23:25,934 [ERROR] LogOutputStream:75 - [STDERR_REDIRECT] 
2026-03-09 20:23:26,923 [ERROR] LogOutputStream:75 - [STDERR_REDIRECT] [Fatal Error] :1:1: Premature end of file.
2026-03-09 20:23:26,924 [ERROR] LogOutputStream:75 - [STDERR_REDIRECT] 
2026-03-09 20:23:27,927 [ERROR] LogOutputStream:75 - [STDERR_REDIRECT] [Fatal Error] :1:1: Premature end of file.
2026-03-09 20:23:27,927 [ERROR] LogOutputStream:75 - [STDERR_REDIRECT] 
2026-03-09 20:23:28,922 [ERROR] LogOutputStream:75 - [STDERR_REDIRECT] [Fatal Error] :1:1: Premature end of file.
2026-03-09 20:23:28,922 [ERROR] LogOutputStream:75 - [STDERR_REDIRECT] 
2026-03-09 20:23:29,928 [ERROR] LogOutputStream:75 - [STDERR_REDIRECT] [Fatal Error] :1:1: Premature end of file.
2026-03-09 20:23:29,928 [ERROR] LogOutputStream:75 - [STDERR_REDIRECT] 
2026-03-09 20:23:30,938 [ERROR] LogOutputStream:75 - [STDERR_REDIRECT] [Fatal Error] :1:1: Premature end of file.
2026-03-09 20:23:30,938 [ERROR] LogOutputStream:75 - [STDERR_REDIRECT] 
2026-03-09 20:23:31,946 [ERROR] LogOutputStream:75 - [STDERR_REDIRECT] [Fatal Error] :1:1: Premature end of file.
2026-03-09 20:23:31,946 [ERROR] LogOutputStream:75 - [STDERR_REDIRECT] 
2026-03-09 20:23:32,926 [ERROR] LogOutputStream:75 - [STDERR_REDIRECT] [Fatal Error] :1:1: Premature end of file.
2026-03-09 20:23:32,926 [ERROR] LogOutputStream:75 - [STDERR_REDIRECT] 
2026-03-09 20:23:33,925 [ERROR] LogOutputStream:75 - [STDERR_REDIRECT] [Fatal Error] :1:1: Premature end of file.
2026-03-09 20:23:33,925 [ERROR] LogOutputStream:75 - [STDERR_REDIRECT] 
2026-03-09 20:23:34,931 [ERROR] LogOutputStream:75 - [STDERR_REDIRECT] [Fatal Error] :1:1: Premature end of file.
2026-03-09 20:23:34,931 [ERROR] LogOutputStream:75 - [STDERR_REDIRECT] 
2026-03-09 20:23:35,936 [ERROR] LogOutputStream:75 - [STDERR_REDIRECT] [Fatal Error] :1:1: Premature end of file.
2026-03-09 20:23:35,936 [ERROR] LogOutputStream:75 - [STDERR_REDIRECT] 
2026-03-09 20:23:36,936 [ERROR] LogOutputStream:75 - [STDERR_REDIRECT] [Fatal Error] :1:1: Premature end of file.
2026-03-09 20:23:36,936 [ERROR] LogOutputStream:75 - [STDERR_REDIRECT] 
2026-03-09 20:23:37,928 [ERROR] LogOutputStream:75 - [STDERR_REDIRECT] [Fatal Error] :1:1: Premature end of file.
2026-03-09 20:23:37,928 [ERROR] LogOutputStream:75 - [STDERR_REDIRECT] 
2026-03-09 20:23:38,933 [ERROR] LogOutputStream:75 - [STDERR_REDIRECT] [Fatal Error] :1:1: Premature end of file.
2026-03-09 20:23:38,933 [ERROR] LogOutputStream:75 - [STDERR_REDIRECT] 
2026-03-09 20:23:39,923 [ERROR] LogOutputStream:75 - [STDERR_REDIRECT] [Fatal Error] :1:1: Premature end of file.
2026-03-09 20:23:39,923 [ERROR] LogOutputStream:75 - [STDERR_REDIRECT] 
2026-03-09 20:23:40,930 [ERROR] LogOutputStream:75 - [STDERR_REDIRECT] [Fatal Error] :1:1: Premature end of file.
2026-03-09 20:23:40,930 [ERROR] LogOutputStream:75 - [STDERR_REDIRECT] 
2026-03-09 20:23:41,938 [ERROR] LogOutputStream:75 - [STDERR_REDIRECT] [Fatal Error] :1:1: Premature end of file.
2026-03-09 20:23:41,939 [ERROR] LogOutputStream:75 - [STDERR_REDIRECT] 
2026-03-09 20:23:42,923 [ERROR] LogOutputStream:75 - [STDERR_REDIRECT] [Fatal Error] :1:1: Premature end of file.
2026-03-09 20:23:42,923 [ERROR] LogOutputStream:75 - [STDERR_REDIRECT] 
2026-03-09 20:23:43,928 [ERROR] LogOutputStream:75 - [STDERR_REDIRECT] [Fatal Error] :1:1: Premature end of file.
2026-03-09 20:23:43,928 [ERROR] LogOutputStream:75 - [STDERR_REDIRECT] 
2026-03-09 20:23:44,934 [ERROR] LogOutputStream:75 - [STDERR_REDIRECT] [Fatal Error] :1:1: Premature end of file.
2026-03-09 20:23:44,934 [ERROR] LogOutputStream:75 - [STDERR_REDIRECT] 
2026-03-09 20:23:45,938 [ERROR] LogOutputStream:75 - [STDERR_REDIRECT] [Fatal Error] :1:1: Premature end of file.
2026-03-09 20:23:45,938 [ERROR] LogOutputStream:75 - [STDERR_REDIRECT] 
2026-03-09 20:23:46,924 [ERROR] LogOutputStream:75 - [STDERR_REDIRECT] [Fatal Error] :1:1: Premature end of file.
2026-03-09 20:23:46,924 [ERROR] LogOutputStream:75 - [STDERR_REDIRECT] 
2026-03-09 20:23:47,933 [ERROR] LogOutputStream:75 - [STDERR_REDIRECT] [Fatal Error] :1:1: Premature end of file.
2026-03-09 20:23:47,933 [ERROR] LogOutputStream:75 - [STDERR_REDIRECT] 
2026-03-09 20:23:48,937 [ERROR] LogOutputStream:75 - [STDERR_REDIRECT] [Fatal Error] :1:1: Premature end of file.
2026-03-09 20:23:48,937 [ERROR] LogOutputStream:75 - [STDERR_REDIRECT] 
2026-03-09 20:23:49,930 [ERROR] LogOutputStream:75 - [STDERR_REDIRECT] [Fatal Error] :1:1: Premature end of file.
2026-03-09 20:23:49,930 [ERROR] LogOutputStream:75 - [STDERR_REDIRECT] 
2026-03-09 20:23:50,932 [ERROR] LogOutputStream:75 - [STDERR_REDIRECT] [Fatal Error] :1:1: Premature end of file.
2026-03-09 20:23:50,932 [ERROR] LogOutputStream:75 - [STDERR_REDIRECT] 
2026-03-09 20:23:51,934 [ERROR] LogOutputStream:75 - [STDERR_REDIRECT] [Fatal Error] :1:1: Premature end of file.
2026-03-09 20:23:51,934 [ERROR] LogOutputStream:75 - [STDERR_REDIRECT] 
2026-03-09 20:23:52,942 [ERROR] LogOutputStream:75 - [STDERR_REDIRECT] [Fatal Error] :1:1: Premature end of file.
2026-03-09 20:23:52,942 [ERROR] LogOutputStream:75 - [STDERR_REDIRECT] 
2026-03-09 20:23:53,951 [ERROR] LogOutputStream:75 - [STDERR_REDIRECT] [Fatal Error] :1:1: Premature end of file.
2026-03-09 20:23:53,951 [ERROR] LogOutputStream:75 - [STDERR_REDIRECT] 
2026-03-09 20:23:54,924 [ERROR] LogOutputStream:75 - [STDERR_REDIRECT] [Fatal Error] :1:1: Premature end of file.
2026-03-09 20:23:54,924 [ERROR] LogOutputStream:75 - [STDERR_REDIRECT] 
2026-03-09 20:23:55,923 [ERROR] LogOutputStream:75 - [STDERR_REDIRECT] [Fatal Error] :1:1: Premature end of file.
2026-03-09 20:23:55,923 [ERROR] LogOutputStream:75 - [STDERR_REDIRECT] 
2026-03-09 20:23:56,923 [ERROR] LogOutputStream:75 - [STDERR_REDIRECT] [Fatal Error] :1:1: Premature end of file.
2026-03-09 20:23:56,923 [ERROR] LogOutputStream:75 - [STDERR_REDIRECT] 
2026-03-09 20:23:57,931 [ERROR] LogOutputStream:75 - [STDERR_REDIRECT] [Fatal Error] :1:1: Premature end of file.
2026-03-09 20:23:57,931 [ERROR] LogOutputStream:75 - [STDERR_REDIRECT] 
2026-03-09 20:23:58,934 [ERROR] LogOutputStream:75 - [STDERR_REDIRECT] [Fatal Error] :1:1: Premature end of file.
2026-03-09 20:23:58,934 [ERROR] LogOutputStream:75 - [STDERR_REDIRECT] 
2026-03-09 20:23:59,925 [ERROR] LogOutputStream:75 - [STDERR_REDIRECT] [Fatal Error] :1:1: Premature end of file.
2026-03-09 20:23:59,925 [ERROR] LogOutputStream:75 - [STDERR_REDIRECT] 
2026-03-09 20:24:00,932 [ERROR] LogOutputStream:75 - [STDERR_REDIRECT] [Fatal Error] :1:1: Premature end of file.
2026-03-09 20:24:00,934 [ERROR] LogOutputStream:75 - [STDERR_REDIRECT] 
2026-03-09 20:24:01,926 [ERROR] LogOutputStream:75 - [STDERR_REDIRECT] [Fatal Error] :1:1: Premature end of file.
2026-03-09 20:24:01,926 [ERROR] LogOutputStream:75 - [STDERR_REDIRECT] 
2026-03-09 20:24:02,936 [ERROR] LogOutputStream:75 - [STDERR_REDIRECT] [Fatal Error] :1:1: Premature end of file.
2026-03-09 20:24:02,936 [ERROR] LogOutputStream:75 - [STDERR_REDIRECT] 
2026-03-09 20:24:03,931 [ERROR] LogOutputStream:75 - [STDERR_REDIRECT] [Fatal Error] :1:1: Premature end of file.
2026-03-09 20:24:03,932 [ERROR] LogOutputStream:75 - [STDERR_REDIRECT] 
2026-03-09 20:24:04,936 [ERROR] LogOutputStream:75 - [STDERR_REDIRECT] [Fatal Error] :1:1: Premature end of file.
2026-03-09 20:24:04,936 [ERROR] LogOutputStream:75 - [STDERR_REDIRECT] 
2026-03-09 20:24:05,924 [ERROR] LogOutputStream:75 - [STDERR_REDIRECT] [Fatal Error] :1:1: Premature end of file.
2026-03-09 20:24:05,924 [ERROR] LogOutputStream:75 - [STDERR_REDIRECT] 
2026-03-09 20:24:06,932 [ERROR] LogOutputStream:75 - [STDERR_REDIRECT] [Fatal Error] :1:1: Premature end of file.
2026-03-09 20:24:06,932 [ERROR] LogOutputStream:75 - [STDERR_REDIRECT] 
2026-03-09 20:24:07,924 [ERROR] LogOutputStream:75 - [STDERR_REDIRECT] [Fatal Error] :1:1: Premature end of file.
2026-03-09 20:24:07,924 [ERROR] LogOutputStream:75 - [STDERR_REDIRECT] 
2026-03-09 20:24:08,924 [ERROR] LogOutputStream:75 - [STDERR_REDIRECT] [Fatal Error] :1:1: Premature end of file.
2026-03-09 20:24:08,925 [ERROR] LogOutputStream:75 - [STDERR_REDIRECT] 
2026-03-09 20:24:09,931 [ERROR] LogOutputStream:75 - [STDERR_REDIRECT] [Fatal Error] :1:1: Premature end of file.
2026-03-09 20:24:09,931 [ERROR] LogOutputStream:75 - [STDERR_REDIRECT] 
2026-03-09 20:24:10,925 [ERROR] LogOutputStream:75 - [STDERR_REDIRECT] [Fatal Error] :1:1: Premature end of file.
2026-03-09 20:24:10,925 [ERROR] LogOutputStream:75 - [STDERR_REDIRECT] 
2026-03-09 20:24:11,927 [ERROR] LogOutputStream:75 - [STDERR_REDIRECT] [Fatal Error] :1:1: Premature end of file.
2026-03-09 20:24:11,927 [ERROR] LogOutputStream:75 - [STDERR_REDIRECT] 
2026-03-09 20:24:12,935 [ERROR] LogOutputStream:75 - [STDERR_REDIRECT] [Fatal Error] :1:1: Premature end of file.
2026-03-09 20:24:12,935 [ERROR] LogOutputStream:75 - [STDERR_REDIRECT] 
2026-03-09 20:24:13,937 [ERROR] LogOutputStream:75 - [STDERR_REDIRECT] [Fatal Error] :1:1: Premature end of file.
2026-03-09 20:24:13,938 [ERROR] LogOutputStream:75 - [STDERR_REDIRECT] 
2026-03-09 20:24:14,929 [ERROR] LogOutputStream:75 - [STDERR_REDIRECT] [Fatal Error] :1:1: Premature end of file.
2026-03-09 20:24:14,929 [ERROR] LogOutputStream:75 - [STDERR_REDIRECT] 
2026-03-09 20:24:15,936 [ERROR] LogOutputStream:75 - [STDERR_REDIRECT] [Fatal Error] :1:1: Premature end of file.
2026-03-09 20:24:15,937 [ERROR] LogOutputStream:75 - [STDERR_REDIRECT] 
2026-03-09 20:24:16,925 [ERROR] LogOutputStream:75 - [STDERR_REDIRECT] [Fatal Error] :1:1: Premature end of file.
2026-03-09 20:24:16,925 [ERROR] LogOutputStream:75 - [STDERR_REDIRECT] 
2026-03-09 20:24:17,932 [ERROR] LogOutputStream:75 - [STDERR_REDIRECT] [Fatal Error] :1:1: Premature end of file.
2026-03-09 20:24:17,932 [ERROR] LogOutputStream:75 - [STDERR_REDIRECT] 
2026-03-09 20:24:18,925 [ERROR] LogOutputStream:75 - [STDERR_REDIRECT] [Fatal Error] :1:1: Premature end of file.
2026-03-09 20:24:18,925 [ERROR] LogOutputStream:75 - [STDERR_REDIRECT] 
2026-03-09 20:24:19,930 [ERROR] LogOutputStream:75 - [STDERR_REDIRECT] [Fatal Error] :1:1: Premature end of file.
2026-03-09 20:24:19,930 [ERROR] LogOutputStream:75 - [STDERR_REDIRECT] 
2026-03-09 20:24:20,934 [ERROR] LogOutputStream:75 - [STDERR_REDIRECT] [Fatal Error] :1:1: Premature end of file.
2026-03-09 20:24:20,934 [ERROR] LogOutputStream:75 - [STDERR_REDIRECT] 
2026-03-09 20:24:21,922 [ERROR] LogOutputStream:75 - [STDERR_REDIRECT] [Fatal Error] :1:1: Premature end of file.
2026-03-09 20:24:21,922 [ERROR] LogOutputStream:75 - [STDERR_REDIRECT] 
2026-03-09 20:24:22,932 [ERROR] LogOutputStream:75 - [STDERR_REDIRECT] [Fatal Error] :1:1: Premature end of file.
2026-03-09 20:24:22,932 [ERROR] LogOutputStream:75 - [STDERR_REDIRECT] 
2026-03-09 20:24:23,933 [ERROR] LogOutputStream:75 - [STDERR_REDIRECT] [Fatal Error] :1:1: Premature end of file.
2026-03-09 20:24:23,933 [ERROR] LogOutputStream:75 - [STDERR_REDIRECT] 
2026-03-09 20:24:24,922 [ERROR] LogOutputStream:75 - [STDERR_REDIRECT] [Fatal Error] :1:1: Premature end of file.
2026-03-09 20:24:24,922 [ERROR] LogOutputStream:75 - [STDERR_REDIRECT] 
2026-03-09 20:24:25,943 [ERROR] LogOutputStream:75 - [STDERR_REDIRECT] [Fatal Error] :1:1: Premature end of file.
2026-03-09 20:24:25,943 [ERROR] LogOutputStream:75 - [STDERR_REDIRECT] 
2026-03-09 20:24:26,935 [ERROR] LogOutputStream:75 - [STDERR_REDIRECT] [Fatal Error] :1:1: Premature end of file.
2026-03-09 20:24:26,935 [ERROR] LogOutputStream:75 - [STDERR_REDIRECT] 
2026-03-09 20:24:27,924 [ERROR] LogOutputStream:75 - [STDERR_REDIRECT] [Fatal Error] :1:1: Premature end of file.
2026-03-09 20:24:27,924 [ERROR] LogOutputStream:75 - [STDERR_REDIRECT] 
2026-03-09 20:24:28,933 [ERROR] LogOutputStream:75 - [STDERR_REDIRECT] [Fatal Error] :1:1: Premature end of file.
2026-03-09 20:24:28,933 [ERROR] LogOutputStream:75 - [STDERR_REDIRECT] 
2026-03-09 20:24:29,923 [ERROR] LogOutputStream:75 - [STDERR_REDIRECT] [Fatal Error] :1:1: Premature end of file.
2026-03-09 20:24:29,923 [ERROR] LogOutputStream:75 - [STDERR_REDIRECT] 
2026-03-09 20:24:30,928 [ERROR] LogOutputStream:75 - [STDERR_REDIRECT] [Fatal Error] :1:1: Premature end of file.
2026-03-09 20:24:30,928 [ERROR] LogOutputStream:75 - [STDERR_REDIRECT] 
2026-03-09 20:24:31,935 [ERROR] LogOutputStream:75 - [STDERR_REDIRECT] [Fatal Error] :1:1: Premature end of file.
2026-03-09 20:24:31,935 [ERROR] LogOutputStream:75 - [STDERR_REDIRECT] 
2026-03-09 20:24:32,927 [ERROR] LogOutputStream:75 - [STDERR_REDIRECT] [Fatal Error] :1:1: Premature end of file.
2026-03-09 20:24:32,927 [ERROR] LogOutputStream:75 - [STDERR_REDIRECT] 
2026-03-09 20:24:33,936 [ERROR] LogOutputStream:75 - [STDERR_REDIRECT] [Fatal Error] :1:1: Premature end of file.
2026-03-09 20:24:33,936 [ERROR] LogOutputStream:75 - [STDERR_REDIRECT] 
2026-03-09 20:24:34,926 [ERROR] LogOutputStream:75 - [STDERR_REDIRECT] [Fatal Error] :1:1: Premature end of file.
2026-03-09 20:24:34,926 [ERROR] LogOutputStream:75 - [STDERR_REDIRECT] 
2026-03-09 20:24:35,935 [ERROR] LogOutputStream:75 - [STDERR_REDIRECT] [Fatal Error] :1:1: Premature end of file.
2026-03-09 20:24:35,935 [ERROR] LogOutputStream:75 - [STDERR_REDIRECT] 
2026-03-09 20:24:36,942 [ERROR] LogOutputStream:75 - [STDERR_REDIRECT] [Fatal Error] :1:1: Premature end of file.
2026-03-09 20:24:36,942 [ERROR] LogOutputStream:75 - [STDERR_REDIRECT] 
2026-03-09 20:24:37,922 [ERROR] LogOutputStream:75 - [STDERR_REDIRECT] [Fatal Error] :1:1: Premature end of file.
2026-03-09 20:24:37,922 [ERROR] LogOutputStream:75 - [STDERR_REDIRECT] 
2026-03-09 20:24:38,928 [ERROR] LogOutputStream:75 - [STDERR_REDIRECT] [Fatal Error] :1:1: Premature end of file.
2026-03-09 20:24:38,928 [ERROR] LogOutputStream:75 - [STDERR_REDIRECT] 
2026-03-09 20:24:39,933 [ERROR] LogOutputStream:75 - [STDERR_REDIRECT] [Fatal Error] :1:1: Premature end of file.
2026-03-09 20:24:39,933 [ERROR] LogOutputStream:75 - [STDERR_REDIRECT] 
2026-03-09 20:24:40,923 [ERROR] LogOutputStream:75 - [STDERR_REDIRECT] [Fatal Error] :1:1: Premature end of file.
2026-03-09 20:24:40,923 [ERROR] LogOutputStream:75 - [STDERR_REDIRECT] 
2026-03-09 20:24:41,926 [ERROR] LogOutputStream:75 - [STDERR_REDIRECT] [Fatal Error] :1:1: Premature end of file.
2026-03-09 20:24:41,926 [ERROR] LogOutputStream:75 - [STDERR_REDIRECT] 
2026-03-09 20:24:42,930 [ERROR] LogOutputStream:75 - [STDERR_REDIRECT] [Fatal Error] :1:1: Premature end of file.
2026-03-09 20:24:42,930 [ERROR] LogOutputStream:75 - [STDERR_REDIRECT] 
2026-03-09 20:24:43,934 [ERROR] LogOutputStream:75 - [STDERR_REDIRECT] [Fatal Error] :1:1: Premature end of file.
2026-03-09 20:24:43,934 [ERROR] LogOutputStream:75 - [STDERR_REDIRECT] 
2026-03-09 20:24:44,932 [ERROR] LogOutputStream:75 - [STDERR_REDIRECT] [Fatal Error] :1:1: Premature end of file.
2026-03-09 20:24:44,932 [ERROR] LogOutputStream:75 - [STDERR_REDIRECT] 
2026-03-09 20:24:45,932 [ERROR] LogOutputStream:75 - [STDERR_REDIRECT] [Fatal Error] :1:1: Premature end of file.
2026-03-09 20:24:45,932 [ERROR] LogOutputStream:75 - [STDERR_REDIRECT] 
2026-03-09 20:24:46,927 [ERROR] LogOutputStream:75 - [STDERR_REDIRECT] [Fatal Error] :1:1: Premature end of file.
2026-03-09 20:24:46,927 [ERROR] LogOutputStream:75 - [STDERR_REDIRECT] 
2026-03-09 20:24:47,937 [ERROR] LogOutputStream:75 - [STDERR_REDIRECT] [Fatal Error] :1:1: Premature end of file.
2026-03-09 20:24:47,937 [ERROR] LogOutputStream:75 - [STDERR_REDIRECT] 
2026-03-09 20:24:48,928 [ERROR] LogOutputStream:75 - [STDERR_REDIRECT] [Fatal Error] :1:1: Premature end of file.
2026-03-09 20:24:48,929 [ERROR] LogOutputStream:75 - [STDERR_REDIRECT] 
2026-03-09 20:24:49,933 [ERROR] LogOutputStream:75 - [STDERR_REDIRECT] [Fatal Error] :1:1: Premature end of file.
2026-03-09 20:24:49,933 [ERROR] LogOutputStream:75 - [STDERR_REDIRECT] 
2026-03-09 20:24:50,936 [ERROR] LogOutputStream:75 - [STDERR_REDIRECT] [Fatal Error] :1:1: Premature end of file.
2026-03-09 20:24:50,936 [ERROR] LogOutputStream:75 - [STDERR_REDIRECT] 
2026-03-09 20:24:51,926 [ERROR] LogOutputStream:75 - [STDERR_REDIRECT] [Fatal Error] :1:1: Premature end of file.
2026-03-09 20:24:51,926 [ERROR] LogOutputStream:75 - [STDERR_REDIRECT] 
2026-03-09 20:24:52,929 [ERROR] LogOutputStream:75 - [STDERR_REDIRECT] [Fatal Error] :1:1: Premature end of file.
2026-03-09 20:24:52,929 [ERROR] LogOutputStream:75 - [STDERR_REDIRECT] 
2026-03-09 20:24:53,923 [ERROR] LogOutputStream:75 - [STDERR_REDIRECT] [Fatal Error] :1:1: Premature end of file.
2026-03-09 20:24:53,924 [ERROR] LogOutputStream:75 - [STDERR_REDIRECT] 
2026-03-09 20:24:54,934 [ERROR] LogOutputStream:75 - [STDERR_REDIRECT] [Fatal Error] :1:1: Premature end of file.
2026-03-09 20:24:54,934 [ERROR] LogOutputStream:75 - [STDERR_REDIRECT] 
2026-03-09 20:24:55,933 [ERROR] LogOutputStream:75 - [STDERR_REDIRECT] [Fatal Error] :1:1: Premature end of file.
2026-03-09 20:24:55,933 [ERROR] LogOutputStream:75 - [STDERR_REDIRECT] 
2026-03-09 20:24:56,936 [ERROR] LogOutputStream:75 - [STDERR_REDIRECT] [Fatal Error] :1:1: Premature end of file.
2026-03-09 20:24:56,936 [ERROR] LogOutputStream:75 - [STDERR_REDIRECT] 
2026-03-09 20:24:57,928 [ERROR] LogOutputStream:75 - [STDERR_REDIRECT] [Fatal Error] :1:1: Premature end of file.
2026-03-09 20:24:57,930 [ERROR] LogOutputStream:75 - [STDERR_REDIRECT] 
2026-03-09 20:24:58,936 [ERROR] LogOutputStream:75 - [STDERR_REDIRECT] [Fatal Error] :1:1: Premature end of file.
2026-03-09 20:24:58,936 [ERROR] LogOutputStream:75 - [STDERR_REDIRECT] 
2026-03-09 20:24:59,947 [ERROR] LogOutputStream:75 - [STDERR_REDIRECT] [Fatal Error] :1:1: Premature end of file.
2026-03-09 20:24:59,947 [ERROR] LogOutputStream:75 - [STDERR_REDIRECT] 
2026-03-09 20:25:00,923 [ERROR] LogOutputStream:75 - [STDERR_REDIRECT] [Fatal Error] :1:1: Premature end of file.
2026-03-09 20:25:00,924 [ERROR] LogOutputStream:75 - [STDERR_REDIRECT] 
2026-03-09 20:25:01,933 [ERROR] LogOutputStream:75 - [STDERR_REDIRECT] [Fatal Error] :1:1: Premature end of file.
2026-03-09 20:25:01,933 [ERROR] LogOutputStream:75 - [STDERR_REDIRECT] 
2026-03-09 20:25:02,923 [ERROR] LogOutputStream:75 - [STDERR_REDIRECT] [Fatal Error] :1:1: Premature end of file.
2026-03-09 20:25:02,924 [ERROR] LogOutputStream:75 - [STDERR_REDIRECT] 
2026-03-09 20:25:03,927 [ERROR] LogOutputStream:75 - [STDERR_REDIRECT] [Fatal Error] :1:1: Premature end of file.
2026-03-09 20:25:03,927 [ERROR] LogOutputStream:75 - [STDERR_REDIRECT] 
2026-03-09 20:25:04,932 [ERROR] LogOutputStream:75 - [STDERR_REDIRECT] [Fatal Error] :1:1: Premature end of file.
2026-03-09 20:25:04,932 [ERROR] LogOutputStream:75 - [STDERR_REDIRECT] 
2026-03-09 20:25:05,926 [ERROR] LogOutputStream:75 - [STDERR_REDIRECT] [Fatal Error] :1:1: Premature end of file.
2026-03-09 20:25:05,926 [ERROR] LogOutputStream:75 - [STDERR_REDIRECT] 
2026-03-09 20:25:06,927 [ERROR] LogOutputStream:75 - [STDERR_REDIRECT] [Fatal Error] :1:1: Premature end of file.
2026-03-09 20:25:06,927 [ERROR] LogOutputStream:75 - [STDERR_REDIRECT] 
2026-03-09 20:25:07,935 [ERROR] LogOutputStream:75 - [STDERR_REDIRECT] [Fatal Error] :1:1: Premature end of file.
2026-03-09 20:25:07,935 [ERROR] LogOutputStream:75 - [STDERR_REDIRECT] 
2026-03-09 20:25:08,938 [ERROR] LogOutputStream:75 - [STDERR_REDIRECT] [Fatal Error] :1:1: Premature end of file.
2026-03-09 20:25:08,938 [ERROR] LogOutputStream:75 - [STDERR_REDIRECT] 
2026-03-09 20:25:09,948 [ERROR] LogOutputStream:75 - [STDERR_REDIRECT] [Fatal Error] :1:1: Premature end of file.
2026-03-09 20:25:09,948 [ERROR] LogOutputStream:75 - [STDERR_REDIRECT] 
2026-03-09 20:25:10,925 [ERROR] LogOutputStream:75 - [STDERR_REDIRECT] [Fatal Error] :1:1: Premature end of file.
2026-03-09 20:25:10,925 [ERROR] LogOutputStream:75 - [STDERR_REDIRECT] 
2026-03-09 20:25:11,930 [ERROR] LogOutputStream:75 - [STDERR_REDIRECT] [Fatal Error] :1:1: Premature end of file.
2026-03-09 20:25:11,931 [ERROR] LogOutputStream:75 - [STDERR_REDIRECT] 
2026-03-09 20:25:12,932 [ERROR] LogOutputStream:75 - [STDERR_REDIRECT] [Fatal Error] :1:1: Premature end of file.
2026-03-09 20:25:12,932 [ERROR] LogOutputStream:75 - [STDERR_REDIRECT] 
2026-03-09 20:25:13,925 [ERROR] LogOutputStream:75 - [STDERR_REDIRECT] [Fatal Error] :1:1: Premature end of file.
2026-03-09 20:25:13,925 [ERROR] LogOutputStream:75 - [STDERR_REDIRECT] 
2026-03-09 20:25:14,930 [ERROR] LogOutputStream:75 - [STDERR_REDIRECT] [Fatal Error] :1:1: Premature end of file.
2026-03-09 20:25:14,930 [ERROR] LogOutputStream:75 - [STDERR_REDIRECT] 
2026-03-09 20:25:15,936 [ERROR] LogOutputStream:75 - [STDERR_REDIRECT] [Fatal Error] :1:1: Premature end of file.
2026-03-09 20:25:15,936 [ERROR] LogOutputStream:75 - [STDERR_REDIRECT] 
2026-03-09 20:25:16,930 [ERROR] LogOutputStream:75 - [STDERR_REDIRECT] [Fatal Error] :1:1: Premature end of file.
2026-03-09 20:25:16,930 [ERROR] LogOutputStream:75 - [STDERR_REDIRECT] 
2026-03-09 20:25:17,933 [ERROR] LogOutputStream:75 - [STDERR_REDIRECT] [Fatal Error] :1:1: Premature end of file.
2026-03-09 20:25:17,933 [ERROR] LogOutputStream:75 - [STDERR_REDIRECT] 
2026-03-09 20:25:18,938 [ERROR] LogOutputStream:75 - [STDERR_REDIRECT] [Fatal Error] :1:1: Premature end of file.
2026-03-09 20:25:18,938 [ERROR] LogOutputStream:75 - [STDERR_REDIRECT] 
2026-03-09 20:25:19,940 [ERROR] LogOutputStream:75 - [STDERR_REDIRECT] [Fatal Error] :1:1: Premature end of file.
2026-03-09 20:25:19,940 [ERROR] LogOutputStream:75 - [STDERR_REDIRECT] 
2026-03-09 20:25:20,951 [ERROR] LogOutputStream:75 - [STDERR_REDIRECT] [Fatal Error] :1:1: Premature end of file.
2026-03-09 20:25:20,951 [ERROR] LogOutputStream:75 - [STDERR_REDIRECT] 
2026-03-09 20:25:21,925 [ERROR] LogOutputStream:75 - [STDERR_REDIRECT] [Fatal Error] :1:1: Premature end of file.
2026-03-09 20:25:21,925 [ERROR] LogOutputStream:75 - [STDERR_REDIRECT] 
2026-03-09 20:25:22,930 [ERROR] LogOutputStream:75 - [STDERR_REDIRECT] [Fatal Error] :1:1: Premature end of file.
2026-03-09 20:25:22,930 [ERROR] LogOutputStream:75 - [STDERR_REDIRECT] 
2026-03-09 20:25:23,927 [ERROR] LogOutputStream:75 - [STDERR_REDIRECT] [Fatal Error] :1:1: Premature end of file.
2026-03-09 20:25:23,927 [ERROR] LogOutputStream:75 - [STDERR_REDIRECT] 
2026-03-09 20:25:24,930 [ERROR] LogOutputStream:75 - [STDERR_REDIRECT] [Fatal Error] :1:1: Premature end of file.
2026-03-09 20:25:24,930 [ERROR] LogOutputStream:75 - [STDERR_REDIRECT] 
2026-03-09 20:25:25,930 [ERROR] LogOutputStream:75 - [STDERR_REDIRECT] [Fatal Error] :1:1: Premature end of file.
2026-03-09 20:25:25,931 [ERROR] LogOutputStream:75 - [STDERR_REDIRECT] 
2026-03-09 20:25:26,934 [ERROR] LogOutputStream:75 - [STDERR_REDIRECT] [Fatal Error] :1:1: Premature end of file.
2026-03-09 20:25:26,934 [ERROR] LogOutputStream:75 - [STDERR_REDIRECT] 
2026-03-09 20:25:27,927 [ERROR] LogOutputStream:75 - [STDERR_REDIRECT] [Fatal Error] :1:1: Premature end of file.
2026-03-09 20:25:27,927 [ERROR] LogOutputStream:75 - [STDERR_REDIRECT] 
2026-03-09 20:25:28,931 [ERROR] LogOutputStream:75 - [STDERR_REDIRECT] [Fatal Error] :1:1: Premature end of file.
2026-03-09 20:25:28,931 [ERROR] LogOutputStream:75 - [STDERR_REDIRECT] 
2026-03-09 20:25:29,923 [ERROR] LogOutputStream:75 - [STDERR_REDIRECT] [Fatal Error] :1:1: Premature end of file.
2026-03-09 20:25:29,923 [ERROR] LogOutputStream:75 - [STDERR_REDIRECT] 
2026-03-09 20:25:30,923 [ERROR] LogOutputStream:75 - [STDERR_REDIRECT] [Fatal Error] :1:1: Premature end of file.
2026-03-09 20:25:30,923 [ERROR] LogOutputStream:75 - [STDERR_REDIRECT] 
2026-03-09 20:25:31,932 [ERROR] LogOutputStream:75 - [STDERR_REDIRECT] [Fatal Error] :1:1: Premature end of file.
2026-03-09 20:25:31,932 [ERROR] LogOutputStream:75 - [STDERR_REDIRECT] 
2026-03-09 20:25:32,926 [ERROR] LogOutputStream:75 - [STDERR_REDIRECT] [Fatal Error] :1:1: Premature end of file.
2026-03-09 20:25:32,926 [ERROR] LogOutputStream:75 - [STDERR_REDIRECT] 
2026-03-09 20:25:33,928 [ERROR] LogOutputStream:75 - [STDERR_REDIRECT] [Fatal Error] :1:1: Premature end of file.
2026-03-09 20:25:33,928 [ERROR] LogOutputStream:75 - [STDERR_REDIRECT] 
2026-03-09 20:25:34,923 [ERROR] LogOutputStream:75 - [STDERR_REDIRECT] [Fatal Error] :1:1: Premature end of file.
2026-03-09 20:25:34,923 [ERROR] LogOutputStream:75 - [STDERR_REDIRECT] 
2026-03-09 20:25:35,929 [ERROR] LogOutputStream:75 - [STDERR_REDIRECT] [Fatal Error] :1:1: Premature end of file.
2026-03-09 20:25:35,930 [ERROR] LogOutputStream:75 - [STDERR_REDIRECT] 
2026-03-09 20:25:36,935 [ERROR] LogOutputStream:75 - [STDERR_REDIRECT] [Fatal Error] :1:1: Premature end of file.
2026-03-09 20:25:36,936 [ERROR] LogOutputStream:75 - [STDERR_REDIRECT] 
2026-03-09 20:25:37,926 [ERROR] LogOutputStream:75 - [STDERR_REDIRECT] [Fatal Error] :1:1: Premature end of file.
2026-03-09 20:25:37,926 [ERROR] LogOutputStream:75 - [STDERR_REDIRECT] 
2026-03-09 20:25:38,923 [ERROR] LogOutputStream:75 - [STDERR_REDIRECT] [Fatal Error] :1:1: Premature end of file.
2026-03-09 20:25:38,923 [ERROR] LogOutputStream:75 - [STDERR_REDIRECT] 
2026-03-09 20:25:39,929 [ERROR] LogOutputStream:75 - [STDERR_REDIRECT] [Fatal Error] :1:1: Premature end of file.
2026-03-09 20:25:39,929 [ERROR] LogOutputStream:75 - [STDERR_REDIRECT] 
2026-03-09 20:25:40,935 [ERROR] LogOutputStream:75 - [STDERR_REDIRECT] [Fatal Error] :1:1: Premature end of file.
2026-03-09 20:25:40,935 [ERROR] LogOutputStream:75 - [STDERR_REDIRECT] 
2026-03-09 20:25:41,926 [ERROR] LogOutputStream:75 - [STDERR_REDIRECT] [Fatal Error] :1:1: Premature end of file.
2026-03-09 20:25:41,927 [ERROR] LogOutputStream:75 - [STDERR_REDIRECT] 
2026-03-09 20:25:42,933 [ERROR] LogOutputStream:75 - [STDERR_REDIRECT] [Fatal Error] :1:1: Premature end of file.
2026-03-09 20:25:42,933 [ERROR] LogOutputStream:75 - [STDERR_REDIRECT] 
2026-03-09 20:25:43,921 [ERROR] LogOutputStream:75 - [STDERR_REDIRECT] [Fatal Error] :1:1: Premature end of file.
2026-03-09 20:25:43,922 [ERROR] LogOutputStream:75 - [STDERR_REDIRECT] 
2026-03-09 20:25:44,931 [ERROR] LogOutputStream:75 - [STDERR_REDIRECT] [Fatal Error] :1:1: Premature end of file.
2026-03-09 20:25:44,931 [ERROR] LogOutputStream:75 - [STDERR_REDIRECT] 
2026-03-09 20:25:45,925 [ERROR] LogOutputStream:75 - [STDERR_REDIRECT] [Fatal Error] :1:1: Premature end of file.
2026-03-09 20:25:45,925 [ERROR] LogOutputStream:75 - [STDERR_REDIRECT] 
2026-03-09 20:25:46,928 [ERROR] LogOutputStream:75 - [STDERR_REDIRECT] [Fatal Error] :1:1: Premature end of file.
2026-03-09 20:25:46,928 [ERROR] LogOutputStream:75 - [STDERR_REDIRECT] 
2026-03-09 20:25:47,935 [ERROR] LogOutputStream:75 - [STDERR_REDIRECT] [Fatal Error] :1:1: Premature end of file.
2026-03-09 20:25:47,935 [ERROR] LogOutputStream:75 - [STDERR_REDIRECT] 
2026-03-09 20:25:48,922 [ERROR] LogOutputStream:75 - [STDERR_REDIRECT] [Fatal Error] :1:1: Premature end of file.
2026-03-09 20:25:48,923 [ERROR] LogOutputStream:75 - [STDERR_REDIRECT] 
2026-03-09 20:25:49,931 [ERROR] LogOutputStream:75 - [STDERR_REDIRECT] [Fatal Error] :1:1: Premature end of file.
2026-03-09 20:25:49,931 [ERROR] LogOutputStream:75 - [STDERR_REDIRECT] 
2026-03-09 20:25:50,935 [ERROR] LogOutputStream:75 - [STDERR_REDIRECT] [Fatal Error] :1:1: Premature end of file.
2026-03-09 20:25:50,935 [ERROR] LogOutputStream:75 - [STDERR_REDIRECT] 
2026-03-09 20:25:51,944 [ERROR] LogOutputStream:75 - [STDERR_REDIRECT] [Fatal Error] :1:1: Premature end of file.
2026-03-09 20:25:51,944 [ERROR] LogOutputStream:75 - [STDERR_REDIRECT] 
2026-03-09 20:25:52,951 [ERROR] LogOutputStream:75 - [STDERR_REDIRECT] [Fatal Error] :1:1: Premature end of file.
2026-03-09 20:25:52,951 [ERROR] LogOutputStream:75 - [STDERR_REDIRECT] 
2026-03-09 20:25:53,928 [ERROR] LogOutputStream:75 - [STDERR_REDIRECT] [Fatal Error] :1:1: Premature end of file.
2026-03-09 20:25:53,929 [ERROR] LogOutputStream:75 - [STDERR_REDIRECT] 
2026-03-09 20:25:54,933 [ERROR] LogOutputStream:75 - [STDERR_REDIRECT] [Fatal Error] :1:1: Premature end of file.
2026-03-09 20:25:54,934 [ERROR] LogOutputStream:75 - [STDERR_REDIRECT] 
2026-03-09 20:25:55,933 [ERROR] LogOutputStream:75 - [STDERR_REDIRECT] [Fatal Error] :1:1: Premature end of file.
2026-03-09 20:25:55,933 [ERROR] LogOutputStream:75 - [STDERR_REDIRECT] 
2026-03-09 20:25:56,935 [ERROR] LogOutputStream:75 - [STDERR_REDIRECT] [Fatal Error] :1:1: Premature end of file.
2026-03-09 20:25:56,935 [ERROR] LogOutputStream:75 - [STDERR_REDIRECT] 
2026-03-09 20:25:57,922 [ERROR] LogOutputStream:75 - [STDERR_REDIRECT] [Fatal Error] :1:1: Premature end of file.
2026-03-09 20:25:57,922 [ERROR] LogOutputStream:75 - [STDERR_REDIRECT] 
2026-03-09 20:25:58,928 [ERROR] LogOutputStream:75 - [STDERR_REDIRECT] [Fatal Error] :1:1: Premature end of file.
2026-03-09 20:25:58,928 [ERROR] LogOutputStream:75 - [STDERR_REDIRECT] 
2026-03-09 20:25:59,929 [ERROR] LogOutputStream:75 - [STDERR_REDIRECT] [Fatal Error] :1:1: Premature end of file.
2026-03-09 20:25:59,929 [ERROR] LogOutputStream:75 - [STDERR_REDIRECT] 
2026-03-09 20:26:00,936 [ERROR] LogOutputStream:75 - [STDERR_REDIRECT] [Fatal Error] :1:1: Premature end of file.
2026-03-09 20:26:00,938 [ERROR] LogOutputStream:75 - [STDERR_REDIRECT] 
2026-03-09 20:26:01,930 [ERROR] LogOutputStream:75 - [STDERR_REDIRECT] [Fatal Error] :1:1: Premature end of file.
2026-03-09 20:26:01,930 [ERROR] LogOutputStream:75 - [STDERR_REDIRECT] 
2026-03-09 20:26:02,930 [ERROR] LogOutputStream:75 - [STDERR_REDIRECT] [Fatal Error] :1:1: Premature end of file.
2026-03-09 20:26:02,930 [ERROR] LogOutputStream:75 - [STDERR_REDIRECT] 
2026-03-09 20:26:03,921 [ERROR] LogOutputStream:75 - [STDERR_REDIRECT] [Fatal Error] :1:1: Premature end of file.
2026-03-09 20:26:03,921 [ERROR] LogOutputStream:75 - [STDERR_REDIRECT] 
2026-03-09 20:26:04,927 [ERROR] LogOutputStream:75 - [STDERR_REDIRECT] [Fatal Error] :1:1: Premature end of file.
2026-03-09 20:26:04,927 [ERROR] LogOutputStream:75 - [STDERR_REDIRECT] 
2026-03-09 20:26:05,930 [ERROR] LogOutputStream:75 - [STDERR_REDIRECT] [Fatal Error] :1:1: Premature end of file.
2026-03-09 20:26:05,930 [ERROR] LogOutputStream:75 - [STDERR_REDIRECT] 
2026-03-09 20:26:06,924 [ERROR] LogOutputStream:75 - [STDERR_REDIRECT] [Fatal Error] :1:1: Premature end of file.
2026-03-09 20:26:06,925 [ERROR] LogOutputStream:75 - [STDERR_REDIRECT] 
2026-03-09 20:26:07,933 [ERROR] LogOutputStream:75 - [STDERR_REDIRECT] [Fatal Error] :1:1: Premature end of file.
2026-03-09 20:26:07,933 [ERROR] LogOutputStream:75 - [STDERR_REDIRECT] 
2026-03-09 20:26:08,922 [ERROR] LogOutputStream:75 - [STDERR_REDIRECT] [Fatal Error] :1:1: Premature end of file.
2026-03-09 20:26:08,923 [ERROR] LogOutputStream:75 - [STDERR_REDIRECT] 
2026-03-09 20:26:09,929 [ERROR] LogOutputStream:75 - [STDERR_REDIRECT] [Fatal Error] :1:1: Premature end of file.
2026-03-09 20:26:09,930 [ERROR] LogOutputStream:75 - [STDERR_REDIRECT] 
2026-03-09 20:26:10,935 [ERROR] LogOutputStream:75 - [STDERR_REDIRECT] [Fatal Error] :1:1: Premature end of file.
2026-03-09 20:26:10,935 [ERROR] LogOutputStream:75 - [STDERR_REDIRECT] 
2026-03-09 20:26:11,935 [ERROR] LogOutputStream:75 - [STDERR_REDIRECT] [Fatal Error] :1:1: Premature end of file.
2026-03-09 20:26:11,935 [ERROR] LogOutputStream:75 - [STDERR_REDIRECT] 
2026-03-09 20:26:12,946 [ERROR] LogOutputStream:75 - [STDERR_REDIRECT] [Fatal Error] :1:1: Premature end of file.
2026-03-09 20:26:12,946 [ERROR] LogOutputStream:75 - [STDERR_REDIRECT] 
2026-03-09 20:26:13,924 [ERROR] LogOutputStream:75 - [STDERR_REDIRECT] [Fatal Error] :1:1: Premature end of file.
2026-03-09 20:26:13,924 [ERROR] LogOutputStream:75 - [STDERR_REDIRECT] 
2026-03-09 20:26:14,925 [ERROR] LogOutputStream:75 - [STDERR_REDIRECT] [Fatal Error] :1:1: Premature end of file.
2026-03-09 20:26:14,925 [ERROR] LogOutputStream:75 - [STDERR_REDIRECT] 
2026-03-09 20:26:15,927 [ERROR] LogOutputStream:75 - [STDERR_REDIRECT] [Fatal Error] :1:1: Premature end of file.
2026-03-09 20:26:15,927 [ERROR] LogOutputStream:75 - [STDERR_REDIRECT] 
2026-03-09 20:26:16,930 [ERROR] LogOutputStream:75 - [STDERR_REDIRECT] [Fatal Error] :1:1: Premature end of file.
2026-03-09 20:26:16,930 [ERROR] LogOutputStream:75 - [STDERR_REDIRECT] 
2026-03-09 20:26:17,924 [ERROR] LogOutputStream:75 - [STDERR_REDIRECT] [Fatal Error] :1:1: Premature end of file.
2026-03-09 20:26:17,924 [ERROR] LogOutputStream:75 - [STDERR_REDIRECT] 
2026-03-09 20:26:18,929 [ERROR] LogOutputStream:75 - [STDERR_REDIRECT] [Fatal Error] :1:1: Premature end of file.
2026-03-09 20:26:18,929 [ERROR] LogOutputStream:75 - [STDERR_REDIRECT] 
2026-03-09 20:26:19,933 [ERROR] LogOutputStream:75 - [STDERR_REDIRECT] [Fatal Error] :1:1: Premature end of file.
2026-03-09 20:26:19,933 [ERROR] LogOutputStream:75 - [STDERR_REDIRECT] 
2026-03-09 20:26:20,927 [ERROR] LogOutputStream:75 - [STDERR_REDIRECT] [Fatal Error] :1:1: Premature end of file.
2026-03-09 20:26:20,927 [ERROR] LogOutputStream:75 - [STDERR_REDIRECT] 
2026-03-09 20:26:21,939 [ERROR] LogOutputStream:75 - [STDERR_REDIRECT] [Fatal Error] :1:1: Premature end of file.
2026-03-09 20:26:21,939 [ERROR] LogOutputStream:75 - [STDERR_REDIRECT] 
2026-03-09 20:26:22,927 [ERROR] LogOutputStream:75 - [STDERR_REDIRECT] [Fatal Error] :1:1: Premature end of file.
2026-03-09 20:26:22,927 [ERROR] LogOutputStream:75 - [STDERR_REDIRECT] 
2026-03-09 20:26:23,929 [ERROR] LogOutputStream:75 - [STDERR_REDIRECT] [Fatal Error] :1:1: Premature end of file.
2026-03-09 20:26:23,931 [ERROR] LogOutputStream:75 - [STDERR_REDIRECT] 
2026-03-09 20:26:24,938 [ERROR] LogOutputStream:75 - [STDERR_REDIRECT] [Fatal Error] :1:1: Premature end of file.
2026-03-09 20:26:24,938 [ERROR] LogOutputStream:75 - [STDERR_REDIRECT] 
2026-03-09 20:26:25,927 [ERROR] LogOutputStream:75 - [STDERR_REDIRECT] [Fatal Error] :1:1: Premature end of file.
2026-03-09 20:26:25,927 [ERROR] LogOutputStream:75 - [STDERR_REDIRECT] 
2026-03-09 20:26:26,936 [ERROR] LogOutputStream:75 - [STDERR_REDIRECT] [Fatal Error] :1:1: Premature end of file.
2026-03-09 20:26:26,936 [ERROR] LogOutputStream:75 - [STDERR_REDIRECT] 
2026-03-09 20:26:27,923 [ERROR] LogOutputStream:75 - [STDERR_REDIRECT] [Fatal Error] :1:1: Premature end of file.
2026-03-09 20:26:27,923 [ERROR] LogOutputStream:75 - [STDERR_REDIRECT] 
2026-03-09 20:26:28,930 [ERROR] LogOutputStream:75 - [STDERR_REDIRECT] [Fatal Error] :1:1: Premature end of file.
2026-03-09 20:26:28,930 [ERROR] LogOutputStream:75 - [STDERR_REDIRECT] 
2026-03-09 20:26:29,931 [ERROR] LogOutputStream:75 - [STDERR_REDIRECT] [Fatal Error] :1:1: Premature end of file.
2026-03-09 20:26:29,931 [ERROR] LogOutputStream:75 - [STDERR_REDIRECT] 
2026-03-09 20:26:30,934 [ERROR] LogOutputStream:75 - [STDERR_REDIRECT] [Fatal Error] :1:1: Premature end of file.
2026-03-09 20:26:30,934 [ERROR] LogOutputStream:75 - [STDERR_REDIRECT] 
2026-03-09 20:26:31,938 [ERROR] LogOutputStream:75 - [STDERR_REDIRECT] [Fatal Error] :1:1: Premature end of file.
2026-03-09 20:26:31,938 [ERROR] LogOutputStream:75 - [STDERR_REDIRECT] 
2026-03-09 20:26:32,931 [ERROR] LogOutputStream:75 - [STDERR_REDIRECT] [Fatal Error] :1:1: Premature end of file.
2026-03-09 20:26:32,931 [ERROR] LogOutputStream:75 - [STDERR_REDIRECT] 
2026-03-09 20:26:33,935 [ERROR] LogOutputStream:75 - [STDERR_REDIRECT] [Fatal Error] :1:1: Premature end of file.
2026-03-09 20:26:33,935 [ERROR] LogOutputStream:75 - [STDERR_REDIRECT] 
2026-03-09 20:26:34,937 [ERROR] LogOutputStream:75 - [STDERR_REDIRECT] [Fatal Error] :1:1: Premature end of file.
2026-03-09 20:26:34,937 [ERROR] LogOutputStream:75 - [STDERR_REDIRECT] 
2026-03-09 20:26:35,930 [ERROR] LogOutputStream:75 - [STDERR_REDIRECT] [Fatal Error] :1:1: Premature end of file.
2026-03-09 20:26:35,931 [ERROR] LogOutputStream:75 - [STDERR_REDIRECT] 
2026-03-09 20:26:36,937 [ERROR] LogOutputStream:75 - [STDERR_REDIRECT] [Fatal Error] :1:1: Premature end of file.
2026-03-09 20:26:36,937 [ERROR] LogOutputStream:75 - [STDERR_REDIRECT] 
2026-03-09 20:26:37,936 [ERROR] LogOutputStream:75 - [STDERR_REDIRECT] [Fatal Error] :1:1: Premature end of file.
2026-03-09 20:26:37,937 [ERROR] LogOutputStream:75 - [STDERR_REDIRECT] 
2026-03-09 20:26:38,925 [ERROR] LogOutputStream:75 - [STDERR_REDIRECT] [Fatal Error] :1:1: Premature end of file.
2026-03-09 20:26:38,925 [ERROR] LogOutputStream:75 - [STDERR_REDIRECT] 
2026-03-09 20:26:39,936 [ERROR] LogOutputStream:75 - [STDERR_REDIRECT] [Fatal Error] :1:1: Premature end of file.
2026-03-09 20:26:39,936 [ERROR] LogOutputStream:75 - [STDERR_REDIRECT] 
2026-03-09 20:26:40,931 [ERROR] LogOutputStream:75 - [STDERR_REDIRECT] [Fatal Error] :1:1: Premature end of file.
2026-03-09 20:26:40,931 [ERROR] LogOutputStream:75 - [STDERR_REDIRECT] 
2026-03-09 20:26:41,935 [ERROR] LogOutputStream:75 - [STDERR_REDIRECT] [Fatal Error] :1:1: Premature end of file.
2026-03-09 20:26:41,935 [ERROR] LogOutputStream:75 - [STDERR_REDIRECT] 
2026-03-09 20:26:42,926 [ERROR] LogOutputStream:75 - [STDERR_REDIRECT] [Fatal Error] :1:1: Premature end of file.
2026-03-09 20:26:42,926 [ERROR] LogOutputStream:75 - [STDERR_REDIRECT] 
2026-03-09 20:26:43,935 [ERROR] LogOutputStream:75 - [STDERR_REDIRECT] [Fatal Error] :1:1: Premature end of file.
2026-03-09 20:26:43,935 [ERROR] LogOutputStream:75 - [STDERR_REDIRECT] 
2026-03-09 20:26:44,925 [ERROR] LogOutputStream:75 - [STDERR_REDIRECT] [Fatal Error] :1:1: Premature end of file.
2026-03-09 20:26:44,925 [ERROR] LogOutputStream:75 - [STDERR_REDIRECT] 
2026-03-09 20:26:45,930 [ERROR] LogOutputStream:75 - [STDERR_REDIRECT] [Fatal Error] :1:1: Premature end of file.
2026-03-09 20:26:45,930 [ERROR] LogOutputStream:75 - [STDERR_REDIRECT] 
2026-03-09 20:26:46,924 [ERROR] LogOutputStream:75 - [STDERR_REDIRECT] [Fatal Error] :1:1: Premature end of file.
2026-03-09 20:26:46,924 [ERROR] LogOutputStream:75 - [STDERR_REDIRECT] 
2026-03-09 20:26:47,933 [ERROR] LogOutputStream:75 - [STDERR_REDIRECT] [Fatal Error] :1:1: Premature end of file.
2026-03-09 20:26:47,933 [ERROR] LogOutputStream:75 - [STDERR_REDIRECT] 
2026-03-09 20:26:48,927 [ERROR] LogOutputStream:75 - [STDERR_REDIRECT] [Fatal Error] :1:1: Premature end of file.
2026-03-09 20:26:48,927 [ERROR] LogOutputStream:75 - [STDERR_REDIRECT] 
2026-03-09 20:26:49,922 [ERROR] LogOutputStream:75 - [STDERR_REDIRECT] [Fatal Error] :1:1: Premature end of file.
2026-03-09 20:26:49,922 [ERROR] LogOutputStream:75 - [STDERR_REDIRECT] 
2026-03-09 20:26:50,924 [ERROR] LogOutputStream:75 - [STDERR_REDIRECT] [Fatal Error] :1:1: Premature end of file.
2026-03-09 20:26:50,925 [ERROR] LogOutputStream:75 - [STDERR_REDIRECT] 
2026-03-09 20:26:51,931 [ERROR] LogOutputStream:75 - [STDERR_REDIRECT] [Fatal Error] :1:1: Premature end of file.
2026-03-09 20:26:51,931 [ERROR] LogOutputStream:75 - [STDERR_REDIRECT] 
2026-03-09 20:26:52,933 [ERROR] LogOutputStream:75 - [STDERR_REDIRECT] [Fatal Error] :1:1: Premature end of file.
2026-03-09 20:26:52,933 [ERROR] LogOutputStream:75 - [STDERR_REDIRECT] 
2026-03-09 20:26:53,937 [ERROR] LogOutputStream:75 - [STDERR_REDIRECT] [Fatal Error] :1:1: Premature end of file.
2026-03-09 20:26:53,937 [ERROR] LogOutputStream:75 - [STDERR_REDIRECT] 
2026-03-09 20:26:54,936 [ERROR] LogOutputStream:75 - [STDERR_REDIRECT] [Fatal Error] :1:1: Premature end of file.
2026-03-09 20:26:54,936 [ERROR] LogOutputStream:75 - [STDERR_REDIRECT] 
2026-03-09 20:26:55,929 [ERROR] LogOutputStream:75 - [STDERR_REDIRECT] [Fatal Error] :1:1: Premature end of file.
2026-03-09 20:26:55,929 [ERROR] LogOutputStream:75 - [STDERR_REDIRECT] 
2026-03-09 20:26:56,925 [ERROR] LogOutputStream:75 - [STDERR_REDIRECT] [Fatal Error] :1:1: Premature end of file.
2026-03-09 20:26:56,925 [ERROR] LogOutputStream:75 - [STDERR_REDIRECT] 
2026-03-09 20:26:57,930 [ERROR] LogOutputStream:75 - [STDERR_REDIRECT] [Fatal Error] :1:1: Premature end of file.
2026-03-09 20:26:57,930 [ERROR] LogOutputStream:75 - [STDERR_REDIRECT] 
2026-03-09 20:26:58,934 [ERROR] LogOutputStream:75 - [STDERR_REDIRECT] [Fatal Error] :1:1: Premature end of file.
2026-03-09 20:26:58,934 [ERROR] LogOutputStream:75 - [STDERR_REDIRECT] 
2026-03-09 20:26:59,929 [ERROR] LogOutputStream:75 - [STDERR_REDIRECT] [Fatal Error] :1:1: Premature end of file.
2026-03-09 20:26:59,929 [ERROR] LogOutputStream:75 - [STDERR_REDIRECT] 
2026-03-09 20:27:00,922 [ERROR] LogOutputStream:75 - [STDERR_REDIRECT] [Fatal Error] :1:1: Premature end of file.
2026-03-09 20:27:00,922 [ERROR] LogOutputStream:75 - [STDERR_REDIRECT] 
2026-03-09 20:27:01,930 [ERROR] LogOutputStream:75 - [STDERR_REDIRECT] [Fatal Error] :1:1: Premature end of file.
2026-03-09 20:27:01,930 [ERROR] LogOutputStream:75 - [STDERR_REDIRECT] 
2026-03-09 20:27:02,924 [ERROR] LogOutputStream:75 - [STDERR_REDIRECT] [Fatal Error] :1:1: Premature end of file.
2026-03-09 20:27:02,924 [ERROR] LogOutputStream:75 - [STDERR_REDIRECT] 
2026-03-09 20:27:03,931 [ERROR] LogOutputStream:75 - [STDERR_REDIRECT] [Fatal Error] :1:1: Premature end of file.
2026-03-09 20:27:03,931 [ERROR] LogOutputStream:75 - [STDERR_REDIRECT] 
2026-03-09 20:27:04,932 [ERROR] LogOutputStream:75 - [STDERR_REDIRECT] [Fatal Error] :1:1: Premature end of file.
2026-03-09 20:27:04,932 [ERROR] LogOutputStream:75 - [STDERR_REDIRECT] 
2026-03-09 20:27:05,923 [ERROR] LogOutputStream:75 - [STDERR_REDIRECT] [Fatal Error] :1:1: Premature end of file.
2026-03-09 20:27:05,923 [ERROR] LogOutputStream:75 - [STDERR_REDIRECT] 
2026-03-09 20:27:06,926 [ERROR] LogOutputStream:75 - [STDERR_REDIRECT] [Fatal Error] :1:1: Premature end of file.
2026-03-09 20:27:06,927 [ERROR] LogOutputStream:75 - [STDERR_REDIRECT] 
2026-03-09 20:27:07,923 [ERROR] LogOutputStream:75 - [STDERR_REDIRECT] [Fatal Error] :1:1: Premature end of file.
2026-03-09 20:27:07,923 [ERROR] LogOutputStream:75 - [STDERR_REDIRECT] 
2026-03-09 20:27:08,928 [ERROR] LogOutputStream:75 - [STDERR_REDIRECT] [Fatal Error] :1:1: Premature end of file.
2026-03-09 20:27:08,928 [ERROR] LogOutputStream:75 - [STDERR_REDIRECT] 
2026-03-09 20:27:09,934 [ERROR] LogOutputStream:75 - [STDERR_REDIRECT] [Fatal Error] :1:1: Premature end of file.
2026-03-09 20:27:09,934 [ERROR] LogOutputStream:75 - [STDERR_REDIRECT] 
2026-03-09 20:27:10,926 [ERROR] LogOutputStream:75 - [STDERR_REDIRECT] [Fatal Error] :1:1: Premature end of file.
2026-03-09 20:27:10,926 [ERROR] LogOutputStream:75 - [STDERR_REDIRECT] 
2026-03-09 20:27:11,935 [ERROR] LogOutputStream:75 - [STDERR_REDIRECT] [Fatal Error] :1:1: Premature end of file.
2026-03-09 20:27:11,935 [ERROR] LogOutputStream:75 - [STDERR_REDIRECT] 
2026-03-09 20:27:12,928 [ERROR] LogOutputStream:75 - [STDERR_REDIRECT] [Fatal Error] :1:1: Premature end of file.
2026-03-09 20:27:12,928 [ERROR] LogOutputStream:75 - [STDERR_REDIRECT] 
2026-03-09 20:27:13,937 [ERROR] LogOutputStream:75 - [STDERR_REDIRECT] [Fatal Error] :1:1: Premature end of file.
2026-03-09 20:27:13,937 [ERROR] LogOutputStream:75 - [STDERR_REDIRECT] 
2026-03-09 20:27:14,934 [ERROR] LogOutputStream:75 - [STDERR_REDIRECT] [Fatal Error] :1:1: Premature end of file.
2026-03-09 20:27:14,934 [ERROR] LogOutputStream:75 - [STDERR_REDIRECT] 
2026-03-09 20:27:15,931 [ERROR] LogOutputStream:75 - [STDERR_REDIRECT] [Fatal Error] :1:1: Premature end of file.
2026-03-09 20:27:15,931 [ERROR] LogOutputStream:75 - [STDERR_REDIRECT] 
2026-03-09 20:27:16,923 [ERROR] LogOutputStream:75 - [STDERR_REDIRECT] [Fatal Error] :1:1: Premature end of file.
2026-03-09 20:27:16,923 [ERROR] LogOutputStream:75 - [STDERR_REDIRECT] 
2026-03-09 20:27:17,925 [ERROR] LogOutputStream:75 - [STDERR_REDIRECT] [Fatal Error] :1:1: Premature end of file.
2026-03-09 20:27:17,925 [ERROR] LogOutputStream:75 - [STDERR_REDIRECT] 
2026-03-09 20:27:18,930 [ERROR] LogOutputStream:75 - [STDERR_REDIRECT] [Fatal Error] :1:1: Premature end of file.
2026-03-09 20:27:18,930 [ERROR] LogOutputStream:75 - [STDERR_REDIRECT] 
2026-03-09 20:27:19,921 [ERROR] LogOutputStream:75 - [STDERR_REDIRECT] [Fatal Error] :1:1: Premature end of file.
2026-03-09 20:27:19,921 [ERROR] LogOutputStream:75 - [STDERR_REDIRECT] 
2026-03-09 20:27:20,924 [ERROR] LogOutputStream:75 - [STDERR_REDIRECT] [Fatal Error] :1:1: Premature end of file.
2026-03-09 20:27:20,924 [ERROR] LogOutputStream:75 - [STDERR_REDIRECT] 
2026-03-09 20:27:21,928 [ERROR] LogOutputStream:75 - [STDERR_REDIRECT] [Fatal Error] :1:1: Premature end of file.
2026-03-09 20:27:21,929 [ERROR] LogOutputStream:75 - [STDERR_REDIRECT] 
2026-03-09 20:27:22,927 [ERROR] LogOutputStream:75 - [STDERR_REDIRECT] [Fatal Error] :1:1: Premature end of file.
2026-03-09 20:27:22,928 [ERROR] LogOutputStream:75 - [STDERR_REDIRECT] 
2026-03-09 20:27:23,930 [ERROR] LogOutputStream:75 - [STDERR_REDIRECT] [Fatal Error] :1:1: Premature end of file.
2026-03-09 20:27:23,930 [ERROR] LogOutputStream:75 - [STDERR_REDIRECT] 
2026-03-09 20:27:24,935 [ERROR] LogOutputStream:75 - [STDERR_REDIRECT] [Fatal Error] :1:1: Premature end of file.
2026-03-09 20:27:24,935 [ERROR] LogOutputStream:75 - [STDERR_REDIRECT] 
2026-03-09 20:27:25,928 [ERROR] LogOutputStream:75 - [STDERR_REDIRECT] [Fatal Error] :1:1: Premature end of file.
2026-03-09 20:27:25,928 [ERROR] LogOutputStream:75 - [STDERR_REDIRECT] 
2026-03-09 20:27:26,919 [ERROR] LogOutputStream:75 - [STDERR_REDIRECT] [Fatal Error] :1:1: Premature end of file.
2026-03-09 20:27:26,919 [ERROR] LogOutputStream:75 - [STDERR_REDIRECT] 
2026-03-09 20:27:27,930 [ERROR] LogOutputStream:75 - [STDERR_REDIRECT] [Fatal Error] :1:1: Premature end of file.
2026-03-09 20:27:27,930 [ERROR] LogOutputStream:75 - [STDERR_REDIRECT] 
2026-03-09 20:27:28,923 [ERROR] LogOutputStream:75 - [STDERR_REDIRECT] [Fatal Error] :1:1: Premature end of file.
2026-03-09 20:27:28,923 [ERROR] LogOutputStream:75 - [STDERR_REDIRECT] 
2026-03-09 20:27:29,931 [ERROR] LogOutputStream:75 - [STDERR_REDIRECT] [Fatal Error] :1:1: Premature end of file.
2026-03-09 20:27:29,931 [ERROR] LogOutputStream:75 - [STDERR_REDIRECT] 
2026-03-09 20:27:30,924 [ERROR] LogOutputStream:75 - [STDERR_REDIRECT] [Fatal Error] :1:1: Premature end of file.
2026-03-09 20:27:30,924 [ERROR] LogOutputStream:75 - [STDERR_REDIRECT] 
2026-03-09 20:27:31,932 [ERROR] LogOutputStream:75 - [STDERR_REDIRECT] [Fatal Error] :1:1: Premature end of file.
2026-03-09 20:27:31,932 [ERROR] LogOutputStream:75 - [STDERR_REDIRECT] 
2026-03-09 20:27:32,925 [ERROR] LogOutputStream:75 - [STDERR_REDIRECT] [Fatal Error] :1:1: Premature end of file.
2026-03-09 20:27:32,925 [ERROR] LogOutputStream:75 - [STDERR_REDIRECT] 
2026-03-09 20:27:33,932 [ERROR] LogOutputStream:75 - [STDERR_REDIRECT] [Fatal Error] :1:1: Premature end of file.
2026-03-09 20:27:33,932 [ERROR] LogOutputStream:75 - [STDERR_REDIRECT] 
2026-03-09 20:27:34,930 [ERROR] LogOutputStream:75 - [STDERR_REDIRECT] [Fatal Error] :1:1: Premature end of file.
2026-03-09 20:27:34,930 [ERROR] LogOutputStream:75 - [STDERR_REDIRECT] 
2026-03-09 20:27:35,922 [ERROR] LogOutputStream:75 - [STDERR_REDIRECT] [Fatal Error] :1:1: Premature end of file.
2026-03-09 20:27:35,923 [ERROR] LogOutputStream:75 - [STDERR_REDIRECT] 
2026-03-09 20:27:36,930 [ERROR] LogOutputStream:75 - [STDERR_REDIRECT] [Fatal Error] :1:1: Premature end of file.
2026-03-09 20:27:36,930 [ERROR] LogOutputStream:75 - [STDERR_REDIRECT] 
2026-03-09 20:27:38,172 [ERROR] LogOutputStream:75 - [STDERR_REDIRECT] [Fatal Error] :1:1: Premature end of file.
2026-03-09 20:27:38,172 [ERROR] LogOutputStream:75 - [STDERR_REDIRECT] 
2026-03-09 20:27:38,917 [ERROR] LogOutputStream:75 - [STDERR_REDIRECT] [Fatal Error] :1:1: Premature end of file.
2026-03-09 20:27:38,918 [ERROR] LogOutputStream:75 - [STDERR_REDIRECT] 
2026-03-09 20:27:39,925 [ERROR] LogOutputStream:75 - [STDERR_REDIRECT] [Fatal Error] :1:1: Premature end of file.
2026-03-09 20:27:39,925 [ERROR] LogOutputStream:75 - [STDERR_REDIRECT] 
2026-03-09 20:27:40,919 [ERROR] LogOutputStream:75 - [STDERR_REDIRECT] [Fatal Error] :1:1: Premature end of file.
2026-03-09 20:27:40,919 [ERROR] LogOutputStream:75 - [STDERR_REDIRECT] 
2026-03-09 20:27:41,916 [ERROR] LogOutputStream:75 - [STDERR_REDIRECT] [Fatal Error] :1:1: Premature end of file.
2026-03-09 20:27:41,916 [ERROR] LogOutputStream:75 - [STDERR_REDIRECT] 
2026-03-09 20:27:42,925 [ERROR] LogOutputStream:75 - [STDERR_REDIRECT] [Fatal Error] :1:1: Premature end of file.
2026-03-09 20:27:42,925 [ERROR] LogOutputStream:75 - [STDERR_REDIRECT] 
2026-03-09 20:27:43,918 [ERROR] LogOutputStream:75 - [STDERR_REDIRECT] [Fatal Error] :1:1: Premature end of file.
2026-03-09 20:27:43,918 [ERROR] LogOutputStream:75 - [STDERR_REDIRECT] 
2026-03-09 20:27:44,923 [ERROR] LogOutputStream:75 - [STDERR_REDIRECT] [Fatal Error] :1:1: Premature end of file.
2026-03-09 20:27:44,923 [ERROR] LogOutputStream:75 - [STDERR_REDIRECT] 
2026-03-09 20:27:46,405 [ERROR] LogOutputStream:75 - [STDERR_REDIRECT] [Fatal Error] :1:1: Premature end of file.
2026-03-09 20:27:46,405 [ERROR] LogOutputStream:75 - [STDERR_REDIRECT] 
2026-03-09 20:27:46,937 [ERROR] LogOutputStream:75 - [STDERR_REDIRECT] [Fatal Error] :1:1: Premature end of file.
2026-03-09 20:27:46,937 [ERROR] LogOutputStream:75 - [STDERR_REDIRECT] 
2026-03-09 20:27:47,929 [ERROR] LogOutputStream:75 - [STDERR_REDIRECT] [Fatal Error] :1:1: Premature end of file.
2026-03-09 20:27:47,929 [ERROR] LogOutputStream:75 - [STDERR_REDIRECT] 
2026-03-09 20:27:48,937 [ERROR] LogOutputStream:75 - [STDERR_REDIRECT] [Fatal Error] :1:1: Premature end of file.
2026-03-09 20:27:48,937 [ERROR] LogOutputStream:75 - [STDERR_REDIRECT] 
2026-03-09 20:27:49,931 [ERROR] LogOutputStream:75 - [STDERR_REDIRECT] [Fatal Error] :1:1: Premature end of file.
2026-03-09 20:27:49,931 [ERROR] LogOutputStream:75 - [STDERR_REDIRECT] 
2026-03-09 20:27:50,925 [ERROR] LogOutputStream:75 - [STDERR_REDIRECT] [Fatal Error] :1:1: Premature end of file.
2026-03-09 20:27:50,925 [ERROR] LogOutputStream:75 - [STDERR_REDIRECT] 
2026-03-09 20:27:51,933 [ERROR] LogOutputStream:75 - [STDERR_REDIRECT] [Fatal Error] :1:1: Premature end of file.
2026-03-09 20:27:51,933 [ERROR] LogOutputStream:75 - [STDERR_REDIRECT] 
2026-03-09 20:27:52,923 [ERROR] LogOutputStream:75 - [STDERR_REDIRECT] [Fatal Error] :1:1: Premature end of file.
2026-03-09 20:27:52,923 [ERROR] LogOutputStream:75 - [STDERR_REDIRECT] 
2026-03-09 20:27:53,929 [ERROR] LogOutputStream:75 - [STDERR_REDIRECT] [Fatal Error] :1:1: Premature end of file.
2026-03-09 20:27:53,929 [ERROR] LogOutputStream:75 - [STDERR_REDIRECT] 
2026-03-09 20:27:54,932 [ERROR] LogOutputStream:75 - [STDERR_REDIRECT] [Fatal Error] :1:1: Premature end of file.
2026-03-09 20:27:54,932 [ERROR] LogOutputStream:75 - [STDERR_REDIRECT] 
2026-03-09 20:27:55,930 [ERROR] LogOutputStream:75 - [STDERR_REDIRECT] [Fatal Error] :1:1: Premature end of file.
2026-03-09 20:27:55,930 [ERROR] LogOutputStream:75 - [STDERR_REDIRECT] 
2026-03-09 20:27:56,936 [ERROR] LogOutputStream:75 - [STDERR_REDIRECT] [Fatal Error] :1:1: Premature end of file.
2026-03-09 20:27:56,936 [ERROR] LogOutputStream:75 - [STDERR_REDIRECT] 
2026-03-09 20:27:57,924 [ERROR] LogOutputStream:75 - [STDERR_REDIRECT] [Fatal Error] :1:1: Premature end of file.
2026-03-09 20:27:57,924 [ERROR] LogOutputStream:75 - [STDERR_REDIRECT] 
2026-03-09 20:27:58,927 [ERROR] LogOutputStream:75 - [STDERR_REDIRECT] [Fatal Error] :1:1: Premature end of file.
2026-03-09 20:27:58,927 [ERROR] LogOutputStream:75 - [STDERR_REDIRECT] 
2026-03-09 20:27:59,932 [ERROR] LogOutputStream:75 - [STDERR_REDIRECT] [Fatal Error] :1:1: Premature end of file.
2026-03-09 20:27:59,932 [ERROR] LogOutputStream:75 - [STDERR_REDIRECT] 
2026-03-09 20:28:00,926 [ERROR] LogOutputStream:75 - [STDERR_REDIRECT] [Fatal Error] :1:1: Premature end of file.
2026-03-09 20:28:00,927 [ERROR] LogOutputStream:75 - [STDERR_REDIRECT] 
2026-03-09 20:28:01,931 [ERROR] LogOutputStream:75 - [STDERR_REDIRECT] [Fatal Error] :1:1: Premature end of file.
2026-03-09 20:28:01,931 [ERROR] LogOutputStream:75 - [STDERR_REDIRECT] 
2026-03-09 20:28:02,933 [ERROR] LogOutputStream:75 - [STDERR_REDIRECT] [Fatal Error] :1:1: Premature end of file.
2026-03-09 20:28:02,933 [ERROR] LogOutputStream:75 - [STDERR_REDIRECT] 
2026-03-09 20:28:03,926 [ERROR] LogOutputStream:75 - [STDERR_REDIRECT] [Fatal Error] :1:1: Premature end of file.
2026-03-09 20:28:03,926 [ERROR] LogOutputStream:75 - [STDERR_REDIRECT] 
2026-03-09 20:28:04,930 [ERROR] LogOutputStream:75 - [STDERR_REDIRECT] [Fatal Error] :1:1: Premature end of file.
2026-03-09 20:28:04,930 [ERROR] LogOutputStream:75 - [STDERR_REDIRECT] 
2026-03-09 20:28:05,935 [ERROR] LogOutputStream:75 - [STDERR_REDIRECT] [Fatal Error] :1:1: Premature end of file.
2026-03-09 20:28:05,935 [ERROR] LogOutputStream:75 - [STDERR_REDIRECT] 
2026-03-09 20:28:06,925 [ERROR] LogOutputStream:75 - [STDERR_REDIRECT] [Fatal Error] :1:1: Premature end of file.
2026-03-09 20:28:06,925 [ERROR] LogOutputStream:75 - [STDERR_REDIRECT] 
2026-03-09 20:28:07,933 [ERROR] LogOutputStream:75 - [STDERR_REDIRECT] [Fatal Error] :1:1: Premature end of file.
2026-03-09 20:28:07,933 [ERROR] LogOutputStream:75 - [STDERR_REDIRECT] 
2026-03-09 20:28:08,921 [ERROR] LogOutputStream:75 - [STDERR_REDIRECT] [Fatal Error] :1:1: Premature end of file.
2026-03-09 20:28:08,921 [ERROR] LogOutputStream:75 - [STDERR_REDIRECT] 
2026-03-09 20:28:09,930 [ERROR] LogOutputStream:75 - [STDERR_REDIRECT] [Fatal Error] :1:1: Premature end of file.
2026-03-09 20:28:09,930 [ERROR] LogOutputStream:75 - [STDERR_REDIRECT] 
2026-03-09 20:28:10,923 [ERROR] LogOutputStream:75 - [STDERR_REDIRECT] [Fatal Error] :1:1: Premature end of file.
2026-03-09 20:28:10,923 [ERROR] LogOutputStream:75 - [STDERR_REDIRECT] 
2026-03-09 20:28:11,937 [ERROR] LogOutputStream:75 - [STDERR_REDIRECT] [Fatal Error] :1:1: Premature end of file.
2026-03-09 20:28:11,937 [ERROR] LogOutputStream:75 - [STDERR_REDIRECT] 
2026-03-09 20:28:12,934 [ERROR] LogOutputStream:75 - [STDERR_REDIRECT] [Fatal Error] :1:1: Premature end of file.
2026-03-09 20:28:12,934 [ERROR] LogOutputStream:75 - [STDERR_REDIRECT] 
2026-03-09 20:28:13,944 [ERROR] LogOutputStream:75 - [STDERR_REDIRECT] [Fatal Error] :1:1: Premature end of file.
2026-03-09 20:28:13,944 [ERROR] LogOutputStream:75 - [STDERR_REDIRECT] 
2026-03-09 20:28:14,922 [ERROR] LogOutputStream:75 - [STDERR_REDIRECT] [Fatal Error] :1:1: Premature end of file.
2026-03-09 20:28:14,922 [ERROR] LogOutputStream:75 - [STDERR_REDIRECT] 
2026-03-09 20:28:15,930 [ERROR] LogOutputStream:75 - [STDERR_REDIRECT] [Fatal Error] :1:1: Premature end of file.
2026-03-09 20:28:15,930 [ERROR] LogOutputStream:75 - [STDERR_REDIRECT] 
2026-03-09 20:28:16,932 [ERROR] LogOutputStream:75 - [STDERR_REDIRECT] [Fatal Error] :1:1: Premature end of file.
2026-03-09 20:28:16,932 [ERROR] LogOutputStream:75 - [STDERR_REDIRECT] 
2026-03-09 20:28:17,924 [ERROR] LogOutputStream:75 - [STDERR_REDIRECT] [Fatal Error] :1:1: Premature end of file.
2026-03-09 20:28:17,924 [ERROR] LogOutputStream:75 - [STDERR_REDIRECT] 
2026-03-09 20:28:18,927 [ERROR] LogOutputStream:75 - [STDERR_REDIRECT] [Fatal Error] :1:1: Premature end of file.
2026-03-09 20:28:18,927 [ERROR] LogOutputStream:75 - [STDERR_REDIRECT] 
2026-03-09 20:28:19,947 [ERROR] LogOutputStream:75 - [STDERR_REDIRECT] [Fatal Error] :1:1: Premature end of file.
2026-03-09 20:28:19,947 [ERROR] LogOutputStream:75 - [STDERR_REDIRECT] 
2026-03-09 20:28:20,926 [ERROR] LogOutputStream:75 - [STDERR_REDIRECT] [Fatal Error] :1:1: Premature end of file.
2026-03-09 20:28:20,926 [ERROR] LogOutputStream:75 - [STDERR_REDIRECT] 
2026-03-09 20:28:21,931 [ERROR] LogOutputStream:75 - [STDERR_REDIRECT] [Fatal Error] :1:1: Premature end of file.
2026-03-09 20:28:21,931 [ERROR] LogOutputStream:75 - [STDERR_REDIRECT] 
2026-03-09 20:28:22,929 [ERROR] LogOutputStream:75 - [STDERR_REDIRECT] [Fatal Error] :1:1: Premature end of file.
2026-03-09 20:28:22,929 [ERROR] LogOutputStream:75 - [STDERR_REDIRECT] 
2026-03-09 20:28:23,924 [ERROR] LogOutputStream:75 - [STDERR_REDIRECT] [Fatal Error] :1:1: Premature end of file.
2026-03-09 20:28:23,924 [ERROR] LogOutputStream:75 - [STDERR_REDIRECT] 
2026-03-09 20:28:24,931 [ERROR] LogOutputStream:75 - [STDERR_REDIRECT] [Fatal Error] :1:1: Premature end of file.
2026-03-09 20:28:24,932 [ERROR] LogOutputStream:75 - [STDERR_REDIRECT] 
2026-03-09 20:28:25,935 [ERROR] LogOutputStream:75 - [STDERR_REDIRECT] [Fatal Error] :1:1: Premature end of file.
2026-03-09 20:28:25,935 [ERROR] LogOutputStream:75 - [STDERR_REDIRECT] 
2026-03-09 20:28:26,922 [ERROR] LogOutputStream:75 - [STDERR_REDIRECT] [Fatal Error] :1:1: Premature end of file.
2026-03-09 20:28:26,922 [ERROR] LogOutputStream:75 - [STDERR_REDIRECT] 
2026-03-09 20:28:27,933 [ERROR] LogOutputStream:75 - [STDERR_REDIRECT] [Fatal Error] :1:1: Premature end of file.
2026-03-09 20:28:27,933 [ERROR] LogOutputStream:75 - [STDERR_REDIRECT] 
2026-03-09 20:28:28,924 [ERROR] LogOutputStream:75 - [STDERR_REDIRECT] [Fatal Error] :1:1: Premature end of file.
2026-03-09 20:28:28,924 [ERROR] LogOutputStream:75 - [STDERR_REDIRECT] 
2026-03-09 20:28:29,930 [ERROR] LogOutputStream:75 - [STDERR_REDIRECT] [Fatal Error] :1:1: Premature end of file.
2026-03-09 20:28:29,930 [ERROR] LogOutputStream:75 - [STDERR_REDIRECT] 
2026-03-09 20:28:30,927 [ERROR] LogOutputStream:75 - [STDERR_REDIRECT] [Fatal Error] :1:1: Premature end of file.
2026-03-09 20:28:30,927 [ERROR] LogOutputStream:75 - [STDERR_REDIRECT] 
2026-03-09 20:28:31,930 [ERROR] LogOutputStream:75 - [STDERR_REDIRECT] [Fatal Error] :1:1: Premature end of file.
2026-03-09 20:28:31,931 [ERROR] LogOutputStream:75 - [STDERR_REDIRECT] 
2026-03-09 20:28:32,924 [ERROR] LogOutputStream:75 - [STDERR_REDIRECT] [Fatal Error] :1:1: Premature end of file.
2026-03-09 20:28:32,924 [ERROR] LogOutputStream:75 - [STDERR_REDIRECT] 
2026-03-09 20:28:33,920 [ERROR] LogOutputStream:75 - [STDERR_REDIRECT] [Fatal Error] :1:1: Premature end of file.
2026-03-09 20:28:33,920 [ERROR] LogOutputStream:75 - [STDERR_REDIRECT] 
2026-03-09 20:28:34,927 [ERROR] LogOutputStream:75 - [STDERR_REDIRECT] [Fatal Error] :1:1: Premature end of file.
2026-03-09 20:28:34,927 [ERROR] LogOutputStream:75 - [STDERR_REDIRECT] 
2026-03-09 20:28:35,933 [ERROR] LogOutputStream:75 - [STDERR_REDIRECT] [Fatal Error] :1:1: Premature end of file.
2026-03-09 20:28:35,933 [ERROR] LogOutputStream:75 - [STDERR_REDIRECT] 
2026-03-09 20:28:36,933 [ERROR] LogOutputStream:75 - [STDERR_REDIRECT] [Fatal Error] :1:1: Premature end of file.
2026-03-09 20:28:36,933 [ERROR] LogOutputStream:75 - [STDERR_REDIRECT] 
2026-03-09 20:28:37,946 [ERROR] LogOutputStream:75 - [STDERR_REDIRECT] [Fatal Error] :1:1: Premature end of file.
2026-03-09 20:28:37,947 [ERROR] LogOutputStream:75 - [STDERR_REDIRECT] 
2026-03-09 20:28:38,922 [ERROR] LogOutputStream:75 - [STDERR_REDIRECT] [Fatal Error] :1:1: Premature end of file.
2026-03-09 20:28:38,922 [ERROR] LogOutputStream:75 - [STDERR_REDIRECT] 
2026-03-09 20:28:39,929 [ERROR] LogOutputStream:75 - [STDERR_REDIRECT] [Fatal Error] :1:1: Premature end of file.
2026-03-09 20:28:39,929 [ERROR] LogOutputStream:75 - [STDERR_REDIRECT] 
2026-03-09 20:28:40,930 [ERROR] LogOutputStream:75 - [STDERR_REDIRECT] [Fatal Error] :1:1: Premature end of file.
2026-03-09 20:28:40,930 [ERROR] LogOutputStream:75 - [STDERR_REDIRECT] 
2026-03-09 20:28:41,921 [ERROR] LogOutputStream:75 - [STDERR_REDIRECT] [Fatal Error] :1:1: Premature end of file.
2026-03-09 20:28:41,921 [ERROR] LogOutputStream:75 - [STDERR_REDIRECT] 
2026-03-09 20:28:42,936 [ERROR] LogOutputStream:75 - [STDERR_REDIRECT] [Fatal Error] :1:1: Premature end of file.
2026-03-09 20:28:42,936 [ERROR] LogOutputStream:75 - [STDERR_REDIRECT] 
2026-03-09 20:28:43,924 [ERROR] LogOutputStream:75 - [STDERR_REDIRECT] [Fatal Error] :1:1: Premature end of file.
2026-03-09 20:28:43,924 [ERROR] LogOutputStream:75 - [STDERR_REDIRECT] 
2026-03-09 20:28:44,936 [ERROR] LogOutputStream:75 - [STDERR_REDIRECT] [Fatal Error] :1:1: Premature end of file.
2026-03-09 20:28:44,936 [ERROR] LogOutputStream:75 - [STDERR_REDIRECT] 
2026-03-09 20:28:45,928 [ERROR] LogOutputStream:75 - [STDERR_REDIRECT] [Fatal Error] :1:1: Premature end of file.
2026-03-09 20:28:45,929 [ERROR] LogOutputStream:75 - [STDERR_REDIRECT] 
2026-03-09 20:28:46,924 [ERROR] LogOutputStream:75 - [STDERR_REDIRECT] [Fatal Error] :1:1: Premature end of file.
2026-03-09 20:28:46,925 [ERROR] LogOutputStream:75 - [STDERR_REDIRECT] 
2026-03-09 20:28:47,934 [ERROR] LogOutputStream:75 - [STDERR_REDIRECT] [Fatal Error] :1:1: Premature end of file.
2026-03-09 20:28:47,934 [ERROR] LogOutputStream:75 - [STDERR_REDIRECT] 
2026-03-09 20:28:48,929 [ERROR] LogOutputStream:75 - [STDERR_REDIRECT] [Fatal Error] :1:1: Premature end of file.
2026-03-09 20:28:48,929 [ERROR] LogOutputStream:75 - [STDERR_REDIRECT] 
2026-03-09 20:28:49,936 [ERROR] LogOutputStream:75 - [STDERR_REDIRECT] [Fatal Error] :1:1: Premature end of file.
2026-03-09 20:28:49,936 [ERROR] LogOutputStream:75 - [STDERR_REDIRECT] 
2026-03-09 20:28:50,929 [ERROR] LogOutputStream:75 - [STDERR_REDIRECT] [Fatal Error] :1:1: Premature end of file.
2026-03-09 20:28:50,929 [ERROR] LogOutputStream:75 - [STDERR_REDIRECT] 
2026-03-09 20:28:51,921 [ERROR] LogOutputStream:75 - [STDERR_REDIRECT] [Fatal Error] :1:1: Premature end of file.
2026-03-09 20:28:51,921 [ERROR] LogOutputStream:75 - [STDERR_REDIRECT] 
2026-03-09 20:28:52,923 [ERROR] LogOutputStream:75 - [STDERR_REDIRECT] [Fatal Error] :1:1: Premature end of file.
2026-03-09 20:28:52,923 [ERROR] LogOutputStream:75 - [STDERR_REDIRECT] 
2026-03-09 20:28:53,932 [ERROR] LogOutputStream:75 - [STDERR_REDIRECT] [Fatal Error] :1:1: Premature end of file.
2026-03-09 20:28:53,932 [ERROR] LogOutputStream:75 - [STDERR_REDIRECT] 
2026-03-09 20:28:54,922 [ERROR] LogOutputStream:75 - [STDERR_REDIRECT] [Fatal Error] :1:1: Premature end of file.
2026-03-09 20:28:54,922 [ERROR] LogOutputStream:75 - [STDERR_REDIRECT] 
2026-03-09 20:28:55,932 [ERROR] LogOutputStream:75 - [STDERR_REDIRECT] [Fatal Error] :1:1: Premature end of file.
2026-03-09 20:28:55,932 [ERROR] LogOutputStream:75 - [STDERR_REDIRECT] 
2026-03-09 20:28:56,924 [ERROR] LogOutputStream:75 - [STDERR_REDIRECT] [Fatal Error] :1:1: Premature end of file.
2026-03-09 20:28:56,924 [ERROR] LogOutputStream:75 - [STDERR_REDIRECT] 
2026-03-09 20:28:57,932 [ERROR] LogOutputStream:75 - [STDERR_REDIRECT] [Fatal Error] :1:1: Premature end of file.
2026-03-09 20:28:57,932 [ERROR] LogOutputStream:75 - [STDERR_REDIRECT] 
2026-03-09 20:28:58,931 [ERROR] LogOutputStream:75 - [STDERR_REDIRECT] [Fatal Error] :1:1: Premature end of file.
2026-03-09 20:28:58,931 [ERROR] LogOutputStream:75 - [STDERR_REDIRECT] 
2026-03-09 20:28:59,937 [ERROR] LogOutputStream:75 - [STDERR_REDIRECT] [Fatal Error] :1:1: Premature end of file.
2026-03-09 20:28:59,937 [ERROR] LogOutputStream:75 - [STDERR_REDIRECT] 
2026-03-09 20:29:00,925 [ERROR] LogOutputStream:75 - [STDERR_REDIRECT] [Fatal Error] :1:1: Premature end of file.
2026-03-09 20:29:00,926 [ERROR] LogOutputStream:75 - [STDERR_REDIRECT] 
2026-03-09 20:29:01,934 [ERROR] LogOutputStream:75 - [STDERR_REDIRECT] [Fatal Error] :1:1: Premature end of file.
2026-03-09 20:29:01,934 [ERROR] LogOutputStream:75 - [STDERR_REDIRECT] 
2026-03-09 20:29:02,925 [ERROR] LogOutputStream:75 - [STDERR_REDIRECT] [Fatal Error] :1:1: Premature end of file.
2026-03-09 20:29:02,925 [ERROR] LogOutputStream:75 - [STDERR_REDIRECT] 
2026-03-09 20:29:03,922 [ERROR] LogOutputStream:75 - [STDERR_REDIRECT] [Fatal Error] :1:1: Premature end of file.
2026-03-09 20:29:03,922 [ERROR] LogOutputStream:75 - [STDERR_REDIRECT] 
2026-03-09 20:29:04,932 [ERROR] LogOutputStream:75 - [STDERR_REDIRECT] [Fatal Error] :1:1: Premature end of file.
2026-03-09 20:29:04,932 [ERROR] LogOutputStream:75 - [STDERR_REDIRECT] 
2026-03-09 20:29:05,925 [ERROR] LogOutputStream:75 - [STDERR_REDIRECT] [Fatal Error] :1:1: Premature end of file.
2026-03-09 20:29:05,925 [ERROR] LogOutputStream:75 - [STDERR_REDIRECT] 
2026-03-09 20:29:06,926 [ERROR] LogOutputStream:75 - [STDERR_REDIRECT] [Fatal Error] :1:1: Premature end of file.
2026-03-09 20:29:06,927 [ERROR] LogOutputStream:75 - [STDERR_REDIRECT] 
2026-03-09 20:29:07,921 [ERROR] LogOutputStream:75 - [STDERR_REDIRECT] [Fatal Error] :1:1: Premature end of file.
2026-03-09 20:29:07,921 [ERROR] LogOutputStream:75 - [STDERR_REDIRECT] 
2026-03-09 20:29:08,933 [ERROR] LogOutputStream:75 - [STDERR_REDIRECT] [Fatal Error] :1:1: Premature end of file.
2026-03-09 20:29:08,933 [ERROR] LogOutputStream:75 - [STDERR_REDIRECT] 
2026-03-09 20:29:09,924 [ERROR] LogOutputStream:75 - [STDERR_REDIRECT] [Fatal Error] :1:1: Premature end of file.
2026-03-09 20:29:09,924 [ERROR] LogOutputStream:75 - [STDERR_REDIRECT] 
2026-03-09 20:29:10,932 [ERROR] LogOutputStream:75 - [STDERR_REDIRECT] [Fatal Error] :1:1: Premature end of file.
2026-03-09 20:29:10,932 [ERROR] LogOutputStream:75 - [STDERR_REDIRECT] 
2026-03-09 20:29:11,929 [ERROR] LogOutputStream:75 - [STDERR_REDIRECT] [Fatal Error] :1:1: Premature end of file.
2026-03-09 20:29:11,929 [ERROR] LogOutputStream:75 - [STDERR_REDIRECT] 
2026-03-09 20:29:12,930 [ERROR] LogOutputStream:75 - [STDERR_REDIRECT] [Fatal Error] :1:1: Premature end of file.
2026-03-09 20:29:12,930 [ERROR] LogOutputStream:75 - [STDERR_REDIRECT] 
2026-03-09 20:29:13,935 [ERROR] LogOutputStream:75 - [STDERR_REDIRECT] [Fatal Error] :1:1: Premature end of file.
2026-03-09 20:29:13,935 [ERROR] LogOutputStream:75 - [STDERR_REDIRECT] 
2026-03-09 20:29:14,925 [ERROR] LogOutputStream:75 - [STDERR_REDIRECT] [Fatal Error] :1:1: Premature end of file.
2026-03-09 20:29:14,926 [ERROR] LogOutputStream:75 - [STDERR_REDIRECT] 
2026-03-09 20:29:15,934 [ERROR] LogOutputStream:75 - [STDERR_REDIRECT] [Fatal Error] :1:1: Premature end of file.
2026-03-09 20:29:15,934 [ERROR] LogOutputStream:75 - [STDERR_REDIRECT] 
2026-03-09 20:29:16,926 [ERROR] LogOutputStream:75 - [STDERR_REDIRECT] [Fatal Error] :1:1: Premature end of file.
2026-03-09 20:29:16,926 [ERROR] LogOutputStream:75 - [STDERR_REDIRECT] 
2026-03-09 20:29:17,933 [ERROR] LogOutputStream:75 - [STDERR_REDIRECT] [Fatal Error] :1:1: Premature end of file.
2026-03-09 20:29:17,933 [ERROR] LogOutputStream:75 - [STDERR_REDIRECT] 
2026-03-09 20:29:18,926 [ERROR] LogOutputStream:75 - [STDERR_REDIRECT] [Fatal Error] :1:1: Premature end of file.
2026-03-09 20:29:18,926 [ERROR] LogOutputStream:75 - [STDERR_REDIRECT] 
2026-03-09 20:29:19,928 [ERROR] LogOutputStream:75 - [STDERR_REDIRECT] [Fatal Error] :1:1: Premature end of file.
2026-03-09 20:29:19,928 [ERROR] LogOutputStream:75 - [STDERR_REDIRECT] 
2026-03-09 20:29:20,924 [ERROR] LogOutputStream:75 - [STDERR_REDIRECT] [Fatal Error] :1:1: Premature end of file.
2026-03-09 20:29:20,924 [ERROR] LogOutputStream:75 - [STDERR_REDIRECT] 
2026-03-09 20:29:21,930 [ERROR] LogOutputStream:75 - [STDERR_REDIRECT] [Fatal Error] :1:1: Premature end of file.
2026-03-09 20:29:21,931 [ERROR] LogOutputStream:75 - [STDERR_REDIRECT] 
2026-03-09 20:29:22,934 [ERROR] LogOutputStream:75 - [STDERR_REDIRECT] [Fatal Error] :1:1: Premature end of file.
2026-03-09 20:29:22,934 [ERROR] LogOutputStream:75 - [STDERR_REDIRECT] 
2026-03-09 20:29:23,930 [ERROR] LogOutputStream:75 - [STDERR_REDIRECT] [Fatal Error] :1:1: Premature end of file.
2026-03-09 20:29:23,930 [ERROR] LogOutputStream:75 - [STDERR_REDIRECT] 
2026-03-09 20:29:24,942 [ERROR] LogOutputStream:75 - [STDERR_REDIRECT] [Fatal Error] :1:1: Premature end of file.
2026-03-09 20:29:24,942 [ERROR] LogOutputStream:75 - [STDERR_REDIRECT] 
2026-03-09 20:29:25,925 [ERROR] LogOutputStream:75 - [STDERR_REDIRECT] [Fatal Error] :1:1: Premature end of file.
2026-03-09 20:29:25,925 [ERROR] LogOutputStream:75 - [STDERR_REDIRECT] 
2026-03-09 20:29:26,931 [ERROR] LogOutputStream:75 - [STDERR_REDIRECT] [Fatal Error] :1:1: Premature end of file.
2026-03-09 20:29:26,931 [ERROR] LogOutputStream:75 - [STDERR_REDIRECT] 
2026-03-09 20:29:27,926 [ERROR] LogOutputStream:75 - [STDERR_REDIRECT] [Fatal Error] :1:1: Premature end of file.
2026-03-09 20:29:27,926 [ERROR] LogOutputStream:75 - [STDERR_REDIRECT] 
2026-03-09 20:29:28,925 [ERROR] LogOutputStream:75 - [STDERR_REDIRECT] [Fatal Error] :1:1: Premature end of file.
2026-03-09 20:29:28,925 [ERROR] LogOutputStream:75 - [STDERR_REDIRECT] 
2026-03-09 20:29:29,927 [ERROR] LogOutputStream:75 - [STDERR_REDIRECT] [Fatal Error] :1:1: Premature end of file.
2026-03-09 20:29:29,927 [ERROR] LogOutputStream:75 - [STDERR_REDIRECT] 
2026-03-09 20:29:30,932 [ERROR] LogOutputStream:75 - [STDERR_REDIRECT] [Fatal Error] :1:1: Premature end of file.
2026-03-09 20:29:30,932 [ERROR] LogOutputStream:75 - [STDERR_REDIRECT] 
2026-03-09 20:29:31,925 [ERROR] LogOutputStream:75 - [STDERR_REDIRECT] [Fatal Error] :1:1: Premature end of file.
2026-03-09 20:29:31,925 [ERROR] LogOutputStream:75 - [STDERR_REDIRECT] 
2026-03-09 20:29:32,929 [ERROR] LogOutputStream:75 - [STDERR_REDIRECT] [Fatal Error] :1:1: Premature end of file.
2026-03-09 20:29:32,929 [ERROR] LogOutputStream:75 - [STDERR_REDIRECT] 
2026-03-09 20:29:33,934 [ERROR] LogOutputStream:75 - [STDERR_REDIRECT] [Fatal Error] :1:1: Premature end of file.
2026-03-09 20:29:33,935 [ERROR] LogOutputStream:75 - [STDERR_REDIRECT] 
2026-03-09 20:29:34,925 [ERROR] LogOutputStream:75 - [STDERR_REDIRECT] [Fatal Error] :1:1: Premature end of file.
2026-03-09 20:29:34,925 [ERROR] LogOutputStream:75 - [STDERR_REDIRECT] 
2026-03-09 20:29:35,934 [ERROR] LogOutputStream:75 - [STDERR_REDIRECT] [Fatal Error] :1:1: Premature end of file.
2026-03-09 20:29:35,935 [ERROR] LogOutputStream:75 - [STDERR_REDIRECT] 
2026-03-09 20:29:36,924 [ERROR] LogOutputStream:75 - [STDERR_REDIRECT] [Fatal Error] :1:1: Premature end of file.
2026-03-09 20:29:36,924 [ERROR] LogOutputStream:75 - [STDERR_REDIRECT] 
2026-03-09 20:29:37,929 [ERROR] LogOutputStream:75 - [STDERR_REDIRECT] [Fatal Error] :1:1: Premature end of file.
2026-03-09 20:29:37,929 [ERROR] LogOutputStream:75 - [STDERR_REDIRECT] 
2026-03-09 20:29:38,932 [ERROR] LogOutputStream:75 - [STDERR_REDIRECT] [Fatal Error] :1:1: Premature end of file.
2026-03-09 20:29:38,932 [ERROR] LogOutputStream:75 - [STDERR_REDIRECT] 
2026-03-09 20:29:39,923 [ERROR] LogOutputStream:75 - [STDERR_REDIRECT] [Fatal Error] :1:1: Premature end of file.
2026-03-09 20:29:39,923 [ERROR] LogOutputStream:75 - [STDERR_REDIRECT] 
2026-03-09 20:29:40,932 [ERROR] LogOutputStream:75 - [STDERR_REDIRECT] [Fatal Error] :1:1: Premature end of file.
2026-03-09 20:29:40,932 [ERROR] LogOutputStream:75 - [STDERR_REDIRECT] 
2026-03-09 20:29:41,921 [ERROR] LogOutputStream:75 - [STDERR_REDIRECT] [Fatal Error] :1:1: Premature end of file.
2026-03-09 20:29:41,921 [ERROR] LogOutputStream:75 - [STDERR_REDIRECT] 
2026-03-09 20:29:42,930 [ERROR] LogOutputStream:75 - [STDERR_REDIRECT] [Fatal Error] :1:1: Premature end of file.
2026-03-09 20:29:42,930 [ERROR] LogOutputStream:75 - [STDERR_REDIRECT] 
2026-03-09 20:29:43,929 [ERROR] LogOutputStream:75 - [STDERR_REDIRECT] [Fatal Error] :1:1: Premature end of file.
2026-03-09 20:29:43,929 [ERROR] LogOutputStream:75 - [STDERR_REDIRECT] 
2026-03-09 20:29:44,932 [ERROR] LogOutputStream:75 - [STDERR_REDIRECT] [Fatal Error] :1:1: Premature end of file.
2026-03-09 20:29:44,932 [ERROR] LogOutputStream:75 - [STDERR_REDIRECT] 
2026-03-09 20:29:45,924 [ERROR] LogOutputStream:75 - [STDERR_REDIRECT] [Fatal Error] :1:1: Premature end of file.
2026-03-09 20:29:45,924 [ERROR] LogOutputStream:75 - [STDERR_REDIRECT] 
2026-03-09 20:29:46,931 [ERROR] LogOutputStream:75 - [STDERR_REDIRECT] [Fatal Error] :1:1: Premature end of file.
2026-03-09 20:29:46,932 [ERROR] LogOutputStream:75 - [STDERR_REDIRECT] 
2026-03-09 20:29:47,934 [ERROR] LogOutputStream:75 - [STDERR_REDIRECT] [Fatal Error] :1:1: Premature end of file.
2026-03-09 20:29:47,934 [ERROR] LogOutputStream:75 - [STDERR_REDIRECT] 
2026-03-09 20:29:48,940 [ERROR] LogOutputStream:75 - [STDERR_REDIRECT] [Fatal Error] :1:1: Premature end of file.
2026-03-09 20:29:48,940 [ERROR] LogOutputStream:75 - [STDERR_REDIRECT] 
2026-03-09 20:29:49,925 [ERROR] LogOutputStream:75 - [STDERR_REDIRECT] [Fatal Error] :1:1: Premature end of file.
2026-03-09 20:29:49,925 [ERROR] LogOutputStream:75 - [STDERR_REDIRECT] 
2026-03-09 20:29:50,933 [ERROR] LogOutputStream:75 - [STDERR_REDIRECT] [Fatal Error] :1:1: Premature end of file.
2026-03-09 20:29:50,933 [ERROR] LogOutputStream:75 - [STDERR_REDIRECT] 
2026-03-09 20:29:51,924 [ERROR] LogOutputStream:75 - [STDERR_REDIRECT] [Fatal Error] :1:1: Premature end of file.
2026-03-09 20:29:51,924 [ERROR] LogOutputStream:75 - [STDERR_REDIRECT] 
2026-03-09 20:29:52,925 [ERROR] LogOutputStream:75 - [STDERR_REDIRECT] [Fatal Error] :1:1: Premature end of file.
2026-03-09 20:29:52,925 [ERROR] LogOutputStream:75 - [STDERR_REDIRECT] 
2026-03-09 20:29:53,930 [ERROR] LogOutputStream:75 - [STDERR_REDIRECT] [Fatal Error] :1:1: Premature end of file.
2026-03-09 20:29:53,930 [ERROR] LogOutputStream:75 - [STDERR_REDIRECT] 
2026-03-09 20:29:54,922 [ERROR] LogOutputStream:75 - [STDERR_REDIRECT] [Fatal Error] :1:1: Premature end of file.
2026-03-09 20:29:54,922 [ERROR] LogOutputStream:75 - [STDERR_REDIRECT] 
2026-03-09 20:29:55,931 [ERROR] LogOutputStream:75 - [STDERR_REDIRECT] [Fatal Error] :1:1: Premature end of file.
2026-03-09 20:29:55,931 [ERROR] LogOutputStream:75 - [STDERR_REDIRECT] 
2026-03-09 20:29:56,922 [ERROR] LogOutputStream:75 - [STDERR_REDIRECT] [Fatal Error] :1:1: Premature end of file.
2026-03-09 20:29:56,922 [ERROR] LogOutputStream:75 - [STDERR_REDIRECT] 
2026-03-09 20:29:57,927 [ERROR] LogOutputStream:75 - [STDERR_REDIRECT] [Fatal Error] :1:1: Premature end of file.
2026-03-09 20:29:57,928 [ERROR] LogOutputStream:75 - [STDERR_REDIRECT] 
2026-03-09 20:29:58,938 [ERROR] LogOutputStream:75 - [STDERR_REDIRECT] [Fatal Error] :1:1: Premature end of file.
2026-03-09 20:29:58,938 [ERROR] LogOutputStream:75 - [STDERR_REDIRECT] 
2026-03-09 20:29:59,929 [ERROR] LogOutputStream:75 - [STDERR_REDIRECT] [Fatal Error] :1:1: Premature end of file.
2026-03-09 20:29:59,930 [ERROR] LogOutputStream:75 - [STDERR_REDIRECT] 
2026-03-09 20:30:00,937 [ERROR] LogOutputStream:75 - [STDERR_REDIRECT] [Fatal Error] :1:1: Premature end of file.
2026-03-09 20:30:00,937 [ERROR] LogOutputStream:75 - [STDERR_REDIRECT] 
2026-03-09 20:30:01,924 [ERROR] LogOutputStream:75 - [STDERR_REDIRECT] [Fatal Error] :1:1: Premature end of file.
2026-03-09 20:30:01,924 [ERROR] LogOutputStream:75 - [STDERR_REDIRECT] 
2026-03-09 20:30:02,926 [ERROR] LogOutputStream:75 - [STDERR_REDIRECT] [Fatal Error] :1:1: Premature end of file.
2026-03-09 20:30:02,926 [ERROR] LogOutputStream:75 - [STDERR_REDIRECT] 
2026-03-09 20:30:03,923 [ERROR] LogOutputStream:75 - [STDERR_REDIRECT] [Fatal Error] :1:1: Premature end of file.
2026-03-09 20:30:03,923 [ERROR] LogOutputStream:75 - [STDERR_REDIRECT] 
2026-03-09 20:30:04,930 [ERROR] LogOutputStream:75 - [STDERR_REDIRECT] [Fatal Error] :1:1: Premature end of file.
2026-03-09 20:30:04,930 [ERROR] LogOutputStream:75 - [STDERR_REDIRECT] 
2026-03-09 20:30:05,922 [ERROR] LogOutputStream:75 - [STDERR_REDIRECT] [Fatal Error] :1:1: Premature end of file.
2026-03-09 20:30:05,922 [ERROR] LogOutputStream:75 - [STDERR_REDIRECT] 
2026-03-09 20:30:06,928 [ERROR] LogOutputStream:75 - [STDERR_REDIRECT] [Fatal Error] :1:1: Premature end of file.
2026-03-09 20:30:06,928 [ERROR] LogOutputStream:75 - [STDERR_REDIRECT] 
2026-03-09 20:30:07,925 [ERROR] LogOutputStream:75 - [STDERR_REDIRECT] [Fatal Error] :1:1: Premature end of file.
2026-03-09 20:30:07,925 [ERROR] LogOutputStream:75 - [STDERR_REDIRECT] 
2026-03-09 20:30:08,926 [ERROR] LogOutputStream:75 - [STDERR_REDIRECT] [Fatal Error] :1:1: Premature end of file.
2026-03-09 20:30:08,926 [ERROR] LogOutputStream:75 - [STDERR_REDIRECT] 
2026-03-09 20:30:09,929 [ERROR] LogOutputStream:75 - [STDERR_REDIRECT] [Fatal Error] :1:1: Premature end of file.
2026-03-09 20:30:09,929 [ERROR] LogOutputStream:75 - [STDERR_REDIRECT] 
2026-03-09 20:30:10,920 [ERROR] LogOutputStream:75 - [STDERR_REDIRECT] [Fatal Error] :1:1: Premature end of file.
2026-03-09 20:30:10,920 [ERROR] LogOutputStream:75 - [STDERR_REDIRECT] 
2026-03-09 20:30:11,926 [ERROR] LogOutputStream:75 - [STDERR_REDIRECT] [Fatal Error] :1:1: Premature end of file.
2026-03-09 20:30:11,926 [ERROR] LogOutputStream:75 - [STDERR_REDIRECT] 
2026-03-09 20:30:12,927 [ERROR] LogOutputStream:75 - [STDERR_REDIRECT] [Fatal Error] :1:1: Premature end of file.
2026-03-09 20:30:12,927 [ERROR] LogOutputStream:75 - [STDERR_REDIRECT] 
2026-03-09 20:30:13,934 [ERROR] LogOutputStream:75 - [STDERR_REDIRECT] [Fatal Error] :1:1: Premature end of file.
2026-03-09 20:30:13,934 [ERROR] LogOutputStream:75 - [STDERR_REDIRECT] 
2026-03-09 20:30:14,926 [ERROR] LogOutputStream:75 - [STDERR_REDIRECT] [Fatal Error] :1:1: Premature end of file.
2026-03-09 20:30:14,926 [ERROR] LogOutputStream:75 - [STDERR_REDIRECT] 
2026-03-09 20:30:15,933 [ERROR] LogOutputStream:75 - [STDERR_REDIRECT] [Fatal Error] :1:1: Premature end of file.
2026-03-09 20:30:15,934 [ERROR] LogOutputStream:75 - [STDERR_REDIRECT] 
2026-03-09 20:30:16,924 [ERROR] LogOutputStream:75 - [STDERR_REDIRECT] [Fatal Error] :1:1: Premature end of file.
2026-03-09 20:30:16,925 [ERROR] LogOutputStream:75 - [STDERR_REDIRECT] 
2026-03-09 20:30:17,931 [ERROR] LogOutputStream:75 - [STDERR_REDIRECT] [Fatal Error] :1:1: Premature end of file.
2026-03-09 20:30:17,931 [ERROR] LogOutputStream:75 - [STDERR_REDIRECT] 
2026-03-09 20:30:18,925 [ERROR] LogOutputStream:75 - [STDERR_REDIRECT] [Fatal Error] :1:1: Premature end of file.
2026-03-09 20:30:18,925 [ERROR] LogOutputStream:75 - [STDERR_REDIRECT] 
2026-03-09 20:30:19,933 [ERROR] LogOutputStream:75 - [STDERR_REDIRECT] [Fatal Error] :1:1: Premature end of file.
2026-03-09 20:30:19,933 [ERROR] LogOutputStream:75 - [STDERR_REDIRECT] 
2026-03-09 20:30:20,926 [ERROR] LogOutputStream:75 - [STDERR_REDIRECT] [Fatal Error] :1:1: Premature end of file.
2026-03-09 20:30:20,926 [ERROR] LogOutputStream:75 - [STDERR_REDIRECT] 
2026-03-09 20:30:21,940 [ERROR] LogOutputStream:75 - [STDERR_REDIRECT] [Fatal Error] :1:1: Premature end of file.
2026-03-09 20:30:21,940 [ERROR] LogOutputStream:75 - [STDERR_REDIRECT] 
2026-03-09 20:30:22,922 [ERROR] LogOutputStream:75 - [STDERR_REDIRECT] [Fatal Error] :1:1: Premature end of file.
2026-03-09 20:30:22,922 [ERROR] LogOutputStream:75 - [STDERR_REDIRECT] 
2026-03-09 20:30:23,923 [ERROR] LogOutputStream:75 - [STDERR_REDIRECT] [Fatal Error] :1:1: Premature end of file.
2026-03-09 20:30:23,923 [ERROR] LogOutputStream:75 - [STDERR_REDIRECT] 
2026-03-09 20:30:24,928 [ERROR] LogOutputStream:75 - [STDERR_REDIRECT] [Fatal Error] :1:1: Premature end of file.
2026-03-09 20:30:24,928 [ERROR] LogOutputStream:75 - [STDERR_REDIRECT] 
2026-03-09 20:30:25,921 [ERROR] LogOutputStream:75 - [STDERR_REDIRECT] [Fatal Error] :1:1: Premature end of file.
2026-03-09 20:30:25,922 [ERROR] LogOutputStream:75 - [STDERR_REDIRECT] 
2026-03-09 20:30:26,931 [ERROR] LogOutputStream:75 - [STDERR_REDIRECT] [Fatal Error] :1:1: Premature end of file.
2026-03-09 20:30:26,931 [ERROR] LogOutputStream:75 - [STDERR_REDIRECT] 
2026-03-09 20:30:27,920 [ERROR] LogOutputStream:75 - [STDERR_REDIRECT] [Fatal Error] :1:1: Premature end of file.
2026-03-09 20:30:27,921 [ERROR] LogOutputStream:75 - [STDERR_REDIRECT] 
2026-03-09 20:30:28,926 [ERROR] LogOutputStream:75 - [STDERR_REDIRECT] [Fatal Error] :1:1: Premature end of file.
2026-03-09 20:30:28,926 [ERROR] LogOutputStream:75 - [STDERR_REDIRECT] 
2026-03-09 20:30:29,922 [ERROR] LogOutputStream:75 - [STDERR_REDIRECT] [Fatal Error] :1:1: Premature end of file.
2026-03-09 20:30:29,922 [ERROR] LogOutputStream:75 - [STDERR_REDIRECT] 
2026-03-09 20:30:30,932 [ERROR] LogOutputStream:75 - [STDERR_REDIRECT] [Fatal Error] :1:1: Premature end of file.
2026-03-09 20:30:30,932 [ERROR] LogOutputStream:75 - [STDERR_REDIRECT] 
2026-03-09 20:30:31,931 [ERROR] LogOutputStream:75 - [STDERR_REDIRECT] [Fatal Error] :1:1: Premature end of file.
2026-03-09 20:30:31,931 [ERROR] LogOutputStream:75 - [STDERR_REDIRECT] 
2026-03-09 20:30:32,944 [ERROR] LogOutputStream:75 - [STDERR_REDIRECT] [Fatal Error] :1:1: Premature end of file.
2026-03-09 20:30:32,944 [ERROR] LogOutputStream:75 - [STDERR_REDIRECT] 
2026-03-09 20:30:33,920 [ERROR] LogOutputStream:75 - [STDERR_REDIRECT] [Fatal Error] :1:1: Premature end of file.
2026-03-09 20:30:33,920 [ERROR] LogOutputStream:75 - [STDERR_REDIRECT] 
2026-03-09 20:30:34,928 [ERROR] LogOutputStream:75 - [STDERR_REDIRECT] [Fatal Error] :1:1: Premature end of file.
2026-03-09 20:30:34,928 [ERROR] LogOutputStream:75 - [STDERR_REDIRECT] 
2026-03-09 20:30:35,929 [ERROR] LogOutputStream:75 - [STDERR_REDIRECT] [Fatal Error] :1:1: Premature end of file.
2026-03-09 20:30:35,929 [ERROR] LogOutputStream:75 - [STDERR_REDIRECT] 
2026-03-09 20:30:36,935 [ERROR] LogOutputStream:75 - [STDERR_REDIRECT] [Fatal Error] :1:1: Premature end of file.
2026-03-09 20:30:36,935 [ERROR] LogOutputStream:75 - [STDERR_REDIRECT] 
2026-03-09 20:30:37,925 [ERROR] LogOutputStream:75 - [STDERR_REDIRECT] [Fatal Error] :1:1: Premature end of file.
2026-03-09 20:30:37,925 [ERROR] LogOutputStream:75 - [STDERR_REDIRECT] 
2026-03-09 20:30:38,935 [ERROR] LogOutputStream:75 - [STDERR_REDIRECT] [Fatal Error] :1:1: Premature end of file.
2026-03-09 20:30:38,935 [ERROR] LogOutputStream:75 - [STDERR_REDIRECT] 
2026-03-09 20:30:39,924 [ERROR] LogOutputStream:75 - [STDERR_REDIRECT] [Fatal Error] :1:1: Premature end of file.
2026-03-09 20:30:39,924 [ERROR] LogOutputStream:75 - [STDERR_REDIRECT] 
2026-03-09 20:30:40,934 [ERROR] LogOutputStream:75 - [STDERR_REDIRECT] [Fatal Error] :1:1: Premature end of file.
2026-03-09 20:30:40,934 [ERROR] LogOutputStream:75 - [STDERR_REDIRECT] 
2026-03-09 20:30:41,937 [ERROR] LogOutputStream:75 - [STDERR_REDIRECT] [Fatal Error] :1:1: Premature end of file.
2026-03-09 20:30:41,937 [ERROR] LogOutputStream:75 - [STDERR_REDIRECT] 
2026-03-09 20:30:42,933 [ERROR] LogOutputStream:75 - [STDERR_REDIRECT] [Fatal Error] :1:1: Premature end of file.
2026-03-09 20:30:42,933 [ERROR] LogOutputStream:75 - [STDERR_REDIRECT] 
2026-03-09 20:30:43,927 [ERROR] LogOutputStream:75 - [STDERR_REDIRECT] [Fatal Error] :1:1: Premature end of file.
2026-03-09 20:30:43,927 [ERROR] LogOutputStream:75 - [STDERR_REDIRECT] 
2026-03-09 20:30:44,936 [ERROR] LogOutputStream:75 - [STDERR_REDIRECT] [Fatal Error] :1:1: Premature end of file.
2026-03-09 20:30:44,936 [ERROR] LogOutputStream:75 - [STDERR_REDIRECT] 
2026-03-09 20:30:45,926 [ERROR] LogOutputStream:75 - [STDERR_REDIRECT] [Fatal Error] :1:1: Premature end of file.
2026-03-09 20:30:45,926 [ERROR] LogOutputStream:75 - [STDERR_REDIRECT] 
2026-03-09 20:30:46,933 [ERROR] LogOutputStream:75 - [STDERR_REDIRECT] [Fatal Error] :1:1: Premature end of file.
2026-03-09 20:30:46,933 [ERROR] LogOutputStream:75 - [STDERR_REDIRECT] 
2026-03-09 20:30:47,922 [ERROR] LogOutputStream:75 - [STDERR_REDIRECT] [Fatal Error] :1:1: Premature end of file.
2026-03-09 20:30:47,923 [ERROR] LogOutputStream:75 - [STDERR_REDIRECT] 
2026-03-09 20:30:48,925 [ERROR] LogOutputStream:75 - [STDERR_REDIRECT] [Fatal Error] :1:1: Premature end of file.
2026-03-09 20:30:48,926 [ERROR] LogOutputStream:75 - [STDERR_REDIRECT] 
2026-03-09 20:30:49,934 [ERROR] LogOutputStream:75 - [STDERR_REDIRECT] [Fatal Error] :1:1: Premature end of file.
2026-03-09 20:30:49,934 [ERROR] LogOutputStream:75 - [STDERR_REDIRECT] 
2026-03-09 20:30:50,933 [ERROR] LogOutputStream:75 - [STDERR_REDIRECT] [Fatal Error] :1:1: Premature end of file.
2026-03-09 20:30:50,933 [ERROR] LogOutputStream:75 - [STDERR_REDIRECT] 
2026-03-09 20:30:51,925 [ERROR] LogOutputStream:75 - [STDERR_REDIRECT] [Fatal Error] :1:1: Premature end of file.
2026-03-09 20:30:51,925 [ERROR] LogOutputStream:75 - [STDERR_REDIRECT] 
2026-03-09 20:30:52,934 [ERROR] LogOutputStream:75 - [STDERR_REDIRECT] [Fatal Error] :1:1: Premature end of file.
2026-03-09 20:30:52,934 [ERROR] LogOutputStream:75 - [STDERR_REDIRECT] 
2026-03-09 20:30:53,934 [ERROR] LogOutputStream:75 - [STDERR_REDIRECT] [Fatal Error] :1:1: Premature end of file.
2026-03-09 20:30:53,934 [ERROR] LogOutputStream:75 - [STDERR_REDIRECT] 
2026-03-09 20:30:54,924 [ERROR] LogOutputStream:75 - [STDERR_REDIRECT] [Fatal Error] :1:1: Premature end of file.
2026-03-09 20:30:54,924 [ERROR] LogOutputStream:75 - [STDERR_REDIRECT] 
2026-03-09 20:30:55,937 [ERROR] LogOutputStream:75 - [STDERR_REDIRECT] [Fatal Error] :1:1: Premature end of file.
2026-03-09 20:30:55,937 [ERROR] LogOutputStream:75 - [STDERR_REDIRECT] 
2026-03-09 20:30:56,926 [ERROR] LogOutputStream:75 - [STDERR_REDIRECT] [Fatal Error] :1:1: Premature end of file.
2026-03-09 20:30:56,927 [ERROR] LogOutputStream:75 - [STDERR_REDIRECT] 
2026-03-09 20:30:57,926 [ERROR] LogOutputStream:75 - [STDERR_REDIRECT] [Fatal Error] :1:1: Premature end of file.
2026-03-09 20:30:57,926 [ERROR] LogOutputStream:75 - [STDERR_REDIRECT] 
2026-03-09 20:30:58,930 [ERROR] LogOutputStream:75 - [STDERR_REDIRECT] [Fatal Error] :1:1: Premature end of file.
2026-03-09 20:30:58,930 [ERROR] LogOutputStream:75 - [STDERR_REDIRECT] 
2026-03-09 20:30:59,923 [ERROR] LogOutputStream:75 - [STDERR_REDIRECT] [Fatal Error] :1:1: Premature end of file.
2026-03-09 20:30:59,923 [ERROR] LogOutputStream:75 - [STDERR_REDIRECT] 
2026-03-09 20:31:00,928 [ERROR] LogOutputStream:75 - [STDERR_REDIRECT] [Fatal Error] :1:1: Premature end of file.
2026-03-09 20:31:00,928 [ERROR] LogOutputStream:75 - [STDERR_REDIRECT] 
2026-03-09 20:31:01,932 [ERROR] LogOutputStream:75 - [STDERR_REDIRECT] [Fatal Error] :1:1: Premature end of file.
2026-03-09 20:31:01,932 [ERROR] LogOutputStream:75 - [STDERR_REDIRECT] 
2026-03-09 20:31:02,926 [ERROR] LogOutputStream:75 - [STDERR_REDIRECT] [Fatal Error] :1:1: Premature end of file.
2026-03-09 20:31:02,926 [ERROR] LogOutputStream:75 - [STDERR_REDIRECT] 
2026-03-09 20:31:03,933 [ERROR] LogOutputStream:75 - [STDERR_REDIRECT] [Fatal Error] :1:1: Premature end of file.
2026-03-09 20:31:03,933 [ERROR] LogOutputStream:75 - [STDERR_REDIRECT] 
2026-03-09 20:31:04,923 [ERROR] LogOutputStream:75 - [STDERR_REDIRECT] [Fatal Error] :1:1: Premature end of file.
2026-03-09 20:31:04,923 [ERROR] LogOutputStream:75 - [STDERR_REDIRECT] 
2026-03-09 20:31:05,934 [ERROR] LogOutputStream:75 - [STDERR_REDIRECT] [Fatal Error] :1:1: Premature end of file.
2026-03-09 20:31:05,934 [ERROR] LogOutputStream:75 - [STDERR_REDIRECT] 
2026-03-09 20:31:06,926 [ERROR] LogOutputStream:75 - [STDERR_REDIRECT] [Fatal Error] :1:1: Premature end of file.
2026-03-09 20:31:06,926 [ERROR] LogOutputStream:75 - [STDERR_REDIRECT] 
2026-03-09 20:31:07,935 [ERROR] LogOutputStream:75 - [STDERR_REDIRECT] [Fatal Error] :1:1: Premature end of file.
2026-03-09 20:31:07,936 [ERROR] LogOutputStream:75 - [STDERR_REDIRECT] 
2026-03-09 20:31:08,930 [ERROR] LogOutputStream:75 - [STDERR_REDIRECT] [Fatal Error] :1:1: Premature end of file.
2026-03-09 20:31:08,930 [ERROR] LogOutputStream:75 - [STDERR_REDIRECT] 
2026-03-09 20:31:09,926 [ERROR] LogOutputStream:75 - [STDERR_REDIRECT] [Fatal Error] :1:1: Premature end of file.
2026-03-09 20:31:09,926 [ERROR] LogOutputStream:75 - [STDERR_REDIRECT] 
2026-03-09 20:31:10,934 [ERROR] LogOutputStream:75 - [STDERR_REDIRECT] [Fatal Error] :1:1: Premature end of file.
2026-03-09 20:31:10,934 [ERROR] LogOutputStream:75 - [STDERR_REDIRECT] 
2026-03-09 20:31:11,927 [ERROR] LogOutputStream:75 - [STDERR_REDIRECT] [Fatal Error] :1:1: Premature end of file.
2026-03-09 20:31:11,927 [ERROR] LogOutputStream:75 - [STDERR_REDIRECT] 
2026-03-09 20:31:12,921 [ERROR] LogOutputStream:75 - [STDERR_REDIRECT] [Fatal Error] :1:1: Premature end of file.
2026-03-09 20:31:12,921 [ERROR] LogOutputStream:75 - [STDERR_REDIRECT] 
2026-03-09 20:31:13,931 [ERROR] LogOutputStream:75 - [STDERR_REDIRECT] [Fatal Error] :1:1: Premature end of file.
2026-03-09 20:31:13,931 [ERROR] LogOutputStream:75 - [STDERR_REDIRECT] 
2026-03-09 20:31:14,927 [ERROR] LogOutputStream:75 - [STDERR_REDIRECT] [Fatal Error] :1:1: Premature end of file.
2026-03-09 20:31:14,927 [ERROR] LogOutputStream:75 - [STDERR_REDIRECT] 
2026-03-09 20:31:15,921 [ERROR] LogOutputStream:75 - [STDERR_REDIRECT] [Fatal Error] :1:1: Premature end of file.
2026-03-09 20:31:15,921 [ERROR] LogOutputStream:75 - [STDERR_REDIRECT] 
2026-03-09 20:31:16,933 [ERROR] LogOutputStream:75 - [STDERR_REDIRECT] [Fatal Error] :1:1: Premature end of file.
2026-03-09 20:31:16,933 [ERROR] LogOutputStream:75 - [STDERR_REDIRECT] 
2026-03-09 20:31:17,941 [ERROR] LogOutputStream:75 - [STDERR_REDIRECT] [Fatal Error] :1:1: Premature end of file.
2026-03-09 20:31:17,941 [ERROR] LogOutputStream:75 - [STDERR_REDIRECT] 
2026-03-09 20:31:18,930 [ERROR] LogOutputStream:75 - [STDERR_REDIRECT] [Fatal Error] :1:1: Premature end of file.
2026-03-09 20:31:18,930 [ERROR] LogOutputStream:75 - [STDERR_REDIRECT] 
2026-03-09 20:31:19,937 [ERROR] LogOutputStream:75 - [STDERR_REDIRECT] [Fatal Error] :1:1: Premature end of file.
2026-03-09 20:31:19,937 [ERROR] LogOutputStream:75 - [STDERR_REDIRECT] 
2026-03-09 20:31:20,929 [ERROR] LogOutputStream:75 - [STDERR_REDIRECT] [Fatal Error] :1:1: Premature end of file.
2026-03-09 20:31:20,929 [ERROR] LogOutputStream:75 - [STDERR_REDIRECT] 
2026-03-09 20:31:21,933 [ERROR] LogOutputStream:75 - [STDERR_REDIRECT] [Fatal Error] :1:1: Premature end of file.
2026-03-09 20:31:21,933 [ERROR] LogOutputStream:75 - [STDERR_REDIRECT] 
2026-03-09 20:31:22,928 [ERROR] LogOutputStream:75 - [STDERR_REDIRECT] [Fatal Error] :1:1: Premature end of file.
2026-03-09 20:31:22,928 [ERROR] LogOutputStream:75 - [STDERR_REDIRECT] 
2026-03-09 20:31:23,935 [ERROR] LogOutputStream:75 - [STDERR_REDIRECT] [Fatal Error] :1:1: Premature end of file.
2026-03-09 20:31:23,935 [ERROR] LogOutputStream:75 - [STDERR_REDIRECT] 
2026-03-09 20:31:24,926 [ERROR] LogOutputStream:75 - [STDERR_REDIRECT] [Fatal Error] :1:1: Premature end of file.
2026-03-09 20:31:24,926 [ERROR] LogOutputStream:75 - [STDERR_REDIRECT] 
2026-03-09 20:31:25,933 [ERROR] LogOutputStream:75 - [STDERR_REDIRECT] [Fatal Error] :1:1: Premature end of file.
2026-03-09 20:31:25,933 [ERROR] LogOutputStream:75 - [STDERR_REDIRECT] 
2026-03-09 20:31:26,928 [ERROR] LogOutputStream:75 - [STDERR_REDIRECT] [Fatal Error] :1:1: Premature end of file.
2026-03-09 20:31:26,928 [ERROR] LogOutputStream:75 - [STDERR_REDIRECT] 
2026-03-09 20:31:27,935 [ERROR] LogOutputStream:75 - [STDERR_REDIRECT] [Fatal Error] :1:1: Premature end of file.
2026-03-09 20:31:27,935 [ERROR] LogOutputStream:75 - [STDERR_REDIRECT] 
2026-03-09 20:31:28,944 [ERROR] LogOutputStream:75 - [STDERR_REDIRECT] [Fatal Error] :1:1: Premature end of file.
2026-03-09 20:31:28,944 [ERROR] LogOutputStream:75 - [STDERR_REDIRECT] 
2026-03-09 20:31:29,924 [ERROR] LogOutputStream:75 - [STDERR_REDIRECT] [Fatal Error] :1:1: Premature end of file.
2026-03-09 20:31:29,924 [ERROR] LogOutputStream:75 - [STDERR_REDIRECT] 
2026-03-09 20:31:30,933 [ERROR] LogOutputStream:75 - [STDERR_REDIRECT] [Fatal Error] :1:1: Premature end of file.
2026-03-09 20:31:30,933 [ERROR] LogOutputStream:75 - [STDERR_REDIRECT] 
2026-03-09 20:31:31,926 [ERROR] LogOutputStream:75 - [STDERR_REDIRECT] [Fatal Error] :1:1: Premature end of file.
2026-03-09 20:31:31,926 [ERROR] LogOutputStream:75 - [STDERR_REDIRECT] 
2026-03-09 20:31:32,929 [ERROR] LogOutputStream:75 - [STDERR_REDIRECT] [Fatal Error] :1:1: Premature end of file.
2026-03-09 20:31:32,929 [ERROR] LogOutputStream:75 - [STDERR_REDIRECT] 
2026-03-09 20:31:33,927 [ERROR] LogOutputStream:75 - [STDERR_REDIRECT] [Fatal Error] :1:1: Premature end of file.
2026-03-09 20:31:33,927 [ERROR] LogOutputStream:75 - [STDERR_REDIRECT] 
2026-03-09 20:31:34,926 [ERROR] LogOutputStream:75 - [STDERR_REDIRECT] [Fatal Error] :1:1: Premature end of file.
2026-03-09 20:31:34,926 [ERROR] LogOutputStream:75 - [STDERR_REDIRECT] 
2026-03-09 20:31:35,928 [ERROR] LogOutputStream:75 - [STDERR_REDIRECT] [Fatal Error] :1:1: Premature end of file.
2026-03-09 20:31:35,928 [ERROR] LogOutputStream:75 - [STDERR_REDIRECT] 
2026-03-09 20:31:36,936 [ERROR] LogOutputStream:75 - [STDERR_REDIRECT] [Fatal Error] :1:1: Premature end of file.
2026-03-09 20:31:36,936 [ERROR] LogOutputStream:75 - [STDERR_REDIRECT] 
2026-03-09 20:31:37,927 [ERROR] LogOutputStream:75 - [STDERR_REDIRECT] [Fatal Error] :1:1: Premature end of file.
2026-03-09 20:31:37,927 [ERROR] LogOutputStream:75 - [STDERR_REDIRECT] 
2026-03-09 20:31:38,935 [ERROR] LogOutputStream:75 - [STDERR_REDIRECT] [Fatal Error] :1:1: Premature end of file.
2026-03-09 20:31:38,935 [ERROR] LogOutputStream:75 - [STDERR_REDIRECT] 
2026-03-09 20:31:39,932 [ERROR] LogOutputStream:75 - [STDERR_REDIRECT] [Fatal Error] :1:1: Premature end of file.
2026-03-09 20:31:39,932 [ERROR] LogOutputStream:75 - [STDERR_REDIRECT] 
2026-03-09 20:31:40,929 [ERROR] LogOutputStream:75 - [STDERR_REDIRECT] [Fatal Error] :1:1: Premature end of file.
2026-03-09 20:31:40,929 [ERROR] LogOutputStream:75 - [STDERR_REDIRECT] 
2026-03-09 20:31:41,933 [ERROR] LogOutputStream:75 - [STDERR_REDIRECT] [Fatal Error] :1:1: Premature end of file.
2026-03-09 20:31:41,933 [ERROR] LogOutputStream:75 - [STDERR_REDIRECT] 
2026-03-09 20:31:42,924 [ERROR] LogOutputStream:75 - [STDERR_REDIRECT] [Fatal Error] :1:1: Premature end of file.
2026-03-09 20:31:42,924 [ERROR] LogOutputStream:75 - [STDERR_REDIRECT] 
2026-03-09 20:31:43,936 [ERROR] LogOutputStream:75 - [STDERR_REDIRECT] [Fatal Error] :1:1: Premature end of file.
2026-03-09 20:31:43,936 [ERROR] LogOutputStream:75 - [STDERR_REDIRECT] 
2026-03-09 20:31:44,927 [ERROR] LogOutputStream:75 - [STDERR_REDIRECT] [Fatal Error] :1:1: Premature end of file.
2026-03-09 20:31:44,927 [ERROR] LogOutputStream:75 - [STDERR_REDIRECT] 
2026-03-09 20:31:45,935 [ERROR] LogOutputStream:75 - [STDERR_REDIRECT] [Fatal Error] :1:1: Premature end of file.
2026-03-09 20:31:45,935 [ERROR] LogOutputStream:75 - [STDERR_REDIRECT] 
2026-03-09 20:31:46,926 [ERROR] LogOutputStream:75 - [STDERR_REDIRECT] [Fatal Error] :1:1: Premature end of file.
2026-03-09 20:31:46,926 [ERROR] LogOutputStream:75 - [STDERR_REDIRECT] 
2026-03-09 20:31:47,922 [ERROR] LogOutputStream:75 - [STDERR_REDIRECT] [Fatal Error] :1:1: Premature end of file.
2026-03-09 20:31:47,922 [ERROR] LogOutputStream:75 - [STDERR_REDIRECT] 
2026-03-09 20:31:48,931 [ERROR] LogOutputStream:75 - [STDERR_REDIRECT] [Fatal Error] :1:1: Premature end of file.
2026-03-09 20:31:48,931 [ERROR] LogOutputStream:75 - [STDERR_REDIRECT] 
2026-03-09 20:31:49,928 [ERROR] LogOutputStream:75 - [STDERR_REDIRECT] [Fatal Error] :1:1: Premature end of file.
2026-03-09 20:31:49,928 [ERROR] LogOutputStream:75 - [STDERR_REDIRECT] 
2026-03-09 20:31:50,938 [ERROR] LogOutputStream:75 - [STDERR_REDIRECT] [Fatal Error] :1:1: Premature end of file.
2026-03-09 20:31:50,938 [ERROR] LogOutputStream:75 - [STDERR_REDIRECT] 
2026-03-09 20:31:51,948 [ERROR] LogOutputStream:75 - [STDERR_REDIRECT] [Fatal Error] :1:1: Premature end of file.
2026-03-09 20:31:51,948 [ERROR] LogOutputStream:75 - [STDERR_REDIRECT] 
2026-03-09 20:31:52,928 [ERROR] LogOutputStream:75 - [STDERR_REDIRECT] [Fatal Error] :1:1: Premature end of file.
2026-03-09 20:31:52,928 [ERROR] LogOutputStream:75 - [STDERR_REDIRECT] 
2026-03-09 20:31:53,923 [ERROR] LogOutputStream:75 - [STDERR_REDIRECT] [Fatal Error] :1:1: Premature end of file.
2026-03-09 20:31:53,923 [ERROR] LogOutputStream:75 - [STDERR_REDIRECT] 
2026-03-09 20:31:54,936 [ERROR] LogOutputStream:75 - [STDERR_REDIRECT] [Fatal Error] :1:1: Premature end of file.
2026-03-09 20:31:54,936 [ERROR] LogOutputStream:75 - [STDERR_REDIRECT] 
2026-03-09 20:31:55,927 [ERROR] LogOutputStream:75 - [STDERR_REDIRECT] [Fatal Error] :1:1: Premature end of file.
2026-03-09 20:31:55,927 [ERROR] LogOutputStream:75 - [STDERR_REDIRECT] 
2026-03-09 20:31:56,933 [ERROR] LogOutputStream:75 - [STDERR_REDIRECT] [Fatal Error] :1:1: Premature end of file.
2026-03-09 20:31:56,933 [ERROR] LogOutputStream:75 - [STDERR_REDIRECT] 
2026-03-09 20:31:57,927 [ERROR] LogOutputStream:75 - [STDERR_REDIRECT] [Fatal Error] :1:1: Premature end of file.
2026-03-09 20:31:57,927 [ERROR] LogOutputStream:75 - [STDERR_REDIRECT] 
2026-03-09 20:31:58,936 [ERROR] LogOutputStream:75 - [STDERR_REDIRECT] [Fatal Error] :1:1: Premature end of file.
2026-03-09 20:31:58,936 [ERROR] LogOutputStream:75 - [STDERR_REDIRECT] 
2026-03-09 20:31:59,930 [ERROR] LogOutputStream:75 - [STDERR_REDIRECT] [Fatal Error] :1:1: Premature end of file.
2026-03-09 20:31:59,930 [ERROR] LogOutputStream:75 - [STDERR_REDIRECT] 
2026-03-09 20:32:00,936 [ERROR] LogOutputStream:75 - [STDERR_REDIRECT] [Fatal Error] :1:1: Premature end of file.
2026-03-09 20:32:00,936 [ERROR] LogOutputStream:75 - [STDERR_REDIRECT] 
2026-03-09 20:32:01,934 [ERROR] LogOutputStream:75 - [STDERR_REDIRECT] [Fatal Error] :1:1: Premature end of file.
2026-03-09 20:32:01,934 [ERROR] LogOutputStream:75 - [STDERR_REDIRECT] 
2026-03-09 20:32:02,921 [ERROR] LogOutputStream:75 - [STDERR_REDIRECT] [Fatal Error] :1:1: Premature end of file.
2026-03-09 20:32:02,921 [ERROR] LogOutputStream:75 - [STDERR_REDIRECT] 
2026-03-09 20:32:03,929 [ERROR] LogOutputStream:75 - [STDERR_REDIRECT] [Fatal Error] :1:1: Premature end of file.
2026-03-09 20:32:03,929 [ERROR] LogOutputStream:75 - [STDERR_REDIRECT] 
2026-03-09 20:32:04,922 [ERROR] LogOutputStream:75 - [STDERR_REDIRECT] [Fatal Error] :1:1: Premature end of file.
2026-03-09 20:32:04,922 [ERROR] LogOutputStream:75 - [STDERR_REDIRECT] 
2026-03-09 20:32:05,932 [ERROR] LogOutputStream:75 - [STDERR_REDIRECT] [Fatal Error] :1:1: Premature end of file.
2026-03-09 20:32:05,932 [ERROR] LogOutputStream:75 - [STDERR_REDIRECT] 
2026-03-09 20:32:06,926 [ERROR] LogOutputStream:75 - [STDERR_REDIRECT] [Fatal Error] :1:1: Premature end of file.
2026-03-09 20:32:06,926 [ERROR] LogOutputStream:75 - [STDERR_REDIRECT] 
2026-03-09 20:32:07,931 [ERROR] LogOutputStream:75 - [STDERR_REDIRECT] [Fatal Error] :1:1: Premature end of file.
2026-03-09 20:32:07,931 [ERROR] LogOutputStream:75 - [STDERR_REDIRECT] 
2026-03-09 20:32:08,935 [ERROR] LogOutputStream:75 - [STDERR_REDIRECT] [Fatal Error] :1:1: Premature end of file.
2026-03-09 20:32:08,935 [ERROR] LogOutputStream:75 - [STDERR_REDIRECT] 
2026-03-09 20:32:09,934 [ERROR] LogOutputStream:75 - [STDERR_REDIRECT] [Fatal Error] :1:1: Premature end of file.
2026-03-09 20:32:09,935 [ERROR] LogOutputStream:75 - [STDERR_REDIRECT] 
2026-03-09 20:32:10,929 [ERROR] LogOutputStream:75 - [STDERR_REDIRECT] [Fatal Error] :1:1: Premature end of file.
2026-03-09 20:32:10,929 [ERROR] LogOutputStream:75 - [STDERR_REDIRECT] 
2026-03-09 20:32:11,921 [ERROR] LogOutputStream:75 - [STDERR_REDIRECT] [Fatal Error] :1:1: Premature end of file.
2026-03-09 20:32:11,921 [ERROR] LogOutputStream:75 - [STDERR_REDIRECT] 
2026-03-09 20:32:12,934 [ERROR] LogOutputStream:75 - [STDERR_REDIRECT] [Fatal Error] :1:1: Premature end of file.
2026-03-09 20:32:12,934 [ERROR] LogOutputStream:75 - [STDERR_REDIRECT] 
2026-03-09 20:32:13,924 [ERROR] LogOutputStream:75 - [STDERR_REDIRECT] [Fatal Error] :1:1: Premature end of file.
2026-03-09 20:32:13,924 [ERROR] LogOutputStream:75 - [STDERR_REDIRECT] 
2026-03-09 20:32:14,935 [ERROR] LogOutputStream:75 - [STDERR_REDIRECT] [Fatal Error] :1:1: Premature end of file.
2026-03-09 20:32:14,935 [ERROR] LogOutputStream:75 - [STDERR_REDIRECT] 
2026-03-09 20:32:15,928 [ERROR] LogOutputStream:75 - [STDERR_REDIRECT] [Fatal Error] :1:1: Premature end of file.
2026-03-09 20:32:15,928 [ERROR] LogOutputStream:75 - [STDERR_REDIRECT] 
2026-03-09 20:32:16,921 [ERROR] LogOutputStream:75 - [STDERR_REDIRECT] [Fatal Error] :1:1: Premature end of file.
2026-03-09 20:32:16,921 [ERROR] LogOutputStream:75 - [STDERR_REDIRECT] 
2026-03-09 20:32:17,937 [ERROR] LogOutputStream:75 - [STDERR_REDIRECT] [Fatal Error] :1:1: Premature end of file.
2026-03-09 20:32:17,937 [ERROR] LogOutputStream:75 - [STDERR_REDIRECT] 
2026-03-09 20:32:19,141 [ERROR] LogOutputStream:75 - [STDERR_REDIRECT] [Fatal Error] :1:1: Premature end of file.
2026-03-09 20:32:19,141 [ERROR] LogOutputStream:75 - [STDERR_REDIRECT] 
2026-03-09 20:32:19,933 [ERROR] LogOutputStream:75 - [STDERR_REDIRECT] [Fatal Error] :1:1: Premature end of file.
2026-03-09 20:32:19,933 [ERROR] LogOutputStream:75 - [STDERR_REDIRECT] 
2026-03-09 20:32:20,924 [ERROR] LogOutputStream:75 - [STDERR_REDIRECT] [Fatal Error] :1:1: Premature end of file.
2026-03-09 20:32:20,924 [ERROR] LogOutputStream:75 - [STDERR_REDIRECT] 
2026-03-09 20:32:21,933 [ERROR] LogOutputStream:75 - [STDERR_REDIRECT] [Fatal Error] :1:1: Premature end of file.
2026-03-09 20:32:21,933 [ERROR] LogOutputStream:75 - [STDERR_REDIRECT] 
2026-03-09 20:32:22,927 [ERROR] LogOutputStream:75 - [STDERR_REDIRECT] [Fatal Error] :1:1: Premature end of file.
2026-03-09 20:32:22,927 [ERROR] LogOutputStream:75 - [STDERR_REDIRECT] 
2026-03-09 20:32:23,936 [ERROR] LogOutputStream:75 - [STDERR_REDIRECT] [Fatal Error] :1:1: Premature end of file.
2026-03-09 20:32:23,936 [ERROR] LogOutputStream:75 - [STDERR_REDIRECT] 
2026-03-09 20:32:24,927 [ERROR] LogOutputStream:75 - [STDERR_REDIRECT] [Fatal Error] :1:1: Premature end of file.
2026-03-09 20:32:24,927 [ERROR] LogOutputStream:75 - [STDERR_REDIRECT] 
2026-03-09 20:32:25,930 [ERROR] LogOutputStream:75 - [STDERR_REDIRECT] [Fatal Error] :1:1: Premature end of file.
2026-03-09 20:32:25,930 [ERROR] LogOutputStream:75 - [STDERR_REDIRECT] 
2026-03-09 20:32:26,921 [ERROR] LogOutputStream:75 - [STDERR_REDIRECT] [Fatal Error] :1:1: Premature end of file.
2026-03-09 20:32:26,921 [ERROR] LogOutputStream:75 - [STDERR_REDIRECT] 
2026-03-09 20:32:27,927 [ERROR] LogOutputStream:75 - [STDERR_REDIRECT] [Fatal Error] :1:1: Premature end of file.
2026-03-09 20:32:27,927 [ERROR] LogOutputStream:75 - [STDERR_REDIRECT] 
2026-03-09 20:32:28,935 [ERROR] LogOutputStream:75 - [STDERR_REDIRECT] [Fatal Error] :1:1: Premature end of file.
2026-03-09 20:32:28,935 [ERROR] LogOutputStream:75 - [STDERR_REDIRECT] 
2026-03-09 20:32:29,928 [ERROR] LogOutputStream:75 - [STDERR_REDIRECT] [Fatal Error] :1:1: Premature end of file.
2026-03-09 20:32:29,928 [ERROR] LogOutputStream:75 - [STDERR_REDIRECT] 
2026-03-09 20:32:30,928 [ERROR] LogOutputStream:75 - [STDERR_REDIRECT] [Fatal Error] :1:1: Premature end of file.
2026-03-09 20:32:30,928 [ERROR] LogOutputStream:75 - [STDERR_REDIRECT] 
2026-03-09 20:32:31,923 [ERROR] LogOutputStream:75 - [STDERR_REDIRECT] [Fatal Error] :1:1: Premature end of file.
2026-03-09 20:32:31,923 [ERROR] LogOutputStream:75 - [STDERR_REDIRECT] 
2026-03-09 20:32:32,923 [ERROR] LogOutputStream:75 - [STDERR_REDIRECT] [Fatal Error] :1:1: Premature end of file.
2026-03-09 20:32:32,924 [ERROR] LogOutputStream:75 - [STDERR_REDIRECT] 
2026-03-09 20:32:33,935 [ERROR] LogOutputStream:75 - [STDERR_REDIRECT] [Fatal Error] :1:1: Premature end of file.
2026-03-09 20:32:33,935 [ERROR] LogOutputStream:75 - [STDERR_REDIRECT] 
2026-03-09 20:32:34,927 [ERROR] LogOutputStream:75 - [STDERR_REDIRECT] [Fatal Error] :1:1: Premature end of file.
2026-03-09 20:32:34,928 [ERROR] LogOutputStream:75 - [STDERR_REDIRECT] 
2026-03-09 20:32:35,936 [ERROR] LogOutputStream:75 - [STDERR_REDIRECT] [Fatal Error] :1:1: Premature end of file.
2026-03-09 20:32:35,936 [ERROR] LogOutputStream:75 - [STDERR_REDIRECT] 
2026-03-09 20:32:36,929 [ERROR] LogOutputStream:75 - [STDERR_REDIRECT] [Fatal Error] :1:1: Premature end of file.
2026-03-09 20:32:36,929 [ERROR] LogOutputStream:75 - [STDERR_REDIRECT] 
2026-03-09 20:32:37,924 [ERROR] LogOutputStream:75 - [STDERR_REDIRECT] [Fatal Error] :1:1: Premature end of file.
2026-03-09 20:32:37,924 [ERROR] LogOutputStream:75 - [STDERR_REDIRECT] 
2026-03-09 20:32:38,934 [ERROR] LogOutputStream:75 - [STDERR_REDIRECT] [Fatal Error] :1:1: Premature end of file.
2026-03-09 20:32:38,934 [ERROR] LogOutputStream:75 - [STDERR_REDIRECT] 
2026-03-09 20:32:39,922 [ERROR] LogOutputStream:75 - [STDERR_REDIRECT] [Fatal Error] :1:1: Premature end of file.
2026-03-09 20:32:39,922 [ERROR] LogOutputStream:75 - [STDERR_REDIRECT] 
2026-03-09 20:32:40,925 [ERROR] LogOutputStream:75 - [STDERR_REDIRECT] [Fatal Error] :1:1: Premature end of file.
2026-03-09 20:32:40,925 [ERROR] LogOutputStream:75 - [STDERR_REDIRECT] 
2026-03-09 20:32:41,927 [ERROR] LogOutputStream:75 - [STDERR_REDIRECT] [Fatal Error] :1:1: Premature end of file.
2026-03-09 20:32:41,927 [ERROR] LogOutputStream:75 - [STDERR_REDIRECT] 
2026-03-09 20:32:42,935 [ERROR] LogOutputStream:75 - [STDERR_REDIRECT] [Fatal Error] :1:1: Premature end of file.
2026-03-09 20:32:42,935 [ERROR] LogOutputStream:75 - [STDERR_REDIRECT] 
2026-03-09 20:32:43,927 [ERROR] LogOutputStream:75 - [STDERR_REDIRECT] [Fatal Error] :1:1: Premature end of file.
2026-03-09 20:32:43,927 [ERROR] LogOutputStream:75 - [STDERR_REDIRECT] 
2026-03-09 20:32:44,931 [ERROR] LogOutputStream:75 - [STDERR_REDIRECT] [Fatal Error] :1:1: Premature end of file.
2026-03-09 20:32:44,931 [ERROR] LogOutputStream:75 - [STDERR_REDIRECT] 
2026-03-09 20:32:45,928 [ERROR] LogOutputStream:75 - [STDERR_REDIRECT] [Fatal Error] :1:1: Premature end of file.
2026-03-09 20:32:45,928 [ERROR] LogOutputStream:75 - [STDERR_REDIRECT] 
2026-03-09 20:32:46,931 [ERROR] LogOutputStream:75 - [STDERR_REDIRECT] [Fatal Error] :1:1: Premature end of file.
2026-03-09 20:32:46,931 [ERROR] LogOutputStream:75 - [STDERR_REDIRECT] 
2026-03-09 20:32:47,924 [ERROR] LogOutputStream:75 - [STDERR_REDIRECT] [Fatal Error] :1:1: Premature end of file.
2026-03-09 20:32:47,925 [ERROR] LogOutputStream:75 - [STDERR_REDIRECT] 
2026-03-09 20:32:48,935 [ERROR] LogOutputStream:75 - [STDERR_REDIRECT] [Fatal Error] :1:1: Premature end of file.
2026-03-09 20:32:48,935 [ERROR] LogOutputStream:75 - [STDERR_REDIRECT] 
2026-03-09 20:32:49,927 [ERROR] LogOutputStream:75 - [STDERR_REDIRECT] [Fatal Error] :1:1: Premature end of file.
2026-03-09 20:32:49,927 [ERROR] LogOutputStream:75 - [STDERR_REDIRECT] 
2026-03-09 20:32:50,937 [ERROR] LogOutputStream:75 - [STDERR_REDIRECT] [Fatal Error] :1:1: Premature end of file.
2026-03-09 20:32:50,937 [ERROR] LogOutputStream:75 - [STDERR_REDIRECT] 
2026-03-09 20:32:51,941 [ERROR] LogOutputStream:75 - [STDERR_REDIRECT] [Fatal Error] :1:1: Premature end of file.
2026-03-09 20:32:51,941 [ERROR] LogOutputStream:75 - [STDERR_REDIRECT] 
2026-03-09 20:32:52,937 [ERROR] LogOutputStream:75 - [STDERR_REDIRECT] [Fatal Error] :1:1: Premature end of file.
2026-03-09 20:32:52,937 [ERROR] LogOutputStream:75 - [STDERR_REDIRECT] 
2026-03-09 20:32:53,930 [ERROR] LogOutputStream:75 - [STDERR_REDIRECT] [Fatal Error] :1:1: Premature end of file.
2026-03-09 20:32:53,930 [ERROR] LogOutputStream:75 - [STDERR_REDIRECT] 
2026-03-09 20:32:54,936 [ERROR] LogOutputStream:75 - [STDERR_REDIRECT] [Fatal Error] :1:1: Premature end of file.
2026-03-09 20:32:54,936 [ERROR] LogOutputStream:75 - [STDERR_REDIRECT] 
2026-03-09 20:32:55,929 [ERROR] LogOutputStream:75 - [STDERR_REDIRECT] [Fatal Error] :1:1: Premature end of file.
2026-03-09 20:32:55,929 [ERROR] LogOutputStream:75 - [STDERR_REDIRECT] 
2026-03-09 20:32:56,936 [ERROR] LogOutputStream:75 - [STDERR_REDIRECT] [Fatal Error] :1:1: Premature end of file.
2026-03-09 20:32:56,936 [ERROR] LogOutputStream:75 - [STDERR_REDIRECT] 
2026-03-09 20:32:57,930 [ERROR] LogOutputStream:75 - [STDERR_REDIRECT] [Fatal Error] :1:1: Premature end of file.
2026-03-09 20:32:57,930 [ERROR] LogOutputStream:75 - [STDERR_REDIRECT] 
2026-03-09 20:32:58,922 [ERROR] LogOutputStream:75 - [STDERR_REDIRECT] [Fatal Error] :1:1: Premature end of file.
2026-03-09 20:32:58,922 [ERROR] LogOutputStream:75 - [STDERR_REDIRECT] 
2026-03-09 20:32:59,928 [ERROR] LogOutputStream:75 - [STDERR_REDIRECT] [Fatal Error] :1:1: Premature end of file.
2026-03-09 20:32:59,928 [ERROR] LogOutputStream:75 - [STDERR_REDIRECT] 
2026-03-09 20:33:00,935 [ERROR] LogOutputStream:75 - [STDERR_REDIRECT] [Fatal Error] :1:1: Premature end of file.
2026-03-09 20:33:00,935 [ERROR] LogOutputStream:75 - [STDERR_REDIRECT] 
2026-03-09 20:33:01,930 [ERROR] LogOutputStream:75 - [STDERR_REDIRECT] [Fatal Error] :1:1: Premature end of file.
2026-03-09 20:33:01,930 [ERROR] LogOutputStream:75 - [STDERR_REDIRECT] 
2026-03-09 20:33:02,936 [ERROR] LogOutputStream:75 - [STDERR_REDIRECT] [Fatal Error] :1:1: Premature end of file.
2026-03-09 20:33:02,936 [ERROR] LogOutputStream:75 - [STDERR_REDIRECT] 
2026-03-09 20:33:03,925 [ERROR] LogOutputStream:75 - [STDERR_REDIRECT] [Fatal Error] :1:1: Premature end of file.
2026-03-09 20:33:03,925 [ERROR] LogOutputStream:75 - [STDERR_REDIRECT] 
2026-03-09 20:33:04,929 [ERROR] LogOutputStream:75 - [STDERR_REDIRECT] [Fatal Error] :1:1: Premature end of file.
2026-03-09 20:33:04,930 [ERROR] LogOutputStream:75 - [STDERR_REDIRECT] 
2026-03-09 20:33:05,934 [ERROR] LogOutputStream:75 - [STDERR_REDIRECT] [Fatal Error] :1:1: Premature end of file.
2026-03-09 20:33:05,934 [ERROR] LogOutputStream:75 - [STDERR_REDIRECT] 
2026-03-09 20:33:06,922 [ERROR] LogOutputStream:75 - [STDERR_REDIRECT] [Fatal Error] :1:1: Premature end of file.
2026-03-09 20:33:06,924 [ERROR] LogOutputStream:75 - [STDERR_REDIRECT] 
2026-03-09 20:33:07,925 [ERROR] LogOutputStream:75 - [STDERR_REDIRECT] [Fatal Error] :1:1: Premature end of file.
2026-03-09 20:33:07,926 [ERROR] LogOutputStream:75 - [STDERR_REDIRECT] 
2026-03-09 20:33:08,923 [ERROR] LogOutputStream:75 - [STDERR_REDIRECT] [Fatal Error] :1:1: Premature end of file.
2026-03-09 20:33:08,923 [ERROR] LogOutputStream:75 - [STDERR_REDIRECT] 
2026-03-09 20:33:09,933 [ERROR] LogOutputStream:75 - [STDERR_REDIRECT] [Fatal Error] :1:1: Premature end of file.
2026-03-09 20:33:09,933 [ERROR] LogOutputStream:75 - [STDERR_REDIRECT] 
2026-03-09 20:33:10,926 [ERROR] LogOutputStream:75 - [STDERR_REDIRECT] [Fatal Error] :1:1: Premature end of file.
2026-03-09 20:33:10,926 [ERROR] LogOutputStream:75 - [STDERR_REDIRECT] 
2026-03-09 20:33:11,935 [ERROR] LogOutputStream:75 - [STDERR_REDIRECT] [Fatal Error] :1:1: Premature end of file.
2026-03-09 20:33:11,935 [ERROR] LogOutputStream:75 - [STDERR_REDIRECT] 
2026-03-09 20:33:12,930 [ERROR] LogOutputStream:75 - [STDERR_REDIRECT] [Fatal Error] :1:1: Premature end of file.
2026-03-09 20:33:12,930 [ERROR] LogOutputStream:75 - [STDERR_REDIRECT] 
2026-03-09 20:33:13,938 [ERROR] LogOutputStream:75 - [STDERR_REDIRECT] [Fatal Error] :1:1: Premature end of file.
2026-03-09 20:33:13,938 [ERROR] LogOutputStream:75 - [STDERR_REDIRECT] 
2026-03-09 20:33:14,933 [ERROR] LogOutputStream:75 - [STDERR_REDIRECT] [Fatal Error] :1:1: Premature end of file.
2026-03-09 20:33:14,933 [ERROR] LogOutputStream:75 - [STDERR_REDIRECT] 
2026-03-09 20:33:15,932 [ERROR] LogOutputStream:75 - [STDERR_REDIRECT] [Fatal Error] :1:1: Premature end of file.
2026-03-09 20:33:15,932 [ERROR] LogOutputStream:75 - [STDERR_REDIRECT] 
2026-03-09 20:33:16,937 [ERROR] LogOutputStream:75 - [STDERR_REDIRECT] [Fatal Error] :1:1: Premature end of file.
2026-03-09 20:33:16,938 [ERROR] LogOutputStream:75 - [STDERR_REDIRECT] 
2026-03-09 20:33:17,944 [ERROR] LogOutputStream:75 - [STDERR_REDIRECT] [Fatal Error] :1:1: Premature end of file.
2026-03-09 20:33:17,944 [ERROR] LogOutputStream:75 - [STDERR_REDIRECT] 
2026-03-09 20:33:18,926 [ERROR] LogOutputStream:75 - [STDERR_REDIRECT] [Fatal Error] :1:1: Premature end of file.
2026-03-09 20:33:18,926 [ERROR] LogOutputStream:75 - [STDERR_REDIRECT] 
2026-03-09 20:33:19,930 [ERROR] LogOutputStream:75 - [STDERR_REDIRECT] [Fatal Error] :1:1: Premature end of file.
2026-03-09 20:33:19,930 [ERROR] LogOutputStream:75 - [STDERR_REDIRECT] 
2026-03-09 20:33:20,922 [ERROR] LogOutputStream:75 - [STDERR_REDIRECT] [Fatal Error] :1:1: Premature end of file.
2026-03-09 20:33:20,922 [ERROR] LogOutputStream:75 - [STDERR_REDIRECT] 
2026-03-09 20:33:21,930 [ERROR] LogOutputStream:75 - [STDERR_REDIRECT] [Fatal Error] :1:1: Premature end of file.
2026-03-09 20:33:21,930 [ERROR] LogOutputStream:75 - [STDERR_REDIRECT] 
2026-03-09 20:33:22,927 [ERROR] LogOutputStream:75 - [STDERR_REDIRECT] [Fatal Error] :1:1: Premature end of file.
2026-03-09 20:33:22,927 [ERROR] LogOutputStream:75 - [STDERR_REDIRECT] 
2026-03-09 20:33:23,934 [ERROR] LogOutputStream:75 - [STDERR_REDIRECT] [Fatal Error] :1:1: Premature end of file.
2026-03-09 20:33:23,934 [ERROR] LogOutputStream:75 - [STDERR_REDIRECT] 
2026-03-09 20:33:24,923 [ERROR] LogOutputStream:75 - [STDERR_REDIRECT] [Fatal Error] :1:1: Premature end of file.
2026-03-09 20:33:24,923 [ERROR] LogOutputStream:75 - [STDERR_REDIRECT] 
2026-03-09 20:33:25,929 [ERROR] LogOutputStream:75 - [STDERR_REDIRECT] [Fatal Error] :1:1: Premature end of file.
2026-03-09 20:33:25,929 [ERROR] LogOutputStream:75 - [STDERR_REDIRECT] 
2026-03-09 20:33:26,928 [ERROR] LogOutputStream:75 - [STDERR_REDIRECT] [Fatal Error] :1:1: Premature end of file.
2026-03-09 20:33:26,928 [ERROR] LogOutputStream:75 - [STDERR_REDIRECT] 
2026-03-09 20:33:27,928 [ERROR] LogOutputStream:75 - [STDERR_REDIRECT] [Fatal Error] :1:1: Premature end of file.
2026-03-09 20:33:27,928 [ERROR] LogOutputStream:75 - [STDERR_REDIRECT] 
2026-03-09 20:33:28,936 [ERROR] LogOutputStream:75 - [STDERR_REDIRECT] [Fatal Error] :1:1: Premature end of file.
2026-03-09 20:33:28,936 [ERROR] LogOutputStream:75 - [STDERR_REDIRECT] 
2026-03-09 20:33:29,942 [ERROR] LogOutputStream:75 - [STDERR_REDIRECT] [Fatal Error] :1:1: Premature end of file.
2026-03-09 20:33:29,942 [ERROR] LogOutputStream:75 - [STDERR_REDIRECT] 
2026-03-09 20:33:30,951 [ERROR] LogOutputStream:75 - [STDERR_REDIRECT] [Fatal Error] :1:1: Premature end of file.
2026-03-09 20:33:30,951 [ERROR] LogOutputStream:75 - [STDERR_REDIRECT] 
2026-03-09 20:33:31,932 [ERROR] LogOutputStream:75 - [STDERR_REDIRECT] [Fatal Error] :1:1: Premature end of file.
2026-03-09 20:33:31,932 [ERROR] LogOutputStream:75 - [STDERR_REDIRECT] 
2026-03-09 20:33:32,926 [ERROR] LogOutputStream:75 - [STDERR_REDIRECT] [Fatal Error] :1:1: Premature end of file.
2026-03-09 20:33:32,927 [ERROR] LogOutputStream:75 - [STDERR_REDIRECT] 
2026-03-09 20:33:33,936 [ERROR] LogOutputStream:75 - [STDERR_REDIRECT] [Fatal Error] :1:1: Premature end of file.
2026-03-09 20:33:33,936 [ERROR] LogOutputStream:75 - [STDERR_REDIRECT] 
2026-03-09 20:33:34,926 [ERROR] LogOutputStream:75 - [STDERR_REDIRECT] [Fatal Error] :1:1: Premature end of file.
2026-03-09 20:33:34,926 [ERROR] LogOutputStream:75 - [STDERR_REDIRECT] 
2026-03-09 20:33:35,934 [ERROR] LogOutputStream:75 - [STDERR_REDIRECT] [Fatal Error] :1:1: Premature end of file.
2026-03-09 20:33:35,935 [ERROR] LogOutputStream:75 - [STDERR_REDIRECT] 
2026-03-09 20:33:36,931 [ERROR] LogOutputStream:75 - [STDERR_REDIRECT] [Fatal Error] :1:1: Premature end of file.
2026-03-09 20:33:36,931 [ERROR] LogOutputStream:75 - [STDERR_REDIRECT] 
2026-03-09 20:33:37,936 [ERROR] LogOutputStream:75 - [STDERR_REDIRECT] [Fatal Error] :1:1: Premature end of file.
2026-03-09 20:33:37,936 [ERROR] LogOutputStream:75 - [STDERR_REDIRECT] 
2026-03-09 20:33:38,933 [ERROR] LogOutputStream:75 - [STDERR_REDIRECT] [Fatal Error] :1:1: Premature end of file.
2026-03-09 20:33:38,933 [ERROR] LogOutputStream:75 - [STDERR_REDIRECT] 
2026-03-09 20:33:39,936 [ERROR] LogOutputStream:75 - [STDERR_REDIRECT] [Fatal Error] :1:1: Premature end of file.
2026-03-09 20:33:39,936 [ERROR] LogOutputStream:75 - [STDERR_REDIRECT] 
2026-03-09 20:33:40,932 [ERROR] LogOutputStream:75 - [STDERR_REDIRECT] [Fatal Error] :1:1: Premature end of file.
2026-03-09 20:33:40,932 [ERROR] LogOutputStream:75 - [STDERR_REDIRECT] 
2026-03-09 20:33:41,942 [ERROR] LogOutputStream:75 - [STDERR_REDIRECT] [Fatal Error] :1:1: Premature end of file.
2026-03-09 20:33:41,942 [ERROR] LogOutputStream:75 - [STDERR_REDIRECT] 
2026-03-09 20:33:42,931 [ERROR] LogOutputStream:75 - [STDERR_REDIRECT] [Fatal Error] :1:1: Premature end of file.
2026-03-09 20:33:42,931 [ERROR] LogOutputStream:75 - [STDERR_REDIRECT] 
2026-03-09 20:33:43,936 [ERROR] LogOutputStream:75 - [STDERR_REDIRECT] [Fatal Error] :1:1: Premature end of file.
2026-03-09 20:33:43,937 [ERROR] LogOutputStream:75 - [STDERR_REDIRECT] 
2026-03-09 20:33:44,930 [ERROR] LogOutputStream:75 - [STDERR_REDIRECT] [Fatal Error] :1:1: Premature end of file.
2026-03-09 20:33:44,930 [ERROR] LogOutputStream:75 - [STDERR_REDIRECT] 
2026-03-09 20:33:45,937 [ERROR] LogOutputStream:75 - [STDERR_REDIRECT] [Fatal Error] :1:1: Premature end of file.
2026-03-09 20:33:45,937 [ERROR] LogOutputStream:75 - [STDERR_REDIRECT] 
2026-03-09 20:33:46,925 [ERROR] LogOutputStream:75 - [STDERR_REDIRECT] [Fatal Error] :1:1: Premature end of file.
2026-03-09 20:33:46,925 [ERROR] LogOutputStream:75 - [STDERR_REDIRECT] 
2026-03-09 20:33:47,936 [ERROR] LogOutputStream:75 - [STDERR_REDIRECT] [Fatal Error] :1:1: Premature end of file.
2026-03-09 20:33:47,936 [ERROR] LogOutputStream:75 - [STDERR_REDIRECT] 
2026-03-09 20:33:48,926 [ERROR] LogOutputStream:75 - [STDERR_REDIRECT] [Fatal Error] :1:1: Premature end of file.
2026-03-09 20:33:48,926 [ERROR] LogOutputStream:75 - [STDERR_REDIRECT] 
2026-03-09 20:33:49,933 [ERROR] LogOutputStream:75 - [STDERR_REDIRECT] [Fatal Error] :1:1: Premature end of file.
2026-03-09 20:33:49,933 [ERROR] LogOutputStream:75 - [STDERR_REDIRECT] 
2026-03-09 20:33:50,928 [ERROR] LogOutputStream:75 - [STDERR_REDIRECT] [Fatal Error] :1:1: Premature end of file.
2026-03-09 20:33:50,928 [ERROR] LogOutputStream:75 - [STDERR_REDIRECT] 
2026-03-09 20:33:51,936 [ERROR] LogOutputStream:75 - [STDERR_REDIRECT] [Fatal Error] :1:1: Premature end of file.
2026-03-09 20:33:51,936 [ERROR] LogOutputStream:75 - [STDERR_REDIRECT] 
2026-03-09 20:33:52,927 [ERROR] LogOutputStream:75 - [STDERR_REDIRECT] [Fatal Error] :1:1: Premature end of file.
2026-03-09 20:33:52,927 [ERROR] LogOutputStream:75 - [STDERR_REDIRECT] 
2026-03-09 20:33:53,933 [ERROR] LogOutputStream:75 - [STDERR_REDIRECT] [Fatal Error] :1:1: Premature end of file.
2026-03-09 20:33:53,933 [ERROR] LogOutputStream:75 - [STDERR_REDIRECT] 
2026-03-09 20:33:54,923 [ERROR] LogOutputStream:75 - [STDERR_REDIRECT] [Fatal Error] :1:1: Premature end of file.
2026-03-09 20:33:54,923 [ERROR] LogOutputStream:75 - [STDERR_REDIRECT] 
2026-03-09 20:33:55,926 [ERROR] LogOutputStream:75 - [STDERR_REDIRECT] [Fatal Error] :1:1: Premature end of file.
2026-03-09 20:33:55,926 [ERROR] LogOutputStream:75 - [STDERR_REDIRECT] 
2026-03-09 20:33:56,931 [ERROR] LogOutputStream:75 - [STDERR_REDIRECT] [Fatal Error] :1:1: Premature end of file.
2026-03-09 20:33:56,931 [ERROR] LogOutputStream:75 - [STDERR_REDIRECT] 
2026-03-09 20:33:57,923 [ERROR] LogOutputStream:75 - [STDERR_REDIRECT] [Fatal Error] :1:1: Premature end of file.
2026-03-09 20:33:57,923 [ERROR] LogOutputStream:75 - [STDERR_REDIRECT] 
2026-03-09 20:33:58,929 [ERROR] LogOutputStream:75 - [STDERR_REDIRECT] [Fatal Error] :1:1: Premature end of file.
2026-03-09 20:33:58,929 [ERROR] LogOutputStream:75 - [STDERR_REDIRECT] 
2026-03-09 20:33:59,934 [ERROR] LogOutputStream:75 - [STDERR_REDIRECT] [Fatal Error] :1:1: Premature end of file.
2026-03-09 20:33:59,934 [ERROR] LogOutputStream:75 - [STDERR_REDIRECT] 
2026-03-09 20:34:00,936 [ERROR] LogOutputStream:75 - [STDERR_REDIRECT] [Fatal Error] :1:1: Premature end of file.
2026-03-09 20:34:00,936 [ERROR] LogOutputStream:75 - [STDERR_REDIRECT] 
2026-03-09 20:34:01,936 [ERROR] LogOutputStream:75 - [STDERR_REDIRECT] [Fatal Error] :1:1: Premature end of file.
2026-03-09 20:34:01,936 [ERROR] LogOutputStream:75 - [STDERR_REDIRECT] 
2026-03-09 20:34:02,939 [ERROR] LogOutputStream:75 - [STDERR_REDIRECT] [Fatal Error] :1:1: Premature end of file.
2026-03-09 20:34:02,939 [ERROR] LogOutputStream:75 - [STDERR_REDIRECT] 
2026-03-09 20:34:03,948 [ERROR] LogOutputStream:75 - [STDERR_REDIRECT] [Fatal Error] :1:1: Premature end of file.
2026-03-09 20:34:03,948 [ERROR] LogOutputStream:75 - [STDERR_REDIRECT] 
2026-03-09 20:34:04,929 [ERROR] LogOutputStream:75 - [STDERR_REDIRECT] [Fatal Error] :1:1: Premature end of file.
2026-03-09 20:34:04,929 [ERROR] LogOutputStream:75 - [STDERR_REDIRECT] 
2026-03-09 20:34:05,932 [ERROR] LogOutputStream:75 - [STDERR_REDIRECT] [Fatal Error] :1:1: Premature end of file.
2026-03-09 20:34:05,933 [ERROR] LogOutputStream:75 - [STDERR_REDIRECT] 
2026-03-09 20:34:06,928 [ERROR] LogOutputStream:75 - [STDERR_REDIRECT] [Fatal Error] :1:1: Premature end of file.
2026-03-09 20:34:06,928 [ERROR] LogOutputStream:75 - [STDERR_REDIRECT] 
2026-03-09 20:34:07,921 [ERROR] LogOutputStream:75 - [STDERR_REDIRECT] [Fatal Error] :1:1: Premature end of file.
2026-03-09 20:34:07,921 [ERROR] LogOutputStream:75 - [STDERR_REDIRECT] 
2026-03-09 20:34:08,928 [ERROR] LogOutputStream:75 - [STDERR_REDIRECT] [Fatal Error] :1:1: Premature end of file.
2026-03-09 20:34:08,928 [ERROR] LogOutputStream:75 - [STDERR_REDIRECT] 
2026-03-09 20:34:09,934 [ERROR] LogOutputStream:75 - [STDERR_REDIRECT] [Fatal Error] :1:1: Premature end of file.
2026-03-09 20:34:09,934 [ERROR] LogOutputStream:75 - [STDERR_REDIRECT] 
2026-03-09 20:34:10,930 [ERROR] LogOutputStream:75 - [STDERR_REDIRECT] [Fatal Error] :1:1: Premature end of file.
2026-03-09 20:34:10,930 [ERROR] LogOutputStream:75 - [STDERR_REDIRECT] 
2026-03-09 20:34:11,923 [ERROR] LogOutputStream:75 - [STDERR_REDIRECT] [Fatal Error] :1:1: Premature end of file.
2026-03-09 20:34:11,923 [ERROR] LogOutputStream:75 - [STDERR_REDIRECT] 
2026-03-09 20:34:12,935 [ERROR] LogOutputStream:75 - [STDERR_REDIRECT] [Fatal Error] :1:1: Premature end of file.
2026-03-09 20:34:12,935 [ERROR] LogOutputStream:75 - [STDERR_REDIRECT] 
2026-03-09 20:34:13,934 [ERROR] LogOutputStream:75 - [STDERR_REDIRECT] [Fatal Error] :1:1: Premature end of file.
2026-03-09 20:34:13,934 [ERROR] LogOutputStream:75 - [STDERR_REDIRECT] 
2026-03-09 20:34:14,933 [ERROR] LogOutputStream:75 - [STDERR_REDIRECT] [Fatal Error] :1:1: Premature end of file.
2026-03-09 20:34:14,933 [ERROR] LogOutputStream:75 - [STDERR_REDIRECT] 
2026-03-09 20:34:15,924 [ERROR] LogOutputStream:75 - [STDERR_REDIRECT] [Fatal Error] :1:1: Premature end of file.
2026-03-09 20:34:15,924 [ERROR] LogOutputStream:75 - [STDERR_REDIRECT] 
2026-03-09 20:34:16,931 [ERROR] LogOutputStream:75 - [STDERR_REDIRECT] [Fatal Error] :1:1: Premature end of file.
2026-03-09 20:34:16,931 [ERROR] LogOutputStream:75 - [STDERR_REDIRECT] 
2026-03-09 20:34:17,923 [ERROR] LogOutputStream:75 - [STDERR_REDIRECT] [Fatal Error] :1:1: Premature end of file.
2026-03-09 20:34:17,923 [ERROR] LogOutputStream:75 - [STDERR_REDIRECT] 
2026-03-09 20:34:18,933 [ERROR] LogOutputStream:75 - [STDERR_REDIRECT] [Fatal Error] :1:1: Premature end of file.
2026-03-09 20:34:18,933 [ERROR] LogOutputStream:75 - [STDERR_REDIRECT] 
2026-03-09 20:34:19,923 [ERROR] LogOutputStream:75 - [STDERR_REDIRECT] [Fatal Error] :1:1: Premature end of file.
2026-03-09 20:34:19,923 [ERROR] LogOutputStream:75 - [STDERR_REDIRECT] 
2026-03-09 20:34:20,929 [ERROR] LogOutputStream:75 - [STDERR_REDIRECT] [Fatal Error] :1:1: Premature end of file.
2026-03-09 20:34:20,929 [ERROR] LogOutputStream:75 - [STDERR_REDIRECT] 
2026-03-09 20:34:21,933 [ERROR] LogOutputStream:75 - [STDERR_REDIRECT] [Fatal Error] :1:1: Premature end of file.
2026-03-09 20:34:21,933 [ERROR] LogOutputStream:75 - [STDERR_REDIRECT] 
2026-03-09 20:34:22,929 [ERROR] LogOutputStream:75 - [STDERR_REDIRECT] [Fatal Error] :1:1: Premature end of file.
2026-03-09 20:34:22,929 [ERROR] LogOutputStream:75 - [STDERR_REDIRECT] 
2026-03-09 20:34:23,931 [ERROR] LogOutputStream:75 - [STDERR_REDIRECT] [Fatal Error] :1:1: Premature end of file.
2026-03-09 20:34:23,931 [ERROR] LogOutputStream:75 - [STDERR_REDIRECT] 
2026-03-09 20:34:24,923 [ERROR] LogOutputStream:75 - [STDERR_REDIRECT] [Fatal Error] :1:1: Premature end of file.
2026-03-09 20:34:24,923 [ERROR] LogOutputStream:75 - [STDERR_REDIRECT] 
2026-03-09 20:34:25,930 [ERROR] LogOutputStream:75 - [STDERR_REDIRECT] [Fatal Error] :1:1: Premature end of file.
2026-03-09 20:34:25,930 [ERROR] LogOutputStream:75 - [STDERR_REDIRECT] 
2026-03-09 20:34:26,922 [ERROR] LogOutputStream:75 - [STDERR_REDIRECT] [Fatal Error] :1:1: Premature end of file.
2026-03-09 20:34:26,922 [ERROR] LogOutputStream:75 - [STDERR_REDIRECT] 
2026-03-09 20:34:27,927 [ERROR] LogOutputStream:75 - [STDERR_REDIRECT] [Fatal Error] :1:1: Premature end of file.
2026-03-09 20:34:27,927 [ERROR] LogOutputStream:75 - [STDERR_REDIRECT] 
2026-03-09 20:34:28,933 [ERROR] LogOutputStream:75 - [STDERR_REDIRECT] [Fatal Error] :1:1: Premature end of file.
2026-03-09 20:34:28,933 [ERROR] LogOutputStream:75 - [STDERR_REDIRECT] 
2026-03-09 20:34:29,937 [ERROR] LogOutputStream:75 - [STDERR_REDIRECT] [Fatal Error] :1:1: Premature end of file.
2026-03-09 20:34:29,937 [ERROR] LogOutputStream:75 - [STDERR_REDIRECT] 
2026-03-09 20:34:30,926 [ERROR] LogOutputStream:75 - [STDERR_REDIRECT] [Fatal Error] :1:1: Premature end of file.
2026-03-09 20:34:30,926 [ERROR] LogOutputStream:75 - [STDERR_REDIRECT] 
2026-03-09 20:34:31,926 [ERROR] LogOutputStream:75 - [STDERR_REDIRECT] [Fatal Error] :1:1: Premature end of file.
2026-03-09 20:34:31,926 [ERROR] LogOutputStream:75 - [STDERR_REDIRECT] 
2026-03-09 20:34:32,925 [ERROR] LogOutputStream:75 - [STDERR_REDIRECT] [Fatal Error] :1:1: Premature end of file.
2026-03-09 20:34:32,925 [ERROR] LogOutputStream:75 - [STDERR_REDIRECT] 
2026-03-09 20:34:33,932 [ERROR] LogOutputStream:75 - [STDERR_REDIRECT] [Fatal Error] :1:1: Premature end of file.
2026-03-09 20:34:33,932 [ERROR] LogOutputStream:75 - [STDERR_REDIRECT] 
2026-03-09 20:34:34,923 [ERROR] LogOutputStream:75 - [STDERR_REDIRECT] [Fatal Error] :1:1: Premature end of file.
2026-03-09 20:34:34,923 [ERROR] LogOutputStream:75 - [STDERR_REDIRECT] 
2026-03-09 20:34:35,930 [ERROR] LogOutputStream:75 - [STDERR_REDIRECT] [Fatal Error] :1:1: Premature end of file.
2026-03-09 20:34:35,931 [ERROR] LogOutputStream:75 - [STDERR_REDIRECT] 
2026-03-09 20:34:36,932 [ERROR] LogOutputStream:75 - [STDERR_REDIRECT] [Fatal Error] :1:1: Premature end of file.
2026-03-09 20:34:36,932 [ERROR] LogOutputStream:75 - [STDERR_REDIRECT] 
2026-03-09 20:34:37,941 [ERROR] LogOutputStream:75 - [STDERR_REDIRECT] [Fatal Error] :1:1: Premature end of file.
2026-03-09 20:34:37,941 [ERROR] LogOutputStream:75 - [STDERR_REDIRECT] 
2026-03-09 20:34:38,950 [ERROR] LogOutputStream:75 - [STDERR_REDIRECT] [Fatal Error] :1:1: Premature end of file.
2026-03-09 20:34:38,950 [ERROR] LogOutputStream:75 - [STDERR_REDIRECT] 
2026-03-09 20:34:39,925 [ERROR] LogOutputStream:75 - [STDERR_REDIRECT] [Fatal Error] :1:1: Premature end of file.
2026-03-09 20:34:39,925 [ERROR] LogOutputStream:75 - [STDERR_REDIRECT] 
2026-03-09 20:34:40,931 [ERROR] LogOutputStream:75 - [STDERR_REDIRECT] [Fatal Error] :1:1: Premature end of file.
2026-03-09 20:34:40,931 [ERROR] LogOutputStream:75 - [STDERR_REDIRECT] 
2026-03-09 20:34:41,923 [ERROR] LogOutputStream:75 - [STDERR_REDIRECT] [Fatal Error] :1:1: Premature end of file.
2026-03-09 20:34:41,923 [ERROR] LogOutputStream:75 - [STDERR_REDIRECT] 
2026-03-09 20:34:42,929 [ERROR] LogOutputStream:75 - [STDERR_REDIRECT] [Fatal Error] :1:1: Premature end of file.
2026-03-09 20:34:42,929 [ERROR] LogOutputStream:75 - [STDERR_REDIRECT] 
2026-03-09 20:34:43,922 [ERROR] LogOutputStream:75 - [STDERR_REDIRECT] [Fatal Error] :1:1: Premature end of file.
2026-03-09 20:34:43,922 [ERROR] LogOutputStream:75 - [STDERR_REDIRECT] 
2026-03-09 20:34:44,925 [ERROR] LogOutputStream:75 - [STDERR_REDIRECT] [Fatal Error] :1:1: Premature end of file.
2026-03-09 20:34:44,925 [ERROR] LogOutputStream:75 - [STDERR_REDIRECT] 
2026-03-09 20:34:45,932 [ERROR] LogOutputStream:75 - [STDERR_REDIRECT] [Fatal Error] :1:1: Premature end of file.
2026-03-09 20:34:45,932 [ERROR] LogOutputStream:75 - [STDERR_REDIRECT] 
2026-03-09 20:34:46,922 [ERROR] LogOutputStream:75 - [STDERR_REDIRECT] [Fatal Error] :1:1: Premature end of file.
2026-03-09 20:34:46,922 [ERROR] LogOutputStream:75 - [STDERR_REDIRECT] 
2026-03-09 20:34:47,929 [ERROR] LogOutputStream:75 - [STDERR_REDIRECT] [Fatal Error] :1:1: Premature end of file.
2026-03-09 20:34:47,929 [ERROR] LogOutputStream:75 - [STDERR_REDIRECT] 
2026-03-09 20:34:48,934 [ERROR] LogOutputStream:75 - [STDERR_REDIRECT] [Fatal Error] :1:1: Premature end of file.
2026-03-09 20:34:48,934 [ERROR] LogOutputStream:75 - [STDERR_REDIRECT] 
2026-03-09 20:34:49,925 [ERROR] LogOutputStream:75 - [STDERR_REDIRECT] [Fatal Error] :1:1: Premature end of file.
2026-03-09 20:34:49,925 [ERROR] LogOutputStream:75 - [STDERR_REDIRECT] 
2026-03-09 20:34:50,934 [ERROR] LogOutputStream:75 - [STDERR_REDIRECT] [Fatal Error] :1:1: Premature end of file.
2026-03-09 20:34:50,934 [ERROR] LogOutputStream:75 - [STDERR_REDIRECT] 
2026-03-09 20:34:51,936 [ERROR] LogOutputStream:75 - [STDERR_REDIRECT] [Fatal Error] :1:1: Premature end of file.
2026-03-09 20:34:51,936 [ERROR] LogOutputStream:75 - [STDERR_REDIRECT] 
2026-03-09 20:34:52,924 [ERROR] LogOutputStream:75 - [STDERR_REDIRECT] [Fatal Error] :1:1: Premature end of file.
2026-03-09 20:34:52,924 [ERROR] LogOutputStream:75 - [STDERR_REDIRECT] 
2026-03-09 20:34:53,933 [ERROR] LogOutputStream:75 - [STDERR_REDIRECT] [Fatal Error] :1:1: Premature end of file.
2026-03-09 20:34:53,933 [ERROR] LogOutputStream:75 - [STDERR_REDIRECT] 
2026-03-09 20:34:54,926 [ERROR] LogOutputStream:75 - [STDERR_REDIRECT] [Fatal Error] :1:1: Premature end of file.
2026-03-09 20:34:54,926 [ERROR] LogOutputStream:75 - [STDERR_REDIRECT] 
2026-03-09 20:34:55,931 [ERROR] LogOutputStream:75 - [STDERR_REDIRECT] [Fatal Error] :1:1: Premature end of file.
2026-03-09 20:34:55,931 [ERROR] LogOutputStream:75 - [STDERR_REDIRECT] 
2026-03-09 20:34:56,926 [ERROR] LogOutputStream:75 - [STDERR_REDIRECT] [Fatal Error] :1:1: Premature end of file.
2026-03-09 20:34:56,926 [ERROR] LogOutputStream:75 - [STDERR_REDIRECT] 
2026-03-09 20:34:57,923 [ERROR] LogOutputStream:75 - [STDERR_REDIRECT] [Fatal Error] :1:1: Premature end of file.
2026-03-09 20:34:57,923 [ERROR] LogOutputStream:75 - [STDERR_REDIRECT] 
2026-03-09 20:34:58,930 [ERROR] LogOutputStream:75 - [STDERR_REDIRECT] [Fatal Error] :1:1: Premature end of file.
2026-03-09 20:34:58,930 [ERROR] LogOutputStream:75 - [STDERR_REDIRECT] 
2026-03-09 20:34:59,934 [ERROR] LogOutputStream:75 - [STDERR_REDIRECT] [Fatal Error] :1:1: Premature end of file.
2026-03-09 20:34:59,934 [ERROR] LogOutputStream:75 - [STDERR_REDIRECT] 
2026-03-09 20:35:00,935 [ERROR] LogOutputStream:75 - [STDERR_REDIRECT] [Fatal Error] :1:1: Premature end of file.
2026-03-09 20:35:00,935 [ERROR] LogOutputStream:75 - [STDERR_REDIRECT] 
2026-03-09 20:35:01,945 [ERROR] LogOutputStream:75 - [STDERR_REDIRECT] [Fatal Error] :1:1: Premature end of file.
2026-03-09 20:35:01,945 [ERROR] LogOutputStream:75 - [STDERR_REDIRECT] 
2026-03-09 20:35:02,927 [ERROR] LogOutputStream:75 - [STDERR_REDIRECT] [Fatal Error] :1:1: Premature end of file.
2026-03-09 20:35:02,927 [ERROR] LogOutputStream:75 - [STDERR_REDIRECT] 
2026-03-09 20:35:03,935 [ERROR] LogOutputStream:75 - [STDERR_REDIRECT] [Fatal Error] :1:1: Premature end of file.
2026-03-09 20:35:03,935 [ERROR] LogOutputStream:75 - [STDERR_REDIRECT] 
2026-03-09 20:35:04,924 [ERROR] LogOutputStream:75 - [STDERR_REDIRECT] [Fatal Error] :1:1: Premature end of file.
2026-03-09 20:35:04,924 [ERROR] LogOutputStream:75 - [STDERR_REDIRECT] 
2026-03-09 20:35:05,933 [ERROR] LogOutputStream:75 - [STDERR_REDIRECT] [Fatal Error] :1:1: Premature end of file.
2026-03-09 20:35:05,933 [ERROR] LogOutputStream:75 - [STDERR_REDIRECT] 
2026-03-09 20:35:06,922 [ERROR] LogOutputStream:75 - [STDERR_REDIRECT] [Fatal Error] :1:1: Premature end of file.
2026-03-09 20:35:06,922 [ERROR] LogOutputStream:75 - [STDERR_REDIRECT] 
2026-03-09 20:35:07,927 [ERROR] LogOutputStream:75 - [STDERR_REDIRECT] [Fatal Error] :1:1: Premature end of file.
2026-03-09 20:35:07,928 [ERROR] LogOutputStream:75 - [STDERR_REDIRECT] 
2026-03-09 20:35:08,923 [ERROR] LogOutputStream:75 - [STDERR_REDIRECT] [Fatal Error] :1:1: Premature end of file.
2026-03-09 20:35:08,923 [ERROR] LogOutputStream:75 - [STDERR_REDIRECT] 
2026-03-09 20:35:09,929 [ERROR] LogOutputStream:75 - [STDERR_REDIRECT] [Fatal Error] :1:1: Premature end of file.
2026-03-09 20:35:09,929 [ERROR] LogOutputStream:75 - [STDERR_REDIRECT] 
2026-03-09 20:35:10,928 [ERROR] LogOutputStream:75 - [STDERR_REDIRECT] [Fatal Error] :1:1: Premature end of file.
2026-03-09 20:35:10,928 [ERROR] LogOutputStream:75 - [STDERR_REDIRECT] 
2026-03-09 20:35:11,934 [ERROR] LogOutputStream:75 - [STDERR_REDIRECT] [Fatal Error] :1:1: Premature end of file.
2026-03-09 20:35:11,934 [ERROR] LogOutputStream:75 - [STDERR_REDIRECT] 
2026-03-09 20:35:12,937 [ERROR] LogOutputStream:75 - [STDERR_REDIRECT] [Fatal Error] :1:1: Premature end of file.
2026-03-09 20:35:12,937 [ERROR] LogOutputStream:75 - [STDERR_REDIRECT] 
2026-03-09 20:35:13,930 [ERROR] LogOutputStream:75 - [STDERR_REDIRECT] [Fatal Error] :1:1: Premature end of file.
2026-03-09 20:35:13,930 [ERROR] LogOutputStream:75 - [STDERR_REDIRECT] 
2026-03-09 20:35:14,922 [ERROR] LogOutputStream:75 - [STDERR_REDIRECT] [Fatal Error] :1:1: Premature end of file.
2026-03-09 20:35:14,922 [ERROR] LogOutputStream:75 - [STDERR_REDIRECT] 
2026-03-09 20:35:15,929 [ERROR] LogOutputStream:75 - [STDERR_REDIRECT] [Fatal Error] :1:1: Premature end of file.
2026-03-09 20:35:15,930 [ERROR] LogOutputStream:75 - [STDERR_REDIRECT] 
2026-03-09 20:35:16,934 [ERROR] LogOutputStream:75 - [STDERR_REDIRECT] [Fatal Error] :1:1: Premature end of file.
2026-03-09 20:35:16,936 [ERROR] LogOutputStream:75 - [STDERR_REDIRECT] 
2026-03-09 20:35:17,928 [ERROR] LogOutputStream:75 - [STDERR_REDIRECT] [Fatal Error] :1:1: Premature end of file.
2026-03-09 20:35:17,928 [ERROR] LogOutputStream:75 - [STDERR_REDIRECT] 
2026-03-09 20:35:18,937 [ERROR] LogOutputStream:75 - [STDERR_REDIRECT] [Fatal Error] :1:1: Premature end of file.
2026-03-09 20:35:18,937 [ERROR] LogOutputStream:75 - [STDERR_REDIRECT] 
2026-03-09 20:35:19,927 [ERROR] LogOutputStream:75 - [STDERR_REDIRECT] [Fatal Error] :1:1: Premature end of file.
2026-03-09 20:35:19,927 [ERROR] LogOutputStream:75 - [STDERR_REDIRECT] 
2026-03-09 20:35:20,935 [ERROR] LogOutputStream:75 - [STDERR_REDIRECT] [Fatal Error] :1:1: Premature end of file.
2026-03-09 20:35:20,935 [ERROR] LogOutputStream:75 - [STDERR_REDIRECT] 
2026-03-09 20:35:21,932 [ERROR] LogOutputStream:75 - [STDERR_REDIRECT] [Fatal Error] :1:1: Premature end of file.
2026-03-09 20:35:21,933 [ERROR] LogOutputStream:75 - [STDERR_REDIRECT] 
2026-03-09 20:35:22,936 [ERROR] LogOutputStream:75 - [STDERR_REDIRECT] [Fatal Error] :1:1: Premature end of file.
2026-03-09 20:35:22,936 [ERROR] LogOutputStream:75 - [STDERR_REDIRECT] 
2026-03-09 20:35:23,929 [ERROR] LogOutputStream:75 - [STDERR_REDIRECT] [Fatal Error] :1:1: Premature end of file.
2026-03-09 20:35:23,929 [ERROR] LogOutputStream:75 - [STDERR_REDIRECT] 
2026-03-09 20:35:24,932 [ERROR] LogOutputStream:75 - [STDERR_REDIRECT] [Fatal Error] :1:1: Premature end of file.
2026-03-09 20:35:24,932 [ERROR] LogOutputStream:75 - [STDERR_REDIRECT] 
2026-03-09 20:35:25,925 [ERROR] LogOutputStream:75 - [STDERR_REDIRECT] [Fatal Error] :1:1: Premature end of file.
2026-03-09 20:35:25,925 [ERROR] LogOutputStream:75 - [STDERR_REDIRECT] 
2026-03-09 20:35:26,933 [ERROR] LogOutputStream:75 - [STDERR_REDIRECT] [Fatal Error] :1:1: Premature end of file.
2026-03-09 20:35:26,933 [ERROR] LogOutputStream:75 - [STDERR_REDIRECT] 
2026-03-09 20:35:27,925 [ERROR] LogOutputStream:75 - [STDERR_REDIRECT] [Fatal Error] :1:1: Premature end of file.
2026-03-09 20:35:27,925 [ERROR] LogOutputStream:75 - [STDERR_REDIRECT] 
2026-03-09 20:35:28,934 [ERROR] LogOutputStream:75 - [STDERR_REDIRECT] [Fatal Error] :1:1: Premature end of file.
2026-03-09 20:35:28,934 [ERROR] LogOutputStream:75 - [STDERR_REDIRECT] 
2026-03-09 20:35:29,929 [ERROR] LogOutputStream:75 - [STDERR_REDIRECT] [Fatal Error] :1:1: Premature end of file.
2026-03-09 20:35:29,929 [ERROR] LogOutputStream:75 - [STDERR_REDIRECT] 
2026-03-09 20:35:30,935 [ERROR] LogOutputStream:75 - [STDERR_REDIRECT] [Fatal Error] :1:1: Premature end of file.
2026-03-09 20:35:30,935 [ERROR] LogOutputStream:75 - [STDERR_REDIRECT] 
2026-03-09 20:35:31,935 [ERROR] LogOutputStream:75 - [STDERR_REDIRECT] [Fatal Error] :1:1: Premature end of file.
2026-03-09 20:35:31,936 [ERROR] LogOutputStream:75 - [STDERR_REDIRECT] 
2026-03-09 20:35:32,922 [ERROR] LogOutputStream:75 - [STDERR_REDIRECT] [Fatal Error] :1:1: Premature end of file.
2026-03-09 20:35:32,922 [ERROR] LogOutputStream:75 - [STDERR_REDIRECT] 
2026-03-09 20:35:33,925 [ERROR] LogOutputStream:75 - [STDERR_REDIRECT] [Fatal Error] :1:1: Premature end of file.
2026-03-09 20:35:33,925 [ERROR] LogOutputStream:75 - [STDERR_REDIRECT] 
2026-03-09 20:35:34,932 [ERROR] LogOutputStream:75 - [STDERR_REDIRECT] [Fatal Error] :1:1: Premature end of file.
2026-03-09 20:35:34,932 [ERROR] LogOutputStream:75 - [STDERR_REDIRECT] 
2026-03-09 20:35:35,925 [ERROR] LogOutputStream:75 - [STDERR_REDIRECT] [Fatal Error] :1:1: Premature end of file.
2026-03-09 20:35:35,925 [ERROR] LogOutputStream:75 - [STDERR_REDIRECT] 
2026-03-09 20:35:36,950 [ERROR] LogOutputStream:75 - [STDERR_REDIRECT] [Fatal Error] :1:1: Premature end of file.
2026-03-09 20:35:36,950 [ERROR] LogOutputStream:75 - [STDERR_REDIRECT] 
2026-03-09 20:35:37,929 [ERROR] LogOutputStream:75 - [STDERR_REDIRECT] [Fatal Error] :1:1: Premature end of file.
2026-03-09 20:35:37,929 [ERROR] LogOutputStream:75 - [STDERR_REDIRECT] 
2026-03-09 20:35:38,920 [ERROR] LogOutputStream:75 - [STDERR_REDIRECT] [Fatal Error] :1:1: Premature end of file.
2026-03-09 20:35:38,920 [ERROR] LogOutputStream:75 - [STDERR_REDIRECT] 
2026-03-09 20:35:39,924 [ERROR] LogOutputStream:75 - [STDERR_REDIRECT] [Fatal Error] :1:1: Premature end of file.
2026-03-09 20:35:39,924 [ERROR] LogOutputStream:75 - [STDERR_REDIRECT] 
2026-03-09 20:35:40,933 [ERROR] LogOutputStream:75 - [STDERR_REDIRECT] [Fatal Error] :1:1: Premature end of file.
2026-03-09 20:35:40,933 [ERROR] LogOutputStream:75 - [STDERR_REDIRECT] 
2026-03-09 20:35:41,923 [ERROR] LogOutputStream:75 - [STDERR_REDIRECT] [Fatal Error] :1:1: Premature end of file.
2026-03-09 20:35:41,923 [ERROR] LogOutputStream:75 - [STDERR_REDIRECT] 
2026-03-09 20:35:42,927 [ERROR] LogOutputStream:75 - [STDERR_REDIRECT] [Fatal Error] :1:1: Premature end of file.
2026-03-09 20:35:42,927 [ERROR] LogOutputStream:75 - [STDERR_REDIRECT] 
2026-03-09 20:35:43,935 [ERROR] LogOutputStream:75 - [STDERR_REDIRECT] [Fatal Error] :1:1: Premature end of file.
2026-03-09 20:35:43,935 [ERROR] LogOutputStream:75 - [STDERR_REDIRECT] 
2026-03-09 20:35:44,926 [ERROR] LogOutputStream:75 - [STDERR_REDIRECT] [Fatal Error] :1:1: Premature end of file.
2026-03-09 20:35:44,926 [ERROR] LogOutputStream:75 - [STDERR_REDIRECT] 
2026-03-09 20:35:45,935 [ERROR] LogOutputStream:75 - [STDERR_REDIRECT] [Fatal Error] :1:1: Premature end of file.
2026-03-09 20:35:45,935 [ERROR] LogOutputStream:75 - [STDERR_REDIRECT] 
2026-03-09 20:35:46,930 [ERROR] LogOutputStream:75 - [STDERR_REDIRECT] [Fatal Error] :1:1: Premature end of file.
2026-03-09 20:35:46,930 [ERROR] LogOutputStream:75 - [STDERR_REDIRECT] 
2026-03-09 20:35:47,933 [ERROR] LogOutputStream:75 - [STDERR_REDIRECT] [Fatal Error] :1:1: Premature end of file.
2026-03-09 20:35:47,933 [ERROR] LogOutputStream:75 - [STDERR_REDIRECT] 
2026-03-09 20:35:48,934 [ERROR] LogOutputStream:75 - [STDERR_REDIRECT] [Fatal Error] :1:1: Premature end of file.
2026-03-09 20:35:48,934 [ERROR] LogOutputStream:75 - [STDERR_REDIRECT] 
2026-03-09 20:35:49,927 [ERROR] LogOutputStream:75 - [STDERR_REDIRECT] [Fatal Error] :1:1: Premature end of file.
2026-03-09 20:35:49,927 [ERROR] LogOutputStream:75 - [STDERR_REDIRECT] 
2026-03-09 20:35:50,934 [ERROR] LogOutputStream:75 - [STDERR_REDIRECT] [Fatal Error] :1:1: Premature end of file.
2026-03-09 20:35:50,934 [ERROR] LogOutputStream:75 - [STDERR_REDIRECT] 
2026-03-09 20:35:51,924 [ERROR] LogOutputStream:75 - [STDERR_REDIRECT] [Fatal Error] :1:1: Premature end of file.
2026-03-09 20:35:51,924 [ERROR] LogOutputStream:75 - [STDERR_REDIRECT] 
2026-03-09 20:35:52,928 [ERROR] LogOutputStream:75 - [STDERR_REDIRECT] [Fatal Error] :1:1: Premature end of file.
2026-03-09 20:35:52,928 [ERROR] LogOutputStream:75 - [STDERR_REDIRECT] 
2026-03-09 20:35:53,931 [ERROR] LogOutputStream:75 - [STDERR_REDIRECT] [Fatal Error] :1:1: Premature end of file.
2026-03-09 20:35:53,932 [ERROR] LogOutputStream:75 - [STDERR_REDIRECT] 
2026-03-09 20:35:54,924 [ERROR] LogOutputStream:75 - [STDERR_REDIRECT] [Fatal Error] :1:1: Premature end of file.
2026-03-09 20:35:54,924 [ERROR] LogOutputStream:75 - [STDERR_REDIRECT] 
2026-03-09 20:35:55,934 [ERROR] LogOutputStream:75 - [STDERR_REDIRECT] [Fatal Error] :1:1: Premature end of file.
2026-03-09 20:35:55,934 [ERROR] LogOutputStream:75 - [STDERR_REDIRECT] 
2026-03-09 20:35:56,936 [ERROR] LogOutputStream:75 - [STDERR_REDIRECT] [Fatal Error] :1:1: Premature end of file.
2026-03-09 20:35:56,936 [ERROR] LogOutputStream:75 - [STDERR_REDIRECT] 
2026-03-09 20:35:57,946 [ERROR] LogOutputStream:75 - [STDERR_REDIRECT] [Fatal Error] :1:1: Premature end of file.
2026-03-09 20:35:57,946 [ERROR] LogOutputStream:75 - [STDERR_REDIRECT] 
2026-03-09 20:35:58,926 [ERROR] LogOutputStream:75 - [STDERR_REDIRECT] [Fatal Error] :1:1: Premature end of file.
2026-03-09 20:35:58,926 [ERROR] LogOutputStream:75 - [STDERR_REDIRECT] 
2026-03-09 20:35:59,935 [ERROR] LogOutputStream:75 - [STDERR_REDIRECT] [Fatal Error] :1:1: Premature end of file.
2026-03-09 20:35:59,935 [ERROR] LogOutputStream:75 - [STDERR_REDIRECT] 
2026-03-09 20:36:00,935 [ERROR] LogOutputStream:75 - [STDERR_REDIRECT] [Fatal Error] :1:1: Premature end of file.
2026-03-09 20:36:00,935 [ERROR] LogOutputStream:75 - [STDERR_REDIRECT] 
2026-03-09 20:36:01,936 [ERROR] LogOutputStream:75 - [STDERR_REDIRECT] [Fatal Error] :1:1: Premature end of file.
2026-03-09 20:36:01,936 [ERROR] LogOutputStream:75 - [STDERR_REDIRECT] 
2026-03-09 20:36:02,925 [ERROR] LogOutputStream:75 - [STDERR_REDIRECT] [Fatal Error] :1:1: Premature end of file.
2026-03-09 20:36:02,925 [ERROR] LogOutputStream:75 - [STDERR_REDIRECT] 
2026-03-09 20:36:03,931 [ERROR] LogOutputStream:75 - [STDERR_REDIRECT] [Fatal Error] :1:1: Premature end of file.
2026-03-09 20:36:03,931 [ERROR] LogOutputStream:75 - [STDERR_REDIRECT] 
2026-03-09 20:36:04,933 [ERROR] LogOutputStream:75 - [STDERR_REDIRECT] [Fatal Error] :1:1: Premature end of file.
2026-03-09 20:36:04,933 [ERROR] LogOutputStream:75 - [STDERR_REDIRECT] 
2026-03-09 20:36:05,925 [ERROR] LogOutputStream:75 - [STDERR_REDIRECT] [Fatal Error] :1:1: Premature end of file.
2026-03-09 20:36:05,925 [ERROR] LogOutputStream:75 - [STDERR_REDIRECT] 
2026-03-09 20:36:06,931 [ERROR] LogOutputStream:75 - [STDERR_REDIRECT] [Fatal Error] :1:1: Premature end of file.
2026-03-09 20:36:06,931 [ERROR] LogOutputStream:75 - [STDERR_REDIRECT] 
2026-03-09 20:36:07,935 [ERROR] LogOutputStream:75 - [STDERR_REDIRECT] [Fatal Error] :1:1: Premature end of file.
2026-03-09 20:36:07,935 [ERROR] LogOutputStream:75 - [STDERR_REDIRECT] 
2026-03-09 20:36:08,928 [ERROR] LogOutputStream:75 - [STDERR_REDIRECT] [Fatal Error] :1:1: Premature end of file.
2026-03-09 20:36:08,928 [ERROR] LogOutputStream:75 - [STDERR_REDIRECT] 
2026-03-09 20:36:09,939 [ERROR] LogOutputStream:75 - [STDERR_REDIRECT] [Fatal Error] :1:1: Premature end of file.
2026-03-09 20:36:09,939 [ERROR] LogOutputStream:75 - [STDERR_REDIRECT] 
2026-03-09 20:36:10,934 [ERROR] LogOutputStream:75 - [STDERR_REDIRECT] [Fatal Error] :1:1: Premature end of file.
2026-03-09 20:36:10,935 [ERROR] LogOutputStream:75 - [STDERR_REDIRECT] 
2026-03-09 20:36:11,926 [ERROR] LogOutputStream:75 - [STDERR_REDIRECT] [Fatal Error] :1:1: Premature end of file.
2026-03-09 20:36:11,927 [ERROR] LogOutputStream:75 - [STDERR_REDIRECT] 
2026-03-09 20:36:12,934 [ERROR] LogOutputStream:75 - [STDERR_REDIRECT] [Fatal Error] :1:1: Premature end of file.
2026-03-09 20:36:12,934 [ERROR] LogOutputStream:75 - [STDERR_REDIRECT] 
2026-03-09 20:36:13,927 [ERROR] LogOutputStream:75 - [STDERR_REDIRECT] [Fatal Error] :1:1: Premature end of file.
2026-03-09 20:36:13,928 [ERROR] LogOutputStream:75 - [STDERR_REDIRECT] 
2026-03-09 20:36:14,930 [ERROR] LogOutputStream:75 - [STDERR_REDIRECT] [Fatal Error] :1:1: Premature end of file.
2026-03-09 20:36:14,930 [ERROR] LogOutputStream:75 - [STDERR_REDIRECT] 
2026-03-09 20:36:15,934 [ERROR] LogOutputStream:75 - [STDERR_REDIRECT] [Fatal Error] :1:1: Premature end of file.
2026-03-09 20:36:15,934 [ERROR] LogOutputStream:75 - [STDERR_REDIRECT] 
2026-03-09 20:36:16,922 [ERROR] LogOutputStream:75 - [STDERR_REDIRECT] [Fatal Error] :1:1: Premature end of file.
2026-03-09 20:36:16,922 [ERROR] LogOutputStream:75 - [STDERR_REDIRECT] 
2026-03-09 20:36:17,924 [ERROR] LogOutputStream:75 - [STDERR_REDIRECT] [Fatal Error] :1:1: Premature end of file.
2026-03-09 20:36:17,924 [ERROR] LogOutputStream:75 - [STDERR_REDIRECT] 
2026-03-09 20:36:18,930 [ERROR] LogOutputStream:75 - [STDERR_REDIRECT] [Fatal Error] :1:1: Premature end of file.
2026-03-09 20:36:18,930 [ERROR] LogOutputStream:75 - [STDERR_REDIRECT] 
2026-03-09 20:36:19,930 [ERROR] LogOutputStream:75 - [STDERR_REDIRECT] [Fatal Error] :1:1: Premature end of file.
2026-03-09 20:36:19,930 [ERROR] LogOutputStream:75 - [STDERR_REDIRECT] 
2026-03-09 20:36:20,937 [ERROR] LogOutputStream:75 - [STDERR_REDIRECT] [Fatal Error] :1:1: Premature end of file.
2026-03-09 20:36:20,937 [ERROR] LogOutputStream:75 - [STDERR_REDIRECT] 
2026-03-09 20:36:21,926 [ERROR] LogOutputStream:75 - [STDERR_REDIRECT] [Fatal Error] :1:1: Premature end of file.
2026-03-09 20:36:21,926 [ERROR] LogOutputStream:75 - [STDERR_REDIRECT] 
2026-03-09 20:36:22,933 [ERROR] LogOutputStream:75 - [STDERR_REDIRECT] [Fatal Error] :1:1: Premature end of file.
2026-03-09 20:36:22,933 [ERROR] LogOutputStream:75 - [STDERR_REDIRECT] 
2026-03-09 20:36:23,927 [ERROR] LogOutputStream:75 - [STDERR_REDIRECT] [Fatal Error] :1:1: Premature end of file.
2026-03-09 20:36:23,928 [ERROR] LogOutputStream:75 - [STDERR_REDIRECT] 
2026-03-09 20:36:24,937 [ERROR] LogOutputStream:75 - [STDERR_REDIRECT] [Fatal Error] :1:1: Premature end of file.
2026-03-09 20:36:24,937 [ERROR] LogOutputStream:75 - [STDERR_REDIRECT] 
2026-03-09 20:36:25,929 [ERROR] LogOutputStream:75 - [STDERR_REDIRECT] [Fatal Error] :1:1: Premature end of file.
2026-03-09 20:36:25,929 [ERROR] LogOutputStream:75 - [STDERR_REDIRECT] 
2026-03-09 20:36:26,934 [ERROR] LogOutputStream:75 - [STDERR_REDIRECT] [Fatal Error] :1:1: Premature end of file.
2026-03-09 20:36:26,934 [ERROR] LogOutputStream:75 - [STDERR_REDIRECT] 
2026-03-09 20:36:27,927 [ERROR] LogOutputStream:75 - [STDERR_REDIRECT] [Fatal Error] :1:1: Premature end of file.
2026-03-09 20:36:27,927 [ERROR] LogOutputStream:75 - [STDERR_REDIRECT] 
2026-03-09 20:36:28,934 [ERROR] LogOutputStream:75 - [STDERR_REDIRECT] [Fatal Error] :1:1: Premature end of file.
2026-03-09 20:36:28,934 [ERROR] LogOutputStream:75 - [STDERR_REDIRECT] 
2026-03-09 20:36:29,928 [ERROR] LogOutputStream:75 - [STDERR_REDIRECT] [Fatal Error] :1:1: Premature end of file.
2026-03-09 20:36:29,928 [ERROR] LogOutputStream:75 - [STDERR_REDIRECT] 
2026-03-09 20:36:30,936 [ERROR] LogOutputStream:75 - [STDERR_REDIRECT] [Fatal Error] :1:1: Premature end of file.
2026-03-09 20:36:30,936 [ERROR] LogOutputStream:75 - [STDERR_REDIRECT] 
2026-03-09 20:36:31,920 [ERROR] LogOutputStream:75 - [STDERR_REDIRECT] [Fatal Error] :1:1: Premature end of file.
2026-03-09 20:36:31,920 [ERROR] LogOutputStream:75 - [STDERR_REDIRECT] 
2026-03-09 20:36:32,930 [ERROR] LogOutputStream:75 - [STDERR_REDIRECT] [Fatal Error] :1:1: Premature end of file.
2026-03-09 20:36:32,931 [ERROR] LogOutputStream:75 - [STDERR_REDIRECT] 
2026-03-09 20:36:33,936 [ERROR] LogOutputStream:75 - [STDERR_REDIRECT] [Fatal Error] :1:1: Premature end of file.
2026-03-09 20:36:33,936 [ERROR] LogOutputStream:75 - [STDERR_REDIRECT] 
2026-03-09 20:36:34,931 [ERROR] LogOutputStream:75 - [STDERR_REDIRECT] [Fatal Error] :1:1: Premature end of file.
2026-03-09 20:36:34,931 [ERROR] LogOutputStream:75 - [STDERR_REDIRECT] 
2026-03-09 20:36:35,933 [ERROR] LogOutputStream:75 - [STDERR_REDIRECT] [Fatal Error] :1:1: Premature end of file.
2026-03-09 20:36:35,933 [ERROR] LogOutputStream:75 - [STDERR_REDIRECT] 
2026-03-09 20:36:36,924 [ERROR] LogOutputStream:75 - [STDERR_REDIRECT] [Fatal Error] :1:1: Premature end of file.
2026-03-09 20:36:36,924 [ERROR] LogOutputStream:75 - [STDERR_REDIRECT] 
2026-03-09 20:36:37,931 [ERROR] LogOutputStream:75 - [STDERR_REDIRECT] [Fatal Error] :1:1: Premature end of file.
2026-03-09 20:36:37,932 [ERROR] LogOutputStream:75 - [STDERR_REDIRECT] 
2026-03-09 20:36:38,936 [ERROR] LogOutputStream:75 - [STDERR_REDIRECT] [Fatal Error] :1:1: Premature end of file.
2026-03-09 20:36:38,936 [ERROR] LogOutputStream:75 - [STDERR_REDIRECT] 
2026-03-09 20:36:39,925 [ERROR] LogOutputStream:75 - [STDERR_REDIRECT] [Fatal Error] :1:1: Premature end of file.
2026-03-09 20:36:39,926 [ERROR] LogOutputStream:75 - [STDERR_REDIRECT] 
2026-03-09 20:36:40,934 [ERROR] LogOutputStream:75 - [STDERR_REDIRECT] [Fatal Error] :1:1: Premature end of file.
2026-03-09 20:36:40,934 [ERROR] LogOutputStream:75 - [STDERR_REDIRECT] 
2026-03-09 20:36:41,929 [ERROR] LogOutputStream:75 - [STDERR_REDIRECT] [Fatal Error] :1:1: Premature end of file.
2026-03-09 20:36:41,929 [ERROR] LogOutputStream:75 - [STDERR_REDIRECT] 
2026-03-09 20:36:42,939 [ERROR] LogOutputStream:75 - [STDERR_REDIRECT] [Fatal Error] :1:1: Premature end of file.
2026-03-09 20:36:42,939 [ERROR] LogOutputStream:75 - [STDERR_REDIRECT] 
2026-03-09 20:36:43,932 [ERROR] LogOutputStream:75 - [STDERR_REDIRECT] [Fatal Error] :1:1: Premature end of file.
2026-03-09 20:36:43,932 [ERROR] LogOutputStream:75 - [STDERR_REDIRECT] 
2026-03-09 20:36:44,930 [ERROR] LogOutputStream:75 - [STDERR_REDIRECT] [Fatal Error] :1:1: Premature end of file.
2026-03-09 20:36:44,930 [ERROR] LogOutputStream:75 - [STDERR_REDIRECT] 
2026-03-09 20:36:45,922 [ERROR] LogOutputStream:75 - [STDERR_REDIRECT] [Fatal Error] :1:1: Premature end of file.
2026-03-09 20:36:45,922 [ERROR] LogOutputStream:75 - [STDERR_REDIRECT] 
2026-03-09 20:36:46,925 [ERROR] LogOutputStream:75 - [STDERR_REDIRECT] [Fatal Error] :1:1: Premature end of file.
2026-03-09 20:36:46,925 [ERROR] LogOutputStream:75 - [STDERR_REDIRECT] 
2026-03-09 20:36:47,928 [ERROR] LogOutputStream:75 - [STDERR_REDIRECT] [Fatal Error] :1:1: Premature end of file.
2026-03-09 20:36:47,928 [ERROR] LogOutputStream:75 - [STDERR_REDIRECT] 
2026-03-09 20:36:48,933 [ERROR] LogOutputStream:75 - [STDERR_REDIRECT] [Fatal Error] :1:1: Premature end of file.
2026-03-09 20:36:48,933 [ERROR] LogOutputStream:75 - [STDERR_REDIRECT] 
2026-03-09 20:36:49,935 [ERROR] LogOutputStream:75 - [STDERR_REDIRECT] [Fatal Error] :1:1: Premature end of file.
2026-03-09 20:36:49,935 [ERROR] LogOutputStream:75 - [STDERR_REDIRECT] 
2026-03-09 20:36:50,934 [ERROR] LogOutputStream:75 - [STDERR_REDIRECT] [Fatal Error] :1:1: Premature end of file.
2026-03-09 20:36:50,934 [ERROR] LogOutputStream:75 - [STDERR_REDIRECT] 
2026-03-09 20:36:51,925 [ERROR] LogOutputStream:75 - [STDERR_REDIRECT] [Fatal Error] :1:1: Premature end of file.
2026-03-09 20:36:51,925 [ERROR] LogOutputStream:75 - [STDERR_REDIRECT] 
2026-03-09 20:36:52,934 [ERROR] LogOutputStream:75 - [STDERR_REDIRECT] [Fatal Error] :1:1: Premature end of file.
2026-03-09 20:36:52,935 [ERROR] LogOutputStream:75 - [STDERR_REDIRECT] 
2026-03-09 20:36:53,923 [ERROR] LogOutputStream:75 - [STDERR_REDIRECT] [Fatal Error] :1:1: Premature end of file.
2026-03-09 20:36:53,925 [ERROR] LogOutputStream:75 - [STDERR_REDIRECT] 
2026-03-09 20:36:54,927 [ERROR] LogOutputStream:75 - [STDERR_REDIRECT] [Fatal Error] :1:1: Premature end of file.
2026-03-09 20:36:54,927 [ERROR] LogOutputStream:75 - [STDERR_REDIRECT] 
2026-03-09 20:36:55,924 [ERROR] LogOutputStream:75 - [STDERR_REDIRECT] [Fatal Error] :1:1: Premature end of file.
2026-03-09 20:36:55,924 [ERROR] LogOutputStream:75 - [STDERR_REDIRECT] 
2026-03-09 20:36:56,931 [ERROR] LogOutputStream:75 - [STDERR_REDIRECT] [Fatal Error] :1:1: Premature end of file.
2026-03-09 20:36:56,931 [ERROR] LogOutputStream:75 - [STDERR_REDIRECT] 
2026-03-09 20:36:57,931 [ERROR] LogOutputStream:75 - [STDERR_REDIRECT] [Fatal Error] :1:1: Premature end of file.
2026-03-09 20:36:57,931 [ERROR] LogOutputStream:75 - [STDERR_REDIRECT] 
2026-03-09 20:36:58,935 [ERROR] LogOutputStream:75 - [STDERR_REDIRECT] [Fatal Error] :1:1: Premature end of file.
2026-03-09 20:36:58,935 [ERROR] LogOutputStream:75 - [STDERR_REDIRECT] 
2026-03-09 20:36:59,929 [ERROR] LogOutputStream:75 - [STDERR_REDIRECT] [Fatal Error] :1:1: Premature end of file.
2026-03-09 20:36:59,930 [ERROR] LogOutputStream:75 - [STDERR_REDIRECT] 
2026-03-09 20:37:00,936 [ERROR] LogOutputStream:75 - [STDERR_REDIRECT] [Fatal Error] :1:1: Premature end of file.
2026-03-09 20:37:00,936 [ERROR] LogOutputStream:75 - [STDERR_REDIRECT] 
2026-03-09 20:37:01,930 [ERROR] LogOutputStream:75 - [STDERR_REDIRECT] [Fatal Error] :1:1: Premature end of file.
2026-03-09 20:37:01,930 [ERROR] LogOutputStream:75 - [STDERR_REDIRECT] 
2026-03-09 20:37:02,934 [ERROR] LogOutputStream:75 - [STDERR_REDIRECT] [Fatal Error] :1:1: Premature end of file.
2026-03-09 20:37:02,934 [ERROR] LogOutputStream:75 - [STDERR_REDIRECT] 
2026-03-09 20:37:03,931 [ERROR] LogOutputStream:75 - [STDERR_REDIRECT] [Fatal Error] :1:1: Premature end of file.
2026-03-09 20:37:03,933 [ERROR] LogOutputStream:75 - [STDERR_REDIRECT] 
2026-03-09 20:37:04,942 [ERROR] LogOutputStream:75 - [STDERR_REDIRECT] [Fatal Error] :1:1: Premature end of file.
2026-03-09 20:37:04,942 [ERROR] LogOutputStream:75 - [STDERR_REDIRECT] 
2026-03-09 20:37:05,929 [ERROR] LogOutputStream:75 - [STDERR_REDIRECT] [Fatal Error] :1:1: Premature end of file.
2026-03-09 20:37:05,929 [ERROR] LogOutputStream:75 - [STDERR_REDIRECT] 
2026-03-09 20:37:06,937 [ERROR] LogOutputStream:75 - [STDERR_REDIRECT] [Fatal Error] :1:1: Premature end of file.
2026-03-09 20:37:06,937 [ERROR] LogOutputStream:75 - [STDERR_REDIRECT] 
2026-03-09 20:37:07,931 [ERROR] LogOutputStream:75 - [STDERR_REDIRECT] [Fatal Error] :1:1: Premature end of file.
2026-03-09 20:37:07,932 [ERROR] LogOutputStream:75 - [STDERR_REDIRECT] 
2026-03-09 20:37:08,921 [ERROR] LogOutputStream:75 - [STDERR_REDIRECT] [Fatal Error] :1:1: Premature end of file.
2026-03-09 20:37:08,921 [ERROR] LogOutputStream:75 - [STDERR_REDIRECT] 
2026-03-09 20:37:09,931 [ERROR] LogOutputStream:75 - [STDERR_REDIRECT] [Fatal Error] :1:1: Premature end of file.
2026-03-09 20:37:09,931 [ERROR] LogOutputStream:75 - [STDERR_REDIRECT] 
2026-03-09 20:37:10,924 [ERROR] LogOutputStream:75 - [STDERR_REDIRECT] [Fatal Error] :1:1: Premature end of file.
2026-03-09 20:37:10,924 [ERROR] LogOutputStream:75 - [STDERR_REDIRECT] 
2026-03-09 20:37:11,929 [ERROR] LogOutputStream:75 - [STDERR_REDIRECT] [Fatal Error] :1:1: Premature end of file.
2026-03-09 20:37:11,930 [ERROR] LogOutputStream:75 - [STDERR_REDIRECT] 
2026-03-09 20:37:12,924 [ERROR] LogOutputStream:75 - [STDERR_REDIRECT] [Fatal Error] :1:1: Premature end of file.
2026-03-09 20:37:12,924 [ERROR] LogOutputStream:75 - [STDERR_REDIRECT] 
2026-03-09 20:37:13,925 [ERROR] LogOutputStream:75 - [STDERR_REDIRECT] [Fatal Error] :1:1: Premature end of file.
2026-03-09 20:37:13,925 [ERROR] LogOutputStream:75 - [STDERR_REDIRECT] 
2026-03-09 20:37:14,943 [ERROR] LogOutputStream:75 - [STDERR_REDIRECT] [Fatal Error] :1:1: Premature end of file.
2026-03-09 20:37:14,943 [ERROR] LogOutputStream:75 - [STDERR_REDIRECT] 
2026-03-09 20:37:15,936 [ERROR] LogOutputStream:75 - [STDERR_REDIRECT] [Fatal Error] :1:1: Premature end of file.
2026-03-09 20:37:15,936 [ERROR] LogOutputStream:75 - [STDERR_REDIRECT] 
2026-03-09 20:37:16,928 [ERROR] LogOutputStream:75 - [STDERR_REDIRECT] [Fatal Error] :1:1: Premature end of file.
2026-03-09 20:37:16,928 [ERROR] LogOutputStream:75 - [STDERR_REDIRECT] 
2026-03-09 20:37:17,932 [ERROR] LogOutputStream:75 - [STDERR_REDIRECT] [Fatal Error] :1:1: Premature end of file.
2026-03-09 20:37:17,932 [ERROR] LogOutputStream:75 - [STDERR_REDIRECT] 
2026-03-09 20:37:18,921 [ERROR] LogOutputStream:75 - [STDERR_REDIRECT] [Fatal Error] :1:1: Premature end of file.
2026-03-09 20:37:18,921 [ERROR] LogOutputStream:75 - [STDERR_REDIRECT] 
2026-03-09 20:37:19,925 [ERROR] LogOutputStream:75 - [STDERR_REDIRECT] [Fatal Error] :1:1: Premature end of file.
2026-03-09 20:37:19,925 [ERROR] LogOutputStream:75 - [STDERR_REDIRECT] 
2026-03-09 20:37:20,932 [ERROR] LogOutputStream:75 - [STDERR_REDIRECT] [Fatal Error] :1:1: Premature end of file.
2026-03-09 20:37:20,932 [ERROR] LogOutputStream:75 - [STDERR_REDIRECT] 
2026-03-09 20:37:21,923 [ERROR] LogOutputStream:75 - [STDERR_REDIRECT] [Fatal Error] :1:1: Premature end of file.
2026-03-09 20:37:21,923 [ERROR] LogOutputStream:75 - [STDERR_REDIRECT] 
2026-03-09 20:37:22,929 [ERROR] LogOutputStream:75 - [STDERR_REDIRECT] [Fatal Error] :1:1: Premature end of file.
2026-03-09 20:37:22,929 [ERROR] LogOutputStream:75 - [STDERR_REDIRECT] 
2026-03-09 20:37:23,934 [ERROR] LogOutputStream:75 - [STDERR_REDIRECT] [Fatal Error] :1:1: Premature end of file.
2026-03-09 20:37:23,934 [ERROR] LogOutputStream:75 - [STDERR_REDIRECT] 
2026-03-09 20:37:24,927 [ERROR] LogOutputStream:75 - [STDERR_REDIRECT] [Fatal Error] :1:1: Premature end of file.
2026-03-09 20:37:24,928 [ERROR] LogOutputStream:75 - [STDERR_REDIRECT] 
2026-03-09 20:37:25,934 [ERROR] LogOutputStream:75 - [STDERR_REDIRECT] [Fatal Error] :1:1: Premature end of file.
2026-03-09 20:37:25,934 [ERROR] LogOutputStream:75 - [STDERR_REDIRECT] 
2026-03-09 20:37:26,938 [ERROR] LogOutputStream:75 - [STDERR_REDIRECT] [Fatal Error] :1:1: Premature end of file.
2026-03-09 20:37:26,938 [ERROR] LogOutputStream:75 - [STDERR_REDIRECT] 
2026-03-09 20:37:27,924 [ERROR] LogOutputStream:75 - [STDERR_REDIRECT] [Fatal Error] :1:1: Premature end of file.
2026-03-09 20:37:27,925 [ERROR] LogOutputStream:75 - [STDERR_REDIRECT] 
2026-03-09 20:37:28,932 [ERROR] LogOutputStream:75 - [STDERR_REDIRECT] [Fatal Error] :1:1: Premature end of file.
2026-03-09 20:37:28,932 [ERROR] LogOutputStream:75 - [STDERR_REDIRECT] 
2026-03-09 20:37:29,931 [ERROR] LogOutputStream:75 - [STDERR_REDIRECT] [Fatal Error] :1:1: Premature end of file.
2026-03-09 20:37:29,931 [ERROR] LogOutputStream:75 - [STDERR_REDIRECT] 
2026-03-09 20:37:30,928 [ERROR] LogOutputStream:75 - [STDERR_REDIRECT] [Fatal Error] :1:1: Premature end of file.
2026-03-09 20:37:30,928 [ERROR] LogOutputStream:75 - [STDERR_REDIRECT] 
2026-03-09 20:37:31,933 [ERROR] LogOutputStream:75 - [STDERR_REDIRECT] [Fatal Error] :1:1: Premature end of file.
2026-03-09 20:37:31,933 [ERROR] LogOutputStream:75 - [STDERR_REDIRECT] 
2026-03-09 20:37:32,922 [ERROR] LogOutputStream:75 - [STDERR_REDIRECT] [Fatal Error] :1:1: Premature end of file.
2026-03-09 20:37:32,922 [ERROR] LogOutputStream:75 - [STDERR_REDIRECT] 
2026-03-09 20:37:33,933 [ERROR] LogOutputStream:75 - [STDERR_REDIRECT] [Fatal Error] :1:1: Premature end of file.
2026-03-09 20:37:33,933 [ERROR] LogOutputStream:75 - [STDERR_REDIRECT] 
2026-03-09 20:37:34,923 [ERROR] LogOutputStream:75 - [STDERR_REDIRECT] [Fatal Error] :1:1: Premature end of file.
2026-03-09 20:37:34,923 [ERROR] LogOutputStream:75 - [STDERR_REDIRECT] 
2026-03-09 20:37:35,932 [ERROR] LogOutputStream:75 - [STDERR_REDIRECT] [Fatal Error] :1:1: Premature end of file.
2026-03-09 20:37:35,932 [ERROR] LogOutputStream:75 - [STDERR_REDIRECT] 
2026-03-09 20:37:36,937 [ERROR] LogOutputStream:75 - [STDERR_REDIRECT] [Fatal Error] :1:1: Premature end of file.
2026-03-09 20:37:36,937 [ERROR] LogOutputStream:75 - [STDERR_REDIRECT] 
2026-03-09 20:37:37,929 [ERROR] LogOutputStream:75 - [STDERR_REDIRECT] [Fatal Error] :1:1: Premature end of file.
2026-03-09 20:37:37,929 [ERROR] LogOutputStream:75 - [STDERR_REDIRECT] 
2026-03-09 20:37:38,923 [ERROR] LogOutputStream:75 - [STDERR_REDIRECT] [Fatal Error] :1:1: Premature end of file.
2026-03-09 20:37:38,923 [ERROR] LogOutputStream:75 - [STDERR_REDIRECT] 
2026-03-09 20:37:39,929 [ERROR] LogOutputStream:75 - [STDERR_REDIRECT] [Fatal Error] :1:1: Premature end of file.
2026-03-09 20:37:39,929 [ERROR] LogOutputStream:75 - [STDERR_REDIRECT] 
2026-03-09 20:37:40,926 [ERROR] LogOutputStream:75 - [STDERR_REDIRECT] [Fatal Error] :1:1: Premature end of file.
2026-03-09 20:37:40,926 [ERROR] LogOutputStream:75 - [STDERR_REDIRECT] 
2026-03-09 20:37:41,931 [ERROR] LogOutputStream:75 - [STDERR_REDIRECT] [Fatal Error] :1:1: Premature end of file.
2026-03-09 20:37:41,931 [ERROR] LogOutputStream:75 - [STDERR_REDIRECT] 
2026-03-09 20:37:42,932 [ERROR] LogOutputStream:75 - [STDERR_REDIRECT] [Fatal Error] :1:1: Premature end of file.
2026-03-09 20:37:42,932 [ERROR] LogOutputStream:75 - [STDERR_REDIRECT] 
2026-03-09 20:37:43,922 [ERROR] LogOutputStream:75 - [STDERR_REDIRECT] [Fatal Error] :1:1: Premature end of file.
2026-03-09 20:37:43,922 [ERROR] LogOutputStream:75 - [STDERR_REDIRECT] 
2026-03-09 20:37:44,929 [ERROR] LogOutputStream:75 - [STDERR_REDIRECT] [Fatal Error] :1:1: Premature end of file.
2026-03-09 20:37:44,929 [ERROR] LogOutputStream:75 - [STDERR_REDIRECT] 
2026-03-09 20:37:45,921 [ERROR] LogOutputStream:75 - [STDERR_REDIRECT] [Fatal Error] :1:1: Premature end of file.
2026-03-09 20:37:45,922 [ERROR] LogOutputStream:75 - [STDERR_REDIRECT] 
2026-03-09 20:37:46,930 [ERROR] LogOutputStream:75 - [STDERR_REDIRECT] [Fatal Error] :1:1: Premature end of file.
2026-03-09 20:37:46,930 [ERROR] LogOutputStream:75 - [STDERR_REDIRECT] 
2026-03-09 20:37:47,941 [ERROR] LogOutputStream:75 - [STDERR_REDIRECT] [Fatal Error] :1:1: Premature end of file.
2026-03-09 20:37:47,941 [ERROR] LogOutputStream:75 - [STDERR_REDIRECT] 
2026-03-09 20:37:48,927 [ERROR] LogOutputStream:75 - [STDERR_REDIRECT] [Fatal Error] :1:1: Premature end of file.
2026-03-09 20:37:48,927 [ERROR] LogOutputStream:75 - [STDERR_REDIRECT] 
2026-03-09 20:37:49,932 [ERROR] LogOutputStream:75 - [STDERR_REDIRECT] [Fatal Error] :1:1: Premature end of file.
2026-03-09 20:37:49,932 [ERROR] LogOutputStream:75 - [STDERR_REDIRECT] 
2026-03-09 20:37:50,934 [ERROR] LogOutputStream:75 - [STDERR_REDIRECT] [Fatal Error] :1:1: Premature end of file.
2026-03-09 20:37:50,934 [ERROR] LogOutputStream:75 - [STDERR_REDIRECT] 
2026-03-09 20:37:51,929 [ERROR] LogOutputStream:75 - [STDERR_REDIRECT] [Fatal Error] :1:1: Premature end of file.
2026-03-09 20:37:51,929 [ERROR] LogOutputStream:75 - [STDERR_REDIRECT] 
2026-03-09 20:37:52,937 [ERROR] LogOutputStream:75 - [STDERR_REDIRECT] [Fatal Error] :1:1: Premature end of file.
2026-03-09 20:37:52,937 [ERROR] LogOutputStream:75 - [STDERR_REDIRECT] 
2026-03-09 20:37:53,930 [ERROR] LogOutputStream:75 - [STDERR_REDIRECT] [Fatal Error] :1:1: Premature end of file.
2026-03-09 20:37:53,930 [ERROR] LogOutputStream:75 - [STDERR_REDIRECT] 
2026-03-09 20:37:54,924 [ERROR] LogOutputStream:75 - [STDERR_REDIRECT] [Fatal Error] :1:1: Premature end of file.
2026-03-09 20:37:54,924 [ERROR] LogOutputStream:75 - [STDERR_REDIRECT] 
2026-03-09 20:37:55,930 [ERROR] LogOutputStream:75 - [STDERR_REDIRECT] [Fatal Error] :1:1: Premature end of file.
2026-03-09 20:37:55,930 [ERROR] LogOutputStream:75 - [STDERR_REDIRECT] 
2026-03-09 20:37:56,937 [ERROR] LogOutputStream:75 - [STDERR_REDIRECT] [Fatal Error] :1:1: Premature end of file.
2026-03-09 20:37:56,937 [ERROR] LogOutputStream:75 - [STDERR_REDIRECT] 
2026-03-09 20:37:57,928 [ERROR] LogOutputStream:75 - [STDERR_REDIRECT] [Fatal Error] :1:1: Premature end of file.
2026-03-09 20:37:57,928 [ERROR] LogOutputStream:75 - [STDERR_REDIRECT] 
2026-03-09 20:37:58,937 [ERROR] LogOutputStream:75 - [STDERR_REDIRECT] [Fatal Error] :1:1: Premature end of file.
2026-03-09 20:37:58,937 [ERROR] LogOutputStream:75 - [STDERR_REDIRECT] 
2026-03-09 20:37:59,924 [ERROR] LogOutputStream:75 - [STDERR_REDIRECT] [Fatal Error] :1:1: Premature end of file.
2026-03-09 20:37:59,924 [ERROR] LogOutputStream:75 - [STDERR_REDIRECT] 
2026-03-09 20:38:00,932 [ERROR] LogOutputStream:75 - [STDERR_REDIRECT] [Fatal Error] :1:1: Premature end of file.
2026-03-09 20:38:00,932 [ERROR] LogOutputStream:75 - [STDERR_REDIRECT] 
2026-03-09 20:38:01,924 [ERROR] LogOutputStream:75 - [STDERR_REDIRECT] [Fatal Error] :1:1: Premature end of file.
2026-03-09 20:38:01,924 [ERROR] LogOutputStream:75 - [STDERR_REDIRECT] 
2026-03-09 20:38:02,927 [ERROR] LogOutputStream:75 - [STDERR_REDIRECT] [Fatal Error] :1:1: Premature end of file.
2026-03-09 20:38:02,927 [ERROR] LogOutputStream:75 - [STDERR_REDIRECT] 
2026-03-09 20:38:03,936 [ERROR] LogOutputStream:75 - [STDERR_REDIRECT] [Fatal Error] :1:1: Premature end of file.
2026-03-09 20:38:03,937 [ERROR] LogOutputStream:75 - [STDERR_REDIRECT] 
2026-03-09 20:38:04,927 [ERROR] LogOutputStream:75 - [STDERR_REDIRECT] [Fatal Error] :1:1: Premature end of file.
2026-03-09 20:38:04,927 [ERROR] LogOutputStream:75 - [STDERR_REDIRECT] 
2026-03-09 20:38:05,936 [ERROR] LogOutputStream:75 - [STDERR_REDIRECT] [Fatal Error] :1:1: Premature end of file.
2026-03-09 20:38:05,936 [ERROR] LogOutputStream:75 - [STDERR_REDIRECT] 
2026-03-09 20:38:06,928 [ERROR] LogOutputStream:75 - [STDERR_REDIRECT] [Fatal Error] :1:1: Premature end of file.
2026-03-09 20:38:06,928 [ERROR] LogOutputStream:75 - [STDERR_REDIRECT] 
2026-03-09 20:38:07,934 [ERROR] LogOutputStream:75 - [STDERR_REDIRECT] [Fatal Error] :1:1: Premature end of file.
2026-03-09 20:38:07,934 [ERROR] LogOutputStream:75 - [STDERR_REDIRECT] 
2026-03-09 20:38:08,937 [ERROR] LogOutputStream:75 - [STDERR_REDIRECT] [Fatal Error] :1:1: Premature end of file.
2026-03-09 20:38:08,938 [ERROR] LogOutputStream:75 - [STDERR_REDIRECT] 
2026-03-09 20:38:09,934 [ERROR] LogOutputStream:75 - [STDERR_REDIRECT] [Fatal Error] :1:1: Premature end of file.
2026-03-09 20:38:09,934 [ERROR] LogOutputStream:75 - [STDERR_REDIRECT] 
2026-03-09 20:38:10,923 [ERROR] LogOutputStream:75 - [STDERR_REDIRECT] [Fatal Error] :1:1: Premature end of file.
2026-03-09 20:38:10,923 [ERROR] LogOutputStream:75 - [STDERR_REDIRECT] 
2026-03-09 20:38:11,932 [ERROR] LogOutputStream:75 - [STDERR_REDIRECT] [Fatal Error] :1:1: Premature end of file.
2026-03-09 20:38:11,932 [ERROR] LogOutputStream:75 - [STDERR_REDIRECT] 
2026-03-09 20:38:12,931 [ERROR] LogOutputStream:75 - [STDERR_REDIRECT] [Fatal Error] :1:1: Premature end of file.
2026-03-09 20:38:12,931 [ERROR] LogOutputStream:75 - [STDERR_REDIRECT] 
2026-03-09 20:38:13,932 [ERROR] LogOutputStream:75 - [STDERR_REDIRECT] [Fatal Error] :1:1: Premature end of file.
2026-03-09 20:38:13,932 [ERROR] LogOutputStream:75 - [STDERR_REDIRECT] 
2026-03-09 20:38:14,937 [ERROR] LogOutputStream:75 - [STDERR_REDIRECT] [Fatal Error] :1:1: Premature end of file.
2026-03-09 20:38:14,937 [ERROR] LogOutputStream:75 - [STDERR_REDIRECT] 
2026-03-09 20:38:15,923 [ERROR] LogOutputStream:75 - [STDERR_REDIRECT] [Fatal Error] :1:1: Premature end of file.
2026-03-09 20:38:15,923 [ERROR] LogOutputStream:75 - [STDERR_REDIRECT] 
2026-03-09 20:38:16,925 [ERROR] LogOutputStream:75 - [STDERR_REDIRECT] [Fatal Error] :1:1: Premature end of file.
2026-03-09 20:38:16,925 [ERROR] LogOutputStream:75 - [STDERR_REDIRECT] 
2026-03-09 20:38:17,926 [ERROR] LogOutputStream:75 - [STDERR_REDIRECT] [Fatal Error] :1:1: Premature end of file.
2026-03-09 20:38:17,926 [ERROR] LogOutputStream:75 - [STDERR_REDIRECT] 
2026-03-09 20:38:18,942 [ERROR] LogOutputStream:75 - [STDERR_REDIRECT] [Fatal Error] :1:1: Premature end of file.
2026-03-09 20:38:18,942 [ERROR] LogOutputStream:75 - [STDERR_REDIRECT] 
2026-03-09 20:38:19,921 [ERROR] LogOutputStream:75 - [STDERR_REDIRECT] [Fatal Error] :1:1: Premature end of file.
2026-03-09 20:38:19,921 [ERROR] LogOutputStream:75 - [STDERR_REDIRECT] 
2026-03-09 20:38:20,930 [ERROR] LogOutputStream:75 - [STDERR_REDIRECT] [Fatal Error] :1:1: Premature end of file.
2026-03-09 20:38:20,930 [ERROR] LogOutputStream:75 - [STDERR_REDIRECT] 
2026-03-09 20:38:21,938 [ERROR] LogOutputStream:75 - [STDERR_REDIRECT] [Fatal Error] :1:1: Premature end of file.
2026-03-09 20:38:21,939 [ERROR] LogOutputStream:75 - [STDERR_REDIRECT] 
2026-03-09 20:38:22,930 [ERROR] LogOutputStream:75 - [STDERR_REDIRECT] [Fatal Error] :1:1: Premature end of file.
2026-03-09 20:38:22,930 [ERROR] LogOutputStream:75 - [STDERR_REDIRECT] 
2026-03-09 20:38:23,922 [ERROR] LogOutputStream:75 - [STDERR_REDIRECT] [Fatal Error] :1:1: Premature end of file.
2026-03-09 20:38:23,922 [ERROR] LogOutputStream:75 - [STDERR_REDIRECT] 
2026-03-09 20:38:24,929 [ERROR] LogOutputStream:75 - [STDERR_REDIRECT] [Fatal Error] :1:1: Premature end of file.
2026-03-09 20:38:24,929 [ERROR] LogOutputStream:75 - [STDERR_REDIRECT] 
2026-03-09 20:38:25,923 [ERROR] LogOutputStream:75 - [STDERR_REDIRECT] [Fatal Error] :1:1: Premature end of file.
2026-03-09 20:38:25,923 [ERROR] LogOutputStream:75 - [STDERR_REDIRECT] 
2026-03-09 20:38:26,930 [ERROR] LogOutputStream:75 - [STDERR_REDIRECT] [Fatal Error] :1:1: Premature end of file.
2026-03-09 20:38:26,931 [ERROR] LogOutputStream:75 - [STDERR_REDIRECT] 
2026-03-09 20:38:27,934 [ERROR] LogOutputStream:75 - [STDERR_REDIRECT] [Fatal Error] :1:1: Premature end of file.
2026-03-09 20:38:27,934 [ERROR] LogOutputStream:75 - [STDERR_REDIRECT] 
2026-03-09 20:38:28,929 [ERROR] LogOutputStream:75 - [STDERR_REDIRECT] [Fatal Error] :1:1: Premature end of file.
2026-03-09 20:38:28,929 [ERROR] LogOutputStream:75 - [STDERR_REDIRECT] 
2026-03-09 20:38:29,929 [ERROR] LogOutputStream:75 - [STDERR_REDIRECT] [Fatal Error] :1:1: Premature end of file.
2026-03-09 20:38:29,929 [ERROR] LogOutputStream:75 - [STDERR_REDIRECT] 
2026-03-09 20:38:30,953 [ERROR] LogOutputStream:75 - [STDERR_REDIRECT] [Fatal Error] :1:1: Premature end of file.
2026-03-09 20:38:30,953 [ERROR] LogOutputStream:75 - [STDERR_REDIRECT] 
2026-03-09 20:38:31,928 [ERROR] LogOutputStream:75 - [STDERR_REDIRECT] [Fatal Error] :1:1: Premature end of file.
2026-03-09 20:38:31,928 [ERROR] LogOutputStream:75 - [STDERR_REDIRECT] 
2026-03-09 20:38:32,934 [ERROR] LogOutputStream:75 - [STDERR_REDIRECT] [Fatal Error] :1:1: Premature end of file.
2026-03-09 20:38:32,934 [ERROR] LogOutputStream:75 - [STDERR_REDIRECT] 
2026-03-09 20:38:33,954 [ERROR] LogOutputStream:75 - [STDERR_REDIRECT] [Fatal Error] :1:1: Premature end of file.
2026-03-09 20:38:33,954 [ERROR] LogOutputStream:75 - [STDERR_REDIRECT] 
2026-03-09 20:38:34,932 [ERROR] LogOutputStream:75 - [STDERR_REDIRECT] [Fatal Error] :1:1: Premature end of file.
2026-03-09 20:38:34,932 [ERROR] LogOutputStream:75 - [STDERR_REDIRECT] 
2026-03-09 20:38:35,937 [ERROR] LogOutputStream:75 - [STDERR_REDIRECT] [Fatal Error] :1:1: Premature end of file.
2026-03-09 20:38:35,937 [ERROR] LogOutputStream:75 - [STDERR_REDIRECT] 
2026-03-09 20:38:36,927 [ERROR] LogOutputStream:75 - [STDERR_REDIRECT] [Fatal Error] :1:1: Premature end of file.
2026-03-09 20:38:36,927 [ERROR] LogOutputStream:75 - [STDERR_REDIRECT] 
2026-03-09 20:38:37,928 [ERROR] LogOutputStream:75 - [STDERR_REDIRECT] [Fatal Error] :1:1: Premature end of file.
2026-03-09 20:38:37,928 [ERROR] LogOutputStream:75 - [STDERR_REDIRECT] 
2026-03-09 20:38:38,931 [ERROR] LogOutputStream:75 - [STDERR_REDIRECT] [Fatal Error] :1:1: Premature end of file.
2026-03-09 20:38:38,931 [ERROR] LogOutputStream:75 - [STDERR_REDIRECT] 
2026-03-09 20:38:39,931 [ERROR] LogOutputStream:75 - [STDERR_REDIRECT] [Fatal Error] :1:1: Premature end of file.
2026-03-09 20:38:39,931 [ERROR] LogOutputStream:75 - [STDERR_REDIRECT] 
2026-03-09 20:38:40,925 [ERROR] LogOutputStream:75 - [STDERR_REDIRECT] [Fatal Error] :1:1: Premature end of file.
2026-03-09 20:38:40,925 [ERROR] LogOutputStream:75 - [STDERR_REDIRECT] 
2026-03-09 20:38:41,932 [ERROR] LogOutputStream:75 - [STDERR_REDIRECT] [Fatal Error] :1:1: Premature end of file.
2026-03-09 20:38:41,932 [ERROR] LogOutputStream:75 - [STDERR_REDIRECT] 
2026-03-09 20:38:42,937 [ERROR] LogOutputStream:75 - [STDERR_REDIRECT] [Fatal Error] :1:1: Premature end of file.
2026-03-09 20:38:42,937 [ERROR] LogOutputStream:75 - [STDERR_REDIRECT] 
2026-03-09 20:38:43,924 [ERROR] LogOutputStream:75 - [STDERR_REDIRECT] [Fatal Error] :1:1: Premature end of file.
2026-03-09 20:38:43,926 [ERROR] LogOutputStream:75 - [STDERR_REDIRECT] 
2026-03-09 20:38:44,949 [ERROR] LogOutputStream:75 - [STDERR_REDIRECT] [Fatal Error] :1:1: Premature end of file.
2026-03-09 20:38:44,949 [ERROR] LogOutputStream:75 - [STDERR_REDIRECT] 
2026-03-09 20:38:45,927 [ERROR] LogOutputStream:75 - [STDERR_REDIRECT] [Fatal Error] :1:1: Premature end of file.
2026-03-09 20:38:45,927 [ERROR] LogOutputStream:75 - [STDERR_REDIRECT] 
2026-03-09 20:38:46,931 [ERROR] LogOutputStream:75 - [STDERR_REDIRECT] [Fatal Error] :1:1: Premature end of file.
2026-03-09 20:38:46,931 [ERROR] LogOutputStream:75 - [STDERR_REDIRECT] 
2026-03-09 20:38:47,923 [ERROR] LogOutputStream:75 - [STDERR_REDIRECT] [Fatal Error] :1:1: Premature end of file.
2026-03-09 20:38:47,923 [ERROR] LogOutputStream:75 - [STDERR_REDIRECT] 
2026-03-09 20:38:48,935 [ERROR] LogOutputStream:75 - [STDERR_REDIRECT] [Fatal Error] :1:1: Premature end of file.
2026-03-09 20:38:48,935 [ERROR] LogOutputStream:75 - [STDERR_REDIRECT] 
2026-03-09 20:38:49,925 [ERROR] LogOutputStream:75 - [STDERR_REDIRECT] [Fatal Error] :1:1: Premature end of file.
2026-03-09 20:38:49,926 [ERROR] LogOutputStream:75 - [STDERR_REDIRECT] 
2026-03-09 20:38:50,932 [ERROR] LogOutputStream:75 - [STDERR_REDIRECT] [Fatal Error] :1:1: Premature end of file.
2026-03-09 20:38:50,932 [ERROR] LogOutputStream:75 - [STDERR_REDIRECT] 
2026-03-09 20:38:51,924 [ERROR] LogOutputStream:75 - [STDERR_REDIRECT] [Fatal Error] :1:1: Premature end of file.
2026-03-09 20:38:51,924 [ERROR] LogOutputStream:75 - [STDERR_REDIRECT] 
2026-03-09 20:38:52,928 [ERROR] LogOutputStream:75 - [STDERR_REDIRECT] [Fatal Error] :1:1: Premature end of file.
2026-03-09 20:38:52,928 [ERROR] LogOutputStream:75 - [STDERR_REDIRECT] 
2026-03-09 20:38:53,935 [ERROR] LogOutputStream:75 - [STDERR_REDIRECT] [Fatal Error] :1:1: Premature end of file.
2026-03-09 20:38:53,935 [ERROR] LogOutputStream:75 - [STDERR_REDIRECT] 
2026-03-09 20:38:54,941 [ERROR] LogOutputStream:75 - [STDERR_REDIRECT] [Fatal Error] :1:1: Premature end of file.
2026-03-09 20:38:54,941 [ERROR] LogOutputStream:75 - [STDERR_REDIRECT] 
2026-03-09 20:38:55,928 [ERROR] LogOutputStream:75 - [STDERR_REDIRECT] [Fatal Error] :1:1: Premature end of file.
2026-03-09 20:38:55,928 [ERROR] LogOutputStream:75 - [STDERR_REDIRECT] 
2026-03-09 20:38:56,927 [ERROR] LogOutputStream:75 - [STDERR_REDIRECT] [Fatal Error] :1:1: Premature end of file.
2026-03-09 20:38:56,927 [ERROR] LogOutputStream:75 - [STDERR_REDIRECT] 
2026-03-09 20:38:57,934 [ERROR] LogOutputStream:75 - [STDERR_REDIRECT] [Fatal Error] :1:1: Premature end of file.
2026-03-09 20:38:57,934 [ERROR] LogOutputStream:75 - [STDERR_REDIRECT] 
2026-03-09 20:38:58,927 [ERROR] LogOutputStream:75 - [STDERR_REDIRECT] [Fatal Error] :1:1: Premature end of file.
2026-03-09 20:38:58,927 [ERROR] LogOutputStream:75 - [STDERR_REDIRECT] 
2026-03-09 20:38:59,932 [ERROR] LogOutputStream:75 - [STDERR_REDIRECT] [Fatal Error] :1:1: Premature end of file.
2026-03-09 20:38:59,932 [ERROR] LogOutputStream:75 - [STDERR_REDIRECT] 
2026-03-09 20:39:00,926 [ERROR] LogOutputStream:75 - [STDERR_REDIRECT] [Fatal Error] :1:1: Premature end of file.
2026-03-09 20:39:00,926 [ERROR] LogOutputStream:75 - [STDERR_REDIRECT] 
2026-03-09 20:39:01,935 [ERROR] LogOutputStream:75 - [STDERR_REDIRECT] [Fatal Error] :1:1: Premature end of file.
2026-03-09 20:39:01,935 [ERROR] LogOutputStream:75 - [STDERR_REDIRECT] 
2026-03-09 20:39:02,936 [ERROR] LogOutputStream:75 - [STDERR_REDIRECT] [Fatal Error] :1:1: Premature end of file.
2026-03-09 20:39:02,936 [ERROR] LogOutputStream:75 - [STDERR_REDIRECT] 
2026-03-09 20:39:03,925 [ERROR] LogOutputStream:75 - [STDERR_REDIRECT] [Fatal Error] :1:1: Premature end of file.
2026-03-09 20:39:03,925 [ERROR] LogOutputStream:75 - [STDERR_REDIRECT] 
2026-03-09 20:39:04,936 [ERROR] LogOutputStream:75 - [STDERR_REDIRECT] [Fatal Error] :1:1: Premature end of file.
2026-03-09 20:39:04,936 [ERROR] LogOutputStream:75 - [STDERR_REDIRECT] 
2026-03-09 20:39:05,926 [ERROR] LogOutputStream:75 - [STDERR_REDIRECT] [Fatal Error] :1:1: Premature end of file.
2026-03-09 20:39:05,927 [ERROR] LogOutputStream:75 - [STDERR_REDIRECT] 
2026-03-09 20:39:06,935 [ERROR] LogOutputStream:75 - [STDERR_REDIRECT] [Fatal Error] :1:1: Premature end of file.
2026-03-09 20:39:06,935 [ERROR] LogOutputStream:75 - [STDERR_REDIRECT] 
2026-03-09 20:39:07,923 [ERROR] LogOutputStream:75 - [STDERR_REDIRECT] [Fatal Error] :1:1: Premature end of file.
2026-03-09 20:39:07,923 [ERROR] LogOutputStream:75 - [STDERR_REDIRECT] 
2026-03-09 20:39:08,932 [ERROR] LogOutputStream:75 - [STDERR_REDIRECT] [Fatal Error] :1:1: Premature end of file.
2026-03-09 20:39:08,932 [ERROR] LogOutputStream:75 - [STDERR_REDIRECT] 
2026-03-09 20:39:09,925 [ERROR] LogOutputStream:75 - [STDERR_REDIRECT] [Fatal Error] :1:1: Premature end of file.
2026-03-09 20:39:09,925 [ERROR] LogOutputStream:75 - [STDERR_REDIRECT] 
2026-03-09 20:39:10,936 [ERROR] LogOutputStream:75 - [STDERR_REDIRECT] [Fatal Error] :1:1: Premature end of file.
2026-03-09 20:39:10,936 [ERROR] LogOutputStream:75 - [STDERR_REDIRECT] 
2026-03-09 20:39:11,925 [ERROR] LogOutputStream:75 - [STDERR_REDIRECT] [Fatal Error] :1:1: Premature end of file.
2026-03-09 20:39:11,925 [ERROR] LogOutputStream:75 - [STDERR_REDIRECT] 
2026-03-09 20:39:12,933 [ERROR] LogOutputStream:75 - [STDERR_REDIRECT] [Fatal Error] :1:1: Premature end of file.
2026-03-09 20:39:12,933 [ERROR] LogOutputStream:75 - [STDERR_REDIRECT] 
2026-03-09 20:39:13,936 [ERROR] LogOutputStream:75 - [STDERR_REDIRECT] [Fatal Error] :1:1: Premature end of file.
2026-03-09 20:39:13,936 [ERROR] LogOutputStream:75 - [STDERR_REDIRECT] 
2026-03-09 20:39:14,928 [ERROR] LogOutputStream:75 - [STDERR_REDIRECT] [Fatal Error] :1:1: Premature end of file.
2026-03-09 20:39:14,928 [ERROR] LogOutputStream:75 - [STDERR_REDIRECT] 
2026-03-09 20:39:15,937 [ERROR] LogOutputStream:75 - [STDERR_REDIRECT] [Fatal Error] :1:1: Premature end of file.
2026-03-09 20:39:15,937 [ERROR] LogOutputStream:75 - [STDERR_REDIRECT] 
2026-03-09 20:39:16,947 [ERROR] LogOutputStream:75 - [STDERR_REDIRECT] [Fatal Error] :1:1: Premature end of file.
2026-03-09 20:39:16,947 [ERROR] LogOutputStream:75 - [STDERR_REDIRECT] 
2026-03-09 20:39:17,927 [ERROR] LogOutputStream:75 - [STDERR_REDIRECT] [Fatal Error] :1:1: Premature end of file.
2026-03-09 20:39:17,927 [ERROR] LogOutputStream:75 - [STDERR_REDIRECT] 
2026-03-09 20:39:18,933 [ERROR] LogOutputStream:75 - [STDERR_REDIRECT] [Fatal Error] :1:1: Premature end of file.
2026-03-09 20:39:18,933 [ERROR] LogOutputStream:75 - [STDERR_REDIRECT] 
2026-03-09 20:39:19,927 [ERROR] LogOutputStream:75 - [STDERR_REDIRECT] [Fatal Error] :1:1: Premature end of file.
2026-03-09 20:39:19,927 [ERROR] LogOutputStream:75 - [STDERR_REDIRECT] 
2026-03-09 20:39:20,932 [ERROR] LogOutputStream:75 - [STDERR_REDIRECT] [Fatal Error] :1:1: Premature end of file.
2026-03-09 20:39:20,932 [ERROR] LogOutputStream:75 - [STDERR_REDIRECT] 
2026-03-09 20:39:21,937 [ERROR] LogOutputStream:75 - [STDERR_REDIRECT] [Fatal Error] :1:1: Premature end of file.
2026-03-09 20:39:21,938 [ERROR] LogOutputStream:75 - [STDERR_REDIRECT] 
2026-03-09 20:39:22,926 [ERROR] LogOutputStream:75 - [STDERR_REDIRECT] [Fatal Error] :1:1: Premature end of file.
2026-03-09 20:39:22,926 [ERROR] LogOutputStream:75 - [STDERR_REDIRECT] 
2026-03-09 20:39:23,933 [ERROR] LogOutputStream:75 - [STDERR_REDIRECT] [Fatal Error] :1:1: Premature end of file.
2026-03-09 20:39:23,933 [ERROR] LogOutputStream:75 - [STDERR_REDIRECT] 
2026-03-09 20:39:24,937 [ERROR] LogOutputStream:75 - [STDERR_REDIRECT] [Fatal Error] :1:1: Premature end of file.
2026-03-09 20:39:24,937 [ERROR] LogOutputStream:75 - [STDERR_REDIRECT] 
2026-03-09 20:39:25,936 [ERROR] LogOutputStream:75 - [STDERR_REDIRECT] [Fatal Error] :1:1: Premature end of file.
2026-03-09 20:39:25,936 [ERROR] LogOutputStream:75 - [STDERR_REDIRECT] 
2026-03-09 20:39:26,933 [ERROR] LogOutputStream:75 - [STDERR_REDIRECT] [Fatal Error] :1:1: Premature end of file.
2026-03-09 20:39:26,933 [ERROR] LogOutputStream:75 - [STDERR_REDIRECT] 
2026-03-09 20:39:27,942 [ERROR] LogOutputStream:75 - [STDERR_REDIRECT] [Fatal Error] :1:1: Premature end of file.
2026-03-09 20:39:27,942 [ERROR] LogOutputStream:75 - [STDERR_REDIRECT] 
2026-03-09 20:39:28,932 [ERROR] LogOutputStream:75 - [STDERR_REDIRECT] [Fatal Error] :1:1: Premature end of file.
2026-03-09 20:39:28,932 [ERROR] LogOutputStream:75 - [STDERR_REDIRECT] 
2026-03-09 20:39:29,932 [ERROR] LogOutputStream:75 - [STDERR_REDIRECT] [Fatal Error] :1:1: Premature end of file.
2026-03-09 20:39:29,932 [ERROR] LogOutputStream:75 - [STDERR_REDIRECT] 
2026-03-09 20:39:30,926 [ERROR] LogOutputStream:75 - [STDERR_REDIRECT] [Fatal Error] :1:1: Premature end of file.
2026-03-09 20:39:30,926 [ERROR] LogOutputStream:75 - [STDERR_REDIRECT] 
2026-03-09 20:39:31,936 [ERROR] LogOutputStream:75 - [STDERR_REDIRECT] [Fatal Error] :1:1: Premature end of file.
2026-03-09 20:39:31,936 [ERROR] LogOutputStream:75 - [STDERR_REDIRECT] 
2026-03-09 20:39:32,925 [ERROR] LogOutputStream:75 - [STDERR_REDIRECT] [Fatal Error] :1:1: Premature end of file.
2026-03-09 20:39:32,925 [ERROR] LogOutputStream:75 - [STDERR_REDIRECT] 
2026-03-09 20:39:33,932 [ERROR] LogOutputStream:75 - [STDERR_REDIRECT] [Fatal Error] :1:1: Premature end of file.
2026-03-09 20:39:33,932 [ERROR] LogOutputStream:75 - [STDERR_REDIRECT] 
2026-03-09 20:39:34,934 [ERROR] LogOutputStream:75 - [STDERR_REDIRECT] [Fatal Error] :1:1: Premature end of file.
2026-03-09 20:39:34,935 [ERROR] LogOutputStream:75 - [STDERR_REDIRECT] 
2026-03-09 20:39:35,939 [ERROR] LogOutputStream:75 - [STDERR_REDIRECT] [Fatal Error] :1:1: Premature end of file.
2026-03-09 20:39:35,939 [ERROR] LogOutputStream:75 - [STDERR_REDIRECT] 
2026-03-09 20:39:36,929 [ERROR] LogOutputStream:75 - [STDERR_REDIRECT] [Fatal Error] :1:1: Premature end of file.
2026-03-09 20:39:36,929 [ERROR] LogOutputStream:75 - [STDERR_REDIRECT] 
2026-03-09 20:39:37,932 [ERROR] LogOutputStream:75 - [STDERR_REDIRECT] [Fatal Error] :1:1: Premature end of file.
2026-03-09 20:39:37,932 [ERROR] LogOutputStream:75 - [STDERR_REDIRECT] 
2026-03-09 20:39:38,936 [ERROR] LogOutputStream:75 - [STDERR_REDIRECT] [Fatal Error] :1:1: Premature end of file.
2026-03-09 20:39:38,936 [ERROR] LogOutputStream:75 - [STDERR_REDIRECT] 
2026-03-09 20:39:39,944 [ERROR] LogOutputStream:75 - [STDERR_REDIRECT] [Fatal Error] :1:1: Premature end of file.
2026-03-09 20:39:39,944 [ERROR] LogOutputStream:75 - [STDERR_REDIRECT] 
2026-03-09 20:39:40,934 [ERROR] LogOutputStream:75 - [STDERR_REDIRECT] [Fatal Error] :1:1: Premature end of file.
2026-03-09 20:39:40,935 [ERROR] LogOutputStream:75 - [STDERR_REDIRECT] 
2026-03-09 20:39:41,925 [ERROR] LogOutputStream:75 - [STDERR_REDIRECT] [Fatal Error] :1:1: Premature end of file.
2026-03-09 20:39:41,925 [ERROR] LogOutputStream:75 - [STDERR_REDIRECT] 
2026-03-09 20:39:42,925 [ERROR] LogOutputStream:75 - [STDERR_REDIRECT] [Fatal Error] :1:1: Premature end of file.
2026-03-09 20:39:42,926 [ERROR] LogOutputStream:75 - [STDERR_REDIRECT] 
2026-03-09 20:39:43,933 [ERROR] LogOutputStream:75 - [STDERR_REDIRECT] [Fatal Error] :1:1: Premature end of file.
2026-03-09 20:39:43,933 [ERROR] LogOutputStream:75 - [STDERR_REDIRECT] 
2026-03-09 20:39:44,937 [ERROR] LogOutputStream:75 - [STDERR_REDIRECT] [Fatal Error] :1:1: Premature end of file.
2026-03-09 20:39:44,937 [ERROR] LogOutputStream:75 - [STDERR_REDIRECT] 
2026-03-09 20:39:45,926 [ERROR] LogOutputStream:75 - [STDERR_REDIRECT] [Fatal Error] :1:1: Premature end of file.
2026-03-09 20:39:45,926 [ERROR] LogOutputStream:75 - [STDERR_REDIRECT] 
2026-03-09 20:39:46,925 [ERROR] LogOutputStream:75 - [STDERR_REDIRECT] [Fatal Error] :1:1: Premature end of file.
2026-03-09 20:39:46,925 [ERROR] LogOutputStream:75 - [STDERR_REDIRECT] 
2026-03-09 20:39:47,932 [ERROR] LogOutputStream:75 - [STDERR_REDIRECT] [Fatal Error] :1:1: Premature end of file.
2026-03-09 20:39:47,932 [ERROR] LogOutputStream:75 - [STDERR_REDIRECT] 
2026-03-09 20:39:48,937 [ERROR] LogOutputStream:75 - [STDERR_REDIRECT] [Fatal Error] :1:1: Premature end of file.
2026-03-09 20:39:48,937 [ERROR] LogOutputStream:75 - [STDERR_REDIRECT] 
2026-03-09 20:39:49,939 [ERROR] LogOutputStream:75 - [STDERR_REDIRECT] [Fatal Error] :1:1: Premature end of file.
2026-03-09 20:39:49,939 [ERROR] LogOutputStream:75 - [STDERR_REDIRECT] 
2026-03-09 20:39:50,927 [ERROR] LogOutputStream:75 - [STDERR_REDIRECT] [Fatal Error] :1:1: Premature end of file.
2026-03-09 20:39:50,927 [ERROR] LogOutputStream:75 - [STDERR_REDIRECT] 
2026-03-09 20:39:51,929 [ERROR] LogOutputStream:75 - [STDERR_REDIRECT] [Fatal Error] :1:1: Premature end of file.
2026-03-09 20:39:51,929 [ERROR] LogOutputStream:75 - [STDERR_REDIRECT] 
2026-03-09 20:39:52,934 [ERROR] LogOutputStream:75 - [STDERR_REDIRECT] [Fatal Error] :1:1: Premature end of file.
2026-03-09 20:39:52,936 [ERROR] LogOutputStream:75 - [STDERR_REDIRECT] 
2026-03-09 20:39:53,925 [ERROR] LogOutputStream:75 - [STDERR_REDIRECT] [Fatal Error] :1:1: Premature end of file.
2026-03-09 20:39:53,925 [ERROR] LogOutputStream:75 - [STDERR_REDIRECT] 
2026-03-09 20:39:54,936 [ERROR] LogOutputStream:75 - [STDERR_REDIRECT] [Fatal Error] :1:1: Premature end of file.
2026-03-09 20:39:54,936 [ERROR] LogOutputStream:75 - [STDERR_REDIRECT] 
2026-03-09 20:39:55,938 [ERROR] LogOutputStream:75 - [STDERR_REDIRECT] [Fatal Error] :1:1: Premature end of file.
2026-03-09 20:39:55,939 [ERROR] LogOutputStream:75 - [STDERR_REDIRECT] 
2026-03-09 20:39:56,930 [ERROR] LogOutputStream:75 - [STDERR_REDIRECT] [Fatal Error] :1:1: Premature end of file.
2026-03-09 20:39:56,930 [ERROR] LogOutputStream:75 - [STDERR_REDIRECT] 
2026-03-09 20:39:57,937 [ERROR] LogOutputStream:75 - [STDERR_REDIRECT] [Fatal Error] :1:1: Premature end of file.
2026-03-09 20:39:57,937 [ERROR] LogOutputStream:75 - [STDERR_REDIRECT] 
2026-03-09 20:39:58,936 [ERROR] LogOutputStream:75 - [STDERR_REDIRECT] [Fatal Error] :1:1: Premature end of file.
2026-03-09 20:39:58,936 [ERROR] LogOutputStream:75 - [STDERR_REDIRECT] 
2026-03-09 20:39:59,928 [ERROR] LogOutputStream:75 - [STDERR_REDIRECT] [Fatal Error] :1:1: Premature end of file.
2026-03-09 20:39:59,928 [ERROR] LogOutputStream:75 - [STDERR_REDIRECT] 
2026-03-09 20:40:00,941 [ERROR] LogOutputStream:75 - [STDERR_REDIRECT] [Fatal Error] :1:1: Premature end of file.
2026-03-09 20:40:00,941 [ERROR] LogOutputStream:75 - [STDERR_REDIRECT] 
2026-03-09 20:40:01,948 [ERROR] LogOutputStream:75 - [STDERR_REDIRECT] [Fatal Error] :1:1: Premature end of file.
2026-03-09 20:40:01,948 [ERROR] LogOutputStream:75 - [STDERR_REDIRECT] 
2026-03-09 20:40:02,925 [ERROR] LogOutputStream:75 - [STDERR_REDIRECT] [Fatal Error] :1:1: Premature end of file.
2026-03-09 20:40:02,925 [ERROR] LogOutputStream:75 - [STDERR_REDIRECT] 
2026-03-09 20:40:03,932 [ERROR] LogOutputStream:75 - [STDERR_REDIRECT] [Fatal Error] :1:1: Premature end of file.
2026-03-09 20:40:03,932 [ERROR] LogOutputStream:75 - [STDERR_REDIRECT] 
2026-03-09 20:40:04,922 [ERROR] LogOutputStream:75 - [STDERR_REDIRECT] [Fatal Error] :1:1: Premature end of file.
2026-03-09 20:40:04,923 [ERROR] LogOutputStream:75 - [STDERR_REDIRECT] 
2026-03-09 20:40:05,928 [ERROR] LogOutputStream:75 - [STDERR_REDIRECT] [Fatal Error] :1:1: Premature end of file.
2026-03-09 20:40:05,928 [ERROR] LogOutputStream:75 - [STDERR_REDIRECT] 
2026-03-09 20:40:06,925 [ERROR] LogOutputStream:75 - [STDERR_REDIRECT] [Fatal Error] :1:1: Premature end of file.
2026-03-09 20:40:06,925 [ERROR] LogOutputStream:75 - [STDERR_REDIRECT] 
2026-03-09 20:40:07,931 [ERROR] LogOutputStream:75 - [STDERR_REDIRECT] [Fatal Error] :1:1: Premature end of file.
2026-03-09 20:40:07,931 [ERROR] LogOutputStream:75 - [STDERR_REDIRECT] 
2026-03-09 20:40:08,926 [ERROR] LogOutputStream:75 - [STDERR_REDIRECT] [Fatal Error] :1:1: Premature end of file.
2026-03-09 20:40:08,926 [ERROR] LogOutputStream:75 - [STDERR_REDIRECT] 
2026-03-09 20:40:09,936 [ERROR] LogOutputStream:75 - [STDERR_REDIRECT] [Fatal Error] :1:1: Premature end of file.
2026-03-09 20:40:09,936 [ERROR] LogOutputStream:75 - [STDERR_REDIRECT] 
2026-03-09 20:40:10,931 [ERROR] LogOutputStream:75 - [STDERR_REDIRECT] [Fatal Error] :1:1: Premature end of file.
2026-03-09 20:40:10,931 [ERROR] LogOutputStream:75 - [STDERR_REDIRECT] 
2026-03-09 20:40:11,938 [ERROR] LogOutputStream:75 - [STDERR_REDIRECT] [Fatal Error] :1:1: Premature end of file.
2026-03-09 20:40:11,938 [ERROR] LogOutputStream:75 - [STDERR_REDIRECT] 
2026-03-09 20:40:12,930 [ERROR] LogOutputStream:75 - [STDERR_REDIRECT] [Fatal Error] :1:1: Premature end of file.
2026-03-09 20:40:12,930 [ERROR] LogOutputStream:75 - [STDERR_REDIRECT] 
2026-03-09 20:40:13,937 [ERROR] LogOutputStream:75 - [STDERR_REDIRECT] [Fatal Error] :1:1: Premature end of file.
2026-03-09 20:40:13,938 [ERROR] LogOutputStream:75 - [STDERR_REDIRECT] 
2026-03-09 20:40:14,923 [ERROR] LogOutputStream:75 - [STDERR_REDIRECT] [Fatal Error] :1:1: Premature end of file.
2026-03-09 20:40:14,923 [ERROR] LogOutputStream:75 - [STDERR_REDIRECT] 
2026-03-09 20:40:15,932 [ERROR] LogOutputStream:75 - [STDERR_REDIRECT] [Fatal Error] :1:1: Premature end of file.
2026-03-09 20:40:15,932 [ERROR] LogOutputStream:75 - [STDERR_REDIRECT] 
2026-03-09 20:40:16,924 [ERROR] LogOutputStream:75 - [STDERR_REDIRECT] [Fatal Error] :1:1: Premature end of file.
2026-03-09 20:40:16,924 [ERROR] LogOutputStream:75 - [STDERR_REDIRECT] 
2026-03-09 20:40:17,930 [ERROR] LogOutputStream:75 - [STDERR_REDIRECT] [Fatal Error] :1:1: Premature end of file.
2026-03-09 20:40:17,930 [ERROR] LogOutputStream:75 - [STDERR_REDIRECT] 
2026-03-09 20:40:18,925 [ERROR] LogOutputStream:75 - [STDERR_REDIRECT] [Fatal Error] :1:1: Premature end of file.
2026-03-09 20:40:18,925 [ERROR] LogOutputStream:75 - [STDERR_REDIRECT] 
2026-03-09 20:40:19,937 [ERROR] LogOutputStream:75 - [STDERR_REDIRECT] [Fatal Error] :1:1: Premature end of file.
2026-03-09 20:40:19,937 [ERROR] LogOutputStream:75 - [STDERR_REDIRECT] 
2026-03-09 20:40:20,926 [ERROR] LogOutputStream:75 - [STDERR_REDIRECT] [Fatal Error] :1:1: Premature end of file.
2026-03-09 20:40:20,926 [ERROR] LogOutputStream:75 - [STDERR_REDIRECT] 
2026-03-09 20:40:21,935 [ERROR] LogOutputStream:75 - [STDERR_REDIRECT] [Fatal Error] :1:1: Premature end of file.
2026-03-09 20:40:21,935 [ERROR] LogOutputStream:75 - [STDERR_REDIRECT] 
2026-03-09 20:40:22,925 [ERROR] LogOutputStream:75 - [STDERR_REDIRECT] [Fatal Error] :1:1: Premature end of file.
2026-03-09 20:40:22,925 [ERROR] LogOutputStream:75 - [STDERR_REDIRECT] 
2026-03-09 20:40:23,925 [ERROR] LogOutputStream:75 - [STDERR_REDIRECT] [Fatal Error] :1:1: Premature end of file.
2026-03-09 20:40:23,925 [ERROR] LogOutputStream:75 - [STDERR_REDIRECT] 
2026-03-09 20:40:24,927 [ERROR] LogOutputStream:75 - [STDERR_REDIRECT] [Fatal Error] :1:1: Premature end of file.
2026-03-09 20:40:24,927 [ERROR] LogOutputStream:75 - [STDERR_REDIRECT] 
2026-03-09 20:40:25,929 [ERROR] LogOutputStream:75 - [STDERR_REDIRECT] [Fatal Error] :1:1: Premature end of file.
2026-03-09 20:40:25,931 [ERROR] LogOutputStream:75 - [STDERR_REDIRECT] 
2026-03-09 20:40:26,936 [ERROR] LogOutputStream:75 - [STDERR_REDIRECT] [Fatal Error] :1:1: Premature end of file.
2026-03-09 20:40:26,936 [ERROR] LogOutputStream:75 - [STDERR_REDIRECT] 
2026-03-09 20:40:27,936 [ERROR] LogOutputStream:75 - [STDERR_REDIRECT] [Fatal Error] :1:1: Premature end of file.
2026-03-09 20:40:27,938 [ERROR] LogOutputStream:75 - [STDERR_REDIRECT] 
2026-03-09 20:40:28,924 [ERROR] LogOutputStream:75 - [STDERR_REDIRECT] [Fatal Error] :1:1: Premature end of file.
2026-03-09 20:40:28,924 [ERROR] LogOutputStream:75 - [STDERR_REDIRECT] 
2026-03-09 20:40:29,925 [ERROR] LogOutputStream:75 - [STDERR_REDIRECT] [Fatal Error] :1:1: Premature end of file.
2026-03-09 20:40:29,925 [ERROR] LogOutputStream:75 - [STDERR_REDIRECT] 
2026-03-09 20:40:30,935 [ERROR] LogOutputStream:75 - [STDERR_REDIRECT] [Fatal Error] :1:1: Premature end of file.
2026-03-09 20:40:30,936 [ERROR] LogOutputStream:75 - [STDERR_REDIRECT] 
2026-03-09 20:40:31,929 [ERROR] LogOutputStream:75 - [STDERR_REDIRECT] [Fatal Error] :1:1: Premature end of file.
2026-03-09 20:40:31,929 [ERROR] LogOutputStream:75 - [STDERR_REDIRECT] 
2026-03-09 20:40:32,940 [ERROR] LogOutputStream:75 - [STDERR_REDIRECT] [Fatal Error] :1:1: Premature end of file.
2026-03-09 20:40:32,940 [ERROR] LogOutputStream:75 - [STDERR_REDIRECT] 
2026-03-09 20:40:33,933 [ERROR] LogOutputStream:75 - [STDERR_REDIRECT] [Fatal Error] :1:1: Premature end of file.
2026-03-09 20:40:33,933 [ERROR] LogOutputStream:75 - [STDERR_REDIRECT] 
2026-03-09 20:40:34,934 [ERROR] LogOutputStream:75 - [STDERR_REDIRECT] [Fatal Error] :1:1: Premature end of file.
2026-03-09 20:40:34,934 [ERROR] LogOutputStream:75 - [STDERR_REDIRECT] 
2026-03-09 20:40:35,921 [ERROR] LogOutputStream:75 - [STDERR_REDIRECT] [Fatal Error] :1:1: Premature end of file.
2026-03-09 20:40:35,921 [ERROR] LogOutputStream:75 - [STDERR_REDIRECT] 
2026-03-09 20:40:36,928 [ERROR] LogOutputStream:75 - [STDERR_REDIRECT] [Fatal Error] :1:1: Premature end of file.
2026-03-09 20:40:36,928 [ERROR] LogOutputStream:75 - [STDERR_REDIRECT] 
2026-03-09 20:40:37,928 [ERROR] LogOutputStream:75 - [STDERR_REDIRECT] [Fatal Error] :1:1: Premature end of file.
2026-03-09 20:40:37,928 [ERROR] LogOutputStream:75 - [STDERR_REDIRECT] 
2026-03-09 20:40:38,933 [ERROR] LogOutputStream:75 - [STDERR_REDIRECT] [Fatal Error] :1:1: Premature end of file.
2026-03-09 20:40:38,933 [ERROR] LogOutputStream:75 - [STDERR_REDIRECT] 
2026-03-09 20:40:39,928 [ERROR] LogOutputStream:75 - [STDERR_REDIRECT] [Fatal Error] :1:1: Premature end of file.
2026-03-09 20:40:39,928 [ERROR] LogOutputStream:75 - [STDERR_REDIRECT] 
2026-03-09 20:40:40,934 [ERROR] LogOutputStream:75 - [STDERR_REDIRECT] [Fatal Error] :1:1: Premature end of file.
2026-03-09 20:40:40,934 [ERROR] LogOutputStream:75 - [STDERR_REDIRECT] 
2026-03-09 20:40:41,929 [ERROR] LogOutputStream:75 - [STDERR_REDIRECT] [Fatal Error] :1:1: Premature end of file.
2026-03-09 20:40:41,929 [ERROR] LogOutputStream:75 - [STDERR_REDIRECT] 
2026-03-09 20:40:42,937 [ERROR] LogOutputStream:75 - [STDERR_REDIRECT] [Fatal Error] :1:1: Premature end of file.
2026-03-09 20:40:42,937 [ERROR] LogOutputStream:75 - [STDERR_REDIRECT] 
2026-03-09 20:40:43,947 [ERROR] LogOutputStream:75 - [STDERR_REDIRECT] [Fatal Error] :1:1: Premature end of file.
2026-03-09 20:40:43,947 [ERROR] LogOutputStream:75 - [STDERR_REDIRECT] 
2026-03-09 20:40:44,937 [ERROR] LogOutputStream:75 - [STDERR_REDIRECT] [Fatal Error] :1:1: Premature end of file.
2026-03-09 20:40:44,937 [ERROR] LogOutputStream:75 - [STDERR_REDIRECT] 
2026-03-09 20:40:45,930 [ERROR] LogOutputStream:75 - [STDERR_REDIRECT] [Fatal Error] :1:1: Premature end of file.
2026-03-09 20:40:45,931 [ERROR] LogOutputStream:75 - [STDERR_REDIRECT] 
2026-03-09 20:40:46,939 [ERROR] LogOutputStream:75 - [STDERR_REDIRECT] [Fatal Error] :1:1: Premature end of file.
2026-03-09 20:40:46,939 [ERROR] LogOutputStream:75 - [STDERR_REDIRECT] 
2026-03-09 20:40:47,925 [ERROR] LogOutputStream:75 - [STDERR_REDIRECT] [Fatal Error] :1:1: Premature end of file.
2026-03-09 20:40:47,925 [ERROR] LogOutputStream:75 - [STDERR_REDIRECT] 
2026-03-09 20:40:48,930 [ERROR] LogOutputStream:75 - [STDERR_REDIRECT] [Fatal Error] :1:1: Premature end of file.
2026-03-09 20:40:48,930 [ERROR] LogOutputStream:75 - [STDERR_REDIRECT] 
2026-03-09 20:40:49,920 [ERROR] LogOutputStream:75 - [STDERR_REDIRECT] [Fatal Error] :1:1: Premature end of file.
2026-03-09 20:40:49,920 [ERROR] LogOutputStream:75 - [STDERR_REDIRECT] 
2026-03-09 20:40:50,923 [ERROR] LogOutputStream:75 - [STDERR_REDIRECT] [Fatal Error] :1:1: Premature end of file.
2026-03-09 20:40:50,923 [ERROR] LogOutputStream:75 - [STDERR_REDIRECT] 
2026-03-09 20:40:51,920 [ERROR] LogOutputStream:75 - [STDERR_REDIRECT] [Fatal Error] :1:1: Premature end of file.
2026-03-09 20:40:51,920 [ERROR] LogOutputStream:75 - [STDERR_REDIRECT] 
2026-03-09 20:40:52,923 [ERROR] LogOutputStream:75 - [STDERR_REDIRECT] [Fatal Error] :1:1: Premature end of file.
2026-03-09 20:40:52,923 [ERROR] LogOutputStream:75 - [STDERR_REDIRECT] 
2026-03-09 20:40:53,920 [ERROR] LogOutputStream:75 - [STDERR_REDIRECT] [Fatal Error] :1:1: Premature end of file.
2026-03-09 20:40:53,920 [ERROR] LogOutputStream:75 - [STDERR_REDIRECT] 
2026-03-09 20:40:54,923 [ERROR] LogOutputStream:75 - [STDERR_REDIRECT] [Fatal Error] :1:1: Premature end of file.
2026-03-09 20:40:54,924 [ERROR] LogOutputStream:75 - [STDERR_REDIRECT] 
2026-03-09 20:40:55,936 [ERROR] LogOutputStream:75 - [STDERR_REDIRECT] [Fatal Error] :1:1: Premature end of file.
2026-03-09 20:40:55,936 [ERROR] LogOutputStream:75 - [STDERR_REDIRECT] 
2026-03-09 20:40:56,943 [ERROR] LogOutputStream:75 - [STDERR_REDIRECT] [Fatal Error] :1:1: Premature end of file.
2026-03-09 20:40:56,943 [ERROR] LogOutputStream:75 - [STDERR_REDIRECT] 
2026-03-09 20:40:57,938 [ERROR] LogOutputStream:75 - [STDERR_REDIRECT] [Fatal Error] :1:1: Premature end of file.
2026-03-09 20:40:57,939 [ERROR] LogOutputStream:75 - [STDERR_REDIRECT] 
2026-03-09 20:40:58,926 [ERROR] LogOutputStream:75 - [STDERR_REDIRECT] [Fatal Error] :1:1: Premature end of file.
2026-03-09 20:40:58,926 [ERROR] LogOutputStream:75 - [STDERR_REDIRECT] 
2026-03-09 20:40:59,934 [ERROR] LogOutputStream:75 - [STDERR_REDIRECT] [Fatal Error] :1:1: Premature end of file.
2026-03-09 20:40:59,934 [ERROR] LogOutputStream:75 - [STDERR_REDIRECT] 
2026-03-09 20:41:00,937 [ERROR] LogOutputStream:75 - [STDERR_REDIRECT] [Fatal Error] :1:1: Premature end of file.
2026-03-09 20:41:00,937 [ERROR] LogOutputStream:75 - [STDERR_REDIRECT] 
2026-03-09 20:41:01,924 [ERROR] LogOutputStream:75 - [STDERR_REDIRECT] [Fatal Error] :1:1: Premature end of file.
2026-03-09 20:41:01,925 [ERROR] LogOutputStream:75 - [STDERR_REDIRECT] 
2026-03-09 20:41:02,930 [ERROR] LogOutputStream:75 - [STDERR_REDIRECT] [Fatal Error] :1:1: Premature end of file.
2026-03-09 20:41:02,930 [ERROR] LogOutputStream:75 - [STDERR_REDIRECT] 
2026-03-09 20:41:03,932 [ERROR] LogOutputStream:75 - [STDERR_REDIRECT] [Fatal Error] :1:1: Premature end of file.
2026-03-09 20:41:03,932 [ERROR] LogOutputStream:75 - [STDERR_REDIRECT] 
2026-03-09 20:41:04,937 [ERROR] LogOutputStream:75 - [STDERR_REDIRECT] [Fatal Error] :1:1: Premature end of file.
2026-03-09 20:41:04,937 [ERROR] LogOutputStream:75 - [STDERR_REDIRECT] 
2026-03-09 20:41:05,934 [ERROR] LogOutputStream:75 - [STDERR_REDIRECT] [Fatal Error] :1:1: Premature end of file.
2026-03-09 20:41:05,934 [ERROR] LogOutputStream:75 - [STDERR_REDIRECT] 
2026-03-09 20:41:06,941 [ERROR] LogOutputStream:75 - [STDERR_REDIRECT] [Fatal Error] :1:1: Premature end of file.
2026-03-09 20:41:06,941 [ERROR] LogOutputStream:75 - [STDERR_REDIRECT] 
2026-03-09 20:41:07,930 [ERROR] LogOutputStream:75 - [STDERR_REDIRECT] [Fatal Error] :1:1: Premature end of file.
2026-03-09 20:41:07,930 [ERROR] LogOutputStream:75 - [STDERR_REDIRECT] 
2026-03-09 20:41:08,935 [ERROR] LogOutputStream:75 - [STDERR_REDIRECT] [Fatal Error] :1:1: Premature end of file.
2026-03-09 20:41:08,936 [ERROR] LogOutputStream:75 - [STDERR_REDIRECT] 
2026-03-09 20:41:09,937 [ERROR] LogOutputStream:75 - [STDERR_REDIRECT] [Fatal Error] :1:1: Premature end of file.
2026-03-09 20:41:09,938 [ERROR] LogOutputStream:75 - [STDERR_REDIRECT] 
2026-03-09 20:41:10,936 [ERROR] LogOutputStream:75 - [STDERR_REDIRECT] [Fatal Error] :1:1: Premature end of file.
2026-03-09 20:41:10,936 [ERROR] LogOutputStream:75 - [STDERR_REDIRECT] 
2026-03-09 20:41:11,930 [ERROR] LogOutputStream:75 - [STDERR_REDIRECT] [Fatal Error] :1:1: Premature end of file.
2026-03-09 20:41:11,930 [ERROR] LogOutputStream:75 - [STDERR_REDIRECT] 
2026-03-09 20:41:12,934 [ERROR] LogOutputStream:75 - [STDERR_REDIRECT] [Fatal Error] :1:1: Premature end of file.
2026-03-09 20:41:12,935 [ERROR] LogOutputStream:75 - [STDERR_REDIRECT] 
2026-03-09 20:41:13,929 [ERROR] LogOutputStream:75 - [STDERR_REDIRECT] [Fatal Error] :1:1: Premature end of file.
2026-03-09 20:41:13,929 [ERROR] LogOutputStream:75 - [STDERR_REDIRECT] 
2026-03-09 20:41:14,932 [ERROR] LogOutputStream:75 - [STDERR_REDIRECT] [Fatal Error] :1:1: Premature end of file.
2026-03-09 20:41:14,932 [ERROR] LogOutputStream:75 - [STDERR_REDIRECT] 
2026-03-09 20:41:15,937 [ERROR] LogOutputStream:75 - [STDERR_REDIRECT] [Fatal Error] :1:1: Premature end of file.
2026-03-09 20:41:15,937 [ERROR] LogOutputStream:75 - [STDERR_REDIRECT] 
2026-03-09 20:41:16,940 [ERROR] LogOutputStream:75 - [STDERR_REDIRECT] [Fatal Error] :1:1: Premature end of file.
2026-03-09 20:41:16,940 [ERROR] LogOutputStream:75 - [STDERR_REDIRECT] 
2026-03-09 20:41:17,928 [ERROR] LogOutputStream:75 - [STDERR_REDIRECT] [Fatal Error] :1:1: Premature end of file.
2026-03-09 20:41:17,928 [ERROR] LogOutputStream:75 - [STDERR_REDIRECT] 
2026-03-09 20:41:18,935 [ERROR] LogOutputStream:75 - [STDERR_REDIRECT] [Fatal Error] :1:1: Premature end of file.
2026-03-09 20:41:18,935 [ERROR] LogOutputStream:75 - [STDERR_REDIRECT] 
2026-03-09 20:41:19,935 [ERROR] LogOutputStream:75 - [STDERR_REDIRECT] [Fatal Error] :1:1: Premature end of file.
2026-03-09 20:41:19,935 [ERROR] LogOutputStream:75 - [STDERR_REDIRECT] 
2026-03-09 20:41:20,933 [ERROR] LogOutputStream:75 - [STDERR_REDIRECT] [Fatal Error] :1:1: Premature end of file.
2026-03-09 20:41:20,933 [ERROR] LogOutputStream:75 - [STDERR_REDIRECT] 
2026-03-09 20:41:21,925 [ERROR] LogOutputStream:75 - [STDERR_REDIRECT] [Fatal Error] :1:1: Premature end of file.
2026-03-09 20:41:21,925 [ERROR] LogOutputStream:75 - [STDERR_REDIRECT] 
2026-03-09 20:41:22,928 [ERROR] LogOutputStream:75 - [STDERR_REDIRECT] [Fatal Error] :1:1: Premature end of file.
2026-03-09 20:41:22,928 [ERROR] LogOutputStream:75 - [STDERR_REDIRECT] 
2026-03-09 20:41:23,929 [ERROR] LogOutputStream:75 - [STDERR_REDIRECT] [Fatal Error] :1:1: Premature end of file.
2026-03-09 20:41:23,929 [ERROR] LogOutputStream:75 - [STDERR_REDIRECT] 
2026-03-09 20:41:24,923 [ERROR] LogOutputStream:75 - [STDERR_REDIRECT] [Fatal Error] :1:1: Premature end of file.
2026-03-09 20:41:24,923 [ERROR] LogOutputStream:75 - [STDERR_REDIRECT] 
2026-03-09 20:41:25,931 [ERROR] LogOutputStream:75 - [STDERR_REDIRECT] [Fatal Error] :1:1: Premature end of file.
2026-03-09 20:41:25,931 [ERROR] LogOutputStream:75 - [STDERR_REDIRECT] 
2026-03-09 20:41:26,939 [ERROR] LogOutputStream:75 - [STDERR_REDIRECT] [Fatal Error] :1:1: Premature end of file.
2026-03-09 20:41:26,939 [ERROR] LogOutputStream:75 - [STDERR_REDIRECT] 
2026-03-09 20:41:27,928 [ERROR] LogOutputStream:75 - [STDERR_REDIRECT] [Fatal Error] :1:1: Premature end of file.
2026-03-09 20:41:27,928 [ERROR] LogOutputStream:75 - [STDERR_REDIRECT] 
2026-03-09 20:41:28,934 [ERROR] LogOutputStream:75 - [STDERR_REDIRECT] [Fatal Error] :1:1: Premature end of file.
2026-03-09 20:41:28,934 [ERROR] LogOutputStream:75 - [STDERR_REDIRECT] 
2026-03-09 20:41:29,922 [ERROR] LogOutputStream:75 - [STDERR_REDIRECT] [Fatal Error] :1:1: Premature end of file.
2026-03-09 20:41:29,922 [ERROR] LogOutputStream:75 - [STDERR_REDIRECT] 
2026-03-09 20:41:30,928 [ERROR] LogOutputStream:75 - [STDERR_REDIRECT] [Fatal Error] :1:1: Premature end of file.
2026-03-09 20:41:30,928 [ERROR] LogOutputStream:75 - [STDERR_REDIRECT] 
2026-03-09 20:41:31,936 [ERROR] LogOutputStream:75 - [STDERR_REDIRECT] [Fatal Error] :1:1: Premature end of file.
2026-03-09 20:41:31,936 [ERROR] LogOutputStream:75 - [STDERR_REDIRECT] 
2026-03-09 20:41:32,923 [ERROR] LogOutputStream:75 - [STDERR_REDIRECT] [Fatal Error] :1:1: Premature end of file.
2026-03-09 20:41:32,923 [ERROR] LogOutputStream:75 - [STDERR_REDIRECT] 
2026-03-09 20:41:33,936 [ERROR] LogOutputStream:75 - [STDERR_REDIRECT] [Fatal Error] :1:1: Premature end of file.
2026-03-09 20:41:33,936 [ERROR] LogOutputStream:75 - [STDERR_REDIRECT] 
2026-03-09 20:41:34,926 [ERROR] LogOutputStream:75 - [STDERR_REDIRECT] [Fatal Error] :1:1: Premature end of file.
2026-03-09 20:41:34,926 [ERROR] LogOutputStream:75 - [STDERR_REDIRECT] 
2026-03-09 20:41:35,927 [ERROR] LogOutputStream:75 - [STDERR_REDIRECT] [Fatal Error] :1:1: Premature end of file.
2026-03-09 20:41:35,927 [ERROR] LogOutputStream:75 - [STDERR_REDIRECT] 
2026-03-09 20:41:36,931 [ERROR] LogOutputStream:75 - [STDERR_REDIRECT] [Fatal Error] :1:1: Premature end of file.
2026-03-09 20:41:36,931 [ERROR] LogOutputStream:75 - [STDERR_REDIRECT] 
2026-03-09 20:41:37,942 [ERROR] LogOutputStream:75 - [STDERR_REDIRECT] [Fatal Error] :1:1: Premature end of file.
2026-03-09 20:41:37,942 [ERROR] LogOutputStream:75 - [STDERR_REDIRECT] 
2026-03-09 20:41:38,931 [ERROR] LogOutputStream:75 - [STDERR_REDIRECT] [Fatal Error] :1:1: Premature end of file.
2026-03-09 20:41:38,932 [ERROR] LogOutputStream:75 - [STDERR_REDIRECT] 
2026-03-09 20:41:39,921 [ERROR] LogOutputStream:75 - [STDERR_REDIRECT] [Fatal Error] :1:1: Premature end of file.
2026-03-09 20:41:39,921 [ERROR] LogOutputStream:75 - [STDERR_REDIRECT] 
2026-03-09 20:41:40,929 [ERROR] LogOutputStream:75 - [STDERR_REDIRECT] [Fatal Error] :1:1: Premature end of file.
2026-03-09 20:41:40,929 [ERROR] LogOutputStream:75 - [STDERR_REDIRECT] 
2026-03-09 20:41:41,929 [ERROR] LogOutputStream:75 - [STDERR_REDIRECT] [Fatal Error] :1:1: Premature end of file.
2026-03-09 20:41:41,929 [ERROR] LogOutputStream:75 - [STDERR_REDIRECT] 
2026-03-09 20:41:42,936 [ERROR] LogOutputStream:75 - [STDERR_REDIRECT] [Fatal Error] :1:1: Premature end of file.
2026-03-09 20:41:42,936 [ERROR] LogOutputStream:75 - [STDERR_REDIRECT] 
2026-03-09 20:41:43,930 [ERROR] LogOutputStream:75 - [STDERR_REDIRECT] [Fatal Error] :1:1: Premature end of file.
2026-03-09 20:41:43,930 [ERROR] LogOutputStream:75 - [STDERR_REDIRECT] 
2026-03-09 20:41:44,935 [ERROR] LogOutputStream:75 - [STDERR_REDIRECT] [Fatal Error] :1:1: Premature end of file.
2026-03-09 20:41:44,935 [ERROR] LogOutputStream:75 - [STDERR_REDIRECT] 
2026-03-09 20:41:45,927 [ERROR] LogOutputStream:75 - [STDERR_REDIRECT] [Fatal Error] :1:1: Premature end of file.
2026-03-09 20:41:45,927 [ERROR] LogOutputStream:75 - [STDERR_REDIRECT] 
2026-03-09 20:41:46,933 [ERROR] LogOutputStream:75 - [STDERR_REDIRECT] [Fatal Error] :1:1: Premature end of file.
2026-03-09 20:41:46,933 [ERROR] LogOutputStream:75 - [STDERR_REDIRECT] 
2026-03-09 20:41:47,923 [ERROR] LogOutputStream:75 - [STDERR_REDIRECT] [Fatal Error] :1:1: Premature end of file.
2026-03-09 20:41:47,923 [ERROR] LogOutputStream:75 - [STDERR_REDIRECT] 
2026-03-09 20:41:48,932 [ERROR] LogOutputStream:75 - [STDERR_REDIRECT] [Fatal Error] :1:1: Premature end of file.
2026-03-09 20:41:48,932 [ERROR] LogOutputStream:75 - [STDERR_REDIRECT] 
2026-03-09 20:41:49,937 [ERROR] LogOutputStream:75 - [STDERR_REDIRECT] [Fatal Error] :1:1: Premature end of file.
2026-03-09 20:41:49,937 [ERROR] LogOutputStream:75 - [STDERR_REDIRECT] 
2026-03-09 20:41:50,927 [ERROR] LogOutputStream:75 - [STDERR_REDIRECT] [Fatal Error] :1:1: Premature end of file.
2026-03-09 20:41:50,927 [ERROR] LogOutputStream:75 - [STDERR_REDIRECT] 
2026-03-09 20:41:51,934 [ERROR] LogOutputStream:75 - [STDERR_REDIRECT] [Fatal Error] :1:1: Premature end of file.
2026-03-09 20:41:51,934 [ERROR] LogOutputStream:75 - [STDERR_REDIRECT] 
2026-03-09 20:41:52,931 [ERROR] LogOutputStream:75 - [STDERR_REDIRECT] [Fatal Error] :1:1: Premature end of file.
2026-03-09 20:41:52,931 [ERROR] LogOutputStream:75 - [STDERR_REDIRECT] 
2026-03-09 20:41:53,926 [ERROR] LogOutputStream:75 - [STDERR_REDIRECT] [Fatal Error] :1:1: Premature end of file.
2026-03-09 20:41:53,926 [ERROR] LogOutputStream:75 - [STDERR_REDIRECT] 
2026-03-09 20:41:54,933 [ERROR] LogOutputStream:75 - [STDERR_REDIRECT] [Fatal Error] :1:1: Premature end of file.
2026-03-09 20:41:54,933 [ERROR] LogOutputStream:75 - [STDERR_REDIRECT] 
2026-03-09 20:41:55,937 [ERROR] LogOutputStream:75 - [STDERR_REDIRECT] [Fatal Error] :1:1: Premature end of file.
2026-03-09 20:41:55,937 [ERROR] LogOutputStream:75 - [STDERR_REDIRECT] 
2026-03-09 20:41:56,933 [ERROR] LogOutputStream:75 - [STDERR_REDIRECT] [Fatal Error] :1:1: Premature end of file.
2026-03-09 20:41:56,933 [ERROR] LogOutputStream:75 - [STDERR_REDIRECT] 
2026-03-09 20:41:57,942 [ERROR] LogOutputStream:75 - [STDERR_REDIRECT] [Fatal Error] :1:1: Premature end of file.
2026-03-09 20:41:57,942 [ERROR] LogOutputStream:75 - [STDERR_REDIRECT] 
2026-03-09 20:41:58,936 [ERROR] LogOutputStream:75 - [STDERR_REDIRECT] [Fatal Error] :1:1: Premature end of file.
2026-03-09 20:41:58,936 [ERROR] LogOutputStream:75 - [STDERR_REDIRECT] 
2026-03-09 20:41:59,926 [ERROR] LogOutputStream:75 - [STDERR_REDIRECT] [Fatal Error] :1:1: Premature end of file.
2026-03-09 20:41:59,926 [ERROR] LogOutputStream:75 - [STDERR_REDIRECT] 
2026-03-09 20:42:00,932 [ERROR] LogOutputStream:75 - [STDERR_REDIRECT] [Fatal Error] :1:1: Premature end of file.
2026-03-09 20:42:00,932 [ERROR] LogOutputStream:75 - [STDERR_REDIRECT] 
2026-03-09 20:42:01,924 [ERROR] LogOutputStream:75 - [STDERR_REDIRECT] [Fatal Error] :1:1: Premature end of file.
2026-03-09 20:42:01,924 [ERROR] LogOutputStream:75 - [STDERR_REDIRECT] 
2026-03-09 20:42:02,935 [ERROR] LogOutputStream:75 - [STDERR_REDIRECT] [Fatal Error] :1:1: Premature end of file.
2026-03-09 20:42:02,935 [ERROR] LogOutputStream:75 - [STDERR_REDIRECT] 
2026-03-09 20:42:03,934 [ERROR] LogOutputStream:75 - [STDERR_REDIRECT] [Fatal Error] :1:1: Premature end of file.
2026-03-09 20:42:03,934 [ERROR] LogOutputStream:75 - [STDERR_REDIRECT] 
2026-03-09 20:42:04,938 [ERROR] LogOutputStream:75 - [STDERR_REDIRECT] [Fatal Error] :1:1: Premature end of file.
2026-03-09 20:42:04,938 [ERROR] LogOutputStream:75 - [STDERR_REDIRECT] 
2026-03-09 20:42:05,938 [ERROR] LogOutputStream:75 - [STDERR_REDIRECT] [Fatal Error] :1:1: Premature end of file.
2026-03-09 20:42:05,939 [ERROR] LogOutputStream:75 - [STDERR_REDIRECT] 
2026-03-09 20:42:06,931 [ERROR] LogOutputStream:75 - [STDERR_REDIRECT] [Fatal Error] :1:1: Premature end of file.
2026-03-09 20:42:06,931 [ERROR] LogOutputStream:75 - [STDERR_REDIRECT] 
2026-03-09 20:42:07,935 [ERROR] LogOutputStream:75 - [STDERR_REDIRECT] [Fatal Error] :1:1: Premature end of file.
2026-03-09 20:42:07,935 [ERROR] LogOutputStream:75 - [STDERR_REDIRECT] 
2026-03-09 20:42:08,944 [ERROR] LogOutputStream:75 - [STDERR_REDIRECT] [Fatal Error] :1:1: Premature end of file.
2026-03-09 20:42:08,944 [ERROR] LogOutputStream:75 - [STDERR_REDIRECT] 
2026-03-09 20:42:09,936 [ERROR] LogOutputStream:75 - [STDERR_REDIRECT] [Fatal Error] :1:1: Premature end of file.
2026-03-09 20:42:09,936 [ERROR] LogOutputStream:75 - [STDERR_REDIRECT] 
2026-03-09 20:42:10,928 [ERROR] LogOutputStream:75 - [STDERR_REDIRECT] [Fatal Error] :1:1: Premature end of file.
2026-03-09 20:42:10,928 [ERROR] LogOutputStream:75 - [STDERR_REDIRECT] 
2026-03-09 20:42:11,937 [ERROR] LogOutputStream:75 - [STDERR_REDIRECT] [Fatal Error] :1:1: Premature end of file.
2026-03-09 20:42:11,937 [ERROR] LogOutputStream:75 - [STDERR_REDIRECT] 
2026-03-09 20:42:12,929 [ERROR] LogOutputStream:75 - [STDERR_REDIRECT] [Fatal Error] :1:1: Premature end of file.
2026-03-09 20:42:12,929 [ERROR] LogOutputStream:75 - [STDERR_REDIRECT] 
2026-03-09 20:42:13,931 [ERROR] LogOutputStream:75 - [STDERR_REDIRECT] [Fatal Error] :1:1: Premature end of file.
2026-03-09 20:42:13,931 [ERROR] LogOutputStream:75 - [STDERR_REDIRECT] 
2026-03-09 20:42:14,936 [ERROR] LogOutputStream:75 - [STDERR_REDIRECT] [Fatal Error] :1:1: Premature end of file.
2026-03-09 20:42:14,936 [ERROR] LogOutputStream:75 - [STDERR_REDIRECT] 
2026-03-09 20:42:15,925 [ERROR] LogOutputStream:75 - [STDERR_REDIRECT] [Fatal Error] :1:1: Premature end of file.
2026-03-09 20:42:15,925 [ERROR] LogOutputStream:75 - [STDERR_REDIRECT] 
2026-03-09 20:42:16,931 [ERROR] LogOutputStream:75 - [STDERR_REDIRECT] [Fatal Error] :1:1: Premature end of file.
2026-03-09 20:42:16,932 [ERROR] LogOutputStream:75 - [STDERR_REDIRECT] 
2026-03-09 20:42:17,937 [ERROR] LogOutputStream:75 - [STDERR_REDIRECT] [Fatal Error] :1:1: Premature end of file.
2026-03-09 20:42:17,937 [ERROR] LogOutputStream:75 - [STDERR_REDIRECT] 
2026-03-09 20:42:18,940 [ERROR] LogOutputStream:75 - [STDERR_REDIRECT] [Fatal Error] :1:1: Premature end of file.
2026-03-09 20:42:18,940 [ERROR] LogOutputStream:75 - [STDERR_REDIRECT] 
2026-03-09 20:42:19,944 [ERROR] LogOutputStream:75 - [STDERR_REDIRECT] [Fatal Error] :1:1: Premature end of file.
2026-03-09 20:42:19,944 [ERROR] LogOutputStream:75 - [STDERR_REDIRECT] 
2026-03-09 20:42:20,927 [ERROR] LogOutputStream:75 - [STDERR_REDIRECT] [Fatal Error] :1:1: Premature end of file.
2026-03-09 20:42:20,927 [ERROR] LogOutputStream:75 - [STDERR_REDIRECT] 
2026-03-09 20:42:21,932 [ERROR] LogOutputStream:75 - [STDERR_REDIRECT] [Fatal Error] :1:1: Premature end of file.
2026-03-09 20:42:21,932 [ERROR] LogOutputStream:75 - [STDERR_REDIRECT] 
2026-03-09 20:42:22,936 [ERROR] LogOutputStream:75 - [STDERR_REDIRECT] [Fatal Error] :1:1: Premature end of file.
2026-03-09 20:42:22,936 [ERROR] LogOutputStream:75 - [STDERR_REDIRECT] 
2026-03-09 20:42:23,931 [ERROR] LogOutputStream:75 - [STDERR_REDIRECT] [Fatal Error] :1:1: Premature end of file.
2026-03-09 20:42:23,931 [ERROR] LogOutputStream:75 - [STDERR_REDIRECT] 
2026-03-09 20:42:24,929 [ERROR] LogOutputStream:75 - [STDERR_REDIRECT] [Fatal Error] :1:1: Premature end of file.
2026-03-09 20:42:24,929 [ERROR] LogOutputStream:75 - [STDERR_REDIRECT] 
2026-03-09 20:42:25,936 [ERROR] LogOutputStream:75 - [STDERR_REDIRECT] [Fatal Error] :1:1: Premature end of file.
2026-03-09 20:42:25,936 [ERROR] LogOutputStream:75 - [STDERR_REDIRECT] 
2026-03-09 20:42:26,927 [ERROR] LogOutputStream:75 - [STDERR_REDIRECT] [Fatal Error] :1:1: Premature end of file.
2026-03-09 20:42:26,927 [ERROR] LogOutputStream:75 - [STDERR_REDIRECT] 
2026-03-09 20:42:27,930 [ERROR] LogOutputStream:75 - [STDERR_REDIRECT] [Fatal Error] :1:1: Premature end of file.
2026-03-09 20:42:27,931 [ERROR] LogOutputStream:75 - [STDERR_REDIRECT] 
2026-03-09 20:42:28,937 [ERROR] LogOutputStream:75 - [STDERR_REDIRECT] [Fatal Error] :1:1: Premature end of file.
2026-03-09 20:42:28,937 [ERROR] LogOutputStream:75 - [STDERR_REDIRECT] 
2026-03-09 20:42:29,936 [ERROR] LogOutputStream:75 - [STDERR_REDIRECT] [Fatal Error] :1:1: Premature end of file.
2026-03-09 20:42:29,936 [ERROR] LogOutputStream:75 - [STDERR_REDIRECT] 
2026-03-09 20:42:30,925 [ERROR] LogOutputStream:75 - [STDERR_REDIRECT] [Fatal Error] :1:1: Premature end of file.
2026-03-09 20:42:30,925 [ERROR] LogOutputStream:75 - [STDERR_REDIRECT] 
2026-03-09 20:42:31,936 [ERROR] LogOutputStream:75 - [STDERR_REDIRECT] [Fatal Error] :1:1: Premature end of file.
2026-03-09 20:42:31,936 [ERROR] LogOutputStream:75 - [STDERR_REDIRECT] 
2026-03-09 20:42:32,928 [ERROR] LogOutputStream:75 - [STDERR_REDIRECT] [Fatal Error] :1:1: Premature end of file.
2026-03-09 20:42:32,928 [ERROR] LogOutputStream:75 - [STDERR_REDIRECT] 
2026-03-09 20:42:33,932 [ERROR] LogOutputStream:75 - [STDERR_REDIRECT] [Fatal Error] :1:1: Premature end of file.
2026-03-09 20:42:33,932 [ERROR] LogOutputStream:75 - [STDERR_REDIRECT] 
2026-03-09 20:42:34,934 [ERROR] LogOutputStream:75 - [STDERR_REDIRECT] [Fatal Error] :1:1: Premature end of file.
2026-03-09 20:42:34,935 [ERROR] LogOutputStream:75 - [STDERR_REDIRECT] 
2026-03-09 20:42:35,928 [ERROR] LogOutputStream:75 - [STDERR_REDIRECT] [Fatal Error] :1:1: Premature end of file.
2026-03-09 20:42:35,928 [ERROR] LogOutputStream:75 - [STDERR_REDIRECT] 
2026-03-09 20:42:36,935 [ERROR] LogOutputStream:75 - [STDERR_REDIRECT] [Fatal Error] :1:1: Premature end of file.
2026-03-09 20:42:36,935 [ERROR] LogOutputStream:75 - [STDERR_REDIRECT] 
2026-03-09 20:42:37,930 [ERROR] LogOutputStream:75 - [STDERR_REDIRECT] [Fatal Error] :1:1: Premature end of file.
2026-03-09 20:42:37,930 [ERROR] LogOutputStream:75 - [STDERR_REDIRECT] 
2026-03-09 20:42:38,932 [ERROR] LogOutputStream:75 - [STDERR_REDIRECT] [Fatal Error] :1:1: Premature end of file.
2026-03-09 20:42:38,932 [ERROR] LogOutputStream:75 - [STDERR_REDIRECT] 
2026-03-09 20:42:39,938 [ERROR] LogOutputStream:75 - [STDERR_REDIRECT] [Fatal Error] :1:1: Premature end of file.
2026-03-09 20:42:39,938 [ERROR] LogOutputStream:75 - [STDERR_REDIRECT] 
2026-03-09 20:42:40,922 [ERROR] LogOutputStream:75 - [STDERR_REDIRECT] [Fatal Error] :1:1: Premature end of file.
2026-03-09 20:42:40,922 [ERROR] LogOutputStream:75 - [STDERR_REDIRECT] 
2026-03-09 20:42:41,926 [ERROR] LogOutputStream:75 - [STDERR_REDIRECT] [Fatal Error] :1:1: Premature end of file.
2026-03-09 20:42:41,926 [ERROR] LogOutputStream:75 - [STDERR_REDIRECT] 
2026-03-09 20:42:42,928 [ERROR] LogOutputStream:75 - [STDERR_REDIRECT] [Fatal Error] :1:1: Premature end of file.
2026-03-09 20:42:42,928 [ERROR] LogOutputStream:75 - [STDERR_REDIRECT] 
2026-03-09 20:42:43,925 [ERROR] LogOutputStream:75 - [STDERR_REDIRECT] [Fatal Error] :1:1: Premature end of file.
2026-03-09 20:42:43,925 [ERROR] LogOutputStream:75 - [STDERR_REDIRECT] 
2026-03-09 20:42:44,933 [ERROR] LogOutputStream:75 - [STDERR_REDIRECT] [Fatal Error] :1:1: Premature end of file.
2026-03-09 20:42:44,933 [ERROR] LogOutputStream:75 - [STDERR_REDIRECT] 
2026-03-09 20:42:45,925 [ERROR] LogOutputStream:75 - [STDERR_REDIRECT] [Fatal Error] :1:1: Premature end of file.
2026-03-09 20:42:45,925 [ERROR] LogOutputStream:75 - [STDERR_REDIRECT] 
2026-03-09 20:42:46,932 [ERROR] LogOutputStream:75 - [STDERR_REDIRECT] [Fatal Error] :1:1: Premature end of file.
2026-03-09 20:42:46,932 [ERROR] LogOutputStream:75 - [STDERR_REDIRECT] 
2026-03-09 20:42:47,930 [ERROR] LogOutputStream:75 - [STDERR_REDIRECT] [Fatal Error] :1:1: Premature end of file.
2026-03-09 20:42:47,930 [ERROR] LogOutputStream:75 - [STDERR_REDIRECT] 
2026-03-09 20:42:48,932 [ERROR] LogOutputStream:75 - [STDERR_REDIRECT] [Fatal Error] :1:1: Premature end of file.
2026-03-09 20:42:48,932 [ERROR] LogOutputStream:75 - [STDERR_REDIRECT] 
2026-03-09 20:42:49,937 [ERROR] LogOutputStream:75 - [STDERR_REDIRECT] [Fatal Error] :1:1: Premature end of file.
2026-03-09 20:42:49,937 [ERROR] LogOutputStream:75 - [STDERR_REDIRECT] 
2026-03-09 20:42:50,944 [ERROR] LogOutputStream:75 - [STDERR_REDIRECT] [Fatal Error] :1:1: Premature end of file.
2026-03-09 20:42:50,944 [ERROR] LogOutputStream:75 - [STDERR_REDIRECT] 
2026-03-09 20:42:51,936 [ERROR] LogOutputStream:75 - [STDERR_REDIRECT] [Fatal Error] :1:1: Premature end of file.
2026-03-09 20:42:51,936 [ERROR] LogOutputStream:75 - [STDERR_REDIRECT] 
2026-03-09 20:42:52,923 [ERROR] LogOutputStream:75 - [STDERR_REDIRECT] [Fatal Error] :1:1: Premature end of file.
2026-03-09 20:42:52,924 [ERROR] LogOutputStream:75 - [STDERR_REDIRECT] 
2026-03-09 20:42:53,926 [ERROR] LogOutputStream:75 - [STDERR_REDIRECT] [Fatal Error] :1:1: Premature end of file.
2026-03-09 20:42:53,926 [ERROR] LogOutputStream:75 - [STDERR_REDIRECT] 
2026-03-09 20:42:54,935 [ERROR] LogOutputStream:75 - [STDERR_REDIRECT] [Fatal Error] :1:1: Premature end of file.
2026-03-09 20:42:54,935 [ERROR] LogOutputStream:75 - [STDERR_REDIRECT] 
2026-03-09 20:42:55,927 [ERROR] LogOutputStream:75 - [STDERR_REDIRECT] [Fatal Error] :1:1: Premature end of file.
2026-03-09 20:42:55,927 [ERROR] LogOutputStream:75 - [STDERR_REDIRECT] 
2026-03-09 20:42:56,932 [ERROR] LogOutputStream:75 - [STDERR_REDIRECT] [Fatal Error] :1:1: Premature end of file.
2026-03-09 20:42:56,932 [ERROR] LogOutputStream:75 - [STDERR_REDIRECT] 
2026-03-09 20:42:57,923 [ERROR] LogOutputStream:75 - [STDERR_REDIRECT] [Fatal Error] :1:1: Premature end of file.
2026-03-09 20:42:57,923 [ERROR] LogOutputStream:75 - [STDERR_REDIRECT] 
2026-03-09 20:42:58,937 [ERROR] LogOutputStream:75 - [STDERR_REDIRECT] [Fatal Error] :1:1: Premature end of file.
2026-03-09 20:42:58,937 [ERROR] LogOutputStream:75 - [STDERR_REDIRECT] 
2026-03-09 20:42:59,935 [ERROR] LogOutputStream:75 - [STDERR_REDIRECT] [Fatal Error] :1:1: Premature end of file.
2026-03-09 20:42:59,936 [ERROR] LogOutputStream:75 - [STDERR_REDIRECT] 
2026-03-09 20:43:00,937 [ERROR] LogOutputStream:75 - [STDERR_REDIRECT] [Fatal Error] :1:1: Premature end of file.
2026-03-09 20:43:00,937 [ERROR] LogOutputStream:75 - [STDERR_REDIRECT] 
2026-03-09 20:43:01,942 [ERROR] LogOutputStream:75 - [STDERR_REDIRECT] [Fatal Error] :1:1: Premature end of file.
2026-03-09 20:43:01,942 [ERROR] LogOutputStream:75 - [STDERR_REDIRECT] 
2026-03-09 20:43:02,930 [ERROR] LogOutputStream:75 - [STDERR_REDIRECT] [Fatal Error] :1:1: Premature end of file.
2026-03-09 20:43:02,930 [ERROR] LogOutputStream:75 - [STDERR_REDIRECT] 
2026-03-09 20:43:03,933 [ERROR] LogOutputStream:75 - [STDERR_REDIRECT] [Fatal Error] :1:1: Premature end of file.
2026-03-09 20:43:03,933 [ERROR] LogOutputStream:75 - [STDERR_REDIRECT] 
2026-03-09 20:43:04,936 [ERROR] LogOutputStream:75 - [STDERR_REDIRECT] [Fatal Error] :1:1: Premature end of file.
2026-03-09 20:43:04,936 [ERROR] LogOutputStream:75 - [STDERR_REDIRECT] 
2026-03-09 20:43:05,926 [ERROR] LogOutputStream:75 - [STDERR_REDIRECT] [Fatal Error] :1:1: Premature end of file.
2026-03-09 20:43:05,926 [ERROR] LogOutputStream:75 - [STDERR_REDIRECT] 
2026-03-09 20:43:06,923 [ERROR] LogOutputStream:75 - [STDERR_REDIRECT] [Fatal Error] :1:1: Premature end of file.
2026-03-09 20:43:06,923 [ERROR] LogOutputStream:75 - [STDERR_REDIRECT] 
2026-03-09 20:43:07,926 [ERROR] LogOutputStream:75 - [STDERR_REDIRECT] [Fatal Error] :1:1: Premature end of file.
2026-03-09 20:43:07,926 [ERROR] LogOutputStream:75 - [STDERR_REDIRECT] 
2026-03-09 20:43:08,937 [ERROR] LogOutputStream:75 - [STDERR_REDIRECT] [Fatal Error] :1:1: Premature end of file.
2026-03-09 20:43:08,937 [ERROR] LogOutputStream:75 - [STDERR_REDIRECT] 
2026-03-09 20:43:09,925 [ERROR] LogOutputStream:75 - [STDERR_REDIRECT] [Fatal Error] :1:1: Premature end of file.
2026-03-09 20:43:09,925 [ERROR] LogOutputStream:75 - [STDERR_REDIRECT] 
2026-03-09 20:43:10,932 [ERROR] LogOutputStream:75 - [STDERR_REDIRECT] [Fatal Error] :1:1: Premature end of file.
2026-03-09 20:43:10,932 [ERROR] LogOutputStream:75 - [STDERR_REDIRECT] 
2026-03-09 20:43:11,937 [ERROR] LogOutputStream:75 - [STDERR_REDIRECT] [Fatal Error] :1:1: Premature end of file.
2026-03-09 20:43:11,937 [ERROR] LogOutputStream:75 - [STDERR_REDIRECT] 
2026-03-09 20:43:12,922 [ERROR] LogOutputStream:75 - [STDERR_REDIRECT] [Fatal Error] :1:1: Premature end of file.
2026-03-09 20:43:12,922 [ERROR] LogOutputStream:75 - [STDERR_REDIRECT] 
2026-03-09 20:43:13,929 [ERROR] LogOutputStream:75 - [STDERR_REDIRECT] [Fatal Error] :1:1: Premature end of file.
2026-03-09 20:43:13,929 [ERROR] LogOutputStream:75 - [STDERR_REDIRECT] 
2026-03-09 20:43:14,933 [ERROR] LogOutputStream:75 - [STDERR_REDIRECT] [Fatal Error] :1:1: Premature end of file.
2026-03-09 20:43:14,933 [ERROR] LogOutputStream:75 - [STDERR_REDIRECT] 
2026-03-09 20:43:15,920 [ERROR] LogOutputStream:75 - [STDERR_REDIRECT] [Fatal Error] :1:1: Premature end of file.
2026-03-09 20:43:15,920 [ERROR] LogOutputStream:75 - [STDERR_REDIRECT] 
2026-03-09 20:43:16,930 [ERROR] LogOutputStream:75 - [STDERR_REDIRECT] [Fatal Error] :1:1: Premature end of file.
2026-03-09 20:43:16,930 [ERROR] LogOutputStream:75 - [STDERR_REDIRECT] 
2026-03-09 20:43:17,931 [ERROR] LogOutputStream:75 - [STDERR_REDIRECT] [Fatal Error] :1:1: Premature end of file.
2026-03-09 20:43:17,931 [ERROR] LogOutputStream:75 - [STDERR_REDIRECT] 
2026-03-09 20:43:18,929 [ERROR] LogOutputStream:75 - [STDERR_REDIRECT] [Fatal Error] :1:1: Premature end of file.
2026-03-09 20:43:18,929 [ERROR] LogOutputStream:75 - [STDERR_REDIRECT] 
2026-03-09 20:43:19,938 [ERROR] LogOutputStream:75 - [STDERR_REDIRECT] [Fatal Error] :1:1: Premature end of file.
2026-03-09 20:43:19,938 [ERROR] LogOutputStream:75 - [STDERR_REDIRECT] 
2026-03-09 20:43:20,926 [ERROR] LogOutputStream:75 - [STDERR_REDIRECT] [Fatal Error] :1:1: Premature end of file.
2026-03-09 20:43:20,926 [ERROR] LogOutputStream:75 - [STDERR_REDIRECT] 
2026-03-09 20:43:21,929 [ERROR] LogOutputStream:75 - [STDERR_REDIRECT] [Fatal Error] :1:1: Premature end of file.
2026-03-09 20:43:21,929 [ERROR] LogOutputStream:75 - [STDERR_REDIRECT] 
2026-03-09 20:43:22,938 [ERROR] LogOutputStream:75 - [STDERR_REDIRECT] [Fatal Error] :1:1: Premature end of file.
2026-03-09 20:43:22,938 [ERROR] LogOutputStream:75 - [STDERR_REDIRECT] 
2026-03-09 20:43:23,921 [ERROR] LogOutputStream:75 - [STDERR_REDIRECT] [Fatal Error] :1:1: Premature end of file.
2026-03-09 20:43:23,923 [ERROR] LogOutputStream:75 - [STDERR_REDIRECT] 
2026-03-09 20:43:24,927 [ERROR] LogOutputStream:75 - [STDERR_REDIRECT] [Fatal Error] :1:1: Premature end of file.
2026-03-09 20:43:24,927 [ERROR] LogOutputStream:75 - [STDERR_REDIRECT] 
2026-03-09 20:43:25,930 [ERROR] LogOutputStream:75 - [STDERR_REDIRECT] [Fatal Error] :1:1: Premature end of file.
2026-03-09 20:43:25,930 [ERROR] LogOutputStream:75 - [STDERR_REDIRECT] 
2026-03-09 20:43:26,936 [ERROR] LogOutputStream:75 - [STDERR_REDIRECT] [Fatal Error] :1:1: Premature end of file.
2026-03-09 20:43:26,936 [ERROR] LogOutputStream:75 - [STDERR_REDIRECT] 
2026-03-09 20:43:27,929 [ERROR] LogOutputStream:75 - [STDERR_REDIRECT] [Fatal Error] :1:1: Premature end of file.
2026-03-09 20:43:27,929 [ERROR] LogOutputStream:75 - [STDERR_REDIRECT] 
2026-03-09 20:43:28,933 [ERROR] LogOutputStream:75 - [STDERR_REDIRECT] [Fatal Error] :1:1: Premature end of file.
2026-03-09 20:43:28,933 [ERROR] LogOutputStream:75 - [STDERR_REDIRECT] 
2026-03-09 20:43:29,924 [ERROR] LogOutputStream:75 - [STDERR_REDIRECT] [Fatal Error] :1:1: Premature end of file.
2026-03-09 20:43:29,926 [ERROR] LogOutputStream:75 - [STDERR_REDIRECT] 
2026-03-09 20:43:30,933 [ERROR] LogOutputStream:75 - [STDERR_REDIRECT] [Fatal Error] :1:1: Premature end of file.
2026-03-09 20:43:30,933 [ERROR] LogOutputStream:75 - [STDERR_REDIRECT] 
2026-03-09 20:43:31,934 [ERROR] LogOutputStream:75 - [STDERR_REDIRECT] [Fatal Error] :1:1: Premature end of file.
2026-03-09 20:43:31,934 [ERROR] LogOutputStream:75 - [STDERR_REDIRECT] 
2026-03-09 20:43:32,932 [ERROR] LogOutputStream:75 - [STDERR_REDIRECT] [Fatal Error] :1:1: Premature end of file.
2026-03-09 20:43:32,932 [ERROR] LogOutputStream:75 - [STDERR_REDIRECT] 
2026-03-09 20:43:33,924 [ERROR] LogOutputStream:75 - [STDERR_REDIRECT] [Fatal Error] :1:1: Premature end of file.
2026-03-09 20:43:33,924 [ERROR] LogOutputStream:75 - [STDERR_REDIRECT] 
2026-03-09 20:43:34,923 [ERROR] LogOutputStream:75 - [STDERR_REDIRECT] [Fatal Error] :1:1: Premature end of file.
2026-03-09 20:43:34,923 [ERROR] LogOutputStream:75 - [STDERR_REDIRECT] 
2026-03-09 20:43:35,925 [ERROR] LogOutputStream:75 - [STDERR_REDIRECT] [Fatal Error] :1:1: Premature end of file.
2026-03-09 20:43:35,925 [ERROR] LogOutputStream:75 - [STDERR_REDIRECT] 
2026-03-09 20:43:36,937 [ERROR] LogOutputStream:75 - [STDERR_REDIRECT] [Fatal Error] :1:1: Premature end of file.
2026-03-09 20:43:36,937 [ERROR] LogOutputStream:75 - [STDERR_REDIRECT] 
2026-03-09 20:43:37,927 [ERROR] LogOutputStream:75 - [STDERR_REDIRECT] [Fatal Error] :1:1: Premature end of file.
2026-03-09 20:43:37,927 [ERROR] LogOutputStream:75 - [STDERR_REDIRECT] 
2026-03-09 20:43:38,937 [ERROR] LogOutputStream:75 - [STDERR_REDIRECT] [Fatal Error] :1:1: Premature end of file.
2026-03-09 20:43:38,937 [ERROR] LogOutputStream:75 - [STDERR_REDIRECT] 
2026-03-09 20:43:39,926 [ERROR] LogOutputStream:75 - [STDERR_REDIRECT] [Fatal Error] :1:1: Premature end of file.
2026-03-09 20:43:39,926 [ERROR] LogOutputStream:75 - [STDERR_REDIRECT] 
2026-03-09 20:43:40,923 [ERROR] LogOutputStream:75 - [STDERR_REDIRECT] [Fatal Error] :1:1: Premature end of file.
2026-03-09 20:43:40,923 [ERROR] LogOutputStream:75 - [STDERR_REDIRECT] 
2026-03-09 20:43:41,932 [ERROR] LogOutputStream:75 - [STDERR_REDIRECT] [Fatal Error] :1:1: Premature end of file.
2026-03-09 20:43:41,932 [ERROR] LogOutputStream:75 - [STDERR_REDIRECT] 
2026-03-09 20:43:42,935 [ERROR] LogOutputStream:75 - [STDERR_REDIRECT] [Fatal Error] :1:1: Premature end of file.
2026-03-09 20:43:42,935 [ERROR] LogOutputStream:75 - [STDERR_REDIRECT] 
2026-03-09 20:43:43,939 [ERROR] LogOutputStream:75 - [STDERR_REDIRECT] [Fatal Error] :1:1: Premature end of file.
2026-03-09 20:43:43,939 [ERROR] LogOutputStream:75 - [STDERR_REDIRECT] 
2026-03-09 20:43:44,932 [ERROR] LogOutputStream:75 - [STDERR_REDIRECT] [Fatal Error] :1:1: Premature end of file.
2026-03-09 20:43:44,932 [ERROR] LogOutputStream:75 - [STDERR_REDIRECT] 
2026-03-09 20:43:45,935 [ERROR] LogOutputStream:75 - [STDERR_REDIRECT] [Fatal Error] :1:1: Premature end of file.
2026-03-09 20:43:45,935 [ERROR] LogOutputStream:75 - [STDERR_REDIRECT] 
2026-03-09 20:43:46,922 [ERROR] LogOutputStream:75 - [STDERR_REDIRECT] [Fatal Error] :1:1: Premature end of file.
2026-03-09 20:43:46,922 [ERROR] LogOutputStream:75 - [STDERR_REDIRECT] 
2026-03-09 20:43:47,923 [ERROR] LogOutputStream:75 - [STDERR_REDIRECT] [Fatal Error] :1:1: Premature end of file.
2026-03-09 20:43:47,923 [ERROR] LogOutputStream:75 - [STDERR_REDIRECT] 
2026-03-09 20:43:48,929 [ERROR] LogOutputStream:75 - [STDERR_REDIRECT] [Fatal Error] :1:1: Premature end of file.
2026-03-09 20:43:48,929 [ERROR] LogOutputStream:75 - [STDERR_REDIRECT] 
2026-03-09 20:43:49,934 [ERROR] LogOutputStream:75 - [STDERR_REDIRECT] [Fatal Error] :1:1: Premature end of file.
2026-03-09 20:43:49,934 [ERROR] LogOutputStream:75 - [STDERR_REDIRECT] 
2026-03-09 20:43:50,935 [ERROR] LogOutputStream:75 - [STDERR_REDIRECT] [Fatal Error] :1:1: Premature end of file.
2026-03-09 20:43:50,935 [ERROR] LogOutputStream:75 - [STDERR_REDIRECT] 
2026-03-09 20:43:51,931 [ERROR] LogOutputStream:75 - [STDERR_REDIRECT] [Fatal Error] :1:1: Premature end of file.
2026-03-09 20:43:51,931 [ERROR] LogOutputStream:75 - [STDERR_REDIRECT] 
2026-03-09 20:43:52,925 [ERROR] LogOutputStream:75 - [STDERR_REDIRECT] [Fatal Error] :1:1: Premature end of file.
2026-03-09 20:43:52,925 [ERROR] LogOutputStream:75 - [STDERR_REDIRECT] 
2026-03-09 20:43:53,931 [ERROR] LogOutputStream:75 - [STDERR_REDIRECT] [Fatal Error] :1:1: Premature end of file.
2026-03-09 20:43:53,931 [ERROR] LogOutputStream:75 - [STDERR_REDIRECT] 
2026-03-09 20:43:54,940 [ERROR] LogOutputStream:75 - [STDERR_REDIRECT] [Fatal Error] :1:1: Premature end of file.
2026-03-09 20:43:54,941 [ERROR] LogOutputStream:75 - [STDERR_REDIRECT] 
2026-03-09 20:43:55,934 [ERROR] LogOutputStream:75 - [STDERR_REDIRECT] [Fatal Error] :1:1: Premature end of file.
2026-03-09 20:43:55,934 [ERROR] LogOutputStream:75 - [STDERR_REDIRECT] 
2026-03-09 20:43:56,925 [ERROR] LogOutputStream:75 - [STDERR_REDIRECT] [Fatal Error] :1:1: Premature end of file.
2026-03-09 20:43:56,925 [ERROR] LogOutputStream:75 - [STDERR_REDIRECT] 
2026-03-09 20:43:57,933 [ERROR] LogOutputStream:75 - [STDERR_REDIRECT] [Fatal Error] :1:1: Premature end of file.
2026-03-09 20:43:57,934 [ERROR] LogOutputStream:75 - [STDERR_REDIRECT] 
2026-03-09 20:43:58,924 [ERROR] LogOutputStream:75 - [STDERR_REDIRECT] [Fatal Error] :1:1: Premature end of file.
2026-03-09 20:43:58,924 [ERROR] LogOutputStream:75 - [STDERR_REDIRECT] 
2026-03-09 20:43:59,926 [ERROR] LogOutputStream:75 - [STDERR_REDIRECT] [Fatal Error] :1:1: Premature end of file.
2026-03-09 20:43:59,927 [ERROR] LogOutputStream:75 - [STDERR_REDIRECT] 
2026-03-09 20:44:00,930 [ERROR] LogOutputStream:75 - [STDERR_REDIRECT] [Fatal Error] :1:1: Premature end of file.
2026-03-09 20:44:00,930 [ERROR] LogOutputStream:75 - [STDERR_REDIRECT] 
2026-03-09 20:44:01,935 [ERROR] LogOutputStream:75 - [STDERR_REDIRECT] [Fatal Error] :1:1: Premature end of file.
2026-03-09 20:44:01,935 [ERROR] LogOutputStream:75 - [STDERR_REDIRECT] 
2026-03-09 20:44:02,922 [ERROR] LogOutputStream:75 - [STDERR_REDIRECT] [Fatal Error] :1:1: Premature end of file.
2026-03-09 20:44:02,923 [ERROR] LogOutputStream:75 - [STDERR_REDIRECT] 
2026-03-09 20:44:03,937 [ERROR] LogOutputStream:75 - [STDERR_REDIRECT] [Fatal Error] :1:1: Premature end of file.
2026-03-09 20:44:03,937 [ERROR] LogOutputStream:75 - [STDERR_REDIRECT] 
2026-03-09 20:44:04,936 [ERROR] LogOutputStream:75 - [STDERR_REDIRECT] [Fatal Error] :1:1: Premature end of file.
2026-03-09 20:44:04,936 [ERROR] LogOutputStream:75 - [STDERR_REDIRECT] 
2026-03-09 20:44:05,945 [ERROR] LogOutputStream:75 - [STDERR_REDIRECT] [Fatal Error] :1:1: Premature end of file.
2026-03-09 20:44:05,945 [ERROR] LogOutputStream:75 - [STDERR_REDIRECT] 
2026-03-09 20:44:06,939 [ERROR] LogOutputStream:75 - [STDERR_REDIRECT] [Fatal Error] :1:1: Premature end of file.
2026-03-09 20:44:06,939 [ERROR] LogOutputStream:75 - [STDERR_REDIRECT] 
2026-03-09 20:44:07,927 [ERROR] LogOutputStream:75 - [STDERR_REDIRECT] [Fatal Error] :1:1: Premature end of file.
2026-03-09 20:44:07,928 [ERROR] LogOutputStream:75 - [STDERR_REDIRECT] 
2026-03-09 20:44:08,930 [ERROR] LogOutputStream:75 - [STDERR_REDIRECT] [Fatal Error] :1:1: Premature end of file.
2026-03-09 20:44:08,930 [ERROR] LogOutputStream:75 - [STDERR_REDIRECT] 
2026-03-09 20:44:09,938 [ERROR] LogOutputStream:75 - [STDERR_REDIRECT] [Fatal Error] :1:1: Premature end of file.
2026-03-09 20:44:09,938 [ERROR] LogOutputStream:75 - [STDERR_REDIRECT] 
2026-03-09 20:44:10,928 [ERROR] LogOutputStream:75 - [STDERR_REDIRECT] [Fatal Error] :1:1: Premature end of file.
2026-03-09 20:44:10,929 [ERROR] LogOutputStream:75 - [STDERR_REDIRECT] 
2026-03-09 20:44:11,928 [ERROR] LogOutputStream:75 - [STDERR_REDIRECT] [Fatal Error] :1:1: Premature end of file.
2026-03-09 20:44:11,928 [ERROR] LogOutputStream:75 - [STDERR_REDIRECT] 
2026-03-09 20:44:12,929 [ERROR] LogOutputStream:75 - [STDERR_REDIRECT] [Fatal Error] :1:1: Premature end of file.
2026-03-09 20:44:12,929 [ERROR] LogOutputStream:75 - [STDERR_REDIRECT] 
2026-03-09 20:44:13,934 [ERROR] LogOutputStream:75 - [STDERR_REDIRECT] [Fatal Error] :1:1: Premature end of file.
2026-03-09 20:44:13,936 [ERROR] LogOutputStream:75 - [STDERR_REDIRECT] 
2026-03-09 20:44:14,938 [ERROR] LogOutputStream:75 - [STDERR_REDIRECT] [Fatal Error] :1:1: Premature end of file.
2026-03-09 20:44:14,938 [ERROR] LogOutputStream:75 - [STDERR_REDIRECT] 
2026-03-09 20:44:15,926 [ERROR] LogOutputStream:75 - [STDERR_REDIRECT] [Fatal Error] :1:1: Premature end of file.
2026-03-09 20:44:15,926 [ERROR] LogOutputStream:75 - [STDERR_REDIRECT] 
2026-03-09 20:44:16,930 [ERROR] LogOutputStream:75 - [STDERR_REDIRECT] [Fatal Error] :1:1: Premature end of file.
2026-03-09 20:44:16,930 [ERROR] LogOutputStream:75 - [STDERR_REDIRECT] 
2026-03-09 20:44:17,934 [ERROR] LogOutputStream:75 - [STDERR_REDIRECT] [Fatal Error] :1:1: Premature end of file.
2026-03-09 20:44:17,934 [ERROR] LogOutputStream:75 - [STDERR_REDIRECT] 
2026-03-09 20:44:18,922 [ERROR] LogOutputStream:75 - [STDERR_REDIRECT] [Fatal Error] :1:1: Premature end of file.
2026-03-09 20:44:18,922 [ERROR] LogOutputStream:75 - [STDERR_REDIRECT] 
2026-03-09 20:44:19,926 [ERROR] LogOutputStream:75 - [STDERR_REDIRECT] [Fatal Error] :1:1: Premature end of file.
2026-03-09 20:44:19,926 [ERROR] LogOutputStream:75 - [STDERR_REDIRECT] 
2026-03-09 20:44:20,925 [ERROR] LogOutputStream:75 - [STDERR_REDIRECT] [Fatal Error] :1:1: Premature end of file.
2026-03-09 20:44:20,925 [ERROR] LogOutputStream:75 - [STDERR_REDIRECT] 
2026-03-09 20:44:21,928 [ERROR] LogOutputStream:75 - [STDERR_REDIRECT] [Fatal Error] :1:1: Premature end of file.
2026-03-09 20:44:21,929 [ERROR] LogOutputStream:75 - [STDERR_REDIRECT] 
2026-03-09 20:44:22,935 [ERROR] LogOutputStream:75 - [STDERR_REDIRECT] [Fatal Error] :1:1: Premature end of file.
2026-03-09 20:44:22,935 [ERROR] LogOutputStream:75 - [STDERR_REDIRECT] 
2026-03-09 20:44:23,935 [ERROR] LogOutputStream:75 - [STDERR_REDIRECT] [Fatal Error] :1:1: Premature end of file.
2026-03-09 20:44:23,935 [ERROR] LogOutputStream:75 - [STDERR_REDIRECT] 
2026-03-09 20:44:24,932 [ERROR] LogOutputStream:75 - [STDERR_REDIRECT] [Fatal Error] :1:1: Premature end of file.
2026-03-09 20:44:24,932 [ERROR] LogOutputStream:75 - [STDERR_REDIRECT] 
2026-03-09 20:44:25,940 [ERROR] LogOutputStream:75 - [STDERR_REDIRECT] [Fatal Error] :1:1: Premature end of file.
2026-03-09 20:44:25,940 [ERROR] LogOutputStream:75 - [STDERR_REDIRECT] 
2026-03-09 20:44:26,923 [ERROR] LogOutputStream:75 - [STDERR_REDIRECT] [Fatal Error] :1:1: Premature end of file.
2026-03-09 20:44:26,923 [ERROR] LogOutputStream:75 - [STDERR_REDIRECT] 
2026-03-09 20:44:27,933 [ERROR] LogOutputStream:75 - [STDERR_REDIRECT] [Fatal Error] :1:1: Premature end of file.
2026-03-09 20:44:27,933 [ERROR] LogOutputStream:75 - [STDERR_REDIRECT] 
2026-03-09 20:44:28,924 [ERROR] LogOutputStream:75 - [STDERR_REDIRECT] [Fatal Error] :1:1: Premature end of file.
2026-03-09 20:44:28,924 [ERROR] LogOutputStream:75 - [STDERR_REDIRECT] 
2026-03-09 20:44:29,933 [ERROR] LogOutputStream:75 - [STDERR_REDIRECT] [Fatal Error] :1:1: Premature end of file.
2026-03-09 20:44:29,933 [ERROR] LogOutputStream:75 - [STDERR_REDIRECT] 
2026-03-09 20:44:30,939 [ERROR] LogOutputStream:75 - [STDERR_REDIRECT] [Fatal Error] :1:1: Premature end of file.
2026-03-09 20:44:30,939 [ERROR] LogOutputStream:75 - [STDERR_REDIRECT] 
2026-03-09 20:44:31,928 [ERROR] LogOutputStream:75 - [STDERR_REDIRECT] [Fatal Error] :1:1: Premature end of file.
2026-03-09 20:44:31,928 [ERROR] LogOutputStream:75 - [STDERR_REDIRECT] 
2026-03-09 20:44:32,931 [ERROR] LogOutputStream:75 - [STDERR_REDIRECT] [Fatal Error] :1:1: Premature end of file.
2026-03-09 20:44:32,931 [ERROR] LogOutputStream:75 - [STDERR_REDIRECT] 
2026-03-09 20:44:33,941 [ERROR] LogOutputStream:75 - [STDERR_REDIRECT] [Fatal Error] :1:1: Premature end of file.
2026-03-09 20:44:33,941 [ERROR] LogOutputStream:75 - [STDERR_REDIRECT] 
2026-03-09 20:44:34,926 [ERROR] LogOutputStream:75 - [STDERR_REDIRECT] [Fatal Error] :1:1: Premature end of file.
2026-03-09 20:44:34,926 [ERROR] LogOutputStream:75 - [STDERR_REDIRECT] 
2026-03-09 20:44:35,935 [ERROR] LogOutputStream:75 - [STDERR_REDIRECT] [Fatal Error] :1:1: Premature end of file.
2026-03-09 20:44:35,935 [ERROR] LogOutputStream:75 - [STDERR_REDIRECT] 
2026-03-09 20:44:36,947 [ERROR] LogOutputStream:75 - [STDERR_REDIRECT] [Fatal Error] :1:1: Premature end of file.
2026-03-09 20:44:36,947 [ERROR] LogOutputStream:75 - [STDERR_REDIRECT] 
2026-03-09 20:44:37,935 [ERROR] LogOutputStream:75 - [STDERR_REDIRECT] [Fatal Error] :1:1: Premature end of file.
2026-03-09 20:44:37,935 [ERROR] LogOutputStream:75 - [STDERR_REDIRECT] 
2026-03-09 20:44:38,936 [ERROR] LogOutputStream:75 - [STDERR_REDIRECT] [Fatal Error] :1:1: Premature end of file.
2026-03-09 20:44:38,936 [ERROR] LogOutputStream:75 - [STDERR_REDIRECT] 
2026-03-09 20:44:39,938 [ERROR] LogOutputStream:75 - [STDERR_REDIRECT] [Fatal Error] :1:1: Premature end of file.
2026-03-09 20:44:39,938 [ERROR] LogOutputStream:75 - [STDERR_REDIRECT] 
2026-03-09 20:44:40,925 [ERROR] LogOutputStream:75 - [STDERR_REDIRECT] [Fatal Error] :1:1: Premature end of file.
2026-03-09 20:44:40,925 [ERROR] LogOutputStream:75 - [STDERR_REDIRECT] 
2026-03-09 20:44:41,925 [ERROR] LogOutputStream:75 - [STDERR_REDIRECT] [Fatal Error] :1:1: Premature end of file.
2026-03-09 20:44:41,925 [ERROR] LogOutputStream:75 - [STDERR_REDIRECT] 
2026-03-09 20:44:42,929 [ERROR] LogOutputStream:75 - [STDERR_REDIRECT] [Fatal Error] :1:1: Premature end of file.
2026-03-09 20:44:42,929 [ERROR] LogOutputStream:75 - [STDERR_REDIRECT] 
2026-03-09 20:44:43,934 [ERROR] LogOutputStream:75 - [STDERR_REDIRECT] [Fatal Error] :1:1: Premature end of file.
2026-03-09 20:44:43,934 [ERROR] LogOutputStream:75 - [STDERR_REDIRECT] 
2026-03-09 20:44:44,929 [ERROR] LogOutputStream:75 - [STDERR_REDIRECT] [Fatal Error] :1:1: Premature end of file.
2026-03-09 20:44:44,929 [ERROR] LogOutputStream:75 - [STDERR_REDIRECT] 
2026-03-09 20:44:45,939 [ERROR] LogOutputStream:75 - [STDERR_REDIRECT] [Fatal Error] :1:1: Premature end of file.
2026-03-09 20:44:45,939 [ERROR] LogOutputStream:75 - [STDERR_REDIRECT] 
2026-03-09 20:44:46,935 [ERROR] LogOutputStream:75 - [STDERR_REDIRECT] [Fatal Error] :1:1: Premature end of file.
2026-03-09 20:44:46,935 [ERROR] LogOutputStream:75 - [STDERR_REDIRECT] 
2026-03-09 20:44:47,928 [ERROR] LogOutputStream:75 - [STDERR_REDIRECT] [Fatal Error] :1:1: Premature end of file.
2026-03-09 20:44:47,928 [ERROR] LogOutputStream:75 - [STDERR_REDIRECT] 
2026-03-09 20:44:48,935 [ERROR] LogOutputStream:75 - [STDERR_REDIRECT] [Fatal Error] :1:1: Premature end of file.
2026-03-09 20:44:48,935 [ERROR] LogOutputStream:75 - [STDERR_REDIRECT] 
2026-03-09 20:44:49,934 [ERROR] LogOutputStream:75 - [STDERR_REDIRECT] [Fatal Error] :1:1: Premature end of file.
2026-03-09 20:44:49,934 [ERROR] LogOutputStream:75 - [STDERR_REDIRECT] 
2026-03-09 20:44:50,926 [ERROR] LogOutputStream:75 - [STDERR_REDIRECT] [Fatal Error] :1:1: Premature end of file.
2026-03-09 20:44:50,926 [ERROR] LogOutputStream:75 - [STDERR_REDIRECT] 
2026-03-09 20:44:51,937 [ERROR] LogOutputStream:75 - [STDERR_REDIRECT] [Fatal Error] :1:1: Premature end of file.
2026-03-09 20:44:51,937 [ERROR] LogOutputStream:75 - [STDERR_REDIRECT] 
2026-03-09 20:44:52,923 [ERROR] LogOutputStream:75 - [STDERR_REDIRECT] [Fatal Error] :1:1: Premature end of file.
2026-03-09 20:44:52,923 [ERROR] LogOutputStream:75 - [STDERR_REDIRECT] 
2026-03-09 20:44:53,934 [ERROR] LogOutputStream:75 - [STDERR_REDIRECT] [Fatal Error] :1:1: Premature end of file.
2026-03-09 20:44:53,934 [ERROR] LogOutputStream:75 - [STDERR_REDIRECT] 
2026-03-09 20:44:54,923 [ERROR] LogOutputStream:75 - [STDERR_REDIRECT] [Fatal Error] :1:1: Premature end of file.
2026-03-09 20:44:54,923 [ERROR] LogOutputStream:75 - [STDERR_REDIRECT] 
2026-03-09 20:44:55,926 [ERROR] LogOutputStream:75 - [STDERR_REDIRECT] [Fatal Error] :1:1: Premature end of file.
2026-03-09 20:44:55,926 [ERROR] LogOutputStream:75 - [STDERR_REDIRECT] 
2026-03-09 20:44:56,927 [ERROR] LogOutputStream:75 - [STDERR_REDIRECT] [Fatal Error] :1:1: Premature end of file.
2026-03-09 20:44:56,927 [ERROR] LogOutputStream:75 - [STDERR_REDIRECT] 
2026-03-09 20:44:57,928 [ERROR] LogOutputStream:75 - [STDERR_REDIRECT] [Fatal Error] :1:1: Premature end of file.
2026-03-09 20:44:57,928 [ERROR] LogOutputStream:75 - [STDERR_REDIRECT] 
2026-03-09 20:44:58,932 [ERROR] LogOutputStream:75 - [STDERR_REDIRECT] [Fatal Error] :1:1: Premature end of file.
2026-03-09 20:44:58,933 [ERROR] LogOutputStream:75 - [STDERR_REDIRECT] 
2026-03-09 20:44:59,924 [ERROR] LogOutputStream:75 - [STDERR_REDIRECT] [Fatal Error] :1:1: Premature end of file.
2026-03-09 20:44:59,924 [ERROR] LogOutputStream:75 - [STDERR_REDIRECT] 
2026-03-09 20:45:00,929 [ERROR] LogOutputStream:75 - [STDERR_REDIRECT] [Fatal Error] :1:1: Premature end of file.
2026-03-09 20:45:00,929 [ERROR] LogOutputStream:75 - [STDERR_REDIRECT] 
2026-03-09 20:45:01,923 [ERROR] LogOutputStream:75 - [STDERR_REDIRECT] [Fatal Error] :1:1: Premature end of file.
2026-03-09 20:45:01,923 [ERROR] LogOutputStream:75 - [STDERR_REDIRECT] 
2026-03-09 20:45:02,929 [ERROR] LogOutputStream:75 - [STDERR_REDIRECT] [Fatal Error] :1:1: Premature end of file.
2026-03-09 20:45:02,930 [ERROR] LogOutputStream:75 - [STDERR_REDIRECT] 
2026-03-09 20:45:03,929 [ERROR] LogOutputStream:75 - [STDERR_REDIRECT] [Fatal Error] :1:1: Premature end of file.
2026-03-09 20:45:03,929 [ERROR] LogOutputStream:75 - [STDERR_REDIRECT] 
2026-03-09 20:45:04,937 [ERROR] LogOutputStream:75 - [STDERR_REDIRECT] [Fatal Error] :1:1: Premature end of file.
2026-03-09 20:45:04,939 [ERROR] LogOutputStream:75 - [STDERR_REDIRECT] 
2026-03-09 20:45:05,923 [ERROR] LogOutputStream:75 - [STDERR_REDIRECT] [Fatal Error] :1:1: Premature end of file.
2026-03-09 20:45:05,923 [ERROR] LogOutputStream:75 - [STDERR_REDIRECT] 
2026-03-09 20:45:06,929 [ERROR] LogOutputStream:75 - [STDERR_REDIRECT] [Fatal Error] :1:1: Premature end of file.
2026-03-09 20:45:06,929 [ERROR] LogOutputStream:75 - [STDERR_REDIRECT] 
2026-03-09 20:45:07,929 [ERROR] LogOutputStream:75 - [STDERR_REDIRECT] [Fatal Error] :1:1: Premature end of file.
2026-03-09 20:45:07,929 [ERROR] LogOutputStream:75 - [STDERR_REDIRECT] 
2026-03-09 20:45:08,923 [ERROR] LogOutputStream:75 - [STDERR_REDIRECT] [Fatal Error] :1:1: Premature end of file.
2026-03-09 20:45:08,923 [ERROR] LogOutputStream:75 - [STDERR_REDIRECT] 
2026-03-09 20:45:09,928 [ERROR] LogOutputStream:75 - [STDERR_REDIRECT] [Fatal Error] :1:1: Premature end of file.
2026-03-09 20:45:09,928 [ERROR] LogOutputStream:75 - [STDERR_REDIRECT] 
2026-03-09 20:45:10,925 [ERROR] LogOutputStream:75 - [STDERR_REDIRECT] [Fatal Error] :1:1: Premature end of file.
2026-03-09 20:45:10,925 [ERROR] LogOutputStream:75 - [STDERR_REDIRECT] 
2026-03-09 20:45:11,934 [ERROR] LogOutputStream:75 - [STDERR_REDIRECT] [Fatal Error] :1:1: Premature end of file.
2026-03-09 20:45:11,934 [ERROR] LogOutputStream:75 - [STDERR_REDIRECT] 
2026-03-09 20:45:12,931 [ERROR] LogOutputStream:75 - [STDERR_REDIRECT] [Fatal Error] :1:1: Premature end of file.
2026-03-09 20:45:12,931 [ERROR] LogOutputStream:75 - [STDERR_REDIRECT] 
2026-03-09 20:45:13,936 [ERROR] LogOutputStream:75 - [STDERR_REDIRECT] [Fatal Error] :1:1: Premature end of file.
2026-03-09 20:45:13,937 [ERROR] LogOutputStream:75 - [STDERR_REDIRECT] 
2026-03-09 20:45:14,925 [ERROR] LogOutputStream:75 - [STDERR_REDIRECT] [Fatal Error] :1:1: Premature end of file.
2026-03-09 20:45:14,925 [ERROR] LogOutputStream:75 - [STDERR_REDIRECT] 
2026-03-09 20:45:15,933 [ERROR] LogOutputStream:75 - [STDERR_REDIRECT] [Fatal Error] :1:1: Premature end of file.
2026-03-09 20:45:15,934 [ERROR] LogOutputStream:75 - [STDERR_REDIRECT] 
2026-03-09 20:45:16,925 [ERROR] LogOutputStream:75 - [STDERR_REDIRECT] [Fatal Error] :1:1: Premature end of file.
2026-03-09 20:45:16,925 [ERROR] LogOutputStream:75 - [STDERR_REDIRECT] 
2026-03-09 20:45:17,931 [ERROR] LogOutputStream:75 - [STDERR_REDIRECT] [Fatal Error] :1:1: Premature end of file.
2026-03-09 20:45:17,931 [ERROR] LogOutputStream:75 - [STDERR_REDIRECT] 
2026-03-09 20:45:18,935 [ERROR] LogOutputStream:75 - [STDERR_REDIRECT] [Fatal Error] :1:1: Premature end of file.
2026-03-09 20:45:18,935 [ERROR] LogOutputStream:75 - [STDERR_REDIRECT] 
2026-03-09 20:45:19,921 [ERROR] LogOutputStream:75 - [STDERR_REDIRECT] [Fatal Error] :1:1: Premature end of file.
2026-03-09 20:45:19,921 [ERROR] LogOutputStream:75 - [STDERR_REDIRECT] 
2026-03-09 20:45:20,925 [ERROR] LogOutputStream:75 - [STDERR_REDIRECT] [Fatal Error] :1:1: Premature end of file.
2026-03-09 20:45:20,926 [ERROR] LogOutputStream:75 - [STDERR_REDIRECT] 
2026-03-09 20:45:21,927 [ERROR] LogOutputStream:75 - [STDERR_REDIRECT] [Fatal Error] :1:1: Premature end of file.
2026-03-09 20:45:21,927 [ERROR] LogOutputStream:75 - [STDERR_REDIRECT] 
2026-03-09 20:45:22,930 [ERROR] LogOutputStream:75 - [STDERR_REDIRECT] [Fatal Error] :1:1: Premature end of file.
2026-03-09 20:45:22,930 [ERROR] LogOutputStream:75 - [STDERR_REDIRECT] 
2026-03-09 20:45:23,934 [ERROR] LogOutputStream:75 - [STDERR_REDIRECT] [Fatal Error] :1:1: Premature end of file.
2026-03-09 20:45:23,934 [ERROR] LogOutputStream:75 - [STDERR_REDIRECT] 
2026-03-09 20:45:24,926 [ERROR] LogOutputStream:75 - [STDERR_REDIRECT] [Fatal Error] :1:1: Premature end of file.
2026-03-09 20:45:24,926 [ERROR] LogOutputStream:75 - [STDERR_REDIRECT] 
2026-03-09 20:45:25,932 [ERROR] LogOutputStream:75 - [STDERR_REDIRECT] [Fatal Error] :1:1: Premature end of file.
2026-03-09 20:45:25,932 [ERROR] LogOutputStream:75 - [STDERR_REDIRECT] 
2026-03-09 20:45:26,926 [ERROR] LogOutputStream:75 - [STDERR_REDIRECT] [Fatal Error] :1:1: Premature end of file.
2026-03-09 20:45:26,926 [ERROR] LogOutputStream:75 - [STDERR_REDIRECT] 
2026-03-09 20:45:27,932 [ERROR] LogOutputStream:75 - [STDERR_REDIRECT] [Fatal Error] :1:1: Premature end of file.
2026-03-09 20:45:27,933 [ERROR] LogOutputStream:75 - [STDERR_REDIRECT] 
2026-03-09 20:45:28,936 [ERROR] LogOutputStream:75 - [STDERR_REDIRECT] [Fatal Error] :1:1: Premature end of file.
2026-03-09 20:45:28,936 [ERROR] LogOutputStream:75 - [STDERR_REDIRECT] 
2026-03-09 20:45:29,935 [ERROR] LogOutputStream:75 - [STDERR_REDIRECT] [Fatal Error] :1:1: Premature end of file.
2026-03-09 20:45:29,935 [ERROR] LogOutputStream:75 - [STDERR_REDIRECT] 
2026-03-09 20:45:30,939 [ERROR] LogOutputStream:75 - [STDERR_REDIRECT] [Fatal Error] :1:1: Premature end of file.
2026-03-09 20:45:30,939 [ERROR] LogOutputStream:75 - [STDERR_REDIRECT] 
2026-03-09 20:45:31,936 [ERROR] LogOutputStream:75 - [STDERR_REDIRECT] [Fatal Error] :1:1: Premature end of file.
2026-03-09 20:45:31,936 [ERROR] LogOutputStream:75 - [STDERR_REDIRECT] 
2026-03-09 20:45:32,935 [ERROR] LogOutputStream:75 - [STDERR_REDIRECT] [Fatal Error] :1:1: Premature end of file.
2026-03-09 20:45:32,935 [ERROR] LogOutputStream:75 - [STDERR_REDIRECT] 
2026-03-09 20:45:33,935 [ERROR] LogOutputStream:75 - [STDERR_REDIRECT] [Fatal Error] :1:1: Premature end of file.
2026-03-09 20:45:33,935 [ERROR] LogOutputStream:75 - [STDERR_REDIRECT] 
2026-03-09 20:45:34,925 [ERROR] LogOutputStream:75 - [STDERR_REDIRECT] [Fatal Error] :1:1: Premature end of file.
2026-03-09 20:45:34,925 [ERROR] LogOutputStream:75 - [STDERR_REDIRECT] 
2026-03-09 20:45:35,934 [ERROR] LogOutputStream:75 - [STDERR_REDIRECT] [Fatal Error] :1:1: Premature end of file.
2026-03-09 20:45:35,934 [ERROR] LogOutputStream:75 - [STDERR_REDIRECT] 
2026-03-09 20:45:36,931 [ERROR] LogOutputStream:75 - [STDERR_REDIRECT] [Fatal Error] :1:1: Premature end of file.
2026-03-09 20:45:36,931 [ERROR] LogOutputStream:75 - [STDERR_REDIRECT] 
2026-03-09 20:45:37,924 [ERROR] LogOutputStream:75 - [STDERR_REDIRECT] [Fatal Error] :1:1: Premature end of file.
2026-03-09 20:45:37,924 [ERROR] LogOutputStream:75 - [STDERR_REDIRECT] 
2026-03-09 20:45:38,929 [ERROR] LogOutputStream:75 - [STDERR_REDIRECT] [Fatal Error] :1:1: Premature end of file.
2026-03-09 20:45:38,929 [ERROR] LogOutputStream:75 - [STDERR_REDIRECT] 
2026-03-09 20:45:39,934 [ERROR] LogOutputStream:75 - [STDERR_REDIRECT] [Fatal Error] :1:1: Premature end of file.
2026-03-09 20:45:39,934 [ERROR] LogOutputStream:75 - [STDERR_REDIRECT] 
2026-03-09 20:45:40,929 [ERROR] LogOutputStream:75 - [STDERR_REDIRECT] [Fatal Error] :1:1: Premature end of file.
2026-03-09 20:45:40,929 [ERROR] LogOutputStream:75 - [STDERR_REDIRECT] 
2026-03-09 20:45:41,932 [ERROR] LogOutputStream:75 - [STDERR_REDIRECT] [Fatal Error] :1:1: Premature end of file.
2026-03-09 20:45:41,932 [ERROR] LogOutputStream:75 - [STDERR_REDIRECT] 
2026-03-09 20:45:42,927 [ERROR] LogOutputStream:75 - [STDERR_REDIRECT] [Fatal Error] :1:1: Premature end of file.
2026-03-09 20:45:42,927 [ERROR] LogOutputStream:75 - [STDERR_REDIRECT] 
2026-03-09 20:45:43,933 [ERROR] LogOutputStream:75 - [STDERR_REDIRECT] [Fatal Error] :1:1: Premature end of file.
2026-03-09 20:45:43,933 [ERROR] LogOutputStream:75 - [STDERR_REDIRECT] 
2026-03-09 20:45:44,928 [ERROR] LogOutputStream:75 - [STDERR_REDIRECT] [Fatal Error] :1:1: Premature end of file.
2026-03-09 20:45:44,928 [ERROR] LogOutputStream:75 - [STDERR_REDIRECT] 
2026-03-09 20:45:45,939 [ERROR] LogOutputStream:75 - [STDERR_REDIRECT] [Fatal Error] :1:1: Premature end of file.
2026-03-09 20:45:45,939 [ERROR] LogOutputStream:75 - [STDERR_REDIRECT] 
2026-03-09 20:45:46,935 [ERROR] LogOutputStream:75 - [STDERR_REDIRECT] [Fatal Error] :1:1: Premature end of file.
2026-03-09 20:45:46,935 [ERROR] LogOutputStream:75 - [STDERR_REDIRECT] 
2026-03-09 20:45:47,926 [ERROR] LogOutputStream:75 - [STDERR_REDIRECT] [Fatal Error] :1:1: Premature end of file.
2026-03-09 20:45:47,926 [ERROR] LogOutputStream:75 - [STDERR_REDIRECT] 
2026-03-09 20:45:48,927 [ERROR] LogOutputStream:75 - [STDERR_REDIRECT] [Fatal Error] :1:1: Premature end of file.
2026-03-09 20:45:48,927 [ERROR] LogOutputStream:75 - [STDERR_REDIRECT] 
2026-03-09 20:45:49,937 [ERROR] LogOutputStream:75 - [STDERR_REDIRECT] [Fatal Error] :1:1: Premature end of file.
2026-03-09 20:45:49,937 [ERROR] LogOutputStream:75 - [STDERR_REDIRECT] 
2026-03-09 20:45:50,923 [ERROR] LogOutputStream:75 - [STDERR_REDIRECT] [Fatal Error] :1:1: Premature end of file.
2026-03-09 20:45:50,923 [ERROR] LogOutputStream:75 - [STDERR_REDIRECT] 
2026-03-09 20:45:51,930 [ERROR] LogOutputStream:75 - [STDERR_REDIRECT] [Fatal Error] :1:1: Premature end of file.
2026-03-09 20:45:51,930 [ERROR] LogOutputStream:75 - [STDERR_REDIRECT] 
2026-03-09 20:45:52,933 [ERROR] LogOutputStream:75 - [STDERR_REDIRECT] [Fatal Error] :1:1: Premature end of file.
2026-03-09 20:45:52,933 [ERROR] LogOutputStream:75 - [STDERR_REDIRECT] 
2026-03-09 20:45:53,924 [ERROR] LogOutputStream:75 - [STDERR_REDIRECT] [Fatal Error] :1:1: Premature end of file.
2026-03-09 20:45:53,924 [ERROR] LogOutputStream:75 - [STDERR_REDIRECT] 
2026-03-09 20:45:54,927 [ERROR] LogOutputStream:75 - [STDERR_REDIRECT] [Fatal Error] :1:1: Premature end of file.
2026-03-09 20:45:54,927 [ERROR] LogOutputStream:75 - [STDERR_REDIRECT] 
2026-03-09 20:45:55,928 [ERROR] LogOutputStream:75 - [STDERR_REDIRECT] [Fatal Error] :1:1: Premature end of file.
2026-03-09 20:45:55,928 [ERROR] LogOutputStream:75 - [STDERR_REDIRECT] 
2026-03-09 20:45:56,934 [ERROR] LogOutputStream:75 - [STDERR_REDIRECT] [Fatal Error] :1:1: Premature end of file.
2026-03-09 20:45:56,934 [ERROR] LogOutputStream:75 - [STDERR_REDIRECT] 
2026-03-09 20:45:57,934 [ERROR] LogOutputStream:75 - [STDERR_REDIRECT] [Fatal Error] :1:1: Premature end of file.
2026-03-09 20:45:57,934 [ERROR] LogOutputStream:75 - [STDERR_REDIRECT] 
2026-03-09 20:45:58,936 [ERROR] LogOutputStream:75 - [STDERR_REDIRECT] [Fatal Error] :1:1: Premature end of file.
2026-03-09 20:45:58,936 [ERROR] LogOutputStream:75 - [STDERR_REDIRECT] 
2026-03-09 20:45:59,933 [ERROR] LogOutputStream:75 - [STDERR_REDIRECT] [Fatal Error] :1:1: Premature end of file.
2026-03-09 20:45:59,933 [ERROR] LogOutputStream:75 - [STDERR_REDIRECT] 
2026-03-09 20:46:00,942 [ERROR] LogOutputStream:75 - [STDERR_REDIRECT] [Fatal Error] :1:1: Premature end of file.
2026-03-09 20:46:00,943 [ERROR] LogOutputStream:75 - [STDERR_REDIRECT] 
2026-03-09 20:46:01,931 [ERROR] LogOutputStream:75 - [STDERR_REDIRECT] [Fatal Error] :1:1: Premature end of file.
2026-03-09 20:46:01,931 [ERROR] LogOutputStream:75 - [STDERR_REDIRECT] 
2026-03-09 20:46:02,937 [ERROR] LogOutputStream:75 - [STDERR_REDIRECT] [Fatal Error] :1:1: Premature end of file.
2026-03-09 20:46:02,938 [ERROR] LogOutputStream:75 - [STDERR_REDIRECT] 
2026-03-09 20:46:03,926 [ERROR] LogOutputStream:75 - [STDERR_REDIRECT] [Fatal Error] :1:1: Premature end of file.
2026-03-09 20:46:03,926 [ERROR] LogOutputStream:75 - [STDERR_REDIRECT] 
2026-03-09 20:46:04,930 [ERROR] LogOutputStream:75 - [STDERR_REDIRECT] [Fatal Error] :1:1: Premature end of file.
2026-03-09 20:46:04,930 [ERROR] LogOutputStream:75 - [STDERR_REDIRECT] 
2026-03-09 20:46:05,930 [ERROR] LogOutputStream:75 - [STDERR_REDIRECT] [Fatal Error] :1:1: Premature end of file.
2026-03-09 20:46:05,930 [ERROR] LogOutputStream:75 - [STDERR_REDIRECT] 
2026-03-09 20:46:06,931 [ERROR] LogOutputStream:75 - [STDERR_REDIRECT] [Fatal Error] :1:1: Premature end of file.
2026-03-09 20:46:06,931 [ERROR] LogOutputStream:75 - [STDERR_REDIRECT] 
2026-03-09 20:46:07,939 [ERROR] LogOutputStream:75 - [STDERR_REDIRECT] [Fatal Error] :1:1: Premature end of file.
2026-03-09 20:46:07,939 [ERROR] LogOutputStream:75 - [STDERR_REDIRECT] 
2026-03-09 20:46:08,927 [ERROR] LogOutputStream:75 - [STDERR_REDIRECT] [Fatal Error] :1:1: Premature end of file.
2026-03-09 20:46:08,927 [ERROR] LogOutputStream:75 - [STDERR_REDIRECT] 
2026-03-09 20:46:09,935 [ERROR] LogOutputStream:75 - [STDERR_REDIRECT] [Fatal Error] :1:1: Premature end of file.
2026-03-09 20:46:09,935 [ERROR] LogOutputStream:75 - [STDERR_REDIRECT] 
2026-03-09 20:46:10,937 [ERROR] LogOutputStream:75 - [STDERR_REDIRECT] [Fatal Error] :1:1: Premature end of file.
2026-03-09 20:46:10,937 [ERROR] LogOutputStream:75 - [STDERR_REDIRECT] 
2026-03-09 20:46:11,922 [ERROR] LogOutputStream:75 - [STDERR_REDIRECT] [Fatal Error] :1:1: Premature end of file.
2026-03-09 20:46:11,922 [ERROR] LogOutputStream:75 - [STDERR_REDIRECT] 
2026-03-09 20:46:12,927 [ERROR] LogOutputStream:75 - [STDERR_REDIRECT] [Fatal Error] :1:1: Premature end of file.
2026-03-09 20:46:12,927 [ERROR] LogOutputStream:75 - [STDERR_REDIRECT] 
2026-03-09 20:46:13,934 [ERROR] LogOutputStream:75 - [STDERR_REDIRECT] [Fatal Error] :1:1: Premature end of file.
2026-03-09 20:46:13,935 [ERROR] LogOutputStream:75 - [STDERR_REDIRECT] 
2026-03-09 20:46:14,929 [ERROR] LogOutputStream:75 - [STDERR_REDIRECT] [Fatal Error] :1:1: Premature end of file.
2026-03-09 20:46:14,929 [ERROR] LogOutputStream:75 - [STDERR_REDIRECT] 
2026-03-09 20:46:15,937 [ERROR] LogOutputStream:75 - [STDERR_REDIRECT] [Fatal Error] :1:1: Premature end of file.
2026-03-09 20:46:15,937 [ERROR] LogOutputStream:75 - [STDERR_REDIRECT] 
2026-03-09 20:46:16,930 [ERROR] LogOutputStream:75 - [STDERR_REDIRECT] [Fatal Error] :1:1: Premature end of file.
2026-03-09 20:46:16,930 [ERROR] LogOutputStream:75 - [STDERR_REDIRECT] 
2026-03-09 20:46:17,932 [ERROR] LogOutputStream:75 - [STDERR_REDIRECT] [Fatal Error] :1:1: Premature end of file.
2026-03-09 20:46:17,932 [ERROR] LogOutputStream:75 - [STDERR_REDIRECT] 
2026-03-09 20:46:18,934 [ERROR] LogOutputStream:75 - [STDERR_REDIRECT] [Fatal Error] :1:1: Premature end of file.
2026-03-09 20:46:18,934 [ERROR] LogOutputStream:75 - [STDERR_REDIRECT] 
2026-03-09 20:46:19,931 [ERROR] LogOutputStream:75 - [STDERR_REDIRECT] [Fatal Error] :1:1: Premature end of file.
2026-03-09 20:46:19,931 [ERROR] LogOutputStream:75 - [STDERR_REDIRECT] 
2026-03-09 20:46:20,938 [ERROR] LogOutputStream:75 - [STDERR_REDIRECT] [Fatal Error] :1:1: Premature end of file.
2026-03-09 20:46:20,938 [ERROR] LogOutputStream:75 - [STDERR_REDIRECT] 
2026-03-09 20:46:21,928 [ERROR] LogOutputStream:75 - [STDERR_REDIRECT] [Fatal Error] :1:1: Premature end of file.
2026-03-09 20:46:21,928 [ERROR] LogOutputStream:75 - [STDERR_REDIRECT] 
2026-03-09 20:46:22,934 [ERROR] LogOutputStream:75 - [STDERR_REDIRECT] [Fatal Error] :1:1: Premature end of file.
2026-03-09 20:46:22,934 [ERROR] LogOutputStream:75 - [STDERR_REDIRECT] 
2026-03-09 20:46:23,925 [ERROR] LogOutputStream:75 - [STDERR_REDIRECT] [Fatal Error] :1:1: Premature end of file.
2026-03-09 20:46:23,925 [ERROR] LogOutputStream:75 - [STDERR_REDIRECT] 
2026-03-09 20:46:24,928 [ERROR] LogOutputStream:75 - [STDERR_REDIRECT] [Fatal Error] :1:1: Premature end of file.
2026-03-09 20:46:24,928 [ERROR] LogOutputStream:75 - [STDERR_REDIRECT] 
2026-03-09 20:46:25,937 [ERROR] LogOutputStream:75 - [STDERR_REDIRECT] [Fatal Error] :1:1: Premature end of file.
2026-03-09 20:46:25,937 [ERROR] LogOutputStream:75 - [STDERR_REDIRECT] 
2026-03-09 20:46:26,924 [ERROR] LogOutputStream:75 - [STDERR_REDIRECT] [Fatal Error] :1:1: Premature end of file.
2026-03-09 20:46:26,924 [ERROR] LogOutputStream:75 - [STDERR_REDIRECT] 
2026-03-09 20:46:27,932 [ERROR] LogOutputStream:75 - [STDERR_REDIRECT] [Fatal Error] :1:1: Premature end of file.
2026-03-09 20:46:27,933 [ERROR] LogOutputStream:75 - [STDERR_REDIRECT] 
2026-03-09 20:46:28,926 [ERROR] LogOutputStream:75 - [STDERR_REDIRECT] [Fatal Error] :1:1: Premature end of file.
2026-03-09 20:46:28,926 [ERROR] LogOutputStream:75 - [STDERR_REDIRECT] 
2026-03-09 20:46:29,927 [ERROR] LogOutputStream:75 - [STDERR_REDIRECT] [Fatal Error] :1:1: Premature end of file.
2026-03-09 20:46:29,927 [ERROR] LogOutputStream:75 - [STDERR_REDIRECT] 
2026-03-09 20:46:30,939 [ERROR] LogOutputStream:75 - [STDERR_REDIRECT] [Fatal Error] :1:1: Premature end of file.
2026-03-09 20:46:30,939 [ERROR] LogOutputStream:75 - [STDERR_REDIRECT] 
2026-03-09 20:46:31,927 [ERROR] LogOutputStream:75 - [STDERR_REDIRECT] [Fatal Error] :1:1: Premature end of file.
2026-03-09 20:46:31,927 [ERROR] LogOutputStream:75 - [STDERR_REDIRECT] 
2026-03-09 20:46:32,936 [ERROR] LogOutputStream:75 - [STDERR_REDIRECT] [Fatal Error] :1:1: Premature end of file.
2026-03-09 20:46:32,936 [ERROR] LogOutputStream:75 - [STDERR_REDIRECT] 
2026-03-09 20:46:33,929 [ERROR] LogOutputStream:75 - [STDERR_REDIRECT] [Fatal Error] :1:1: Premature end of file.
2026-03-09 20:46:33,929 [ERROR] LogOutputStream:75 - [STDERR_REDIRECT] 
2026-03-09 20:46:34,932 [ERROR] LogOutputStream:75 - [STDERR_REDIRECT] [Fatal Error] :1:1: Premature end of file.
2026-03-09 20:46:34,932 [ERROR] LogOutputStream:75 - [STDERR_REDIRECT] 
2026-03-09 20:46:35,926 [ERROR] LogOutputStream:75 - [STDERR_REDIRECT] [Fatal Error] :1:1: Premature end of file.
2026-03-09 20:46:35,926 [ERROR] LogOutputStream:75 - [STDERR_REDIRECT] 
2026-03-09 20:46:36,927 [ERROR] LogOutputStream:75 - [STDERR_REDIRECT] [Fatal Error] :1:1: Premature end of file.
2026-03-09 20:46:36,927 [ERROR] LogOutputStream:75 - [STDERR_REDIRECT] 
2026-03-09 20:46:37,935 [ERROR] LogOutputStream:75 - [STDERR_REDIRECT] [Fatal Error] :1:1: Premature end of file.
2026-03-09 20:46:37,935 [ERROR] LogOutputStream:75 - [STDERR_REDIRECT] 
2026-03-09 20:46:38,925 [ERROR] LogOutputStream:75 - [STDERR_REDIRECT] [Fatal Error] :1:1: Premature end of file.
2026-03-09 20:46:38,925 [ERROR] LogOutputStream:75 - [STDERR_REDIRECT] 
2026-03-09 20:46:39,929 [ERROR] LogOutputStream:75 - [STDERR_REDIRECT] [Fatal Error] :1:1: Premature end of file.
2026-03-09 20:46:39,929 [ERROR] LogOutputStream:75 - [STDERR_REDIRECT] 
2026-03-09 20:46:40,937 [ERROR] LogOutputStream:75 - [STDERR_REDIRECT] [Fatal Error] :1:1: Premature end of file.
2026-03-09 20:46:40,937 [ERROR] LogOutputStream:75 - [STDERR_REDIRECT] 
2026-03-09 20:46:41,923 [ERROR] LogOutputStream:75 - [STDERR_REDIRECT] [Fatal Error] :1:1: Premature end of file.
2026-03-09 20:46:41,923 [ERROR] LogOutputStream:75 - [STDERR_REDIRECT] 
2026-03-09 20:46:42,933 [ERROR] LogOutputStream:75 - [STDERR_REDIRECT] [Fatal Error] :1:1: Premature end of file.
2026-03-09 20:46:42,933 [ERROR] LogOutputStream:75 - [STDERR_REDIRECT] 
2026-03-09 20:46:43,938 [ERROR] LogOutputStream:75 - [STDERR_REDIRECT] [Fatal Error] :1:1: Premature end of file.
2026-03-09 20:46:43,938 [ERROR] LogOutputStream:75 - [STDERR_REDIRECT] 
2026-03-09 20:46:44,932 [ERROR] LogOutputStream:75 - [STDERR_REDIRECT] [Fatal Error] :1:1: Premature end of file.
2026-03-09 20:46:44,932 [ERROR] LogOutputStream:75 - [STDERR_REDIRECT] 
2026-03-09 20:46:45,933 [ERROR] LogOutputStream:75 - [STDERR_REDIRECT] [Fatal Error] :1:1: Premature end of file.
2026-03-09 20:46:45,933 [ERROR] LogOutputStream:75 - [STDERR_REDIRECT] 
2026-03-09 20:46:46,933 [ERROR] LogOutputStream:75 - [STDERR_REDIRECT] [Fatal Error] :1:1: Premature end of file.
2026-03-09 20:46:46,933 [ERROR] LogOutputStream:75 - [STDERR_REDIRECT] 
2026-03-09 20:46:47,926 [ERROR] LogOutputStream:75 - [STDERR_REDIRECT] [Fatal Error] :1:1: Premature end of file.
2026-03-09 20:46:47,926 [ERROR] LogOutputStream:75 - [STDERR_REDIRECT] 
2026-03-09 20:46:48,939 [ERROR] LogOutputStream:75 - [STDERR_REDIRECT] [Fatal Error] :1:1: Premature end of file.
2026-03-09 20:46:48,939 [ERROR] LogOutputStream:75 - [STDERR_REDIRECT] 
2026-03-09 20:46:49,930 [ERROR] LogOutputStream:75 - [STDERR_REDIRECT] [Fatal Error] :1:1: Premature end of file.
2026-03-09 20:46:49,930 [ERROR] LogOutputStream:75 - [STDERR_REDIRECT] 
2026-03-09 20:46:50,934 [ERROR] LogOutputStream:75 - [STDERR_REDIRECT] [Fatal Error] :1:1: Premature end of file.
2026-03-09 20:46:50,934 [ERROR] LogOutputStream:75 - [STDERR_REDIRECT] 
2026-03-09 20:46:51,927 [ERROR] LogOutputStream:75 - [STDERR_REDIRECT] [Fatal Error] :1:1: Premature end of file.
2026-03-09 20:46:51,927 [ERROR] LogOutputStream:75 - [STDERR_REDIRECT] 
2026-03-09 20:46:52,952 [ERROR] LogOutputStream:75 - [STDERR_REDIRECT] [Fatal Error] :1:1: Premature end of file.
2026-03-09 20:46:52,952 [ERROR] LogOutputStream:75 - [STDERR_REDIRECT] 
2026-03-09 20:46:53,926 [ERROR] LogOutputStream:75 - [STDERR_REDIRECT] [Fatal Error] :1:1: Premature end of file.
2026-03-09 20:46:53,927 [ERROR] LogOutputStream:75 - [STDERR_REDIRECT] 
2026-03-09 20:46:54,935 [ERROR] LogOutputStream:75 - [STDERR_REDIRECT] [Fatal Error] :1:1: Premature end of file.
2026-03-09 20:46:54,937 [ERROR] LogOutputStream:75 - [STDERR_REDIRECT] 
2026-03-09 20:46:55,929 [ERROR] LogOutputStream:75 - [STDERR_REDIRECT] [Fatal Error] :1:1: Premature end of file.
2026-03-09 20:46:55,929 [ERROR] LogOutputStream:75 - [STDERR_REDIRECT] 
2026-03-09 20:46:56,921 [ERROR] LogOutputStream:75 - [STDERR_REDIRECT] [Fatal Error] :1:1: Premature end of file.
2026-03-09 20:46:56,921 [ERROR] LogOutputStream:75 - [STDERR_REDIRECT] 
2026-03-09 20:46:57,927 [ERROR] LogOutputStream:75 - [STDERR_REDIRECT] [Fatal Error] :1:1: Premature end of file.
2026-03-09 20:46:57,927 [ERROR] LogOutputStream:75 - [STDERR_REDIRECT] 
2026-03-09 20:46:58,933 [ERROR] LogOutputStream:75 - [STDERR_REDIRECT] [Fatal Error] :1:1: Premature end of file.
2026-03-09 20:46:58,933 [ERROR] LogOutputStream:75 - [STDERR_REDIRECT] 
2026-03-09 20:46:59,925 [ERROR] LogOutputStream:75 - [STDERR_REDIRECT] [Fatal Error] :1:1: Premature end of file.
2026-03-09 20:46:59,925 [ERROR] LogOutputStream:75 - [STDERR_REDIRECT] 
2026-03-09 20:47:00,932 [ERROR] LogOutputStream:75 - [STDERR_REDIRECT] [Fatal Error] :1:1: Premature end of file.
2026-03-09 20:47:00,932 [ERROR] LogOutputStream:75 - [STDERR_REDIRECT] 
2026-03-09 20:47:01,932 [ERROR] LogOutputStream:75 - [STDERR_REDIRECT] [Fatal Error] :1:1: Premature end of file.
2026-03-09 20:47:01,932 [ERROR] LogOutputStream:75 - [STDERR_REDIRECT] 
2026-03-09 20:47:02,939 [ERROR] LogOutputStream:75 - [STDERR_REDIRECT] [Fatal Error] :1:1: Premature end of file.
2026-03-09 20:47:02,939 [ERROR] LogOutputStream:75 - [STDERR_REDIRECT] 
2026-03-09 20:47:03,925 [ERROR] LogOutputStream:75 - [STDERR_REDIRECT] [Fatal Error] :1:1: Premature end of file.
2026-03-09 20:47:03,925 [ERROR] LogOutputStream:75 - [STDERR_REDIRECT] 
2026-03-09 20:47:04,930 [ERROR] LogOutputStream:75 - [STDERR_REDIRECT] [Fatal Error] :1:1: Premature end of file.
2026-03-09 20:47:04,931 [ERROR] LogOutputStream:75 - [STDERR_REDIRECT] 
2026-03-09 20:47:05,926 [ERROR] LogOutputStream:75 - [STDERR_REDIRECT] [Fatal Error] :1:1: Premature end of file.
2026-03-09 20:47:05,927 [ERROR] LogOutputStream:75 - [STDERR_REDIRECT] 
2026-03-09 20:47:06,937 [ERROR] LogOutputStream:75 - [STDERR_REDIRECT] [Fatal Error] :1:1: Premature end of file.
2026-03-09 20:47:06,938 [ERROR] LogOutputStream:75 - [STDERR_REDIRECT] 
2026-03-09 20:47:07,930 [ERROR] LogOutputStream:75 - [STDERR_REDIRECT] [Fatal Error] :1:1: Premature end of file.
2026-03-09 20:47:07,930 [ERROR] LogOutputStream:75 - [STDERR_REDIRECT] 
2026-03-09 20:47:08,937 [ERROR] LogOutputStream:75 - [STDERR_REDIRECT] [Fatal Error] :1:1: Premature end of file.
2026-03-09 20:47:08,937 [ERROR] LogOutputStream:75 - [STDERR_REDIRECT] 
2026-03-09 20:47:09,924 [ERROR] LogOutputStream:75 - [STDERR_REDIRECT] [Fatal Error] :1:1: Premature end of file.
2026-03-09 20:47:09,924 [ERROR] LogOutputStream:75 - [STDERR_REDIRECT] 
2026-03-09 20:47:10,927 [ERROR] LogOutputStream:75 - [STDERR_REDIRECT] [Fatal Error] :1:1: Premature end of file.
2026-03-09 20:47:10,927 [ERROR] LogOutputStream:75 - [STDERR_REDIRECT] 
2026-03-09 20:47:11,934 [ERROR] LogOutputStream:75 - [STDERR_REDIRECT] [Fatal Error] :1:1: Premature end of file.
2026-03-09 20:47:11,934 [ERROR] LogOutputStream:75 - [STDERR_REDIRECT] 
2026-03-09 20:47:12,943 [ERROR] LogOutputStream:75 - [STDERR_REDIRECT] [Fatal Error] :1:1: Premature end of file.
2026-03-09 20:47:12,943 [ERROR] LogOutputStream:75 - [STDERR_REDIRECT] 
2026-03-09 20:47:13,926 [ERROR] LogOutputStream:75 - [STDERR_REDIRECT] [Fatal Error] :1:1: Premature end of file.
2026-03-09 20:47:13,926 [ERROR] LogOutputStream:75 - [STDERR_REDIRECT] 
2026-03-09 20:47:14,932 [ERROR] LogOutputStream:75 - [STDERR_REDIRECT] [Fatal Error] :1:1: Premature end of file.
2026-03-09 20:47:14,932 [ERROR] LogOutputStream:75 - [STDERR_REDIRECT] 
2026-03-09 20:47:15,936 [ERROR] LogOutputStream:75 - [STDERR_REDIRECT] [Fatal Error] :1:1: Premature end of file.
2026-03-09 20:47:15,936 [ERROR] LogOutputStream:75 - [STDERR_REDIRECT] 
2026-03-09 20:47:16,928 [ERROR] LogOutputStream:75 - [STDERR_REDIRECT] [Fatal Error] :1:1: Premature end of file.
2026-03-09 20:47:16,928 [ERROR] LogOutputStream:75 - [STDERR_REDIRECT] 
2026-03-09 20:47:17,935 [ERROR] LogOutputStream:75 - [STDERR_REDIRECT] [Fatal Error] :1:1: Premature end of file.
2026-03-09 20:47:17,935 [ERROR] LogOutputStream:75 - [STDERR_REDIRECT] 
2026-03-09 20:47:18,927 [ERROR] LogOutputStream:75 - [STDERR_REDIRECT] [Fatal Error] :1:1: Premature end of file.
2026-03-09 20:47:18,927 [ERROR] LogOutputStream:75 - [STDERR_REDIRECT] 
2026-03-09 20:47:19,930 [ERROR] LogOutputStream:75 - [STDERR_REDIRECT] [Fatal Error] :1:1: Premature end of file.
2026-03-09 20:47:19,930 [ERROR] LogOutputStream:75 - [STDERR_REDIRECT] 
2026-03-09 20:47:20,922 [ERROR] LogOutputStream:75 - [STDERR_REDIRECT] [Fatal Error] :1:1: Premature end of file.
2026-03-09 20:47:20,923 [ERROR] LogOutputStream:75 - [STDERR_REDIRECT] 
2026-03-09 20:47:21,931 [ERROR] LogOutputStream:75 - [STDERR_REDIRECT] [Fatal Error] :1:1: Premature end of file.
2026-03-09 20:47:21,931 [ERROR] LogOutputStream:75 - [STDERR_REDIRECT] 
2026-03-09 20:47:22,940 [ERROR] LogOutputStream:75 - [STDERR_REDIRECT] [Fatal Error] :1:1: Premature end of file.
2026-03-09 20:47:22,940 [ERROR] LogOutputStream:75 - [STDERR_REDIRECT] 
2026-03-09 20:47:23,930 [ERROR] LogOutputStream:75 - [STDERR_REDIRECT] [Fatal Error] :1:1: Premature end of file.
2026-03-09 20:47:23,931 [ERROR] LogOutputStream:75 - [STDERR_REDIRECT] 
2026-03-09 20:47:24,933 [ERROR] LogOutputStream:75 - [STDERR_REDIRECT] [Fatal Error] :1:1: Premature end of file.
2026-03-09 20:47:24,934 [ERROR] LogOutputStream:75 - [STDERR_REDIRECT] 
2026-03-09 20:47:25,927 [ERROR] LogOutputStream:75 - [STDERR_REDIRECT] [Fatal Error] :1:1: Premature end of file.
2026-03-09 20:47:25,927 [ERROR] LogOutputStream:75 - [STDERR_REDIRECT] 
2026-03-09 20:47:26,934 [ERROR] LogOutputStream:75 - [STDERR_REDIRECT] [Fatal Error] :1:1: Premature end of file.
2026-03-09 20:47:26,934 [ERROR] LogOutputStream:75 - [STDERR_REDIRECT] 
2026-03-09 20:47:27,925 [ERROR] LogOutputStream:75 - [STDERR_REDIRECT] [Fatal Error] :1:1: Premature end of file.
2026-03-09 20:47:27,925 [ERROR] LogOutputStream:75 - [STDERR_REDIRECT] 
2026-03-09 20:47:28,932 [ERROR] LogOutputStream:75 - [STDERR_REDIRECT] [Fatal Error] :1:1: Premature end of file.
2026-03-09 20:47:28,932 [ERROR] LogOutputStream:75 - [STDERR_REDIRECT] 
2026-03-09 20:47:29,933 [ERROR] LogOutputStream:75 - [STDERR_REDIRECT] [Fatal Error] :1:1: Premature end of file.
2026-03-09 20:47:29,933 [ERROR] LogOutputStream:75 - [STDERR_REDIRECT] 
2026-03-09 20:47:30,924 [ERROR] LogOutputStream:75 - [STDERR_REDIRECT] [Fatal Error] :1:1: Premature end of file.
2026-03-09 20:47:30,925 [ERROR] LogOutputStream:75 - [STDERR_REDIRECT] 
2026-03-09 20:47:31,929 [ERROR] LogOutputStream:75 - [STDERR_REDIRECT] [Fatal Error] :1:1: Premature end of file.
2026-03-09 20:47:31,930 [ERROR] LogOutputStream:75 - [STDERR_REDIRECT] 
2026-03-09 20:47:32,940 [ERROR] LogOutputStream:75 - [STDERR_REDIRECT] [Fatal Error] :1:1: Premature end of file.
2026-03-09 20:47:32,940 [ERROR] LogOutputStream:75 - [STDERR_REDIRECT] 
2026-03-09 20:47:33,925 [ERROR] LogOutputStream:75 - [STDERR_REDIRECT] [Fatal Error] :1:1: Premature end of file.
2026-03-09 20:47:33,925 [ERROR] LogOutputStream:75 - [STDERR_REDIRECT] 
2026-03-09 20:47:34,921 [ERROR] LogOutputStream:75 - [STDERR_REDIRECT] [Fatal Error] :1:1: Premature end of file.
2026-03-09 20:47:34,922 [ERROR] LogOutputStream:75 - [STDERR_REDIRECT] 
2026-03-09 20:47:35,929 [ERROR] LogOutputStream:75 - [STDERR_REDIRECT] [Fatal Error] :1:1: Premature end of file.
2026-03-09 20:47:35,929 [ERROR] LogOutputStream:75 - [STDERR_REDIRECT] 
2026-03-09 20:47:36,937 [ERROR] LogOutputStream:75 - [STDERR_REDIRECT] [Fatal Error] :1:1: Premature end of file.
2026-03-09 20:47:36,937 [ERROR] LogOutputStream:75 - [STDERR_REDIRECT] 
2026-03-09 20:47:37,924 [ERROR] LogOutputStream:75 - [STDERR_REDIRECT] [Fatal Error] :1:1: Premature end of file.
2026-03-09 20:47:37,924 [ERROR] LogOutputStream:75 - [STDERR_REDIRECT] 
2026-03-09 20:47:38,935 [ERROR] LogOutputStream:75 - [STDERR_REDIRECT] [Fatal Error] :1:1: Premature end of file.
2026-03-09 20:47:38,935 [ERROR] LogOutputStream:75 - [STDERR_REDIRECT] 
2026-03-09 20:47:39,925 [ERROR] LogOutputStream:75 - [STDERR_REDIRECT] [Fatal Error] :1:1: Premature end of file.
2026-03-09 20:47:39,925 [ERROR] LogOutputStream:75 - [STDERR_REDIRECT] 
2026-03-09 20:47:40,933 [ERROR] LogOutputStream:75 - [STDERR_REDIRECT] [Fatal Error] :1:1: Premature end of file.
2026-03-09 20:47:40,933 [ERROR] LogOutputStream:75 - [STDERR_REDIRECT] 
2026-03-09 20:47:41,929 [ERROR] LogOutputStream:75 - [STDERR_REDIRECT] [Fatal Error] :1:1: Premature end of file.
2026-03-09 20:47:41,929 [ERROR] LogOutputStream:75 - [STDERR_REDIRECT] 
2026-03-09 20:47:42,937 [ERROR] LogOutputStream:75 - [STDERR_REDIRECT] [Fatal Error] :1:1: Premature end of file.
2026-03-09 20:47:42,937 [ERROR] LogOutputStream:75 - [STDERR_REDIRECT] 
2026-03-09 20:47:43,948 [ERROR] LogOutputStream:75 - [STDERR_REDIRECT] [Fatal Error] :1:1: Premature end of file.
2026-03-09 20:47:43,948 [ERROR] LogOutputStream:75 - [STDERR_REDIRECT] 
2026-03-09 20:47:44,929 [ERROR] LogOutputStream:75 - [STDERR_REDIRECT] [Fatal Error] :1:1: Premature end of file.
2026-03-09 20:47:44,930 [ERROR] LogOutputStream:75 - [STDERR_REDIRECT] 
2026-03-09 20:47:45,935 [ERROR] LogOutputStream:75 - [STDERR_REDIRECT] [Fatal Error] :1:1: Premature end of file.
2026-03-09 20:47:45,935 [ERROR] LogOutputStream:75 - [STDERR_REDIRECT] 
2026-03-09 20:47:46,925 [ERROR] LogOutputStream:75 - [STDERR_REDIRECT] [Fatal Error] :1:1: Premature end of file.
2026-03-09 20:47:46,925 [ERROR] LogOutputStream:75 - [STDERR_REDIRECT] 
2026-03-09 20:47:47,933 [ERROR] LogOutputStream:75 - [STDERR_REDIRECT] [Fatal Error] :1:1: Premature end of file.
2026-03-09 20:47:47,933 [ERROR] LogOutputStream:75 - [STDERR_REDIRECT] 
2026-03-09 20:47:48,922 [ERROR] LogOutputStream:75 - [STDERR_REDIRECT] [Fatal Error] :1:1: Premature end of file.
2026-03-09 20:47:48,923 [ERROR] LogOutputStream:75 - [STDERR_REDIRECT] 
2026-03-09 20:47:49,927 [ERROR] LogOutputStream:75 - [STDERR_REDIRECT] [Fatal Error] :1:1: Premature end of file.
2026-03-09 20:47:49,927 [ERROR] LogOutputStream:75 - [STDERR_REDIRECT] 
2026-03-09 20:47:50,933 [ERROR] LogOutputStream:75 - [STDERR_REDIRECT] [Fatal Error] :1:1: Premature end of file.
2026-03-09 20:47:50,933 [ERROR] LogOutputStream:75 - [STDERR_REDIRECT] 
2026-03-09 20:47:51,937 [ERROR] LogOutputStream:75 - [STDERR_REDIRECT] [Fatal Error] :1:1: Premature end of file.
2026-03-09 20:47:51,937 [ERROR] LogOutputStream:75 - [STDERR_REDIRECT] 
2026-03-09 20:47:52,938 [ERROR] LogOutputStream:75 - [STDERR_REDIRECT] [Fatal Error] :1:1: Premature end of file.
2026-03-09 20:47:52,938 [ERROR] LogOutputStream:75 - [STDERR_REDIRECT] 
2026-03-09 20:47:53,929 [ERROR] LogOutputStream:75 - [STDERR_REDIRECT] [Fatal Error] :1:1: Premature end of file.
2026-03-09 20:47:53,929 [ERROR] LogOutputStream:75 - [STDERR_REDIRECT] 
2026-03-09 20:47:54,933 [ERROR] LogOutputStream:75 - [STDERR_REDIRECT] [Fatal Error] :1:1: Premature end of file.
2026-03-09 20:47:54,934 [ERROR] LogOutputStream:75 - [STDERR_REDIRECT] 
2026-03-09 20:47:55,936 [ERROR] LogOutputStream:75 - [STDERR_REDIRECT] [Fatal Error] :1:1: Premature end of file.
2026-03-09 20:47:55,936 [ERROR] LogOutputStream:75 - [STDERR_REDIRECT] 
2026-03-09 20:47:56,927 [ERROR] LogOutputStream:75 - [STDERR_REDIRECT] [Fatal Error] :1:1: Premature end of file.
2026-03-09 20:47:56,927 [ERROR] LogOutputStream:75 - [STDERR_REDIRECT] 
2026-03-09 20:47:57,933 [ERROR] LogOutputStream:75 - [STDERR_REDIRECT] [Fatal Error] :1:1: Premature end of file.
2026-03-09 20:47:57,933 [ERROR] LogOutputStream:75 - [STDERR_REDIRECT] 
2026-03-09 20:47:58,932 [ERROR] LogOutputStream:75 - [STDERR_REDIRECT] [Fatal Error] :1:1: Premature end of file.
2026-03-09 20:47:58,933 [ERROR] LogOutputStream:75 - [STDERR_REDIRECT] 
2026-03-09 20:47:59,932 [ERROR] LogOutputStream:75 - [STDERR_REDIRECT] [Fatal Error] :1:1: Premature end of file.
2026-03-09 20:47:59,932 [ERROR] LogOutputStream:75 - [STDERR_REDIRECT] 
2026-03-09 20:48:00,927 [ERROR] LogOutputStream:75 - [STDERR_REDIRECT] [Fatal Error] :1:1: Premature end of file.
2026-03-09 20:48:00,927 [ERROR] LogOutputStream:75 - [STDERR_REDIRECT] 
2026-03-09 20:48:01,938 [ERROR] LogOutputStream:75 - [STDERR_REDIRECT] [Fatal Error] :1:1: Premature end of file.
2026-03-09 20:48:01,938 [ERROR] LogOutputStream:75 - [STDERR_REDIRECT] 
2026-03-09 20:48:02,936 [ERROR] LogOutputStream:75 - [STDERR_REDIRECT] [Fatal Error] :1:1: Premature end of file.
2026-03-09 20:48:02,936 [ERROR] LogOutputStream:75 - [STDERR_REDIRECT] 
2026-03-09 20:48:03,942 [ERROR] LogOutputStream:75 - [STDERR_REDIRECT] [Fatal Error] :1:1: Premature end of file.
2026-03-09 20:48:03,942 [ERROR] LogOutputStream:75 - [STDERR_REDIRECT] 
2026-03-09 20:48:04,928 [ERROR] LogOutputStream:75 - [STDERR_REDIRECT] [Fatal Error] :1:1: Premature end of file.
2026-03-09 20:48:04,928 [ERROR] LogOutputStream:75 - [STDERR_REDIRECT] 
2026-03-09 20:48:05,925 [ERROR] LogOutputStream:75 - [STDERR_REDIRECT] [Fatal Error] :1:1: Premature end of file.
2026-03-09 20:48:05,925 [ERROR] LogOutputStream:75 - [STDERR_REDIRECT] 
2026-03-09 20:48:06,922 [ERROR] LogOutputStream:75 - [STDERR_REDIRECT] [Fatal Error] :1:1: Premature end of file.
2026-03-09 20:48:06,922 [ERROR] LogOutputStream:75 - [STDERR_REDIRECT] 
2026-03-09 20:48:07,928 [ERROR] LogOutputStream:75 - [STDERR_REDIRECT] [Fatal Error] :1:1: Premature end of file.
2026-03-09 20:48:07,928 [ERROR] LogOutputStream:75 - [STDERR_REDIRECT] 
2026-03-09 20:48:08,925 [ERROR] LogOutputStream:75 - [STDERR_REDIRECT] [Fatal Error] :1:1: Premature end of file.
2026-03-09 20:48:08,925 [ERROR] LogOutputStream:75 - [STDERR_REDIRECT] 
2026-03-09 20:48:09,930 [ERROR] LogOutputStream:75 - [STDERR_REDIRECT] [Fatal Error] :1:1: Premature end of file.
2026-03-09 20:48:09,930 [ERROR] LogOutputStream:75 - [STDERR_REDIRECT] 
2026-03-09 20:48:10,936 [ERROR] LogOutputStream:75 - [STDERR_REDIRECT] [Fatal Error] :1:1: Premature end of file.
2026-03-09 20:48:10,936 [ERROR] LogOutputStream:75 - [STDERR_REDIRECT] 
2026-03-09 20:48:11,928 [ERROR] LogOutputStream:75 - [STDERR_REDIRECT] [Fatal Error] :1:1: Premature end of file.
2026-03-09 20:48:11,928 [ERROR] LogOutputStream:75 - [STDERR_REDIRECT] 
2026-03-09 20:48:12,934 [ERROR] LogOutputStream:75 - [STDERR_REDIRECT] [Fatal Error] :1:1: Premature end of file.
2026-03-09 20:48:12,934 [ERROR] LogOutputStream:75 - [STDERR_REDIRECT] 
2026-03-09 20:48:13,945 [ERROR] LogOutputStream:75 - [STDERR_REDIRECT] [Fatal Error] :1:1: Premature end of file.
2026-03-09 20:48:13,945 [ERROR] LogOutputStream:75 - [STDERR_REDIRECT] 
2026-03-09 20:48:14,922 [ERROR] LogOutputStream:75 - [STDERR_REDIRECT] [Fatal Error] :1:1: Premature end of file.
2026-03-09 20:48:14,922 [ERROR] LogOutputStream:75 - [STDERR_REDIRECT] 
2026-03-09 20:48:15,928 [ERROR] LogOutputStream:75 - [STDERR_REDIRECT] [Fatal Error] :1:1: Premature end of file.
2026-03-09 20:48:15,928 [ERROR] LogOutputStream:75 - [STDERR_REDIRECT] 
2026-03-09 20:48:16,934 [ERROR] LogOutputStream:75 - [STDERR_REDIRECT] [Fatal Error] :1:1: Premature end of file.
2026-03-09 20:48:16,934 [ERROR] LogOutputStream:75 - [STDERR_REDIRECT] 
2026-03-09 20:48:17,927 [ERROR] LogOutputStream:75 - [STDERR_REDIRECT] [Fatal Error] :1:1: Premature end of file.
2026-03-09 20:48:17,927 [ERROR] LogOutputStream:75 - [STDERR_REDIRECT] 
2026-03-09 20:48:18,937 [ERROR] LogOutputStream:75 - [STDERR_REDIRECT] [Fatal Error] :1:1: Premature end of file.
2026-03-09 20:48:18,937 [ERROR] LogOutputStream:75 - [STDERR_REDIRECT] 
2026-03-09 20:48:19,926 [ERROR] LogOutputStream:75 - [STDERR_REDIRECT] [Fatal Error] :1:1: Premature end of file.
2026-03-09 20:48:19,926 [ERROR] LogOutputStream:75 - [STDERR_REDIRECT] 
2026-03-09 20:48:20,930 [ERROR] LogOutputStream:75 - [STDERR_REDIRECT] [Fatal Error] :1:1: Premature end of file.
2026-03-09 20:48:20,930 [ERROR] LogOutputStream:75 - [STDERR_REDIRECT] 
2026-03-09 20:48:21,932 [ERROR] LogOutputStream:75 - [STDERR_REDIRECT] [Fatal Error] :1:1: Premature end of file.
2026-03-09 20:48:21,932 [ERROR] LogOutputStream:75 - [STDERR_REDIRECT] 
2026-03-09 20:48:22,933 [ERROR] LogOutputStream:75 - [STDERR_REDIRECT] [Fatal Error] :1:1: Premature end of file.
2026-03-09 20:48:22,933 [ERROR] LogOutputStream:75 - [STDERR_REDIRECT] 
2026-03-09 20:48:23,943 [ERROR] LogOutputStream:75 - [STDERR_REDIRECT] [Fatal Error] :1:1: Premature end of file.
2026-03-09 20:48:23,943 [ERROR] LogOutputStream:75 - [STDERR_REDIRECT] 
2026-03-09 20:48:24,931 [ERROR] LogOutputStream:75 - [STDERR_REDIRECT] [Fatal Error] :1:1: Premature end of file.
2026-03-09 20:48:24,931 [ERROR] LogOutputStream:75 - [STDERR_REDIRECT] 
2026-03-09 20:48:25,934 [ERROR] LogOutputStream:75 - [STDERR_REDIRECT] [Fatal Error] :1:1: Premature end of file.
2026-03-09 20:48:25,934 [ERROR] LogOutputStream:75 - [STDERR_REDIRECT] 
2026-03-09 20:48:26,930 [ERROR] LogOutputStream:75 - [STDERR_REDIRECT] [Fatal Error] :1:1: Premature end of file.
2026-03-09 20:48:26,930 [ERROR] LogOutputStream:75 - [STDERR_REDIRECT] 
2026-03-09 20:48:27,932 [ERROR] LogOutputStream:75 - [STDERR_REDIRECT] [Fatal Error] :1:1: Premature end of file.
2026-03-09 20:48:27,933 [ERROR] LogOutputStream:75 - [STDERR_REDIRECT] 
2026-03-09 20:48:28,925 [ERROR] LogOutputStream:75 - [STDERR_REDIRECT] [Fatal Error] :1:1: Premature end of file.
2026-03-09 20:48:28,925 [ERROR] LogOutputStream:75 - [STDERR_REDIRECT] 
2026-03-09 20:48:29,924 [ERROR] LogOutputStream:75 - [STDERR_REDIRECT] [Fatal Error] :1:1: Premature end of file.
2026-03-09 20:48:29,924 [ERROR] LogOutputStream:75 - [STDERR_REDIRECT] 
2026-03-09 20:48:30,932 [ERROR] LogOutputStream:75 - [STDERR_REDIRECT] [Fatal Error] :1:1: Premature end of file.
2026-03-09 20:48:30,932 [ERROR] LogOutputStream:75 - [STDERR_REDIRECT] 
2026-03-09 20:48:31,934 [ERROR] LogOutputStream:75 - [STDERR_REDIRECT] [Fatal Error] :1:1: Premature end of file.
2026-03-09 20:48:31,934 [ERROR] LogOutputStream:75 - [STDERR_REDIRECT] 
2026-03-09 20:48:32,929 [ERROR] LogOutputStream:75 - [STDERR_REDIRECT] [Fatal Error] :1:1: Premature end of file.
2026-03-09 20:48:32,929 [ERROR] LogOutputStream:75 - [STDERR_REDIRECT] 
2026-03-09 20:48:33,939 [ERROR] LogOutputStream:75 - [STDERR_REDIRECT] [Fatal Error] :1:1: Premature end of file.
2026-03-09 20:48:33,939 [ERROR] LogOutputStream:75 - [STDERR_REDIRECT] 
2026-03-09 20:48:34,933 [ERROR] LogOutputStream:75 - [STDERR_REDIRECT] [Fatal Error] :1:1: Premature end of file.
2026-03-09 20:48:34,933 [ERROR] LogOutputStream:75 - [STDERR_REDIRECT] 
2026-03-09 20:48:35,936 [ERROR] LogOutputStream:75 - [STDERR_REDIRECT] [Fatal Error] :1:1: Premature end of file.
2026-03-09 20:48:35,938 [ERROR] LogOutputStream:75 - [STDERR_REDIRECT] 
2026-03-09 20:48:36,931 [ERROR] LogOutputStream:75 - [STDERR_REDIRECT] [Fatal Error] :1:1: Premature end of file.
2026-03-09 20:48:36,931 [ERROR] LogOutputStream:75 - [STDERR_REDIRECT] 
2026-03-09 20:48:37,923 [ERROR] LogOutputStream:75 - [STDERR_REDIRECT] [Fatal Error] :1:1: Premature end of file.
2026-03-09 20:48:37,923 [ERROR] LogOutputStream:75 - [STDERR_REDIRECT] 
2026-03-09 20:48:38,925 [ERROR] LogOutputStream:75 - [STDERR_REDIRECT] [Fatal Error] :1:1: Premature end of file.
2026-03-09 20:48:38,925 [ERROR] LogOutputStream:75 - [STDERR_REDIRECT] 
2026-03-09 20:48:39,935 [ERROR] LogOutputStream:75 - [STDERR_REDIRECT] [Fatal Error] :1:1: Premature end of file.
2026-03-09 20:48:39,937 [ERROR] LogOutputStream:75 - [STDERR_REDIRECT] 
2026-03-09 20:48:40,925 [ERROR] LogOutputStream:75 - [STDERR_REDIRECT] [Fatal Error] :1:1: Premature end of file.
2026-03-09 20:48:40,925 [ERROR] LogOutputStream:75 - [STDERR_REDIRECT] 
2026-03-09 20:48:41,926 [ERROR] LogOutputStream:75 - [STDERR_REDIRECT] [Fatal Error] :1:1: Premature end of file.
2026-03-09 20:48:41,926 [ERROR] LogOutputStream:75 - [STDERR_REDIRECT] 
2026-03-09 20:48:42,939 [ERROR] LogOutputStream:75 - [STDERR_REDIRECT] [Fatal Error] :1:1: Premature end of file.
2026-03-09 20:48:42,939 [ERROR] LogOutputStream:75 - [STDERR_REDIRECT] 
2026-03-09 20:48:43,927 [ERROR] LogOutputStream:75 - [STDERR_REDIRECT] [Fatal Error] :1:1: Premature end of file.
2026-03-09 20:48:43,927 [ERROR] LogOutputStream:75 - [STDERR_REDIRECT] 
2026-03-09 20:48:44,933 [ERROR] LogOutputStream:75 - [STDERR_REDIRECT] [Fatal Error] :1:1: Premature end of file.
2026-03-09 20:48:44,933 [ERROR] LogOutputStream:75 - [STDERR_REDIRECT] 
2026-03-09 20:48:45,927 [ERROR] LogOutputStream:75 - [STDERR_REDIRECT] [Fatal Error] :1:1: Premature end of file.
2026-03-09 20:48:45,927 [ERROR] LogOutputStream:75 - [STDERR_REDIRECT] 
2026-03-09 20:48:46,929 [ERROR] LogOutputStream:75 - [STDERR_REDIRECT] [Fatal Error] :1:1: Premature end of file.
2026-03-09 20:48:46,929 [ERROR] LogOutputStream:75 - [STDERR_REDIRECT] 
2026-03-09 20:48:47,936 [ERROR] LogOutputStream:75 - [STDERR_REDIRECT] [Fatal Error] :1:1: Premature end of file.
2026-03-09 20:48:47,936 [ERROR] LogOutputStream:75 - [STDERR_REDIRECT] 
2026-03-09 20:48:48,930 [ERROR] LogOutputStream:75 - [STDERR_REDIRECT] [Fatal Error] :1:1: Premature end of file.
2026-03-09 20:48:48,930 [ERROR] LogOutputStream:75 - [STDERR_REDIRECT] 
2026-03-09 20:48:49,931 [ERROR] LogOutputStream:75 - [STDERR_REDIRECT] [Fatal Error] :1:1: Premature end of file.
2026-03-09 20:48:49,931 [ERROR] LogOutputStream:75 - [STDERR_REDIRECT] 
2026-03-09 20:48:50,928 [ERROR] LogOutputStream:75 - [STDERR_REDIRECT] [Fatal Error] :1:1: Premature end of file.
2026-03-09 20:48:50,928 [ERROR] LogOutputStream:75 - [STDERR_REDIRECT] 
2026-03-09 20:48:51,934 [ERROR] LogOutputStream:75 - [STDERR_REDIRECT] [Fatal Error] :1:1: Premature end of file.
2026-03-09 20:48:51,934 [ERROR] LogOutputStream:75 - [STDERR_REDIRECT] 
2026-03-09 20:48:52,936 [ERROR] LogOutputStream:75 - [STDERR_REDIRECT] [Fatal Error] :1:1: Premature end of file.
2026-03-09 20:48:52,937 [ERROR] LogOutputStream:75 - [STDERR_REDIRECT] 
2026-03-09 20:48:53,939 [ERROR] LogOutputStream:75 - [STDERR_REDIRECT] [Fatal Error] :1:1: Premature end of file.
2026-03-09 20:48:53,939 [ERROR] LogOutputStream:75 - [STDERR_REDIRECT] 
2026-03-09 20:48:54,948 [ERROR] LogOutputStream:75 - [STDERR_REDIRECT] [Fatal Error] :1:1: Premature end of file.
2026-03-09 20:48:54,948 [ERROR] LogOutputStream:75 - [STDERR_REDIRECT] 
2026-03-09 20:48:55,928 [ERROR] LogOutputStream:75 - [STDERR_REDIRECT] [Fatal Error] :1:1: Premature end of file.
2026-03-09 20:48:55,928 [ERROR] LogOutputStream:75 - [STDERR_REDIRECT] 
2026-03-09 20:48:56,936 [ERROR] LogOutputStream:75 - [STDERR_REDIRECT] [Fatal Error] :1:1: Premature end of file.
2026-03-09 20:48:56,936 [ERROR] LogOutputStream:75 - [STDERR_REDIRECT] 
2026-03-09 20:48:57,926 [ERROR] LogOutputStream:75 - [STDERR_REDIRECT] [Fatal Error] :1:1: Premature end of file.
2026-03-09 20:48:57,926 [ERROR] LogOutputStream:75 - [STDERR_REDIRECT] 
2026-03-09 20:48:58,926 [ERROR] LogOutputStream:75 - [STDERR_REDIRECT] [Fatal Error] :1:1: Premature end of file.
2026-03-09 20:48:58,927 [ERROR] LogOutputStream:75 - [STDERR_REDIRECT] 
2026-03-09 20:48:59,924 [ERROR] LogOutputStream:75 - [STDERR_REDIRECT] [Fatal Error] :1:1: Premature end of file.
2026-03-09 20:48:59,924 [ERROR] LogOutputStream:75 - [STDERR_REDIRECT] 
2026-03-09 20:49:00,925 [ERROR] LogOutputStream:75 - [STDERR_REDIRECT] [Fatal Error] :1:1: Premature end of file.
2026-03-09 20:49:00,925 [ERROR] LogOutputStream:75 - [STDERR_REDIRECT] 
2026-03-09 20:49:01,929 [ERROR] LogOutputStream:75 - [STDERR_REDIRECT] [Fatal Error] :1:1: Premature end of file.
2026-03-09 20:49:01,929 [ERROR] LogOutputStream:75 - [STDERR_REDIRECT] 
2026-03-09 20:49:02,927 [ERROR] LogOutputStream:75 - [STDERR_REDIRECT] [Fatal Error] :1:1: Premature end of file.
2026-03-09 20:49:02,927 [ERROR] LogOutputStream:75 - [STDERR_REDIRECT] 
2026-03-09 20:49:03,937 [ERROR] LogOutputStream:75 - [STDERR_REDIRECT] [Fatal Error] :1:1: Premature end of file.
2026-03-09 20:49:03,937 [ERROR] LogOutputStream:75 - [STDERR_REDIRECT] 
2026-03-09 20:49:04,948 [ERROR] LogOutputStream:75 - [STDERR_REDIRECT] [Fatal Error] :1:1: Premature end of file.
2026-03-09 20:49:04,949 [ERROR] LogOutputStream:75 - [STDERR_REDIRECT] 
2026-03-09 20:49:05,924 [ERROR] LogOutputStream:75 - [STDERR_REDIRECT] [Fatal Error] :1:1: Premature end of file.
2026-03-09 20:49:05,924 [ERROR] LogOutputStream:75 - [STDERR_REDIRECT] 
2026-03-09 20:49:06,928 [ERROR] LogOutputStream:75 - [STDERR_REDIRECT] [Fatal Error] :1:1: Premature end of file.
2026-03-09 20:49:06,928 [ERROR] LogOutputStream:75 - [STDERR_REDIRECT] 
2026-03-09 20:49:07,925 [ERROR] LogOutputStream:75 - [STDERR_REDIRECT] [Fatal Error] :1:1: Premature end of file.
2026-03-09 20:49:07,925 [ERROR] LogOutputStream:75 - [STDERR_REDIRECT] 
2026-03-09 20:49:08,929 [ERROR] LogOutputStream:75 - [STDERR_REDIRECT] [Fatal Error] :1:1: Premature end of file.
2026-03-09 20:49:08,929 [ERROR] LogOutputStream:75 - [STDERR_REDIRECT] 
2026-03-09 20:49:09,922 [ERROR] LogOutputStream:75 - [STDERR_REDIRECT] [Fatal Error] :1:1: Premature end of file.
2026-03-09 20:49:09,922 [ERROR] LogOutputStream:75 - [STDERR_REDIRECT] 
2026-03-09 20:49:10,932 [ERROR] LogOutputStream:75 - [STDERR_REDIRECT] [Fatal Error] :1:1: Premature end of file.
2026-03-09 20:49:10,933 [ERROR] LogOutputStream:75 - [STDERR_REDIRECT] 
2026-03-09 20:49:11,935 [ERROR] LogOutputStream:75 - [STDERR_REDIRECT] [Fatal Error] :1:1: Premature end of file.
2026-03-09 20:49:11,935 [ERROR] LogOutputStream:75 - [STDERR_REDIRECT] 
2026-03-09 20:49:12,925 [ERROR] LogOutputStream:75 - [STDERR_REDIRECT] [Fatal Error] :1:1: Premature end of file.
2026-03-09 20:49:12,925 [ERROR] LogOutputStream:75 - [STDERR_REDIRECT] 
2026-03-09 20:49:13,935 [ERROR] LogOutputStream:75 - [STDERR_REDIRECT] [Fatal Error] :1:1: Premature end of file.
2026-03-09 20:49:13,935 [ERROR] LogOutputStream:75 - [STDERR_REDIRECT] 
2026-03-09 20:49:14,943 [ERROR] LogOutputStream:75 - [STDERR_REDIRECT] [Fatal Error] :1:1: Premature end of file.
2026-03-09 20:49:14,943 [ERROR] LogOutputStream:75 - [STDERR_REDIRECT] 
2026-03-09 20:49:15,931 [ERROR] LogOutputStream:75 - [STDERR_REDIRECT] [Fatal Error] :1:1: Premature end of file.
2026-03-09 20:49:15,932 [ERROR] LogOutputStream:75 - [STDERR_REDIRECT] 
2026-03-09 20:49:16,938 [ERROR] LogOutputStream:75 - [STDERR_REDIRECT] [Fatal Error] :1:1: Premature end of file.
2026-03-09 20:49:16,939 [ERROR] LogOutputStream:75 - [STDERR_REDIRECT] 
2026-03-09 20:49:17,924 [ERROR] LogOutputStream:75 - [STDERR_REDIRECT] [Fatal Error] :1:1: Premature end of file.
2026-03-09 20:49:17,924 [ERROR] LogOutputStream:75 - [STDERR_REDIRECT] 
2026-03-09 20:49:18,925 [ERROR] LogOutputStream:75 - [STDERR_REDIRECT] [Fatal Error] :1:1: Premature end of file.
2026-03-09 20:49:18,926 [ERROR] LogOutputStream:75 - [STDERR_REDIRECT] 
2026-03-09 20:49:19,933 [ERROR] LogOutputStream:75 - [STDERR_REDIRECT] [Fatal Error] :1:1: Premature end of file.
2026-03-09 20:49:19,933 [ERROR] LogOutputStream:75 - [STDERR_REDIRECT] 
2026-03-09 20:49:20,924 [ERROR] LogOutputStream:75 - [STDERR_REDIRECT] [Fatal Error] :1:1: Premature end of file.
2026-03-09 20:49:20,924 [ERROR] LogOutputStream:75 - [STDERR_REDIRECT] 
2026-03-09 20:49:21,931 [ERROR] LogOutputStream:75 - [STDERR_REDIRECT] [Fatal Error] :1:1: Premature end of file.
2026-03-09 20:49:21,931 [ERROR] LogOutputStream:75 - [STDERR_REDIRECT] 
2026-03-09 20:49:22,937 [ERROR] LogOutputStream:75 - [STDERR_REDIRECT] [Fatal Error] :1:1: Premature end of file.
2026-03-09 20:49:22,937 [ERROR] LogOutputStream:75 - [STDERR_REDIRECT] 
2026-03-09 20:49:23,931 [ERROR] LogOutputStream:75 - [STDERR_REDIRECT] [Fatal Error] :1:1: Premature end of file.
2026-03-09 20:49:23,931 [ERROR] LogOutputStream:75 - [STDERR_REDIRECT] 
2026-03-09 20:49:24,937 [ERROR] LogOutputStream:75 - [STDERR_REDIRECT] [Fatal Error] :1:1: Premature end of file.
2026-03-09 20:49:24,937 [ERROR] LogOutputStream:75 - [STDERR_REDIRECT] 
2026-03-09 20:49:25,922 [ERROR] LogOutputStream:75 - [STDERR_REDIRECT] [Fatal Error] :1:1: Premature end of file.
2026-03-09 20:49:25,922 [ERROR] LogOutputStream:75 - [STDERR_REDIRECT] 
2026-03-09 20:49:26,934 [ERROR] LogOutputStream:75 - [STDERR_REDIRECT] [Fatal Error] :1:1: Premature end of file.
2026-03-09 20:49:26,934 [ERROR] LogOutputStream:75 - [STDERR_REDIRECT] 
2026-03-09 20:49:27,936 [ERROR] LogOutputStream:75 - [STDERR_REDIRECT] [Fatal Error] :1:1: Premature end of file.
2026-03-09 20:49:27,936 [ERROR] LogOutputStream:75 - [STDERR_REDIRECT] 
2026-03-09 20:49:28,931 [ERROR] LogOutputStream:75 - [STDERR_REDIRECT] [Fatal Error] :1:1: Premature end of file.
2026-03-09 20:49:28,931 [ERROR] LogOutputStream:75 - [STDERR_REDIRECT] 
2026-03-09 20:49:29,927 [ERROR] LogOutputStream:75 - [STDERR_REDIRECT] [Fatal Error] :1:1: Premature end of file.
2026-03-09 20:49:29,927 [ERROR] LogOutputStream:75 - [STDERR_REDIRECT] 
2026-03-09 20:49:30,934 [ERROR] LogOutputStream:75 - [STDERR_REDIRECT] [Fatal Error] :1:1: Premature end of file.
2026-03-09 20:49:30,934 [ERROR] LogOutputStream:75 - [STDERR_REDIRECT] 
2026-03-09 20:49:31,928 [ERROR] LogOutputStream:75 - [STDERR_REDIRECT] [Fatal Error] :1:1: Premature end of file.
2026-03-09 20:49:31,928 [ERROR] LogOutputStream:75 - [STDERR_REDIRECT] 
2026-03-09 20:49:32,931 [ERROR] LogOutputStream:75 - [STDERR_REDIRECT] [Fatal Error] :1:1: Premature end of file.
2026-03-09 20:49:32,931 [ERROR] LogOutputStream:75 - [STDERR_REDIRECT] 
2026-03-09 20:49:33,932 [ERROR] LogOutputStream:75 - [STDERR_REDIRECT] [Fatal Error] :1:1: Premature end of file.
2026-03-09 20:49:33,932 [ERROR] LogOutputStream:75 - [STDERR_REDIRECT] 
2026-03-09 20:49:34,936 [ERROR] LogOutputStream:75 - [STDERR_REDIRECT] [Fatal Error] :1:1: Premature end of file.
2026-03-09 20:49:34,936 [ERROR] LogOutputStream:75 - [STDERR_REDIRECT] 
2026-03-09 20:49:35,922 [ERROR] LogOutputStream:75 - [STDERR_REDIRECT] [Fatal Error] :1:1: Premature end of file.
2026-03-09 20:49:35,923 [ERROR] LogOutputStream:75 - [STDERR_REDIRECT] 
2026-03-09 20:49:36,929 [ERROR] LogOutputStream:75 - [STDERR_REDIRECT] [Fatal Error] :1:1: Premature end of file.
2026-03-09 20:49:36,929 [ERROR] LogOutputStream:75 - [STDERR_REDIRECT] 
2026-03-09 20:49:37,929 [ERROR] LogOutputStream:75 - [STDERR_REDIRECT] [Fatal Error] :1:1: Premature end of file.
2026-03-09 20:49:37,929 [ERROR] LogOutputStream:75 - [STDERR_REDIRECT] 
2026-03-09 20:49:38,935 [ERROR] LogOutputStream:75 - [STDERR_REDIRECT] [Fatal Error] :1:1: Premature end of file.
2026-03-09 20:49:38,935 [ERROR] LogOutputStream:75 - [STDERR_REDIRECT] 
2026-03-09 20:49:39,928 [ERROR] LogOutputStream:75 - [STDERR_REDIRECT] [Fatal Error] :1:1: Premature end of file.
2026-03-09 20:49:39,928 [ERROR] LogOutputStream:75 - [STDERR_REDIRECT] 
2026-03-09 20:49:40,923 [ERROR] LogOutputStream:75 - [STDERR_REDIRECT] [Fatal Error] :1:1: Premature end of file.
2026-03-09 20:49:40,924 [ERROR] LogOutputStream:75 - [STDERR_REDIRECT] 
2026-03-09 20:49:41,933 [ERROR] LogOutputStream:75 - [STDERR_REDIRECT] [Fatal Error] :1:1: Premature end of file.
2026-03-09 20:49:41,933 [ERROR] LogOutputStream:75 - [STDERR_REDIRECT] 
2026-03-09 20:49:42,936 [ERROR] LogOutputStream:75 - [STDERR_REDIRECT] [Fatal Error] :1:1: Premature end of file.
2026-03-09 20:49:42,936 [ERROR] LogOutputStream:75 - [STDERR_REDIRECT] 
2026-03-09 20:49:43,924 [ERROR] LogOutputStream:75 - [STDERR_REDIRECT] [Fatal Error] :1:1: Premature end of file.
2026-03-09 20:49:43,924 [ERROR] LogOutputStream:75 - [STDERR_REDIRECT] 
2026-03-09 20:49:44,931 [ERROR] LogOutputStream:75 - [STDERR_REDIRECT] [Fatal Error] :1:1: Premature end of file.
2026-03-09 20:49:44,931 [ERROR] LogOutputStream:75 - [STDERR_REDIRECT] 
2026-03-09 20:49:45,938 [ERROR] LogOutputStream:75 - [STDERR_REDIRECT] [Fatal Error] :1:1: Premature end of file.
2026-03-09 20:49:45,938 [ERROR] LogOutputStream:75 - [STDERR_REDIRECT] 
2026-03-09 20:49:46,922 [ERROR] LogOutputStream:75 - [STDERR_REDIRECT] [Fatal Error] :1:1: Premature end of file.
2026-03-09 20:49:46,922 [ERROR] LogOutputStream:75 - [STDERR_REDIRECT] 
2026-03-09 20:49:47,930 [ERROR] LogOutputStream:75 - [STDERR_REDIRECT] [Fatal Error] :1:1: Premature end of file.
2026-03-09 20:49:47,930 [ERROR] LogOutputStream:75 - [STDERR_REDIRECT] 
2026-03-09 20:49:48,925 [ERROR] LogOutputStream:75 - [STDERR_REDIRECT] [Fatal Error] :1:1: Premature end of file.
2026-03-09 20:49:48,925 [ERROR] LogOutputStream:75 - [STDERR_REDIRECT] 
2026-03-09 20:49:49,932 [ERROR] LogOutputStream:75 - [STDERR_REDIRECT] [Fatal Error] :1:1: Premature end of file.
2026-03-09 20:49:49,932 [ERROR] LogOutputStream:75 - [STDERR_REDIRECT] 
2026-03-09 20:49:50,926 [ERROR] LogOutputStream:75 - [STDERR_REDIRECT] [Fatal Error] :1:1: Premature end of file.
2026-03-09 20:49:50,926 [ERROR] LogOutputStream:75 - [STDERR_REDIRECT] 
2026-03-09 20:49:51,924 [ERROR] LogOutputStream:75 - [STDERR_REDIRECT] [Fatal Error] :1:1: Premature end of file.
2026-03-09 20:49:51,924 [ERROR] LogOutputStream:75 - [STDERR_REDIRECT] 
2026-03-09 20:49:52,926 [ERROR] LogOutputStream:75 - [STDERR_REDIRECT] [Fatal Error] :1:1: Premature end of file.
2026-03-09 20:49:52,926 [ERROR] LogOutputStream:75 - [STDERR_REDIRECT] 
2026-03-09 20:49:53,925 [ERROR] LogOutputStream:75 - [STDERR_REDIRECT] [Fatal Error] :1:1: Premature end of file.
2026-03-09 20:49:53,925 [ERROR] LogOutputStream:75 - [STDERR_REDIRECT] 
2026-03-09 20:49:54,927 [ERROR] LogOutputStream:75 - [STDERR_REDIRECT] [Fatal Error] :1:1: Premature end of file.
2026-03-09 20:49:54,928 [ERROR] LogOutputStream:75 - [STDERR_REDIRECT] 
2026-03-09 20:49:55,934 [ERROR] LogOutputStream:75 - [STDERR_REDIRECT] [Fatal Error] :1:1: Premature end of file.
2026-03-09 20:49:55,934 [ERROR] LogOutputStream:75 - [STDERR_REDIRECT] 
2026-03-09 20:49:56,946 [ERROR] LogOutputStream:75 - [STDERR_REDIRECT] [Fatal Error] :1:1: Premature end of file.
2026-03-09 20:49:56,946 [ERROR] LogOutputStream:75 - [STDERR_REDIRECT] 
2026-03-09 20:49:57,935 [ERROR] LogOutputStream:75 - [STDERR_REDIRECT] [Fatal Error] :1:1: Premature end of file.
2026-03-09 20:49:57,935 [ERROR] LogOutputStream:75 - [STDERR_REDIRECT] 
2026-03-09 20:49:58,927 [ERROR] LogOutputStream:75 - [STDERR_REDIRECT] [Fatal Error] :1:1: Premature end of file.
2026-03-09 20:49:58,928 [ERROR] LogOutputStream:75 - [STDERR_REDIRECT] 
2026-03-09 20:49:59,935 [ERROR] LogOutputStream:75 - [STDERR_REDIRECT] [Fatal Error] :1:1: Premature end of file.
2026-03-09 20:49:59,935 [ERROR] LogOutputStream:75 - [STDERR_REDIRECT] 
2026-03-09 20:50:00,932 [ERROR] LogOutputStream:75 - [STDERR_REDIRECT] [Fatal Error] :1:1: Premature end of file.
2026-03-09 20:50:00,932 [ERROR] LogOutputStream:75 - [STDERR_REDIRECT] 
2026-03-09 20:50:01,928 [ERROR] LogOutputStream:75 - [STDERR_REDIRECT] [Fatal Error] :1:1: Premature end of file.
2026-03-09 20:50:01,928 [ERROR] LogOutputStream:75 - [STDERR_REDIRECT] 
2026-03-09 20:50:02,934 [ERROR] LogOutputStream:75 - [STDERR_REDIRECT] [Fatal Error] :1:1: Premature end of file.
2026-03-09 20:50:02,934 [ERROR] LogOutputStream:75 - [STDERR_REDIRECT] 
2026-03-09 20:50:03,928 [ERROR] LogOutputStream:75 - [STDERR_REDIRECT] [Fatal Error] :1:1: Premature end of file.
2026-03-09 20:50:03,928 [ERROR] LogOutputStream:75 - [STDERR_REDIRECT] 
2026-03-09 20:50:04,923 [ERROR] LogOutputStream:75 - [STDERR_REDIRECT] [Fatal Error] :1:1: Premature end of file.
2026-03-09 20:50:04,923 [ERROR] LogOutputStream:75 - [STDERR_REDIRECT] 
2026-03-09 20:50:05,934 [ERROR] LogOutputStream:75 - [STDERR_REDIRECT] [Fatal Error] :1:1: Premature end of file.
2026-03-09 20:50:05,934 [ERROR] LogOutputStream:75 - [STDERR_REDIRECT] 
2026-03-09 20:50:06,922 [ERROR] LogOutputStream:75 - [STDERR_REDIRECT] [Fatal Error] :1:1: Premature end of file.
2026-03-09 20:50:06,922 [ERROR] LogOutputStream:75 - [STDERR_REDIRECT] 
2026-03-09 20:50:07,931 [ERROR] LogOutputStream:75 - [STDERR_REDIRECT] [Fatal Error] :1:1: Premature end of file.
2026-03-09 20:50:07,931 [ERROR] LogOutputStream:75 - [STDERR_REDIRECT] 
2026-03-09 20:50:08,934 [ERROR] LogOutputStream:75 - [STDERR_REDIRECT] [Fatal Error] :1:1: Premature end of file.
2026-03-09 20:50:08,934 [ERROR] LogOutputStream:75 - [STDERR_REDIRECT] 
2026-03-09 20:50:09,922 [ERROR] LogOutputStream:75 - [STDERR_REDIRECT] [Fatal Error] :1:1: Premature end of file.
2026-03-09 20:50:09,922 [ERROR] LogOutputStream:75 - [STDERR_REDIRECT] 
2026-03-09 20:50:10,928 [ERROR] LogOutputStream:75 - [STDERR_REDIRECT] [Fatal Error] :1:1: Premature end of file.
2026-03-09 20:50:10,928 [ERROR] LogOutputStream:75 - [STDERR_REDIRECT] 
2026-03-09 20:50:11,922 [ERROR] LogOutputStream:75 - [STDERR_REDIRECT] [Fatal Error] :1:1: Premature end of file.
2026-03-09 20:50:11,922 [ERROR] LogOutputStream:75 - [STDERR_REDIRECT] 
2026-03-09 20:50:12,932 [ERROR] LogOutputStream:75 - [STDERR_REDIRECT] [Fatal Error] :1:1: Premature end of file.
2026-03-09 20:50:12,932 [ERROR] LogOutputStream:75 - [STDERR_REDIRECT] 
2026-03-09 20:50:13,929 [ERROR] LogOutputStream:75 - [STDERR_REDIRECT] [Fatal Error] :1:1: Premature end of file.
2026-03-09 20:50:13,929 [ERROR] LogOutputStream:75 - [STDERR_REDIRECT] 
2026-03-09 20:50:14,931 [ERROR] LogOutputStream:75 - [STDERR_REDIRECT] [Fatal Error] :1:1: Premature end of file.
2026-03-09 20:50:14,932 [ERROR] LogOutputStream:75 - [STDERR_REDIRECT] 
2026-03-09 20:50:15,939 [ERROR] LogOutputStream:75 - [STDERR_REDIRECT] [Fatal Error] :1:1: Premature end of file.
2026-03-09 20:50:15,939 [ERROR] LogOutputStream:75 - [STDERR_REDIRECT] 
2026-03-09 20:50:16,945 [ERROR] LogOutputStream:75 - [STDERR_REDIRECT] [Fatal Error] :1:1: Premature end of file.
2026-03-09 20:50:16,945 [ERROR] LogOutputStream:75 - [STDERR_REDIRECT] 
2026-03-09 20:50:17,937 [ERROR] LogOutputStream:75 - [STDERR_REDIRECT] [Fatal Error] :1:1: Premature end of file.
2026-03-09 20:50:17,937 [ERROR] LogOutputStream:75 - [STDERR_REDIRECT] 
2026-03-09 20:50:18,931 [ERROR] LogOutputStream:75 - [STDERR_REDIRECT] [Fatal Error] :1:1: Premature end of file.
2026-03-09 20:50:18,931 [ERROR] LogOutputStream:75 - [STDERR_REDIRECT] 
2026-03-09 20:50:19,933 [ERROR] LogOutputStream:75 - [STDERR_REDIRECT] [Fatal Error] :1:1: Premature end of file.
2026-03-09 20:50:19,933 [ERROR] LogOutputStream:75 - [STDERR_REDIRECT] 
2026-03-09 20:50:20,934 [ERROR] LogOutputStream:75 - [STDERR_REDIRECT] [Fatal Error] :1:1: Premature end of file.
2026-03-09 20:50:20,935 [ERROR] LogOutputStream:75 - [STDERR_REDIRECT] 
2026-03-09 20:50:21,926 [ERROR] LogOutputStream:75 - [STDERR_REDIRECT] [Fatal Error] :1:1: Premature end of file.
2026-03-09 20:50:21,927 [ERROR] LogOutputStream:75 - [STDERR_REDIRECT] 
2026-03-09 20:50:22,946 [ERROR] LogOutputStream:75 - [STDERR_REDIRECT] [Fatal Error] :1:1: Premature end of file.
2026-03-09 20:50:22,946 [ERROR] LogOutputStream:75 - [STDERR_REDIRECT] 
2026-03-09 20:50:23,926 [ERROR] LogOutputStream:75 - [STDERR_REDIRECT] [Fatal Error] :1:1: Premature end of file.
2026-03-09 20:50:23,926 [ERROR] LogOutputStream:75 - [STDERR_REDIRECT] 
2026-03-09 20:50:24,933 [ERROR] LogOutputStream:75 - [STDERR_REDIRECT] [Fatal Error] :1:1: Premature end of file.
2026-03-09 20:50:24,933 [ERROR] LogOutputStream:75 - [STDERR_REDIRECT] 
2026-03-09 20:50:25,921 [ERROR] LogOutputStream:75 - [STDERR_REDIRECT] [Fatal Error] :1:1: Premature end of file.
2026-03-09 20:50:25,921 [ERROR] LogOutputStream:75 - [STDERR_REDIRECT] 
2026-03-09 20:50:26,926 [ERROR] LogOutputStream:75 - [STDERR_REDIRECT] [Fatal Error] :1:1: Premature end of file.
2026-03-09 20:50:26,926 [ERROR] LogOutputStream:75 - [STDERR_REDIRECT] 
2026-03-09 20:50:27,932 [ERROR] LogOutputStream:75 - [STDERR_REDIRECT] [Fatal Error] :1:1: Premature end of file.
2026-03-09 20:50:27,933 [ERROR] LogOutputStream:75 - [STDERR_REDIRECT] 
2026-03-09 20:50:28,924 [ERROR] LogOutputStream:75 - [STDERR_REDIRECT] [Fatal Error] :1:1: Premature end of file.
2026-03-09 20:50:28,924 [ERROR] LogOutputStream:75 - [STDERR_REDIRECT] 
2026-03-09 20:50:29,928 [ERROR] LogOutputStream:75 - [STDERR_REDIRECT] [Fatal Error] :1:1: Premature end of file.
2026-03-09 20:50:29,929 [ERROR] LogOutputStream:75 - [STDERR_REDIRECT] 
2026-03-09 20:50:30,931 [ERROR] LogOutputStream:75 - [STDERR_REDIRECT] [Fatal Error] :1:1: Premature end of file.
2026-03-09 20:50:30,931 [ERROR] LogOutputStream:75 - [STDERR_REDIRECT] 
2026-03-09 20:50:31,926 [ERROR] LogOutputStream:75 - [STDERR_REDIRECT] [Fatal Error] :1:1: Premature end of file.
2026-03-09 20:50:31,926 [ERROR] LogOutputStream:75 - [STDERR_REDIRECT] 
2026-03-09 20:50:32,936 [ERROR] LogOutputStream:75 - [STDERR_REDIRECT] [Fatal Error] :1:1: Premature end of file.
2026-03-09 20:50:32,936 [ERROR] LogOutputStream:75 - [STDERR_REDIRECT] 
2026-03-09 20:50:33,920 [ERROR] LogOutputStream:75 - [STDERR_REDIRECT] [Fatal Error] :1:1: Premature end of file.
2026-03-09 20:50:33,921 [ERROR] LogOutputStream:75 - [STDERR_REDIRECT] 
2026-03-09 20:50:34,922 [ERROR] LogOutputStream:75 - [STDERR_REDIRECT] [Fatal Error] :1:1: Premature end of file.
2026-03-09 20:50:34,922 [ERROR] LogOutputStream:75 - [STDERR_REDIRECT] 
2026-03-09 20:50:35,929 [ERROR] LogOutputStream:75 - [STDERR_REDIRECT] [Fatal Error] :1:1: Premature end of file.
2026-03-09 20:50:35,929 [ERROR] LogOutputStream:75 - [STDERR_REDIRECT] 
2026-03-09 20:50:36,925 [ERROR] LogOutputStream:75 - [STDERR_REDIRECT] [Fatal Error] :1:1: Premature end of file.
2026-03-09 20:50:36,925 [ERROR] LogOutputStream:75 - [STDERR_REDIRECT] 
2026-03-09 20:50:37,933 [ERROR] LogOutputStream:75 - [STDERR_REDIRECT] [Fatal Error] :1:1: Premature end of file.
2026-03-09 20:50:37,933 [ERROR] LogOutputStream:75 - [STDERR_REDIRECT] 
2026-03-09 20:50:38,934 [ERROR] LogOutputStream:75 - [STDERR_REDIRECT] [Fatal Error] :1:1: Premature end of file.
2026-03-09 20:50:38,934 [ERROR] LogOutputStream:75 - [STDERR_REDIRECT] 
2026-03-09 20:50:39,943 [ERROR] LogOutputStream:75 - [STDERR_REDIRECT] [Fatal Error] :1:1: Premature end of file.
2026-03-09 20:50:39,943 [ERROR] LogOutputStream:75 - [STDERR_REDIRECT] 
2026-03-09 20:50:40,937 [ERROR] LogOutputStream:75 - [STDERR_REDIRECT] [Fatal Error] :1:1: Premature end of file.
2026-03-09 20:50:40,937 [ERROR] LogOutputStream:75 - [STDERR_REDIRECT] 
2026-03-09 20:50:41,926 [ERROR] LogOutputStream:75 - [STDERR_REDIRECT] [Fatal Error] :1:1: Premature end of file.
2026-03-09 20:50:41,926 [ERROR] LogOutputStream:75 - [STDERR_REDIRECT] 
2026-03-09 20:50:42,929 [ERROR] LogOutputStream:75 - [STDERR_REDIRECT] [Fatal Error] :1:1: Premature end of file.
2026-03-09 20:50:42,929 [ERROR] LogOutputStream:75 - [STDERR_REDIRECT] 
2026-03-09 20:50:43,936 [ERROR] LogOutputStream:75 - [STDERR_REDIRECT] [Fatal Error] :1:1: Premature end of file.
2026-03-09 20:50:43,936 [ERROR] LogOutputStream:75 - [STDERR_REDIRECT] 
2026-03-09 20:50:44,923 [ERROR] LogOutputStream:75 - [STDERR_REDIRECT] [Fatal Error] :1:1: Premature end of file.
2026-03-09 20:50:44,923 [ERROR] LogOutputStream:75 - [STDERR_REDIRECT] 
2026-03-09 20:50:45,933 [ERROR] LogOutputStream:75 - [STDERR_REDIRECT] [Fatal Error] :1:1: Premature end of file.
2026-03-09 20:50:45,933 [ERROR] LogOutputStream:75 - [STDERR_REDIRECT] 
2026-03-09 20:50:46,924 [ERROR] LogOutputStream:75 - [STDERR_REDIRECT] [Fatal Error] :1:1: Premature end of file.
2026-03-09 20:50:46,924 [ERROR] LogOutputStream:75 - [STDERR_REDIRECT] 
2026-03-09 20:50:47,932 [ERROR] LogOutputStream:75 - [STDERR_REDIRECT] [Fatal Error] :1:1: Premature end of file.
2026-03-09 20:50:47,932 [ERROR] LogOutputStream:75 - [STDERR_REDIRECT] 
2026-03-09 20:50:48,931 [ERROR] LogOutputStream:75 - [STDERR_REDIRECT] [Fatal Error] :1:1: Premature end of file.
2026-03-09 20:50:48,931 [ERROR] LogOutputStream:75 - [STDERR_REDIRECT] 
2026-03-09 20:50:49,939 [ERROR] LogOutputStream:75 - [STDERR_REDIRECT] [Fatal Error] :1:1: Premature end of file.
2026-03-09 20:50:49,939 [ERROR] LogOutputStream:75 - [STDERR_REDIRECT] 
2026-03-09 20:50:50,933 [ERROR] LogOutputStream:75 - [STDERR_REDIRECT] [Fatal Error] :1:1: Premature end of file.
2026-03-09 20:50:50,933 [ERROR] LogOutputStream:75 - [STDERR_REDIRECT] 
2026-03-09 20:50:51,933 [ERROR] LogOutputStream:75 - [STDERR_REDIRECT] [Fatal Error] :1:1: Premature end of file.
2026-03-09 20:50:51,934 [ERROR] LogOutputStream:75 - [STDERR_REDIRECT] 
2026-03-09 20:50:52,936 [ERROR] LogOutputStream:75 - [STDERR_REDIRECT] [Fatal Error] :1:1: Premature end of file.
2026-03-09 20:50:52,936 [ERROR] LogOutputStream:75 - [STDERR_REDIRECT] 
2026-03-09 20:50:53,928 [ERROR] LogOutputStream:75 - [STDERR_REDIRECT] [Fatal Error] :1:1: Premature end of file.
2026-03-09 20:50:53,928 [ERROR] LogOutputStream:75 - [STDERR_REDIRECT] 
2026-03-09 20:50:54,937 [ERROR] LogOutputStream:75 - [STDERR_REDIRECT] [Fatal Error] :1:1: Premature end of file.
2026-03-09 20:50:54,937 [ERROR] LogOutputStream:75 - [STDERR_REDIRECT] 
2026-03-09 20:50:55,922 [ERROR] LogOutputStream:75 - [STDERR_REDIRECT] [Fatal Error] :1:1: Premature end of file.
2026-03-09 20:50:55,922 [ERROR] LogOutputStream:75 - [STDERR_REDIRECT] 
2026-03-09 20:50:56,929 [ERROR] LogOutputStream:75 - [STDERR_REDIRECT] [Fatal Error] :1:1: Premature end of file.
2026-03-09 20:50:56,929 [ERROR] LogOutputStream:75 - [STDERR_REDIRECT] 
2026-03-09 20:50:57,937 [ERROR] LogOutputStream:75 - [STDERR_REDIRECT] [Fatal Error] :1:1: Premature end of file.
2026-03-09 20:50:57,938 [ERROR] LogOutputStream:75 - [STDERR_REDIRECT] 
2026-03-09 20:50:58,939 [ERROR] LogOutputStream:75 - [STDERR_REDIRECT] [Fatal Error] :1:1: Premature end of file.
2026-03-09 20:50:58,939 [ERROR] LogOutputStream:75 - [STDERR_REDIRECT] 
2026-03-09 20:50:59,930 [ERROR] LogOutputStream:75 - [STDERR_REDIRECT] [Fatal Error] :1:1: Premature end of file.
2026-03-09 20:50:59,930 [ERROR] LogOutputStream:75 - [STDERR_REDIRECT] 
2026-03-09 20:51:00,940 [ERROR] LogOutputStream:75 - [STDERR_REDIRECT] [Fatal Error] :1:1: Premature end of file.
2026-03-09 20:51:00,940 [ERROR] LogOutputStream:75 - [STDERR_REDIRECT] 
2026-03-09 20:51:01,922 [ERROR] LogOutputStream:75 - [STDERR_REDIRECT] [Fatal Error] :1:1: Premature end of file.
2026-03-09 20:51:01,922 [ERROR] LogOutputStream:75 - [STDERR_REDIRECT] 
2026-03-09 20:51:02,926 [ERROR] LogOutputStream:75 - [STDERR_REDIRECT] [Fatal Error] :1:1: Premature end of file.
2026-03-09 20:51:02,926 [ERROR] LogOutputStream:75 - [STDERR_REDIRECT] 
2026-03-09 20:51:03,933 [ERROR] LogOutputStream:75 - [STDERR_REDIRECT] [Fatal Error] :1:1: Premature end of file.
2026-03-09 20:51:03,933 [ERROR] LogOutputStream:75 - [STDERR_REDIRECT] 
2026-03-09 20:51:04,938 [ERROR] LogOutputStream:75 - [STDERR_REDIRECT] [Fatal Error] :1:1: Premature end of file.
2026-03-09 20:51:04,938 [ERROR] LogOutputStream:75 - [STDERR_REDIRECT] 
2026-03-09 20:51:05,927 [ERROR] LogOutputStream:75 - [STDERR_REDIRECT] [Fatal Error] :1:1: Premature end of file.
2026-03-09 20:51:05,928 [ERROR] LogOutputStream:75 - [STDERR_REDIRECT] 
2026-03-09 20:51:06,931 [ERROR] LogOutputStream:75 - [STDERR_REDIRECT] [Fatal Error] :1:1: Premature end of file.
2026-03-09 20:51:06,931 [ERROR] LogOutputStream:75 - [STDERR_REDIRECT] 
2026-03-09 20:51:07,933 [ERROR] LogOutputStream:75 - [STDERR_REDIRECT] [Fatal Error] :1:1: Premature end of file.
2026-03-09 20:51:07,933 [ERROR] LogOutputStream:75 - [STDERR_REDIRECT] 
2026-03-09 20:51:08,937 [ERROR] LogOutputStream:75 - [STDERR_REDIRECT] [Fatal Error] :1:1: Premature end of file.
2026-03-09 20:51:08,937 [ERROR] LogOutputStream:75 - [STDERR_REDIRECT] 
2026-03-09 20:51:09,928 [ERROR] LogOutputStream:75 - [STDERR_REDIRECT] [Fatal Error] :1:1: Premature end of file.
2026-03-09 20:51:09,928 [ERROR] LogOutputStream:75 - [STDERR_REDIRECT] 
2026-03-09 20:51:10,935 [ERROR] LogOutputStream:75 - [STDERR_REDIRECT] [Fatal Error] :1:1: Premature end of file.
2026-03-09 20:51:10,935 [ERROR] LogOutputStream:75 - [STDERR_REDIRECT] 
2026-03-09 20:51:11,932 [ERROR] LogOutputStream:75 - [STDERR_REDIRECT] [Fatal Error] :1:1: Premature end of file.
2026-03-09 20:51:11,932 [ERROR] LogOutputStream:75 - [STDERR_REDIRECT] 
2026-03-09 20:51:12,943 [ERROR] LogOutputStream:75 - [STDERR_REDIRECT] [Fatal Error] :1:1: Premature end of file.
2026-03-09 20:51:12,943 [ERROR] LogOutputStream:75 - [STDERR_REDIRECT] 
2026-03-09 20:51:13,929 [ERROR] LogOutputStream:75 - [STDERR_REDIRECT] [Fatal Error] :1:1: Premature end of file.
2026-03-09 20:51:13,931 [ERROR] LogOutputStream:75 - [STDERR_REDIRECT] 
2026-03-09 20:51:14,932 [ERROR] LogOutputStream:75 - [STDERR_REDIRECT] [Fatal Error] :1:1: Premature end of file.
2026-03-09 20:51:14,932 [ERROR] LogOutputStream:75 - [STDERR_REDIRECT] 
2026-03-09 20:51:15,920 [ERROR] LogOutputStream:75 - [STDERR_REDIRECT] [Fatal Error] :1:1: Premature end of file.
2026-03-09 20:51:15,920 [ERROR] LogOutputStream:75 - [STDERR_REDIRECT] 
2026-03-09 20:51:16,930 [ERROR] LogOutputStream:75 - [STDERR_REDIRECT] [Fatal Error] :1:1: Premature end of file.
2026-03-09 20:51:16,930 [ERROR] LogOutputStream:75 - [STDERR_REDIRECT] 
2026-03-09 20:51:17,934 [ERROR] LogOutputStream:75 - [STDERR_REDIRECT] [Fatal Error] :1:1: Premature end of file.
2026-03-09 20:51:17,934 [ERROR] LogOutputStream:75 - [STDERR_REDIRECT] 
2026-03-09 20:51:18,923 [ERROR] LogOutputStream:75 - [STDERR_REDIRECT] [Fatal Error] :1:1: Premature end of file.
2026-03-09 20:51:18,923 [ERROR] LogOutputStream:75 - [STDERR_REDIRECT] 
2026-03-09 20:51:19,930 [ERROR] LogOutputStream:75 - [STDERR_REDIRECT] [Fatal Error] :1:1: Premature end of file.
2026-03-09 20:51:19,930 [ERROR] LogOutputStream:75 - [STDERR_REDIRECT] 
2026-03-09 20:51:20,934 [ERROR] LogOutputStream:75 - [STDERR_REDIRECT] [Fatal Error] :1:1: Premature end of file.
2026-03-09 20:51:20,934 [ERROR] LogOutputStream:75 - [STDERR_REDIRECT] 
2026-03-09 20:51:21,936 [ERROR] LogOutputStream:75 - [STDERR_REDIRECT] [Fatal Error] :1:1: Premature end of file.
2026-03-09 20:51:21,936 [ERROR] LogOutputStream:75 - [STDERR_REDIRECT] 
2026-03-09 20:51:22,927 [ERROR] LogOutputStream:75 - [STDERR_REDIRECT] [Fatal Error] :1:1: Premature end of file.
2026-03-09 20:51:22,927 [ERROR] LogOutputStream:75 - [STDERR_REDIRECT] 
2026-03-09 20:51:23,939 [ERROR] LogOutputStream:75 - [STDERR_REDIRECT] [Fatal Error] :1:1: Premature end of file.
2026-03-09 20:51:23,939 [ERROR] LogOutputStream:75 - [STDERR_REDIRECT] 
2026-03-09 20:51:24,930 [ERROR] LogOutputStream:75 - [STDERR_REDIRECT] [Fatal Error] :1:1: Premature end of file.
2026-03-09 20:51:24,932 [ERROR] LogOutputStream:75 - [STDERR_REDIRECT] 
2026-03-09 20:51:25,937 [ERROR] LogOutputStream:75 - [STDERR_REDIRECT] [Fatal Error] :1:1: Premature end of file.
2026-03-09 20:51:25,937 [ERROR] LogOutputStream:75 - [STDERR_REDIRECT] 
2026-03-09 20:51:26,933 [ERROR] LogOutputStream:75 - [STDERR_REDIRECT] [Fatal Error] :1:1: Premature end of file.
2026-03-09 20:51:26,933 [ERROR] LogOutputStream:75 - [STDERR_REDIRECT] 
2026-03-09 20:51:27,930 [ERROR] LogOutputStream:75 - [STDERR_REDIRECT] [Fatal Error] :1:1: Premature end of file.
2026-03-09 20:51:27,931 [ERROR] LogOutputStream:75 - [STDERR_REDIRECT] 
2026-03-09 20:51:28,932 [ERROR] LogOutputStream:75 - [STDERR_REDIRECT] [Fatal Error] :1:1: Premature end of file.
2026-03-09 20:51:28,932 [ERROR] LogOutputStream:75 - [STDERR_REDIRECT] 
2026-03-09 20:51:29,924 [ERROR] LogOutputStream:75 - [STDERR_REDIRECT] [Fatal Error] :1:1: Premature end of file.
2026-03-09 20:51:29,924 [ERROR] LogOutputStream:75 - [STDERR_REDIRECT] 
2026-03-09 20:51:30,932 [ERROR] LogOutputStream:75 - [STDERR_REDIRECT] [Fatal Error] :1:1: Premature end of file.
2026-03-09 20:51:30,932 [ERROR] LogOutputStream:75 - [STDERR_REDIRECT] 
2026-03-09 20:51:31,932 [ERROR] LogOutputStream:75 - [STDERR_REDIRECT] [Fatal Error] :1:1: Premature end of file.
2026-03-09 20:51:31,932 [ERROR] LogOutputStream:75 - [STDERR_REDIRECT] 
2026-03-09 20:51:32,930 [ERROR] LogOutputStream:75 - [STDERR_REDIRECT] [Fatal Error] :1:1: Premature end of file.
2026-03-09 20:51:32,930 [ERROR] LogOutputStream:75 - [STDERR_REDIRECT] 
2026-03-09 20:51:33,940 [ERROR] LogOutputStream:75 - [STDERR_REDIRECT] [Fatal Error] :1:1: Premature end of file.
2026-03-09 20:51:33,940 [ERROR] LogOutputStream:75 - [STDERR_REDIRECT] 
2026-03-09 20:51:34,925 [ERROR] LogOutputStream:75 - [STDERR_REDIRECT] [Fatal Error] :1:1: Premature end of file.
2026-03-09 20:51:34,927 [ERROR] LogOutputStream:75 - [STDERR_REDIRECT] 
2026-03-09 20:51:35,930 [ERROR] LogOutputStream:75 - [STDERR_REDIRECT] [Fatal Error] :1:1: Premature end of file.
2026-03-09 20:51:35,930 [ERROR] LogOutputStream:75 - [STDERR_REDIRECT] 
2026-03-09 20:51:36,923 [ERROR] LogOutputStream:75 - [STDERR_REDIRECT] [Fatal Error] :1:1: Premature end of file.
2026-03-09 20:51:36,923 [ERROR] LogOutputStream:75 - [STDERR_REDIRECT] 
2026-03-09 20:51:37,928 [ERROR] LogOutputStream:75 - [STDERR_REDIRECT] [Fatal Error] :1:1: Premature end of file.
2026-03-09 20:51:37,928 [ERROR] LogOutputStream:75 - [STDERR_REDIRECT] 
2026-03-09 20:51:38,929 [ERROR] LogOutputStream:75 - [STDERR_REDIRECT] [Fatal Error] :1:1: Premature end of file.
2026-03-09 20:51:38,929 [ERROR] LogOutputStream:75 - [STDERR_REDIRECT] 
2026-03-09 20:51:39,928 [ERROR] LogOutputStream:75 - [STDERR_REDIRECT] [Fatal Error] :1:1: Premature end of file.
2026-03-09 20:51:39,928 [ERROR] LogOutputStream:75 - [STDERR_REDIRECT] 
2026-03-09 20:51:40,934 [ERROR] LogOutputStream:75 - [STDERR_REDIRECT] [Fatal Error] :1:1: Premature end of file.
2026-03-09 20:51:40,934 [ERROR] LogOutputStream:75 - [STDERR_REDIRECT] 
2026-03-09 20:51:41,925 [ERROR] LogOutputStream:75 - [STDERR_REDIRECT] [Fatal Error] :1:1: Premature end of file.
2026-03-09 20:51:41,925 [ERROR] LogOutputStream:75 - [STDERR_REDIRECT] 
2026-03-09 20:51:42,927 [ERROR] LogOutputStream:75 - [STDERR_REDIRECT] [Fatal Error] :1:1: Premature end of file.
2026-03-09 20:51:42,927 [ERROR] LogOutputStream:75 - [STDERR_REDIRECT] 
2026-03-09 20:51:43,937 [ERROR] LogOutputStream:75 - [STDERR_REDIRECT] [Fatal Error] :1:1: Premature end of file.
2026-03-09 20:51:43,938 [ERROR] LogOutputStream:75 - [STDERR_REDIRECT] 
2026-03-09 20:51:44,926 [ERROR] LogOutputStream:75 - [STDERR_REDIRECT] [Fatal Error] :1:1: Premature end of file.
2026-03-09 20:51:44,926 [ERROR] LogOutputStream:75 - [STDERR_REDIRECT] 
2026-03-09 20:51:45,928 [ERROR] LogOutputStream:75 - [STDERR_REDIRECT] [Fatal Error] :1:1: Premature end of file.
2026-03-09 20:51:45,928 [ERROR] LogOutputStream:75 - [STDERR_REDIRECT] 
2026-03-09 20:51:46,932 [ERROR] LogOutputStream:75 - [STDERR_REDIRECT] [Fatal Error] :1:1: Premature end of file.
2026-03-09 20:51:46,932 [ERROR] LogOutputStream:75 - [STDERR_REDIRECT] 
2026-03-09 20:51:47,936 [ERROR] LogOutputStream:75 - [STDERR_REDIRECT] [Fatal Error] :1:1: Premature end of file.
2026-03-09 20:51:47,936 [ERROR] LogOutputStream:75 - [STDERR_REDIRECT] 
2026-03-09 20:51:48,930 [ERROR] LogOutputStream:75 - [STDERR_REDIRECT] [Fatal Error] :1:1: Premature end of file.
2026-03-09 20:51:48,930 [ERROR] LogOutputStream:75 - [STDERR_REDIRECT] 
2026-03-09 20:51:49,937 [ERROR] LogOutputStream:75 - [STDERR_REDIRECT] [Fatal Error] :1:1: Premature end of file.
2026-03-09 20:51:49,937 [ERROR] LogOutputStream:75 - [STDERR_REDIRECT] 
2026-03-09 20:51:50,926 [ERROR] LogOutputStream:75 - [STDERR_REDIRECT] [Fatal Error] :1:1: Premature end of file.
2026-03-09 20:51:50,926 [ERROR] LogOutputStream:75 - [STDERR_REDIRECT] 
2026-03-09 20:51:51,930 [ERROR] LogOutputStream:75 - [STDERR_REDIRECT] [Fatal Error] :1:1: Premature end of file.
2026-03-09 20:51:51,931 [ERROR] LogOutputStream:75 - [STDERR_REDIRECT] 
2026-03-09 20:51:52,923 [ERROR] LogOutputStream:75 - [STDERR_REDIRECT] [Fatal Error] :1:1: Premature end of file.
2026-03-09 20:51:52,923 [ERROR] LogOutputStream:75 - [STDERR_REDIRECT] 
2026-03-09 20:51:53,933 [ERROR] LogOutputStream:75 - [STDERR_REDIRECT] [Fatal Error] :1:1: Premature end of file.
2026-03-09 20:51:53,933 [ERROR] LogOutputStream:75 - [STDERR_REDIRECT] 
2026-03-09 20:51:54,942 [ERROR] LogOutputStream:75 - [STDERR_REDIRECT] [Fatal Error] :1:1: Premature end of file.
2026-03-09 20:51:54,942 [ERROR] LogOutputStream:75 - [STDERR_REDIRECT] 
2026-03-09 20:51:55,937 [ERROR] LogOutputStream:75 - [STDERR_REDIRECT] [Fatal Error] :1:1: Premature end of file.
2026-03-09 20:51:55,937 [ERROR] LogOutputStream:75 - [STDERR_REDIRECT] 
2026-03-09 20:51:56,927 [ERROR] LogOutputStream:75 - [STDERR_REDIRECT] [Fatal Error] :1:1: Premature end of file.
2026-03-09 20:51:56,927 [ERROR] LogOutputStream:75 - [STDERR_REDIRECT] 
2026-03-09 20:51:57,932 [ERROR] LogOutputStream:75 - [STDERR_REDIRECT] [Fatal Error] :1:1: Premature end of file.
2026-03-09 20:51:57,932 [ERROR] LogOutputStream:75 - [STDERR_REDIRECT] 
2026-03-09 20:51:58,927 [ERROR] LogOutputStream:75 - [STDERR_REDIRECT] [Fatal Error] :1:1: Premature end of file.
2026-03-09 20:51:58,927 [ERROR] LogOutputStream:75 - [STDERR_REDIRECT] 
2026-03-09 20:51:59,937 [ERROR] LogOutputStream:75 - [STDERR_REDIRECT] [Fatal Error] :1:1: Premature end of file.
2026-03-09 20:51:59,937 [ERROR] LogOutputStream:75 - [STDERR_REDIRECT] 
2026-03-09 20:52:00,923 [ERROR] LogOutputStream:75 - [STDERR_REDIRECT] [Fatal Error] :1:1: Premature end of file.
2026-03-09 20:52:00,923 [ERROR] LogOutputStream:75 - [STDERR_REDIRECT] 
2026-03-09 20:52:01,927 [ERROR] LogOutputStream:75 - [STDERR_REDIRECT] [Fatal Error] :1:1: Premature end of file.
2026-03-09 20:52:01,928 [ERROR] LogOutputStream:75 - [STDERR_REDIRECT] 
2026-03-09 20:52:02,931 [ERROR] LogOutputStream:75 - [STDERR_REDIRECT] [Fatal Error] :1:1: Premature end of file.
2026-03-09 20:52:02,931 [ERROR] LogOutputStream:75 - [STDERR_REDIRECT] 
2026-03-09 20:52:03,935 [ERROR] LogOutputStream:75 - [STDERR_REDIRECT] [Fatal Error] :1:1: Premature end of file.
2026-03-09 20:52:03,936 [ERROR] LogOutputStream:75 - [STDERR_REDIRECT] 
2026-03-09 20:52:04,937 [ERROR] LogOutputStream:75 - [STDERR_REDIRECT] [Fatal Error] :1:1: Premature end of file.
2026-03-09 20:52:04,937 [ERROR] LogOutputStream:75 - [STDERR_REDIRECT] 
2026-03-09 20:52:05,926 [ERROR] LogOutputStream:75 - [STDERR_REDIRECT] [Fatal Error] :1:1: Premature end of file.
2026-03-09 20:52:05,927 [ERROR] LogOutputStream:75 - [STDERR_REDIRECT] 
2026-03-09 20:52:06,923 [ERROR] LogOutputStream:75 - [STDERR_REDIRECT] [Fatal Error] :1:1: Premature end of file.
2026-03-09 20:52:06,923 [ERROR] LogOutputStream:75 - [STDERR_REDIRECT] 
2026-03-09 20:52:07,926 [ERROR] LogOutputStream:75 - [STDERR_REDIRECT] [Fatal Error] :1:1: Premature end of file.
2026-03-09 20:52:07,926 [ERROR] LogOutputStream:75 - [STDERR_REDIRECT] 
2026-03-09 20:52:08,928 [ERROR] LogOutputStream:75 - [STDERR_REDIRECT] [Fatal Error] :1:1: Premature end of file.
2026-03-09 20:52:08,929 [ERROR] LogOutputStream:75 - [STDERR_REDIRECT] 
2026-03-09 20:52:09,934 [ERROR] LogOutputStream:75 - [STDERR_REDIRECT] [Fatal Error] :1:1: Premature end of file.
2026-03-09 20:52:09,934 [ERROR] LogOutputStream:75 - [STDERR_REDIRECT] 
2026-03-09 20:52:10,925 [ERROR] LogOutputStream:75 - [STDERR_REDIRECT] [Fatal Error] :1:1: Premature end of file.
2026-03-09 20:52:10,926 [ERROR] LogOutputStream:75 - [STDERR_REDIRECT] 
2026-03-09 20:52:11,929 [ERROR] LogOutputStream:75 - [STDERR_REDIRECT] [Fatal Error] :1:1: Premature end of file.
2026-03-09 20:52:11,929 [ERROR] LogOutputStream:75 - [STDERR_REDIRECT] 
2026-03-09 20:52:12,934 [ERROR] LogOutputStream:75 - [STDERR_REDIRECT] [Fatal Error] :1:1: Premature end of file.
2026-03-09 20:52:12,934 [ERROR] LogOutputStream:75 - [STDERR_REDIRECT] 
2026-03-09 20:52:13,925 [ERROR] LogOutputStream:75 - [STDERR_REDIRECT] [Fatal Error] :1:1: Premature end of file.
2026-03-09 20:52:13,925 [ERROR] LogOutputStream:75 - [STDERR_REDIRECT] 
2026-03-09 20:52:14,931 [ERROR] LogOutputStream:75 - [STDERR_REDIRECT] [Fatal Error] :1:1: Premature end of file.
2026-03-09 20:52:14,931 [ERROR] LogOutputStream:75 - [STDERR_REDIRECT] 
2026-03-09 20:52:15,922 [ERROR] LogOutputStream:75 - [STDERR_REDIRECT] [Fatal Error] :1:1: Premature end of file.
2026-03-09 20:52:15,922 [ERROR] LogOutputStream:75 - [STDERR_REDIRECT] 
2026-03-09 20:52:16,929 [ERROR] LogOutputStream:75 - [STDERR_REDIRECT] [Fatal Error] :1:1: Premature end of file.
2026-03-09 20:52:16,929 [ERROR] LogOutputStream:75 - [STDERR_REDIRECT] 
2026-03-09 20:52:17,936 [ERROR] LogOutputStream:75 - [STDERR_REDIRECT] [Fatal Error] :1:1: Premature end of file.
2026-03-09 20:52:17,936 [ERROR] LogOutputStream:75 - [STDERR_REDIRECT] 
2026-03-09 20:52:18,924 [ERROR] LogOutputStream:75 - [STDERR_REDIRECT] [Fatal Error] :1:1: Premature end of file.
2026-03-09 20:52:18,924 [ERROR] LogOutputStream:75 - [STDERR_REDIRECT] 
2026-03-09 20:52:19,931 [ERROR] LogOutputStream:75 - [STDERR_REDIRECT] [Fatal Error] :1:1: Premature end of file.
2026-03-09 20:52:19,931 [ERROR] LogOutputStream:75 - [STDERR_REDIRECT] 
2026-03-09 20:52:20,924 [ERROR] LogOutputStream:75 - [STDERR_REDIRECT] [Fatal Error] :1:1: Premature end of file.
2026-03-09 20:52:20,924 [ERROR] LogOutputStream:75 - [STDERR_REDIRECT] 
2026-03-09 20:52:21,930 [ERROR] LogOutputStream:75 - [STDERR_REDIRECT] [Fatal Error] :1:1: Premature end of file.
2026-03-09 20:52:21,930 [ERROR] LogOutputStream:75 - [STDERR_REDIRECT] 
2026-03-09 20:52:22,934 [ERROR] LogOutputStream:75 - [STDERR_REDIRECT] [Fatal Error] :1:1: Premature end of file.
2026-03-09 20:52:22,934 [ERROR] LogOutputStream:75 - [STDERR_REDIRECT] 
2026-03-09 20:52:23,923 [ERROR] LogOutputStream:75 - [STDERR_REDIRECT] [Fatal Error] :1:1: Premature end of file.
2026-03-09 20:52:23,923 [ERROR] LogOutputStream:75 - [STDERR_REDIRECT] 
2026-03-09 20:52:24,931 [ERROR] LogOutputStream:75 - [STDERR_REDIRECT] [Fatal Error] :1:1: Premature end of file.
2026-03-09 20:52:24,931 [ERROR] LogOutputStream:75 - [STDERR_REDIRECT] 
2026-03-09 20:52:25,937 [ERROR] LogOutputStream:75 - [STDERR_REDIRECT] [Fatal Error] :1:1: Premature end of file.
2026-03-09 20:52:25,937 [ERROR] LogOutputStream:75 - [STDERR_REDIRECT] 
2026-03-09 20:52:26,939 [ERROR] LogOutputStream:75 - [STDERR_REDIRECT] [Fatal Error] :1:1: Premature end of file.
2026-03-09 20:52:26,939 [ERROR] LogOutputStream:75 - [STDERR_REDIRECT] 
2026-03-09 20:52:27,951 [ERROR] LogOutputStream:75 - [STDERR_REDIRECT] [Fatal Error] :1:1: Premature end of file.
2026-03-09 20:52:27,951 [ERROR] LogOutputStream:75 - [STDERR_REDIRECT] 
2026-03-09 20:52:28,923 [ERROR] LogOutputStream:75 - [STDERR_REDIRECT] [Fatal Error] :1:1: Premature end of file.
2026-03-09 20:52:28,923 [ERROR] LogOutputStream:75 - [STDERR_REDIRECT] 
2026-03-09 20:52:29,930 [ERROR] LogOutputStream:75 - [STDERR_REDIRECT] [Fatal Error] :1:1: Premature end of file.
2026-03-09 20:52:29,930 [ERROR] LogOutputStream:75 - [STDERR_REDIRECT] 
2026-03-09 20:52:30,923 [ERROR] LogOutputStream:75 - [STDERR_REDIRECT] [Fatal Error] :1:1: Premature end of file.
2026-03-09 20:52:30,923 [ERROR] LogOutputStream:75 - [STDERR_REDIRECT] 
2026-03-09 20:52:31,930 [ERROR] LogOutputStream:75 - [STDERR_REDIRECT] [Fatal Error] :1:1: Premature end of file.
2026-03-09 20:52:31,930 [ERROR] LogOutputStream:75 - [STDERR_REDIRECT] 
2026-03-09 20:52:32,936 [ERROR] LogOutputStream:75 - [STDERR_REDIRECT] [Fatal Error] :1:1: Premature end of file.
2026-03-09 20:52:32,936 [ERROR] LogOutputStream:75 - [STDERR_REDIRECT] 
2026-03-09 20:52:33,930 [ERROR] LogOutputStream:75 - [STDERR_REDIRECT] [Fatal Error] :1:1: Premature end of file.
2026-03-09 20:52:33,930 [ERROR] LogOutputStream:75 - [STDERR_REDIRECT] 
2026-03-09 20:52:34,928 [ERROR] LogOutputStream:75 - [STDERR_REDIRECT] [Fatal Error] :1:1: Premature end of file.
2026-03-09 20:52:34,928 [ERROR] LogOutputStream:75 - [STDERR_REDIRECT] 
2026-03-09 20:52:35,932 [ERROR] LogOutputStream:75 - [STDERR_REDIRECT] [Fatal Error] :1:1: Premature end of file.
2026-03-09 20:52:35,932 [ERROR] LogOutputStream:75 - [STDERR_REDIRECT] 
2026-03-09 20:52:36,933 [ERROR] LogOutputStream:75 - [STDERR_REDIRECT] [Fatal Error] :1:1: Premature end of file.
2026-03-09 20:52:36,933 [ERROR] LogOutputStream:75 - [STDERR_REDIRECT] 
2026-03-09 20:52:37,941 [ERROR] LogOutputStream:75 - [STDERR_REDIRECT] [Fatal Error] :1:1: Premature end of file.
2026-03-09 20:52:37,941 [ERROR] LogOutputStream:75 - [STDERR_REDIRECT] 
2026-03-09 20:52:38,933 [ERROR] LogOutputStream:75 - [STDERR_REDIRECT] [Fatal Error] :1:1: Premature end of file.
2026-03-09 20:52:38,933 [ERROR] LogOutputStream:75 - [STDERR_REDIRECT] 
2026-03-09 20:52:39,926 [ERROR] LogOutputStream:75 - [STDERR_REDIRECT] [Fatal Error] :1:1: Premature end of file.
2026-03-09 20:52:39,926 [ERROR] LogOutputStream:75 - [STDERR_REDIRECT] 
2026-03-09 20:52:40,934 [ERROR] LogOutputStream:75 - [STDERR_REDIRECT] [Fatal Error] :1:1: Premature end of file.
2026-03-09 20:52:40,934 [ERROR] LogOutputStream:75 - [STDERR_REDIRECT] 
2026-03-09 20:52:41,924 [ERROR] LogOutputStream:75 - [STDERR_REDIRECT] [Fatal Error] :1:1: Premature end of file.
2026-03-09 20:52:41,924 [ERROR] LogOutputStream:75 - [STDERR_REDIRECT] 
2026-03-09 20:52:42,935 [ERROR] LogOutputStream:75 - [STDERR_REDIRECT] [Fatal Error] :1:1: Premature end of file.
2026-03-09 20:52:42,935 [ERROR] LogOutputStream:75 - [STDERR_REDIRECT] 
2026-03-09 20:52:43,924 [ERROR] LogOutputStream:75 - [STDERR_REDIRECT] [Fatal Error] :1:1: Premature end of file.
2026-03-09 20:52:43,924 [ERROR] LogOutputStream:75 - [STDERR_REDIRECT] 
2026-03-09 20:52:44,927 [ERROR] LogOutputStream:75 - [STDERR_REDIRECT] [Fatal Error] :1:1: Premature end of file.
2026-03-09 20:52:44,927 [ERROR] LogOutputStream:75 - [STDERR_REDIRECT] 
2026-03-09 20:52:45,930 [ERROR] LogOutputStream:75 - [STDERR_REDIRECT] [Fatal Error] :1:1: Premature end of file.
2026-03-09 20:52:45,930 [ERROR] LogOutputStream:75 - [STDERR_REDIRECT] 
2026-03-09 20:52:46,937 [ERROR] LogOutputStream:75 - [STDERR_REDIRECT] [Fatal Error] :1:1: Premature end of file.
2026-03-09 20:52:46,937 [ERROR] LogOutputStream:75 - [STDERR_REDIRECT] 
2026-03-09 20:52:47,933 [ERROR] LogOutputStream:75 - [STDERR_REDIRECT] [Fatal Error] :1:1: Premature end of file.
2026-03-09 20:52:47,933 [ERROR] LogOutputStream:75 - [STDERR_REDIRECT] 
2026-03-09 20:52:48,920 [ERROR] LogOutputStream:75 - [STDERR_REDIRECT] [Fatal Error] :1:1: Premature end of file.
2026-03-09 20:52:48,920 [ERROR] LogOutputStream:75 - [STDERR_REDIRECT] 
2026-03-09 20:52:49,926 [ERROR] LogOutputStream:75 - [STDERR_REDIRECT] [Fatal Error] :1:1: Premature end of file.
2026-03-09 20:52:49,926 [ERROR] LogOutputStream:75 - [STDERR_REDIRECT] 
2026-03-09 20:52:50,924 [ERROR] LogOutputStream:75 - [STDERR_REDIRECT] [Fatal Error] :1:1: Premature end of file.
2026-03-09 20:52:50,924 [ERROR] LogOutputStream:75 - [STDERR_REDIRECT] 
2026-03-09 20:52:51,929 [ERROR] LogOutputStream:75 - [STDERR_REDIRECT] [Fatal Error] :1:1: Premature end of file.
2026-03-09 20:52:51,930 [ERROR] LogOutputStream:75 - [STDERR_REDIRECT] 
2026-03-09 20:52:52,937 [ERROR] LogOutputStream:75 - [STDERR_REDIRECT] [Fatal Error] :1:1: Premature end of file.
2026-03-09 20:52:52,937 [ERROR] LogOutputStream:75 - [STDERR_REDIRECT] 
2026-03-09 20:52:53,931 [ERROR] LogOutputStream:75 - [STDERR_REDIRECT] [Fatal Error] :1:1: Premature end of file.
2026-03-09 20:52:53,931 [ERROR] LogOutputStream:75 - [STDERR_REDIRECT] 
2026-03-09 20:52:54,935 [ERROR] LogOutputStream:75 - [STDERR_REDIRECT] [Fatal Error] :1:1: Premature end of file.
2026-03-09 20:52:54,935 [ERROR] LogOutputStream:75 - [STDERR_REDIRECT] 
2026-03-09 20:52:55,924 [ERROR] LogOutputStream:75 - [STDERR_REDIRECT] [Fatal Error] :1:1: Premature end of file.
2026-03-09 20:52:55,924 [ERROR] LogOutputStream:75 - [STDERR_REDIRECT] 
2026-03-09 20:52:56,937 [ERROR] LogOutputStream:75 - [STDERR_REDIRECT] [Fatal Error] :1:1: Premature end of file.
2026-03-09 20:52:56,937 [ERROR] LogOutputStream:75 - [STDERR_REDIRECT] 
2026-03-09 20:52:57,935 [ERROR] LogOutputStream:75 - [STDERR_REDIRECT] [Fatal Error] :1:1: Premature end of file.
2026-03-09 20:52:57,935 [ERROR] LogOutputStream:75 - [STDERR_REDIRECT] 
2026-03-09 20:52:58,926 [ERROR] LogOutputStream:75 - [STDERR_REDIRECT] [Fatal Error] :1:1: Premature end of file.
2026-03-09 20:52:58,926 [ERROR] LogOutputStream:75 - [STDERR_REDIRECT] 
2026-03-09 20:52:59,932 [ERROR] LogOutputStream:75 - [STDERR_REDIRECT] [Fatal Error] :1:1: Premature end of file.
2026-03-09 20:52:59,932 [ERROR] LogOutputStream:75 - [STDERR_REDIRECT] 
2026-03-09 20:53:00,938 [ERROR] LogOutputStream:75 - [STDERR_REDIRECT] [Fatal Error] :1:1: Premature end of file.
2026-03-09 20:53:00,938 [ERROR] LogOutputStream:75 - [STDERR_REDIRECT] 
2026-03-09 20:53:01,939 [ERROR] LogOutputStream:75 - [STDERR_REDIRECT] [Fatal Error] :1:1: Premature end of file.
2026-03-09 20:53:01,939 [ERROR] LogOutputStream:75 - [STDERR_REDIRECT] 
2026-03-09 20:53:02,927 [ERROR] LogOutputStream:75 - [STDERR_REDIRECT] [Fatal Error] :1:1: Premature end of file.
2026-03-09 20:53:02,927 [ERROR] LogOutputStream:75 - [STDERR_REDIRECT] 
2026-03-09 20:53:03,936 [ERROR] LogOutputStream:75 - [STDERR_REDIRECT] [Fatal Error] :1:1: Premature end of file.
2026-03-09 20:53:03,936 [ERROR] LogOutputStream:75 - [STDERR_REDIRECT] 
2026-03-09 20:53:04,925 [ERROR] LogOutputStream:75 - [STDERR_REDIRECT] [Fatal Error] :1:1: Premature end of file.
2026-03-09 20:53:04,925 [ERROR] LogOutputStream:75 - [STDERR_REDIRECT] 
2026-03-09 20:53:05,942 [ERROR] LogOutputStream:75 - [STDERR_REDIRECT] [Fatal Error] :1:1: Premature end of file.
2026-03-09 20:53:05,942 [ERROR] LogOutputStream:75 - [STDERR_REDIRECT] 
2026-03-09 20:53:06,925 [ERROR] LogOutputStream:75 - [STDERR_REDIRECT] [Fatal Error] :1:1: Premature end of file.
2026-03-09 20:53:06,926 [ERROR] LogOutputStream:75 - [STDERR_REDIRECT] 
2026-03-09 20:53:07,933 [ERROR] LogOutputStream:75 - [STDERR_REDIRECT] [Fatal Error] :1:1: Premature end of file.
2026-03-09 20:53:07,933 [ERROR] LogOutputStream:75 - [STDERR_REDIRECT] 
2026-03-09 20:53:08,925 [ERROR] LogOutputStream:75 - [STDERR_REDIRECT] [Fatal Error] :1:1: Premature end of file.
2026-03-09 20:53:08,925 [ERROR] LogOutputStream:75 - [STDERR_REDIRECT] 
2026-03-09 20:53:09,929 [ERROR] LogOutputStream:75 - [STDERR_REDIRECT] [Fatal Error] :1:1: Premature end of file.
2026-03-09 20:53:09,929 [ERROR] LogOutputStream:75 - [STDERR_REDIRECT] 
2026-03-09 20:53:10,935 [ERROR] LogOutputStream:75 - [STDERR_REDIRECT] [Fatal Error] :1:1: Premature end of file.
2026-03-09 20:53:10,935 [ERROR] LogOutputStream:75 - [STDERR_REDIRECT] 
2026-03-09 20:53:11,931 [ERROR] LogOutputStream:75 - [STDERR_REDIRECT] [Fatal Error] :1:1: Premature end of file.
2026-03-09 20:53:11,931 [ERROR] LogOutputStream:75 - [STDERR_REDIRECT] 
2026-03-09 20:53:12,935 [ERROR] LogOutputStream:75 - [STDERR_REDIRECT] [Fatal Error] :1:1: Premature end of file.
2026-03-09 20:53:12,935 [ERROR] LogOutputStream:75 - [STDERR_REDIRECT] 
2026-03-09 20:53:13,926 [ERROR] LogOutputStream:75 - [STDERR_REDIRECT] [Fatal Error] :1:1: Premature end of file.
2026-03-09 20:53:13,926 [ERROR] LogOutputStream:75 - [STDERR_REDIRECT] 
2026-03-09 20:53:14,929 [ERROR] LogOutputStream:75 - [STDERR_REDIRECT] [Fatal Error] :1:1: Premature end of file.
2026-03-09 20:53:14,929 [ERROR] LogOutputStream:75 - [STDERR_REDIRECT] 
2026-03-09 20:53:15,922 [ERROR] LogOutputStream:75 - [STDERR_REDIRECT] [Fatal Error] :1:1: Premature end of file.
2026-03-09 20:53:15,922 [ERROR] LogOutputStream:75 - [STDERR_REDIRECT] 
2026-03-09 20:53:16,927 [ERROR] LogOutputStream:75 - [STDERR_REDIRECT] [Fatal Error] :1:1: Premature end of file.
2026-03-09 20:53:16,927 [ERROR] LogOutputStream:75 - [STDERR_REDIRECT] 
2026-03-09 20:53:17,930 [ERROR] LogOutputStream:75 - [STDERR_REDIRECT] [Fatal Error] :1:1: Premature end of file.
2026-03-09 20:53:17,930 [ERROR] LogOutputStream:75 - [STDERR_REDIRECT] 
2026-03-09 20:53:18,942 [ERROR] LogOutputStream:75 - [STDERR_REDIRECT] [Fatal Error] :1:1: Premature end of file.
2026-03-09 20:53:18,942 [ERROR] LogOutputStream:75 - [STDERR_REDIRECT] 
2026-03-09 20:53:19,934 [ERROR] LogOutputStream:75 - [STDERR_REDIRECT] [Fatal Error] :1:1: Premature end of file.
2026-03-09 20:53:19,934 [ERROR] LogOutputStream:75 - [STDERR_REDIRECT] 
2026-03-09 20:53:20,942 [ERROR] LogOutputStream:75 - [STDERR_REDIRECT] [Fatal Error] :1:1: Premature end of file.
2026-03-09 20:53:20,942 [ERROR] LogOutputStream:75 - [STDERR_REDIRECT] 
2026-03-09 20:53:21,923 [ERROR] LogOutputStream:75 - [STDERR_REDIRECT] [Fatal Error] :1:1: Premature end of file.
2026-03-09 20:53:21,923 [ERROR] LogOutputStream:75 - [STDERR_REDIRECT] 
2026-03-09 20:53:22,927 [ERROR] LogOutputStream:75 - [STDERR_REDIRECT] [Fatal Error] :1:1: Premature end of file.
2026-03-09 20:53:22,927 [ERROR] LogOutputStream:75 - [STDERR_REDIRECT] 
2026-03-09 20:53:23,938 [ERROR] LogOutputStream:75 - [STDERR_REDIRECT] [Fatal Error] :1:1: Premature end of file.
2026-03-09 20:53:23,938 [ERROR] LogOutputStream:75 - [STDERR_REDIRECT] 
2026-03-09 20:53:24,930 [ERROR] LogOutputStream:75 - [STDERR_REDIRECT] [Fatal Error] :1:1: Premature end of file.
2026-03-09 20:53:24,930 [ERROR] LogOutputStream:75 - [STDERR_REDIRECT] 
2026-03-09 20:53:25,933 [ERROR] LogOutputStream:75 - [STDERR_REDIRECT] [Fatal Error] :1:1: Premature end of file.
2026-03-09 20:53:25,933 [ERROR] LogOutputStream:75 - [STDERR_REDIRECT] 
2026-03-09 20:53:26,935 [ERROR] LogOutputStream:75 - [STDERR_REDIRECT] [Fatal Error] :1:1: Premature end of file.
2026-03-09 20:53:26,935 [ERROR] LogOutputStream:75 - [STDERR_REDIRECT] 
2026-03-09 20:53:27,923 [ERROR] LogOutputStream:75 - [STDERR_REDIRECT] [Fatal Error] :1:1: Premature end of file.
2026-03-09 20:53:27,923 [ERROR] LogOutputStream:75 - [STDERR_REDIRECT] 
2026-03-09 20:53:28,934 [ERROR] LogOutputStream:75 - [STDERR_REDIRECT] [Fatal Error] :1:1: Premature end of file.
2026-03-09 20:53:28,934 [ERROR] LogOutputStream:75 - [STDERR_REDIRECT] 
2026-03-09 20:53:29,943 [ERROR] LogOutputStream:75 - [STDERR_REDIRECT] [Fatal Error] :1:1: Premature end of file.
2026-03-09 20:53:29,943 [ERROR] LogOutputStream:75 - [STDERR_REDIRECT] 
2026-03-09 20:53:30,935 [ERROR] LogOutputStream:75 - [STDERR_REDIRECT] [Fatal Error] :1:1: Premature end of file.
2026-03-09 20:53:30,935 [ERROR] LogOutputStream:75 - [STDERR_REDIRECT] 
2026-03-09 20:53:31,931 [ERROR] LogOutputStream:75 - [STDERR_REDIRECT] [Fatal Error] :1:1: Premature end of file.
2026-03-09 20:53:31,932 [ERROR] LogOutputStream:75 - [STDERR_REDIRECT] 
2026-03-09 20:53:32,931 [ERROR] LogOutputStream:75 - [STDERR_REDIRECT] [Fatal Error] :1:1: Premature end of file.
2026-03-09 20:53:32,931 [ERROR] LogOutputStream:75 - [STDERR_REDIRECT] 
2026-03-09 20:53:33,938 [ERROR] LogOutputStream:75 - [STDERR_REDIRECT] [Fatal Error] :1:1: Premature end of file.
2026-03-09 20:53:33,938 [ERROR] LogOutputStream:75 - [STDERR_REDIRECT] 
2026-03-09 20:53:34,923 [ERROR] LogOutputStream:75 - [STDERR_REDIRECT] [Fatal Error] :1:1: Premature end of file.
2026-03-09 20:53:34,923 [ERROR] LogOutputStream:75 - [STDERR_REDIRECT] 
2026-03-09 20:53:35,934 [ERROR] LogOutputStream:75 - [STDERR_REDIRECT] [Fatal Error] :1:1: Premature end of file.
2026-03-09 20:53:35,935 [ERROR] LogOutputStream:75 - [STDERR_REDIRECT] 
2026-03-09 20:53:36,928 [ERROR] LogOutputStream:75 - [STDERR_REDIRECT] [Fatal Error] :1:1: Premature end of file.
2026-03-09 20:53:36,929 [ERROR] LogOutputStream:75 - [STDERR_REDIRECT] 
2026-03-09 20:53:37,929 [ERROR] LogOutputStream:75 - [STDERR_REDIRECT] [Fatal Error] :1:1: Premature end of file.
2026-03-09 20:53:37,929 [ERROR] LogOutputStream:75 - [STDERR_REDIRECT] 
2026-03-09 20:53:38,933 [ERROR] LogOutputStream:75 - [STDERR_REDIRECT] [Fatal Error] :1:1: Premature end of file.
2026-03-09 20:53:38,933 [ERROR] LogOutputStream:75 - [STDERR_REDIRECT] 
2026-03-09 20:53:39,935 [ERROR] LogOutputStream:75 - [STDERR_REDIRECT] [Fatal Error] :1:1: Premature end of file.
2026-03-09 20:53:39,935 [ERROR] LogOutputStream:75 - [STDERR_REDIRECT] 
2026-03-09 20:53:40,927 [ERROR] LogOutputStream:75 - [STDERR_REDIRECT] [Fatal Error] :1:1: Premature end of file.
2026-03-09 20:53:40,927 [ERROR] LogOutputStream:75 - [STDERR_REDIRECT] 
2026-03-09 20:53:41,935 [ERROR] LogOutputStream:75 - [STDERR_REDIRECT] [Fatal Error] :1:1: Premature end of file.
2026-03-09 20:53:41,935 [ERROR] LogOutputStream:75 - [STDERR_REDIRECT] 
2026-03-09 20:53:42,921 [ERROR] LogOutputStream:75 - [STDERR_REDIRECT] [Fatal Error] :1:1: Premature end of file.
2026-03-09 20:53:42,921 [ERROR] LogOutputStream:75 - [STDERR_REDIRECT] 
2026-03-09 20:53:43,923 [ERROR] LogOutputStream:75 - [STDERR_REDIRECT] [Fatal Error] :1:1: Premature end of file.
2026-03-09 20:53:43,923 [ERROR] LogOutputStream:75 - [STDERR_REDIRECT] 
2026-03-09 20:53:44,933 [ERROR] LogOutputStream:75 - [STDERR_REDIRECT] [Fatal Error] :1:1: Premature end of file.
2026-03-09 20:53:44,933 [ERROR] LogOutputStream:75 - [STDERR_REDIRECT] 
2026-03-09 20:53:45,926 [ERROR] LogOutputStream:75 - [STDERR_REDIRECT] [Fatal Error] :1:1: Premature end of file.
2026-03-09 20:53:45,926 [ERROR] LogOutputStream:75 - [STDERR_REDIRECT] 
2026-03-09 20:53:46,927 [ERROR] LogOutputStream:75 - [STDERR_REDIRECT] [Fatal Error] :1:1: Premature end of file.
2026-03-09 20:53:46,927 [ERROR] LogOutputStream:75 - [STDERR_REDIRECT] 
2026-03-09 20:53:47,935 [ERROR] LogOutputStream:75 - [STDERR_REDIRECT] [Fatal Error] :1:1: Premature end of file.
2026-03-09 20:53:47,935 [ERROR] LogOutputStream:75 - [STDERR_REDIRECT] 
2026-03-09 20:53:48,924 [ERROR] LogOutputStream:75 - [STDERR_REDIRECT] [Fatal Error] :1:1: Premature end of file.
2026-03-09 20:53:48,924 [ERROR] LogOutputStream:75 - [STDERR_REDIRECT] 
2026-03-09 20:53:49,933 [ERROR] LogOutputStream:75 - [STDERR_REDIRECT] [Fatal Error] :1:1: Premature end of file.
2026-03-09 20:53:49,933 [ERROR] LogOutputStream:75 - [STDERR_REDIRECT] 
2026-03-09 20:53:50,942 [ERROR] LogOutputStream:75 - [STDERR_REDIRECT] [Fatal Error] :1:1: Premature end of file.
2026-03-09 20:53:50,942 [ERROR] LogOutputStream:75 - [STDERR_REDIRECT] 
2026-03-09 20:53:51,937 [ERROR] LogOutputStream:75 - [STDERR_REDIRECT] [Fatal Error] :1:1: Premature end of file.
2026-03-09 20:53:51,937 [ERROR] LogOutputStream:75 - [STDERR_REDIRECT] 
2026-03-09 20:53:52,928 [ERROR] LogOutputStream:75 - [STDERR_REDIRECT] [Fatal Error] :1:1: Premature end of file.
2026-03-09 20:53:52,928 [ERROR] LogOutputStream:75 - [STDERR_REDIRECT] 
2026-03-09 20:53:53,928 [ERROR] LogOutputStream:75 - [STDERR_REDIRECT] [Fatal Error] :1:1: Premature end of file.
2026-03-09 20:53:53,928 [ERROR] LogOutputStream:75 - [STDERR_REDIRECT] 
2026-03-09 20:53:54,935 [ERROR] LogOutputStream:75 - [STDERR_REDIRECT] [Fatal Error] :1:1: Premature end of file.
2026-03-09 20:53:54,935 [ERROR] LogOutputStream:75 - [STDERR_REDIRECT] 
2026-03-09 20:53:55,927 [ERROR] LogOutputStream:75 - [STDERR_REDIRECT] [Fatal Error] :1:1: Premature end of file.
2026-03-09 20:53:55,928 [ERROR] LogOutputStream:75 - [STDERR_REDIRECT] 
2026-03-09 20:53:56,930 [ERROR] LogOutputStream:75 - [STDERR_REDIRECT] [Fatal Error] :1:1: Premature end of file.
2026-03-09 20:53:56,930 [ERROR] LogOutputStream:75 - [STDERR_REDIRECT] 
2026-03-09 20:53:57,938 [ERROR] LogOutputStream:75 - [STDERR_REDIRECT] [Fatal Error] :1:1: Premature end of file.
2026-03-09 20:53:57,938 [ERROR] LogOutputStream:75 - [STDERR_REDIRECT] 
2026-03-09 20:53:58,924 [ERROR] LogOutputStream:75 - [STDERR_REDIRECT] [Fatal Error] :1:1: Premature end of file.
2026-03-09 20:53:58,924 [ERROR] LogOutputStream:75 - [STDERR_REDIRECT] 
2026-03-09 20:53:59,928 [ERROR] LogOutputStream:75 - [STDERR_REDIRECT] [Fatal Error] :1:1: Premature end of file.
2026-03-09 20:53:59,928 [ERROR] LogOutputStream:75 - [STDERR_REDIRECT] 
2026-03-09 20:54:00,945 [ERROR] LogOutputStream:75 - [STDERR_REDIRECT] [Fatal Error] :1:1: Premature end of file.
2026-03-09 20:54:00,945 [ERROR] LogOutputStream:75 - [STDERR_REDIRECT] 
2026-03-09 20:54:01,924 [ERROR] LogOutputStream:75 - [STDERR_REDIRECT] [Fatal Error] :1:1: Premature end of file.
2026-03-09 20:54:01,925 [ERROR] LogOutputStream:75 - [STDERR_REDIRECT] 
2026-03-09 20:54:02,929 [ERROR] LogOutputStream:75 - [STDERR_REDIRECT] [Fatal Error] :1:1: Premature end of file.
2026-03-09 20:54:02,929 [ERROR] LogOutputStream:75 - [STDERR_REDIRECT] 
2026-03-09 20:54:03,932 [ERROR] LogOutputStream:75 - [STDERR_REDIRECT] [Fatal Error] :1:1: Premature end of file.
2026-03-09 20:54:03,932 [ERROR] LogOutputStream:75 - [STDERR_REDIRECT] 
2026-03-09 20:54:04,922 [ERROR] LogOutputStream:75 - [STDERR_REDIRECT] [Fatal Error] :1:1: Premature end of file.
2026-03-09 20:54:04,922 [ERROR] LogOutputStream:75 - [STDERR_REDIRECT] 
2026-03-09 20:54:05,930 [ERROR] LogOutputStream:75 - [STDERR_REDIRECT] [Fatal Error] :1:1: Premature end of file.
2026-03-09 20:54:05,930 [ERROR] LogOutputStream:75 - [STDERR_REDIRECT] 
2026-03-09 20:54:06,927 [ERROR] LogOutputStream:75 - [STDERR_REDIRECT] [Fatal Error] :1:1: Premature end of file.
2026-03-09 20:54:06,929 [ERROR] LogOutputStream:75 - [STDERR_REDIRECT] 
2026-03-09 20:54:07,930 [ERROR] LogOutputStream:75 - [STDERR_REDIRECT] [Fatal Error] :1:1: Premature end of file.
2026-03-09 20:54:07,930 [ERROR] LogOutputStream:75 - [STDERR_REDIRECT] 
2026-03-09 20:54:08,924 [ERROR] LogOutputStream:75 - [STDERR_REDIRECT] [Fatal Error] :1:1: Premature end of file.
2026-03-09 20:54:08,924 [ERROR] LogOutputStream:75 - [STDERR_REDIRECT] 
2026-03-09 20:54:09,930 [ERROR] LogOutputStream:75 - [STDERR_REDIRECT] [Fatal Error] :1:1: Premature end of file.
2026-03-09 20:54:09,930 [ERROR] LogOutputStream:75 - [STDERR_REDIRECT] 
2026-03-09 20:54:10,930 [ERROR] LogOutputStream:75 - [STDERR_REDIRECT] [Fatal Error] :1:1: Premature end of file.
2026-03-09 20:54:10,930 [ERROR] LogOutputStream:75 - [STDERR_REDIRECT] 
2026-03-09 20:54:11,924 [ERROR] LogOutputStream:75 - [STDERR_REDIRECT] [Fatal Error] :1:1: Premature end of file.
2026-03-09 20:54:11,924 [ERROR] LogOutputStream:75 - [STDERR_REDIRECT] 
2026-03-09 20:54:12,937 [ERROR] LogOutputStream:75 - [STDERR_REDIRECT] [Fatal Error] :1:1: Premature end of file.
2026-03-09 20:54:12,937 [ERROR] LogOutputStream:75 - [STDERR_REDIRECT] 
2026-03-09 20:54:13,929 [ERROR] LogOutputStream:75 - [STDERR_REDIRECT] [Fatal Error] :1:1: Premature end of file.
2026-03-09 20:54:13,929 [ERROR] LogOutputStream:75 - [STDERR_REDIRECT] 
2026-03-09 20:54:14,921 [ERROR] LogOutputStream:75 - [STDERR_REDIRECT] [Fatal Error] :1:1: Premature end of file.
2026-03-09 20:54:14,922 [ERROR] LogOutputStream:75 - [STDERR_REDIRECT] 
2026-03-09 20:54:15,924 [ERROR] LogOutputStream:75 - [STDERR_REDIRECT] [Fatal Error] :1:1: Premature end of file.
2026-03-09 20:54:15,924 [ERROR] LogOutputStream:75 - [STDERR_REDIRECT] 
2026-03-09 20:54:16,928 [ERROR] LogOutputStream:75 - [STDERR_REDIRECT] [Fatal Error] :1:1: Premature end of file.
2026-03-09 20:54:16,928 [ERROR] LogOutputStream:75 - [STDERR_REDIRECT] 
2026-03-09 20:54:17,937 [ERROR] LogOutputStream:75 - [STDERR_REDIRECT] [Fatal Error] :1:1: Premature end of file.
2026-03-09 20:54:17,937 [ERROR] LogOutputStream:75 - [STDERR_REDIRECT] 
2026-03-09 20:54:18,924 [ERROR] LogOutputStream:75 - [STDERR_REDIRECT] [Fatal Error] :1:1: Premature end of file.
2026-03-09 20:54:18,924 [ERROR] LogOutputStream:75 - [STDERR_REDIRECT] 
2026-03-09 20:54:19,933 [ERROR] LogOutputStream:75 - [STDERR_REDIRECT] [Fatal Error] :1:1: Premature end of file.
2026-03-09 20:54:19,933 [ERROR] LogOutputStream:75 - [STDERR_REDIRECT] 
2026-03-09 20:54:20,922 [ERROR] LogOutputStream:75 - [STDERR_REDIRECT] [Fatal Error] :1:1: Premature end of file.
2026-03-09 20:54:20,922 [ERROR] LogOutputStream:75 - [STDERR_REDIRECT] 
2026-03-09 20:54:21,929 [ERROR] LogOutputStream:75 - [STDERR_REDIRECT] [Fatal Error] :1:1: Premature end of file.
2026-03-09 20:54:21,929 [ERROR] LogOutputStream:75 - [STDERR_REDIRECT] 
2026-03-09 20:54:22,936 [ERROR] LogOutputStream:75 - [STDERR_REDIRECT] [Fatal Error] :1:1: Premature end of file.
2026-03-09 20:54:22,936 [ERROR] LogOutputStream:75 - [STDERR_REDIRECT] 
2026-03-09 20:54:23,935 [ERROR] LogOutputStream:75 - [STDERR_REDIRECT] [Fatal Error] :1:1: Premature end of file.
2026-03-09 20:54:23,935 [ERROR] LogOutputStream:75 - [STDERR_REDIRECT] 
2026-03-09 20:54:24,945 [ERROR] LogOutputStream:75 - [STDERR_REDIRECT] [Fatal Error] :1:1: Premature end of file.
2026-03-09 20:54:24,945 [ERROR] LogOutputStream:75 - [STDERR_REDIRECT] 
2026-03-09 20:54:25,931 [ERROR] LogOutputStream:75 - [STDERR_REDIRECT] [Fatal Error] :1:1: Premature end of file.
2026-03-09 20:54:25,931 [ERROR] LogOutputStream:75 - [STDERR_REDIRECT] 
2026-03-09 20:54:26,921 [ERROR] LogOutputStream:75 - [STDERR_REDIRECT] [Fatal Error] :1:1: Premature end of file.
2026-03-09 20:54:26,921 [ERROR] LogOutputStream:75 - [STDERR_REDIRECT] 
2026-03-09 20:54:27,928 [ERROR] LogOutputStream:75 - [STDERR_REDIRECT] [Fatal Error] :1:1: Premature end of file.
2026-03-09 20:54:27,928 [ERROR] LogOutputStream:75 - [STDERR_REDIRECT] 
2026-03-09 20:54:28,932 [ERROR] LogOutputStream:75 - [STDERR_REDIRECT] [Fatal Error] :1:1: Premature end of file.
2026-03-09 20:54:28,932 [ERROR] LogOutputStream:75 - [STDERR_REDIRECT] 
2026-03-09 20:54:29,922 [ERROR] LogOutputStream:75 - [STDERR_REDIRECT] [Fatal Error] :1:1: Premature end of file.
2026-03-09 20:54:29,922 [ERROR] LogOutputStream:75 - [STDERR_REDIRECT] 
2026-03-09 20:54:30,929 [ERROR] LogOutputStream:75 - [STDERR_REDIRECT] [Fatal Error] :1:1: Premature end of file.
2026-03-09 20:54:30,929 [ERROR] LogOutputStream:75 - [STDERR_REDIRECT] 
2026-03-09 20:54:31,935 [ERROR] LogOutputStream:75 - [STDERR_REDIRECT] [Fatal Error] :1:1: Premature end of file.
2026-03-09 20:54:31,935 [ERROR] LogOutputStream:75 - [STDERR_REDIRECT] 
2026-03-09 20:54:32,926 [ERROR] LogOutputStream:75 - [STDERR_REDIRECT] [Fatal Error] :1:1: Premature end of file.
2026-03-09 20:54:32,926 [ERROR] LogOutputStream:75 - [STDERR_REDIRECT] 
2026-03-09 20:54:33,933 [ERROR] LogOutputStream:75 - [STDERR_REDIRECT] [Fatal Error] :1:1: Premature end of file.
2026-03-09 20:54:33,933 [ERROR] LogOutputStream:75 - [STDERR_REDIRECT] 
2026-03-09 20:54:34,934 [ERROR] LogOutputStream:75 - [STDERR_REDIRECT] [Fatal Error] :1:1: Premature end of file.
2026-03-09 20:54:34,934 [ERROR] LogOutputStream:75 - [STDERR_REDIRECT] 
2026-03-09 20:54:35,945 [ERROR] LogOutputStream:75 - [STDERR_REDIRECT] [Fatal Error] :1:1: Premature end of file.
2026-03-09 20:54:35,945 [ERROR] LogOutputStream:75 - [STDERR_REDIRECT] 
2026-03-09 20:54:36,924 [ERROR] LogOutputStream:75 - [STDERR_REDIRECT] [Fatal Error] :1:1: Premature end of file.
2026-03-09 20:54:36,924 [ERROR] LogOutputStream:75 - [STDERR_REDIRECT] 
2026-03-09 20:54:37,931 [ERROR] LogOutputStream:75 - [STDERR_REDIRECT] [Fatal Error] :1:1: Premature end of file.
2026-03-09 20:54:37,931 [ERROR] LogOutputStream:75 - [STDERR_REDIRECT] 
2026-03-09 20:54:38,933 [ERROR] LogOutputStream:75 - [STDERR_REDIRECT] [Fatal Error] :1:1: Premature end of file.
2026-03-09 20:54:38,933 [ERROR] LogOutputStream:75 - [STDERR_REDIRECT] 
2026-03-09 20:54:39,923 [ERROR] LogOutputStream:75 - [STDERR_REDIRECT] [Fatal Error] :1:1: Premature end of file.
2026-03-09 20:54:39,924 [ERROR] LogOutputStream:75 - [STDERR_REDIRECT] 
2026-03-09 20:54:40,935 [ERROR] LogOutputStream:75 - [STDERR_REDIRECT] [Fatal Error] :1:1: Premature end of file.
2026-03-09 20:54:40,935 [ERROR] LogOutputStream:75 - [STDERR_REDIRECT] 
2026-03-09 20:54:41,933 [ERROR] LogOutputStream:75 - [STDERR_REDIRECT] [Fatal Error] :1:1: Premature end of file.
2026-03-09 20:54:41,933 [ERROR] LogOutputStream:75 - [STDERR_REDIRECT] 
2026-03-09 20:54:42,922 [ERROR] LogOutputStream:75 - [STDERR_REDIRECT] [Fatal Error] :1:1: Premature end of file.
2026-03-09 20:54:42,922 [ERROR] LogOutputStream:75 - [STDERR_REDIRECT] 
2026-03-09 20:54:43,930 [ERROR] LogOutputStream:75 - [STDERR_REDIRECT] [Fatal Error] :1:1: Premature end of file.
2026-03-09 20:54:43,930 [ERROR] LogOutputStream:75 - [STDERR_REDIRECT] 
2026-03-09 20:54:44,933 [ERROR] LogOutputStream:75 - [STDERR_REDIRECT] [Fatal Error] :1:1: Premature end of file.
2026-03-09 20:54:44,933 [ERROR] LogOutputStream:75 - [STDERR_REDIRECT] 
2026-03-09 20:54:45,930 [ERROR] LogOutputStream:75 - [STDERR_REDIRECT] [Fatal Error] :1:1: Premature end of file.
2026-03-09 20:54:45,930 [ERROR] LogOutputStream:75 - [STDERR_REDIRECT] 
2026-03-09 20:54:46,925 [ERROR] LogOutputStream:75 - [STDERR_REDIRECT] [Fatal Error] :1:1: Premature end of file.
2026-03-09 20:54:46,925 [ERROR] LogOutputStream:75 - [STDERR_REDIRECT] 
2026-03-09 20:54:47,929 [ERROR] LogOutputStream:75 - [STDERR_REDIRECT] [Fatal Error] :1:1: Premature end of file.
2026-03-09 20:54:47,929 [ERROR] LogOutputStream:75 - [STDERR_REDIRECT] 
2026-03-09 20:54:48,934 [ERROR] LogOutputStream:75 - [STDERR_REDIRECT] [Fatal Error] :1:1: Premature end of file.
2026-03-09 20:54:48,935 [ERROR] LogOutputStream:75 - [STDERR_REDIRECT] 
2026-03-09 20:54:49,925 [ERROR] LogOutputStream:75 - [STDERR_REDIRECT] [Fatal Error] :1:1: Premature end of file.
2026-03-09 20:54:49,925 [ERROR] LogOutputStream:75 - [STDERR_REDIRECT] 
2026-03-09 20:54:50,932 [ERROR] LogOutputStream:75 - [STDERR_REDIRECT] [Fatal Error] :1:1: Premature end of file.
2026-03-09 20:54:50,932 [ERROR] LogOutputStream:75 - [STDERR_REDIRECT] 
2026-03-09 20:54:51,936 [ERROR] LogOutputStream:75 - [STDERR_REDIRECT] [Fatal Error] :1:1: Premature end of file.
2026-03-09 20:54:51,936 [ERROR] LogOutputStream:75 - [STDERR_REDIRECT] 
2026-03-09 20:54:52,924 [ERROR] LogOutputStream:75 - [STDERR_REDIRECT] [Fatal Error] :1:1: Premature end of file.
2026-03-09 20:54:52,926 [ERROR] LogOutputStream:75 - [STDERR_REDIRECT] 
2026-03-09 20:54:53,929 [ERROR] LogOutputStream:75 - [STDERR_REDIRECT] [Fatal Error] :1:1: Premature end of file.
2026-03-09 20:54:53,929 [ERROR] LogOutputStream:75 - [STDERR_REDIRECT] 
2026-03-09 20:54:54,935 [ERROR] LogOutputStream:75 - [STDERR_REDIRECT] [Fatal Error] :1:1: Premature end of file.
2026-03-09 20:54:54,935 [ERROR] LogOutputStream:75 - [STDERR_REDIRECT] 
2026-03-09 20:54:55,921 [ERROR] LogOutputStream:75 - [STDERR_REDIRECT] [Fatal Error] :1:1: Premature end of file.
2026-03-09 20:54:55,921 [ERROR] LogOutputStream:75 - [STDERR_REDIRECT] 
2026-03-09 20:54:56,947 [ERROR] LogOutputStream:75 - [STDERR_REDIRECT] [Fatal Error] :1:1: Premature end of file.
2026-03-09 20:54:56,948 [ERROR] LogOutputStream:75 - [STDERR_REDIRECT] 
2026-03-09 20:54:57,925 [ERROR] LogOutputStream:75 - [STDERR_REDIRECT] [Fatal Error] :1:1: Premature end of file.
2026-03-09 20:54:57,925 [ERROR] LogOutputStream:75 - [STDERR_REDIRECT] 
2026-03-09 20:54:58,930 [ERROR] LogOutputStream:75 - [STDERR_REDIRECT] [Fatal Error] :1:1: Premature end of file.
2026-03-09 20:54:58,930 [ERROR] LogOutputStream:75 - [STDERR_REDIRECT] 
2026-03-09 20:54:59,934 [ERROR] LogOutputStream:75 - [STDERR_REDIRECT] [Fatal Error] :1:1: Premature end of file.
2026-03-09 20:54:59,934 [ERROR] LogOutputStream:75 - [STDERR_REDIRECT] 
2026-03-09 20:55:00,923 [ERROR] LogOutputStream:75 - [STDERR_REDIRECT] [Fatal Error] :1:1: Premature end of file.
2026-03-09 20:55:00,923 [ERROR] LogOutputStream:75 - [STDERR_REDIRECT] 
2026-03-09 20:55:01,933 [ERROR] LogOutputStream:75 - [STDERR_REDIRECT] [Fatal Error] :1:1: Premature end of file.
2026-03-09 20:55:01,933 [ERROR] LogOutputStream:75 - [STDERR_REDIRECT] 
2026-03-09 20:55:02,921 [ERROR] LogOutputStream:75 - [STDERR_REDIRECT] [Fatal Error] :1:1: Premature end of file.
2026-03-09 20:55:02,921 [ERROR] LogOutputStream:75 - [STDERR_REDIRECT] 
2026-03-09 20:55:03,927 [ERROR] LogOutputStream:75 - [STDERR_REDIRECT] [Fatal Error] :1:1: Premature end of file.
2026-03-09 20:55:03,927 [ERROR] LogOutputStream:75 - [STDERR_REDIRECT] 
2026-03-09 20:55:04,934 [ERROR] LogOutputStream:75 - [STDERR_REDIRECT] [Fatal Error] :1:1: Premature end of file.
2026-03-09 20:55:04,934 [ERROR] LogOutputStream:75 - [STDERR_REDIRECT] 
2026-03-09 20:55:05,925 [ERROR] LogOutputStream:75 - [STDERR_REDIRECT] [Fatal Error] :1:1: Premature end of file.
2026-03-09 20:55:05,925 [ERROR] LogOutputStream:75 - [STDERR_REDIRECT] 
2026-03-09 20:55:06,936 [ERROR] LogOutputStream:75 - [STDERR_REDIRECT] [Fatal Error] :1:1: Premature end of file.
2026-03-09 20:55:06,937 [ERROR] LogOutputStream:75 - [STDERR_REDIRECT] 
2026-03-09 20:55:07,945 [ERROR] LogOutputStream:75 - [STDERR_REDIRECT] [Fatal Error] :1:1: Premature end of file.
2026-03-09 20:55:07,945 [ERROR] LogOutputStream:75 - [STDERR_REDIRECT] 
2026-03-09 20:55:08,932 [ERROR] LogOutputStream:75 - [STDERR_REDIRECT] [Fatal Error] :1:1: Premature end of file.
2026-03-09 20:55:08,932 [ERROR] LogOutputStream:75 - [STDERR_REDIRECT] 
2026-03-09 20:55:09,924 [ERROR] LogOutputStream:75 - [STDERR_REDIRECT] [Fatal Error] :1:1: Premature end of file.
2026-03-09 20:55:09,924 [ERROR] LogOutputStream:75 - [STDERR_REDIRECT] 
2026-03-09 20:55:10,932 [ERROR] LogOutputStream:75 - [STDERR_REDIRECT] [Fatal Error] :1:1: Premature end of file.
2026-03-09 20:55:10,932 [ERROR] LogOutputStream:75 - [STDERR_REDIRECT] 
2026-03-09 20:55:11,937 [ERROR] LogOutputStream:75 - [STDERR_REDIRECT] [Fatal Error] :1:1: Premature end of file.
2026-03-09 20:55:11,937 [ERROR] LogOutputStream:75 - [STDERR_REDIRECT] 
2026-03-09 20:55:12,923 [ERROR] LogOutputStream:75 - [STDERR_REDIRECT] [Fatal Error] :1:1: Premature end of file.
2026-03-09 20:55:12,923 [ERROR] LogOutputStream:75 - [STDERR_REDIRECT] 
2026-03-09 20:55:13,931 [ERROR] LogOutputStream:75 - [STDERR_REDIRECT] [Fatal Error] :1:1: Premature end of file.
2026-03-09 20:55:13,931 [ERROR] LogOutputStream:75 - [STDERR_REDIRECT] 
2026-03-09 20:55:14,926 [ERROR] LogOutputStream:75 - [STDERR_REDIRECT] [Fatal Error] :1:1: Premature end of file.
2026-03-09 20:55:14,926 [ERROR] LogOutputStream:75 - [STDERR_REDIRECT] 
2026-03-09 20:55:15,934 [ERROR] LogOutputStream:75 - [STDERR_REDIRECT] [Fatal Error] :1:1: Premature end of file.
2026-03-09 20:55:15,934 [ERROR] LogOutputStream:75 - [STDERR_REDIRECT] 
2026-03-09 20:55:16,933 [ERROR] LogOutputStream:75 - [STDERR_REDIRECT] [Fatal Error] :1:1: Premature end of file.
2026-03-09 20:55:16,933 [ERROR] LogOutputStream:75 - [STDERR_REDIRECT] 
2026-03-09 20:55:17,924 [ERROR] LogOutputStream:75 - [STDERR_REDIRECT] [Fatal Error] :1:1: Premature end of file.
2026-03-09 20:55:17,924 [ERROR] LogOutputStream:75 - [STDERR_REDIRECT] 
2026-03-09 20:55:18,940 [ERROR] LogOutputStream:75 - [STDERR_REDIRECT] [Fatal Error] :1:1: Premature end of file.
2026-03-09 20:55:18,940 [ERROR] LogOutputStream:75 - [STDERR_REDIRECT] 
2026-03-09 20:55:19,928 [ERROR] LogOutputStream:75 - [STDERR_REDIRECT] [Fatal Error] :1:1: Premature end of file.
2026-03-09 20:55:19,928 [ERROR] LogOutputStream:75 - [STDERR_REDIRECT] 
2026-03-09 20:55:20,934 [ERROR] LogOutputStream:75 - [STDERR_REDIRECT] [Fatal Error] :1:1: Premature end of file.
2026-03-09 20:55:20,935 [ERROR] LogOutputStream:75 - [STDERR_REDIRECT] 
2026-03-09 20:55:21,927 [ERROR] LogOutputStream:75 - [STDERR_REDIRECT] [Fatal Error] :1:1: Premature end of file.
2026-03-09 20:55:21,927 [ERROR] LogOutputStream:75 - [STDERR_REDIRECT] 
2026-03-09 20:55:22,931 [ERROR] LogOutputStream:75 - [STDERR_REDIRECT] [Fatal Error] :1:1: Premature end of file.
2026-03-09 20:55:22,931 [ERROR] LogOutputStream:75 - [STDERR_REDIRECT] 
2026-03-09 20:55:23,937 [ERROR] LogOutputStream:75 - [STDERR_REDIRECT] [Fatal Error] :1:1: Premature end of file.
2026-03-09 20:55:23,937 [ERROR] LogOutputStream:75 - [STDERR_REDIRECT] 
2026-03-09 20:55:24,925 [ERROR] LogOutputStream:75 - [STDERR_REDIRECT] [Fatal Error] :1:1: Premature end of file.
2026-03-09 20:55:24,925 [ERROR] LogOutputStream:75 - [STDERR_REDIRECT] 
2026-03-09 20:55:25,933 [ERROR] LogOutputStream:75 - [STDERR_REDIRECT] [Fatal Error] :1:1: Premature end of file.
2026-03-09 20:55:25,934 [ERROR] LogOutputStream:75 - [STDERR_REDIRECT] 
2026-03-09 20:55:26,926 [ERROR] LogOutputStream:75 - [STDERR_REDIRECT] [Fatal Error] :1:1: Premature end of file.
2026-03-09 20:55:26,926 [ERROR] LogOutputStream:75 - [STDERR_REDIRECT] 
2026-03-09 20:55:27,929 [ERROR] LogOutputStream:75 - [STDERR_REDIRECT] [Fatal Error] :1:1: Premature end of file.
2026-03-09 20:55:27,929 [ERROR] LogOutputStream:75 - [STDERR_REDIRECT] 
2026-03-09 20:55:28,935 [ERROR] LogOutputStream:75 - [STDERR_REDIRECT] [Fatal Error] :1:1: Premature end of file.
2026-03-09 20:55:28,935 [ERROR] LogOutputStream:75 - [STDERR_REDIRECT] 
2026-03-09 20:55:29,927 [ERROR] LogOutputStream:75 - [STDERR_REDIRECT] [Fatal Error] :1:1: Premature end of file.
2026-03-09 20:55:29,927 [ERROR] LogOutputStream:75 - [STDERR_REDIRECT] 
2026-03-09 20:55:30,952 [ERROR] LogOutputStream:75 - [STDERR_REDIRECT] [Fatal Error] :1:1: Premature end of file.
2026-03-09 20:55:30,952 [ERROR] LogOutputStream:75 - [STDERR_REDIRECT] 
2026-03-09 20:55:31,924 [ERROR] LogOutputStream:75 - [STDERR_REDIRECT] [Fatal Error] :1:1: Premature end of file.
2026-03-09 20:55:31,924 [ERROR] LogOutputStream:75 - [STDERR_REDIRECT] 
2026-03-09 20:55:32,931 [ERROR] LogOutputStream:75 - [STDERR_REDIRECT] [Fatal Error] :1:1: Premature end of file.
2026-03-09 20:55:32,931 [ERROR] LogOutputStream:75 - [STDERR_REDIRECT] 
2026-03-09 20:55:33,936 [ERROR] LogOutputStream:75 - [STDERR_REDIRECT] [Fatal Error] :1:1: Premature end of file.
2026-03-09 20:55:33,936 [ERROR] LogOutputStream:75 - [STDERR_REDIRECT] 
2026-03-09 20:55:34,926 [ERROR] LogOutputStream:75 - [STDERR_REDIRECT] [Fatal Error] :1:1: Premature end of file.
2026-03-09 20:55:34,926 [ERROR] LogOutputStream:75 - [STDERR_REDIRECT] 
2026-03-09 20:55:35,936 [ERROR] LogOutputStream:75 - [STDERR_REDIRECT] [Fatal Error] :1:1: Premature end of file.
2026-03-09 20:55:35,936 [ERROR] LogOutputStream:75 - [STDERR_REDIRECT] 
2026-03-09 20:55:36,931 [ERROR] LogOutputStream:75 - [STDERR_REDIRECT] [Fatal Error] :1:1: Premature end of file.
2026-03-09 20:55:36,931 [ERROR] LogOutputStream:75 - [STDERR_REDIRECT] 
2026-03-09 20:55:37,925 [ERROR] LogOutputStream:75 - [STDERR_REDIRECT] [Fatal Error] :1:1: Premature end of file.
2026-03-09 20:55:37,925 [ERROR] LogOutputStream:75 - [STDERR_REDIRECT] 
2026-03-09 20:55:38,930 [ERROR] LogOutputStream:75 - [STDERR_REDIRECT] [Fatal Error] :1:1: Premature end of file.
2026-03-09 20:55:38,931 [ERROR] LogOutputStream:75 - [STDERR_REDIRECT] 
2026-03-09 20:55:39,925 [ERROR] LogOutputStream:75 - [STDERR_REDIRECT] [Fatal Error] :1:1: Premature end of file.
2026-03-09 20:55:39,925 [ERROR] LogOutputStream:75 - [STDERR_REDIRECT] 
2026-03-09 20:55:40,931 [ERROR] LogOutputStream:75 - [STDERR_REDIRECT] [Fatal Error] :1:1: Premature end of file.
2026-03-09 20:55:40,931 [ERROR] LogOutputStream:75 - [STDERR_REDIRECT] 
2026-03-09 20:55:41,939 [ERROR] LogOutputStream:75 - [STDERR_REDIRECT] [Fatal Error] :1:1: Premature end of file.
2026-03-09 20:55:41,940 [ERROR] LogOutputStream:75 - [STDERR_REDIRECT] 
2026-03-09 20:55:42,924 [ERROR] LogOutputStream:75 - [STDERR_REDIRECT] [Fatal Error] :1:1: Premature end of file.
2026-03-09 20:55:42,924 [ERROR] LogOutputStream:75 - [STDERR_REDIRECT] 
2026-03-09 20:55:43,933 [ERROR] LogOutputStream:75 - [STDERR_REDIRECT] [Fatal Error] :1:1: Premature end of file.
2026-03-09 20:55:43,934 [ERROR] LogOutputStream:75 - [STDERR_REDIRECT] 
2026-03-09 20:55:44,932 [ERROR] LogOutputStream:75 - [STDERR_REDIRECT] [Fatal Error] :1:1: Premature end of file.
2026-03-09 20:55:44,932 [ERROR] LogOutputStream:75 - [STDERR_REDIRECT] 
2026-03-09 20:55:45,936 [ERROR] LogOutputStream:75 - [STDERR_REDIRECT] [Fatal Error] :1:1: Premature end of file.
2026-03-09 20:55:45,936 [ERROR] LogOutputStream:75 - [STDERR_REDIRECT] 
2026-03-09 20:55:46,935 [ERROR] LogOutputStream:75 - [STDERR_REDIRECT] [Fatal Error] :1:1: Premature end of file.
2026-03-09 20:55:46,935 [ERROR] LogOutputStream:75 - [STDERR_REDIRECT] 
2026-03-09 20:55:47,922 [ERROR] LogOutputStream:75 - [STDERR_REDIRECT] [Fatal Error] :1:1: Premature end of file.
2026-03-09 20:55:47,922 [ERROR] LogOutputStream:75 - [STDERR_REDIRECT] 
2026-03-09 20:55:48,928 [ERROR] LogOutputStream:75 - [STDERR_REDIRECT] [Fatal Error] :1:1: Premature end of file.
2026-03-09 20:55:48,928 [ERROR] LogOutputStream:75 - [STDERR_REDIRECT] 
2026-03-09 20:55:49,930 [ERROR] LogOutputStream:75 - [STDERR_REDIRECT] [Fatal Error] :1:1: Premature end of file.
2026-03-09 20:55:49,930 [ERROR] LogOutputStream:75 - [STDERR_REDIRECT] 
2026-03-09 20:55:50,936 [ERROR] LogOutputStream:75 - [STDERR_REDIRECT] [Fatal Error] :1:1: Premature end of file.
2026-03-09 20:55:50,936 [ERROR] LogOutputStream:75 - [STDERR_REDIRECT] 
2026-03-09 20:55:51,926 [ERROR] LogOutputStream:75 - [STDERR_REDIRECT] [Fatal Error] :1:1: Premature end of file.
2026-03-09 20:55:51,926 [ERROR] LogOutputStream:75 - [STDERR_REDIRECT] 
2026-03-09 20:55:52,928 [ERROR] LogOutputStream:75 - [STDERR_REDIRECT] [Fatal Error] :1:1: Premature end of file.
2026-03-09 20:55:52,928 [ERROR] LogOutputStream:75 - [STDERR_REDIRECT] 
2026-03-09 20:55:53,931 [ERROR] LogOutputStream:75 - [STDERR_REDIRECT] [Fatal Error] :1:1: Premature end of file.
2026-03-09 20:55:53,931 [ERROR] LogOutputStream:75 - [STDERR_REDIRECT] 
2026-03-09 20:55:54,933 [ERROR] LogOutputStream:75 - [STDERR_REDIRECT] [Fatal Error] :1:1: Premature end of file.
2026-03-09 20:55:54,933 [ERROR] LogOutputStream:75 - [STDERR_REDIRECT] 
2026-03-09 20:55:55,927 [ERROR] LogOutputStream:75 - [STDERR_REDIRECT] [Fatal Error] :1:1: Premature end of file.
2026-03-09 20:55:55,927 [ERROR] LogOutputStream:75 - [STDERR_REDIRECT] 
2026-03-09 20:55:56,936 [ERROR] LogOutputStream:75 - [STDERR_REDIRECT] [Fatal Error] :1:1: Premature end of file.
2026-03-09 20:55:56,936 [ERROR] LogOutputStream:75 - [STDERR_REDIRECT] 
2026-03-09 20:55:57,933 [ERROR] LogOutputStream:75 - [STDERR_REDIRECT] [Fatal Error] :1:1: Premature end of file.
2026-03-09 20:55:57,933 [ERROR] LogOutputStream:75 - [STDERR_REDIRECT] 
2026-03-09 20:55:58,936 [ERROR] LogOutputStream:75 - [STDERR_REDIRECT] [Fatal Error] :1:1: Premature end of file.
2026-03-09 20:55:58,937 [ERROR] LogOutputStream:75 - [STDERR_REDIRECT] 
2026-03-09 20:55:59,927 [ERROR] LogOutputStream:75 - [STDERR_REDIRECT] [Fatal Error] :1:1: Premature end of file.
2026-03-09 20:55:59,927 [ERROR] LogOutputStream:75 - [STDERR_REDIRECT] 
2026-03-09 20:56:00,937 [ERROR] LogOutputStream:75 - [STDERR_REDIRECT] [Fatal Error] :1:1: Premature end of file.
2026-03-09 20:56:00,937 [ERROR] LogOutputStream:75 - [STDERR_REDIRECT] 
2026-03-09 20:56:01,928 [ERROR] LogOutputStream:75 - [STDERR_REDIRECT] [Fatal Error] :1:1: Premature end of file.
2026-03-09 20:56:01,928 [ERROR] LogOutputStream:75 - [STDERR_REDIRECT] 
2026-03-09 20:56:02,934 [ERROR] LogOutputStream:75 - [STDERR_REDIRECT] [Fatal Error] :1:1: Premature end of file.
2026-03-09 20:56:02,934 [ERROR] LogOutputStream:75 - [STDERR_REDIRECT] 
2026-03-09 20:56:03,923 [ERROR] LogOutputStream:75 - [STDERR_REDIRECT] [Fatal Error] :1:1: Premature end of file.
2026-03-09 20:56:03,923 [ERROR] LogOutputStream:75 - [STDERR_REDIRECT] 
2026-03-09 20:56:04,930 [ERROR] LogOutputStream:75 - [STDERR_REDIRECT] [Fatal Error] :1:1: Premature end of file.
2026-03-09 20:56:04,930 [ERROR] LogOutputStream:75 - [STDERR_REDIRECT] 
2026-03-09 20:56:05,923 [ERROR] LogOutputStream:75 - [STDERR_REDIRECT] [Fatal Error] :1:1: Premature end of file.
2026-03-09 20:56:05,923 [ERROR] LogOutputStream:75 - [STDERR_REDIRECT] 
2026-03-09 20:56:06,930 [ERROR] LogOutputStream:75 - [STDERR_REDIRECT] [Fatal Error] :1:1: Premature end of file.
2026-03-09 20:56:06,931 [ERROR] LogOutputStream:75 - [STDERR_REDIRECT] 
2026-03-09 20:56:07,921 [ERROR] LogOutputStream:75 - [STDERR_REDIRECT] [Fatal Error] :1:1: Premature end of file.
2026-03-09 20:56:07,921 [ERROR] LogOutputStream:75 - [STDERR_REDIRECT] 
2026-03-09 20:56:08,934 [ERROR] LogOutputStream:75 - [STDERR_REDIRECT] [Fatal Error] :1:1: Premature end of file.
2026-03-09 20:56:08,934 [ERROR] LogOutputStream:75 - [STDERR_REDIRECT] 
2026-03-09 20:56:09,922 [ERROR] LogOutputStream:75 - [STDERR_REDIRECT] [Fatal Error] :1:1: Premature end of file.
2026-03-09 20:56:09,923 [ERROR] LogOutputStream:75 - [STDERR_REDIRECT] 
2026-03-09 20:56:10,927 [ERROR] LogOutputStream:75 - [STDERR_REDIRECT] [Fatal Error] :1:1: Premature end of file.
2026-03-09 20:56:10,927 [ERROR] LogOutputStream:75 - [STDERR_REDIRECT] 
2026-03-09 20:56:11,920 [ERROR] LogOutputStream:75 - [STDERR_REDIRECT] [Fatal Error] :1:1: Premature end of file.
2026-03-09 20:56:11,920 [ERROR] LogOutputStream:75 - [STDERR_REDIRECT] 
2026-03-09 20:56:12,941 [ERROR] LogOutputStream:75 - [STDERR_REDIRECT] [Fatal Error] :1:1: Premature end of file.
2026-03-09 20:56:12,941 [ERROR] LogOutputStream:75 - [STDERR_REDIRECT] 
2026-03-09 20:56:13,927 [ERROR] LogOutputStream:75 - [STDERR_REDIRECT] [Fatal Error] :1:1: Premature end of file.
2026-03-09 20:56:13,927 [ERROR] LogOutputStream:75 - [STDERR_REDIRECT] 
2026-03-09 20:56:14,931 [ERROR] LogOutputStream:75 - [STDERR_REDIRECT] [Fatal Error] :1:1: Premature end of file.
2026-03-09 20:56:14,931 [ERROR] LogOutputStream:75 - [STDERR_REDIRECT] 
2026-03-09 20:56:15,923 [ERROR] LogOutputStream:75 - [STDERR_REDIRECT] [Fatal Error] :1:1: Premature end of file.
2026-03-09 20:56:15,923 [ERROR] LogOutputStream:75 - [STDERR_REDIRECT] 
2026-03-09 20:56:16,933 [ERROR] LogOutputStream:75 - [STDERR_REDIRECT] [Fatal Error] :1:1: Premature end of file.
2026-03-09 20:56:16,933 [ERROR] LogOutputStream:75 - [STDERR_REDIRECT] 
2026-03-09 20:56:17,933 [ERROR] LogOutputStream:75 - [STDERR_REDIRECT] [Fatal Error] :1:1: Premature end of file.
2026-03-09 20:56:17,933 [ERROR] LogOutputStream:75 - [STDERR_REDIRECT] 
2026-03-09 20:56:18,926 [ERROR] LogOutputStream:75 - [STDERR_REDIRECT] [Fatal Error] :1:1: Premature end of file.
2026-03-09 20:56:18,926 [ERROR] LogOutputStream:75 - [STDERR_REDIRECT] 
2026-03-09 20:56:19,933 [ERROR] LogOutputStream:75 - [STDERR_REDIRECT] [Fatal Error] :1:1: Premature end of file.
2026-03-09 20:56:19,933 [ERROR] LogOutputStream:75 - [STDERR_REDIRECT] 
2026-03-09 20:56:20,926 [ERROR] LogOutputStream:75 - [STDERR_REDIRECT] [Fatal Error] :1:1: Premature end of file.
2026-03-09 20:56:20,926 [ERROR] LogOutputStream:75 - [STDERR_REDIRECT] 
2026-03-09 20:56:21,933 [ERROR] LogOutputStream:75 - [STDERR_REDIRECT] [Fatal Error] :1:1: Premature end of file.
2026-03-09 20:56:21,933 [ERROR] LogOutputStream:75 - [STDERR_REDIRECT] 
2026-03-09 20:56:22,932 [ERROR] LogOutputStream:75 - [STDERR_REDIRECT] [Fatal Error] :1:1: Premature end of file.
2026-03-09 20:56:22,932 [ERROR] LogOutputStream:75 - [STDERR_REDIRECT] 
2026-03-09 20:56:23,925 [ERROR] LogOutputStream:75 - [STDERR_REDIRECT] [Fatal Error] :1:1: Premature end of file.
2026-03-09 20:56:23,925 [ERROR] LogOutputStream:75 - [STDERR_REDIRECT] 
2026-03-09 20:56:24,935 [ERROR] LogOutputStream:75 - [STDERR_REDIRECT] [Fatal Error] :1:1: Premature end of file.
2026-03-09 20:56:24,935 [ERROR] LogOutputStream:75 - [STDERR_REDIRECT] 
2026-03-09 20:56:25,934 [ERROR] LogOutputStream:75 - [STDERR_REDIRECT] [Fatal Error] :1:1: Premature end of file.
2026-03-09 20:56:25,934 [ERROR] LogOutputStream:75 - [STDERR_REDIRECT] 
2026-03-09 20:56:26,927 [ERROR] LogOutputStream:75 - [STDERR_REDIRECT] [Fatal Error] :1:1: Premature end of file.
2026-03-09 20:56:26,927 [ERROR] LogOutputStream:75 - [STDERR_REDIRECT] 
2026-03-09 20:56:27,933 [ERROR] LogOutputStream:75 - [STDERR_REDIRECT] [Fatal Error] :1:1: Premature end of file.
2026-03-09 20:56:27,933 [ERROR] LogOutputStream:75 - [STDERR_REDIRECT] 
2026-03-09 20:56:28,923 [ERROR] LogOutputStream:75 - [STDERR_REDIRECT] [Fatal Error] :1:1: Premature end of file.
2026-03-09 20:56:28,923 [ERROR] LogOutputStream:75 - [STDERR_REDIRECT] 
2026-03-09 20:56:29,933 [ERROR] LogOutputStream:75 - [STDERR_REDIRECT] [Fatal Error] :1:1: Premature end of file.
2026-03-09 20:56:29,933 [ERROR] LogOutputStream:75 - [STDERR_REDIRECT] 
2026-03-09 20:56:30,921 [ERROR] LogOutputStream:75 - [STDERR_REDIRECT] [Fatal Error] :1:1: Premature end of file.
2026-03-09 20:56:30,921 [ERROR] LogOutputStream:75 - [STDERR_REDIRECT] 
2026-03-09 20:56:31,933 [ERROR] LogOutputStream:75 - [STDERR_REDIRECT] [Fatal Error] :1:1: Premature end of file.
2026-03-09 20:56:31,933 [ERROR] LogOutputStream:75 - [STDERR_REDIRECT] 
2026-03-09 20:56:32,938 [ERROR] LogOutputStream:75 - [STDERR_REDIRECT] [Fatal Error] :1:1: Premature end of file.
2026-03-09 20:56:32,938 [ERROR] LogOutputStream:75 - [STDERR_REDIRECT] 
2026-03-09 20:56:33,931 [ERROR] LogOutputStream:75 - [STDERR_REDIRECT] [Fatal Error] :1:1: Premature end of file.
2026-03-09 20:56:33,932 [ERROR] LogOutputStream:75 - [STDERR_REDIRECT] 
2026-03-09 20:56:34,927 [ERROR] LogOutputStream:75 - [STDERR_REDIRECT] [Fatal Error] :1:1: Premature end of file.
2026-03-09 20:56:34,927 [ERROR] LogOutputStream:75 - [STDERR_REDIRECT] 
2026-03-09 20:56:35,930 [ERROR] LogOutputStream:75 - [STDERR_REDIRECT] [Fatal Error] :1:1: Premature end of file.
2026-03-09 20:56:35,930 [ERROR] LogOutputStream:75 - [STDERR_REDIRECT] 
2026-03-09 20:56:36,925 [ERROR] LogOutputStream:75 - [STDERR_REDIRECT] [Fatal Error] :1:1: Premature end of file.
2026-03-09 20:56:36,925 [ERROR] LogOutputStream:75 - [STDERR_REDIRECT] 
2026-03-09 20:56:37,928 [ERROR] LogOutputStream:75 - [STDERR_REDIRECT] [Fatal Error] :1:1: Premature end of file.
2026-03-09 20:56:37,928 [ERROR] LogOutputStream:75 - [STDERR_REDIRECT] 
2026-03-09 20:56:38,934 [ERROR] LogOutputStream:75 - [STDERR_REDIRECT] [Fatal Error] :1:1: Premature end of file.
2026-03-09 20:56:38,934 [ERROR] LogOutputStream:75 - [STDERR_REDIRECT] 
2026-03-09 20:56:39,938 [ERROR] LogOutputStream:75 - [STDERR_REDIRECT] [Fatal Error] :1:1: Premature end of file.
2026-03-09 20:56:39,938 [ERROR] LogOutputStream:75 - [STDERR_REDIRECT] 
2026-03-09 20:56:40,927 [ERROR] LogOutputStream:75 - [STDERR_REDIRECT] [Fatal Error] :1:1: Premature end of file.
2026-03-09 20:56:40,927 [ERROR] LogOutputStream:75 - [STDERR_REDIRECT] 
2026-03-09 20:56:41,921 [ERROR] LogOutputStream:75 - [STDERR_REDIRECT] [Fatal Error] :1:1: Premature end of file.
2026-03-09 20:56:41,922 [ERROR] LogOutputStream:75 - [STDERR_REDIRECT] 
2026-03-09 20:56:42,932 [ERROR] LogOutputStream:75 - [STDERR_REDIRECT] [Fatal Error] :1:1: Premature end of file.
2026-03-09 20:56:42,932 [ERROR] LogOutputStream:75 - [STDERR_REDIRECT] 
2026-03-09 20:56:43,933 [ERROR] LogOutputStream:75 - [STDERR_REDIRECT] [Fatal Error] :1:1: Premature end of file.
2026-03-09 20:56:43,933 [ERROR] LogOutputStream:75 - [STDERR_REDIRECT] 
2026-03-09 20:56:44,934 [ERROR] LogOutputStream:75 - [STDERR_REDIRECT] [Fatal Error] :1:1: Premature end of file.
2026-03-09 20:56:44,934 [ERROR] LogOutputStream:75 - [STDERR_REDIRECT] 
2026-03-09 20:56:45,945 [ERROR] LogOutputStream:75 - [STDERR_REDIRECT] [Fatal Error] :1:1: Premature end of file.
2026-03-09 20:56:45,945 [ERROR] LogOutputStream:75 - [STDERR_REDIRECT] 
2026-03-09 20:56:46,924 [ERROR] LogOutputStream:75 - [STDERR_REDIRECT] [Fatal Error] :1:1: Premature end of file.
2026-03-09 20:56:46,924 [ERROR] LogOutputStream:75 - [STDERR_REDIRECT] 
2026-03-09 20:56:47,925 [ERROR] LogOutputStream:75 - [STDERR_REDIRECT] [Fatal Error] :1:1: Premature end of file.
2026-03-09 20:56:47,926 [ERROR] LogOutputStream:75 - [STDERR_REDIRECT] 
2026-03-09 20:56:48,924 [ERROR] LogOutputStream:75 - [STDERR_REDIRECT] [Fatal Error] :1:1: Premature end of file.
2026-03-09 20:56:48,925 [ERROR] LogOutputStream:75 - [STDERR_REDIRECT] 
2026-03-09 20:56:49,935 [ERROR] LogOutputStream:75 - [STDERR_REDIRECT] [Fatal Error] :1:1: Premature end of file.
2026-03-09 20:56:49,935 [ERROR] LogOutputStream:75 - [STDERR_REDIRECT] 
2026-03-09 20:56:50,922 [ERROR] LogOutputStream:75 - [STDERR_REDIRECT] [Fatal Error] :1:1: Premature end of file.
2026-03-09 20:56:50,923 [ERROR] LogOutputStream:75 - [STDERR_REDIRECT] 
2026-03-09 20:56:51,931 [ERROR] LogOutputStream:75 - [STDERR_REDIRECT] [Fatal Error] :1:1: Premature end of file.
2026-03-09 20:56:51,931 [ERROR] LogOutputStream:75 - [STDERR_REDIRECT] 
2026-03-09 20:56:52,925 [ERROR] LogOutputStream:75 - [STDERR_REDIRECT] [Fatal Error] :1:1: Premature end of file.
2026-03-09 20:56:52,926 [ERROR] LogOutputStream:75 - [STDERR_REDIRECT] 
2026-03-09 20:56:53,927 [ERROR] LogOutputStream:75 - [STDERR_REDIRECT] [Fatal Error] :1:1: Premature end of file.
2026-03-09 20:56:53,927 [ERROR] LogOutputStream:75 - [STDERR_REDIRECT] 
2026-03-09 20:56:54,929 [ERROR] LogOutputStream:75 - [STDERR_REDIRECT] [Fatal Error] :1:1: Premature end of file.
2026-03-09 20:56:54,930 [ERROR] LogOutputStream:75 - [STDERR_REDIRECT] 
2026-03-09 20:56:55,939 [ERROR] LogOutputStream:75 - [STDERR_REDIRECT] [Fatal Error] :1:1: Premature end of file.
2026-03-09 20:56:55,941 [ERROR] LogOutputStream:75 - [STDERR_REDIRECT] 
2026-03-09 20:56:56,934 [ERROR] LogOutputStream:75 - [STDERR_REDIRECT] [Fatal Error] :1:1: Premature end of file.
2026-03-09 20:56:56,935 [ERROR] LogOutputStream:75 - [STDERR_REDIRECT] 
2026-03-09 20:56:57,934 [ERROR] LogOutputStream:75 - [STDERR_REDIRECT] [Fatal Error] :1:1: Premature end of file.
2026-03-09 20:56:57,935 [ERROR] LogOutputStream:75 - [STDERR_REDIRECT] 
2026-03-09 20:56:58,926 [ERROR] LogOutputStream:75 - [STDERR_REDIRECT] [Fatal Error] :1:1: Premature end of file.
2026-03-09 20:56:58,926 [ERROR] LogOutputStream:75 - [STDERR_REDIRECT] 
2026-03-09 20:56:59,932 [ERROR] LogOutputStream:75 - [STDERR_REDIRECT] [Fatal Error] :1:1: Premature end of file.
2026-03-09 20:56:59,933 [ERROR] LogOutputStream:75 - [STDERR_REDIRECT] 
2026-03-09 20:57:00,925 [ERROR] LogOutputStream:75 - [STDERR_REDIRECT] [Fatal Error] :1:1: Premature end of file.
2026-03-09 20:57:00,925 [ERROR] LogOutputStream:75 - [STDERR_REDIRECT] 
2026-03-09 20:57:01,932 [ERROR] LogOutputStream:75 - [STDERR_REDIRECT] [Fatal Error] :1:1: Premature end of file.
2026-03-09 20:57:01,932 [ERROR] LogOutputStream:75 - [STDERR_REDIRECT] 
2026-03-09 20:57:02,931 [ERROR] LogOutputStream:75 - [STDERR_REDIRECT] [Fatal Error] :1:1: Premature end of file.
2026-03-09 20:57:02,931 [ERROR] LogOutputStream:75 - [STDERR_REDIRECT] 
2026-03-09 20:57:03,936 [ERROR] LogOutputStream:75 - [STDERR_REDIRECT] [Fatal Error] :1:1: Premature end of file.
2026-03-09 20:57:03,936 [ERROR] LogOutputStream:75 - [STDERR_REDIRECT] 
2026-03-09 20:57:04,928 [ERROR] LogOutputStream:75 - [STDERR_REDIRECT] [Fatal Error] :1:1: Premature end of file.
2026-03-09 20:57:04,928 [ERROR] LogOutputStream:75 - [STDERR_REDIRECT] 
2026-03-09 20:57:05,936 [ERROR] LogOutputStream:75 - [STDERR_REDIRECT] [Fatal Error] :1:1: Premature end of file.
2026-03-09 20:57:05,936 [ERROR] LogOutputStream:75 - [STDERR_REDIRECT] 
2026-03-09 20:57:06,923 [ERROR] LogOutputStream:75 - [STDERR_REDIRECT] [Fatal Error] :1:1: Premature end of file.
2026-03-09 20:57:06,923 [ERROR] LogOutputStream:75 - [STDERR_REDIRECT] 
2026-03-09 20:57:07,927 [ERROR] LogOutputStream:75 - [STDERR_REDIRECT] [Fatal Error] :1:1: Premature end of file.
2026-03-09 20:57:07,927 [ERROR] LogOutputStream:75 - [STDERR_REDIRECT] 
2026-03-09 20:57:08,936 [ERROR] LogOutputStream:75 - [STDERR_REDIRECT] [Fatal Error] :1:1: Premature end of file.
2026-03-09 20:57:08,936 [ERROR] LogOutputStream:75 - [STDERR_REDIRECT] 
2026-03-09 20:57:09,926 [ERROR] LogOutputStream:75 - [STDERR_REDIRECT] [Fatal Error] :1:1: Premature end of file.
2026-03-09 20:57:09,926 [ERROR] LogOutputStream:75 - [STDERR_REDIRECT] 
2026-03-09 20:57:10,928 [ERROR] LogOutputStream:75 - [STDERR_REDIRECT] [Fatal Error] :1:1: Premature end of file.
2026-03-09 20:57:10,928 [ERROR] LogOutputStream:75 - [STDERR_REDIRECT] 
2026-03-09 20:57:11,932 [ERROR] LogOutputStream:75 - [STDERR_REDIRECT] [Fatal Error] :1:1: Premature end of file.
2026-03-09 20:57:11,932 [ERROR] LogOutputStream:75 - [STDERR_REDIRECT] 
2026-03-09 20:57:12,922 [ERROR] LogOutputStream:75 - [STDERR_REDIRECT] [Fatal Error] :1:1: Premature end of file.
2026-03-09 20:57:12,922 [ERROR] LogOutputStream:75 - [STDERR_REDIRECT] 
2026-03-09 20:57:13,928 [ERROR] LogOutputStream:75 - [STDERR_REDIRECT] [Fatal Error] :1:1: Premature end of file.
2026-03-09 20:57:13,928 [ERROR] LogOutputStream:75 - [STDERR_REDIRECT] 
2026-03-09 20:57:14,925 [ERROR] LogOutputStream:75 - [STDERR_REDIRECT] [Fatal Error] :1:1: Premature end of file.
2026-03-09 20:57:14,925 [ERROR] LogOutputStream:75 - [STDERR_REDIRECT] 
2026-03-09 20:57:15,930 [ERROR] LogOutputStream:75 - [STDERR_REDIRECT] [Fatal Error] :1:1: Premature end of file.
2026-03-09 20:57:15,930 [ERROR] LogOutputStream:75 - [STDERR_REDIRECT] 
2026-03-09 20:57:16,942 [ERROR] LogOutputStream:75 - [STDERR_REDIRECT] [Fatal Error] :1:1: Premature end of file.
2026-03-09 20:57:16,942 [ERROR] LogOutputStream:75 - [STDERR_REDIRECT] 
2026-03-09 20:57:17,923 [ERROR] LogOutputStream:75 - [STDERR_REDIRECT] [Fatal Error] :1:1: Premature end of file.
2026-03-09 20:57:17,923 [ERROR] LogOutputStream:75 - [STDERR_REDIRECT] 
2026-03-09 20:57:18,927 [ERROR] LogOutputStream:75 - [STDERR_REDIRECT] [Fatal Error] :1:1: Premature end of file.
2026-03-09 20:57:18,927 [ERROR] LogOutputStream:75 - [STDERR_REDIRECT] 
2026-03-09 20:57:19,930 [ERROR] LogOutputStream:75 - [STDERR_REDIRECT] [Fatal Error] :1:1: Premature end of file.
2026-03-09 20:57:19,930 [ERROR] LogOutputStream:75 - [STDERR_REDIRECT] 
2026-03-09 20:57:20,935 [ERROR] LogOutputStream:75 - [STDERR_REDIRECT] [Fatal Error] :1:1: Premature end of file.
2026-03-09 20:57:20,935 [ERROR] LogOutputStream:75 - [STDERR_REDIRECT] 
2026-03-09 20:57:21,923 [ERROR] LogOutputStream:75 - [STDERR_REDIRECT] [Fatal Error] :1:1: Premature end of file.
2026-03-09 20:57:21,923 [ERROR] LogOutputStream:75 - [STDERR_REDIRECT] 
2026-03-09 20:57:22,925 [ERROR] LogOutputStream:75 - [STDERR_REDIRECT] [Fatal Error] :1:1: Premature end of file.
2026-03-09 20:57:22,925 [ERROR] LogOutputStream:75 - [STDERR_REDIRECT] 
2026-03-09 20:57:23,934 [ERROR] LogOutputStream:75 - [STDERR_REDIRECT] [Fatal Error] :1:1: Premature end of file.
2026-03-09 20:57:23,934 [ERROR] LogOutputStream:75 - [STDERR_REDIRECT] 
2026-03-09 20:57:24,927 [ERROR] LogOutputStream:75 - [STDERR_REDIRECT] [Fatal Error] :1:1: Premature end of file.
2026-03-09 20:57:24,927 [ERROR] LogOutputStream:75 - [STDERR_REDIRECT] 
2026-03-09 20:57:25,933 [ERROR] LogOutputStream:75 - [STDERR_REDIRECT] [Fatal Error] :1:1: Premature end of file.
2026-03-09 20:57:25,933 [ERROR] LogOutputStream:75 - [STDERR_REDIRECT] 
2026-03-09 20:57:26,936 [ERROR] LogOutputStream:75 - [STDERR_REDIRECT] [Fatal Error] :1:1: Premature end of file.
2026-03-09 20:57:26,936 [ERROR] LogOutputStream:75 - [STDERR_REDIRECT] 
2026-03-09 20:57:27,929 [ERROR] LogOutputStream:75 - [STDERR_REDIRECT] [Fatal Error] :1:1: Premature end of file.
2026-03-09 20:57:27,929 [ERROR] LogOutputStream:75 - [STDERR_REDIRECT] 
2026-03-09 20:57:28,934 [ERROR] LogOutputStream:75 - [STDERR_REDIRECT] [Fatal Error] :1:1: Premature end of file.
2026-03-09 20:57:28,934 [ERROR] LogOutputStream:75 - [STDERR_REDIRECT] 
2026-03-09 20:57:29,923 [ERROR] LogOutputStream:75 - [STDERR_REDIRECT] [Fatal Error] :1:1: Premature end of file.
2026-03-09 20:57:29,923 [ERROR] LogOutputStream:75 - [STDERR_REDIRECT] 
2026-03-09 20:57:30,930 [ERROR] LogOutputStream:75 - [STDERR_REDIRECT] [Fatal Error] :1:1: Premature end of file.
2026-03-09 20:57:30,930 [ERROR] LogOutputStream:75 - [STDERR_REDIRECT] 
2026-03-09 20:57:31,937 [ERROR] LogOutputStream:75 - [STDERR_REDIRECT] [Fatal Error] :1:1: Premature end of file.
2026-03-09 20:57:31,937 [ERROR] LogOutputStream:75 - [STDERR_REDIRECT] 
2026-03-09 20:57:32,921 [ERROR] LogOutputStream:75 - [STDERR_REDIRECT] [Fatal Error] :1:1: Premature end of file.
2026-03-09 20:57:32,923 [ERROR] LogOutputStream:75 - [STDERR_REDIRECT] 
2026-03-09 20:57:33,934 [ERROR] LogOutputStream:75 - [STDERR_REDIRECT] [Fatal Error] :1:1: Premature end of file.
2026-03-09 20:57:33,934 [ERROR] LogOutputStream:75 - [STDERR_REDIRECT] 
2026-03-09 20:57:34,925 [ERROR] LogOutputStream:75 - [STDERR_REDIRECT] [Fatal Error] :1:1: Premature end of file.
2026-03-09 20:57:34,925 [ERROR] LogOutputStream:75 - [STDERR_REDIRECT] 
2026-03-09 20:57:35,933 [ERROR] LogOutputStream:75 - [STDERR_REDIRECT] [Fatal Error] :1:1: Premature end of file.
2026-03-09 20:57:35,933 [ERROR] LogOutputStream:75 - [STDERR_REDIRECT] 
2026-03-09 20:57:36,931 [ERROR] LogOutputStream:75 - [STDERR_REDIRECT] [Fatal Error] :1:1: Premature end of file.
2026-03-09 20:57:36,931 [ERROR] LogOutputStream:75 - [STDERR_REDIRECT] 
2026-03-09 20:57:37,939 [ERROR] LogOutputStream:75 - [STDERR_REDIRECT] [Fatal Error] :1:1: Premature end of file.
2026-03-09 20:57:37,939 [ERROR] LogOutputStream:75 - [STDERR_REDIRECT] 
2026-03-09 20:57:38,947 [ERROR] LogOutputStream:75 - [STDERR_REDIRECT] [Fatal Error] :1:1: Premature end of file.
2026-03-09 20:57:38,947 [ERROR] LogOutputStream:75 - [STDERR_REDIRECT] 
2026-03-09 20:57:39,931 [ERROR] LogOutputStream:75 - [STDERR_REDIRECT] [Fatal Error] :1:1: Premature end of file.
2026-03-09 20:57:39,931 [ERROR] LogOutputStream:75 - [STDERR_REDIRECT] 
2026-03-09 20:57:40,924 [ERROR] LogOutputStream:75 - [STDERR_REDIRECT] [Fatal Error] :1:1: Premature end of file.
2026-03-09 20:57:40,924 [ERROR] LogOutputStream:75 - [STDERR_REDIRECT] 
2026-03-09 20:57:41,928 [ERROR] LogOutputStream:75 - [STDERR_REDIRECT] [Fatal Error] :1:1: Premature end of file.
2026-03-09 20:57:41,929 [ERROR] LogOutputStream:75 - [STDERR_REDIRECT] 
2026-03-09 20:57:42,921 [ERROR] LogOutputStream:75 - [STDERR_REDIRECT] [Fatal Error] :1:1: Premature end of file.
2026-03-09 20:57:42,921 [ERROR] LogOutputStream:75 - [STDERR_REDIRECT] 
2026-03-09 20:57:43,928 [ERROR] LogOutputStream:75 - [STDERR_REDIRECT] [Fatal Error] :1:1: Premature end of file.
2026-03-09 20:57:43,928 [ERROR] LogOutputStream:75 - [STDERR_REDIRECT] 
2026-03-09 20:57:44,922 [ERROR] LogOutputStream:75 - [STDERR_REDIRECT] [Fatal Error] :1:1: Premature end of file.
2026-03-09 20:57:44,922 [ERROR] LogOutputStream:75 - [STDERR_REDIRECT] 
2026-03-09 20:57:45,928 [ERROR] LogOutputStream:75 - [STDERR_REDIRECT] [Fatal Error] :1:1: Premature end of file.
2026-03-09 20:57:45,928 [ERROR] LogOutputStream:75 - [STDERR_REDIRECT] 
2026-03-09 20:57:46,934 [ERROR] LogOutputStream:75 - [STDERR_REDIRECT] [Fatal Error] :1:1: Premature end of file.
2026-03-09 20:57:46,934 [ERROR] LogOutputStream:75 - [STDERR_REDIRECT] 
2026-03-09 20:57:47,929 [ERROR] LogOutputStream:75 - [STDERR_REDIRECT] [Fatal Error] :1:1: Premature end of file.
2026-03-09 20:57:47,929 [ERROR] LogOutputStream:75 - [STDERR_REDIRECT] 
2026-03-09 20:57:48,939 [ERROR] LogOutputStream:75 - [STDERR_REDIRECT] [Fatal Error] :1:1: Premature end of file.
2026-03-09 20:57:48,939 [ERROR] LogOutputStream:75 - [STDERR_REDIRECT] 
2026-03-09 20:57:49,926 [ERROR] LogOutputStream:75 - [STDERR_REDIRECT] [Fatal Error] :1:1: Premature end of file.
2026-03-09 20:57:49,926 [ERROR] LogOutputStream:75 - [STDERR_REDIRECT] 
2026-03-09 20:57:50,934 [ERROR] LogOutputStream:75 - [STDERR_REDIRECT] [Fatal Error] :1:1: Premature end of file.
2026-03-09 20:57:50,934 [ERROR] LogOutputStream:75 - [STDERR_REDIRECT] 
2026-03-09 20:57:51,924 [ERROR] LogOutputStream:75 - [STDERR_REDIRECT] [Fatal Error] :1:1: Premature end of file.
2026-03-09 20:57:51,924 [ERROR] LogOutputStream:75 - [STDERR_REDIRECT] 
2026-03-09 20:57:52,934 [ERROR] LogOutputStream:75 - [STDERR_REDIRECT] [Fatal Error] :1:1: Premature end of file.
2026-03-09 20:57:52,934 [ERROR] LogOutputStream:75 - [STDERR_REDIRECT] 
2026-03-09 20:57:53,922 [ERROR] LogOutputStream:75 - [STDERR_REDIRECT] [Fatal Error] :1:1: Premature end of file.
2026-03-09 20:57:53,922 [ERROR] LogOutputStream:75 - [STDERR_REDIRECT] 
2026-03-09 20:57:54,931 [ERROR] LogOutputStream:75 - [STDERR_REDIRECT] [Fatal Error] :1:1: Premature end of file.
2026-03-09 20:57:54,931 [ERROR] LogOutputStream:75 - [STDERR_REDIRECT] 
2026-03-09 20:57:55,929 [ERROR] LogOutputStream:75 - [STDERR_REDIRECT] [Fatal Error] :1:1: Premature end of file.
2026-03-09 20:57:55,929 [ERROR] LogOutputStream:75 - [STDERR_REDIRECT] 
2026-03-09 20:57:56,937 [ERROR] LogOutputStream:75 - [STDERR_REDIRECT] [Fatal Error] :1:1: Premature end of file.
2026-03-09 20:57:56,937 [ERROR] LogOutputStream:75 - [STDERR_REDIRECT] 
2026-03-09 20:57:57,926 [ERROR] LogOutputStream:75 - [STDERR_REDIRECT] [Fatal Error] :1:1: Premature end of file.
2026-03-09 20:57:57,926 [ERROR] LogOutputStream:75 - [STDERR_REDIRECT] 
2026-03-09 20:57:58,934 [ERROR] LogOutputStream:75 - [STDERR_REDIRECT] [Fatal Error] :1:1: Premature end of file.
2026-03-09 20:57:58,934 [ERROR] LogOutputStream:75 - [STDERR_REDIRECT] 
2026-03-09 20:57:59,924 [ERROR] LogOutputStream:75 - [STDERR_REDIRECT] [Fatal Error] :1:1: Premature end of file.
2026-03-09 20:57:59,924 [ERROR] LogOutputStream:75 - [STDERR_REDIRECT] 
2026-03-09 20:58:00,932 [ERROR] LogOutputStream:75 - [STDERR_REDIRECT] [Fatal Error] :1:1: Premature end of file.
2026-03-09 20:58:00,932 [ERROR] LogOutputStream:75 - [STDERR_REDIRECT] 
2026-03-09 20:58:01,934 [ERROR] LogOutputStream:75 - [STDERR_REDIRECT] [Fatal Error] :1:1: Premature end of file.
2026-03-09 20:58:01,934 [ERROR] LogOutputStream:75 - [STDERR_REDIRECT] 
2026-03-09 20:58:02,938 [ERROR] LogOutputStream:75 - [STDERR_REDIRECT] [Fatal Error] :1:1: Premature end of file.
2026-03-09 20:58:02,939 [ERROR] LogOutputStream:75 - [STDERR_REDIRECT] 
2026-03-09 20:58:03,927 [ERROR] LogOutputStream:75 - [STDERR_REDIRECT] [Fatal Error] :1:1: Premature end of file.
2026-03-09 20:58:03,927 [ERROR] LogOutputStream:75 - [STDERR_REDIRECT] 
2026-03-09 20:58:04,929 [ERROR] LogOutputStream:75 - [STDERR_REDIRECT] [Fatal Error] :1:1: Premature end of file.
2026-03-09 20:58:04,929 [ERROR] LogOutputStream:75 - [STDERR_REDIRECT] 
2026-03-09 20:58:05,926 [ERROR] LogOutputStream:75 - [STDERR_REDIRECT] [Fatal Error] :1:1: Premature end of file.
2026-03-09 20:58:05,926 [ERROR] LogOutputStream:75 - [STDERR_REDIRECT] 
2026-03-09 20:58:06,929 [ERROR] LogOutputStream:75 - [STDERR_REDIRECT] [Fatal Error] :1:1: Premature end of file.
2026-03-09 20:58:06,929 [ERROR] LogOutputStream:75 - [STDERR_REDIRECT] 
2026-03-09 20:58:07,929 [ERROR] LogOutputStream:75 - [STDERR_REDIRECT] [Fatal Error] :1:1: Premature end of file.
2026-03-09 20:58:07,929 [ERROR] LogOutputStream:75 - [STDERR_REDIRECT] 
2026-03-09 20:58:08,925 [ERROR] LogOutputStream:75 - [STDERR_REDIRECT] [Fatal Error] :1:1: Premature end of file.
2026-03-09 20:58:08,925 [ERROR] LogOutputStream:75 - [STDERR_REDIRECT] 
2026-03-09 20:58:09,932 [ERROR] LogOutputStream:75 - [STDERR_REDIRECT] [Fatal Error] :1:1: Premature end of file.
2026-03-09 20:58:09,932 [ERROR] LogOutputStream:75 - [STDERR_REDIRECT] 
2026-03-09 20:58:10,924 [ERROR] LogOutputStream:75 - [STDERR_REDIRECT] [Fatal Error] :1:1: Premature end of file.
2026-03-09 20:58:10,924 [ERROR] LogOutputStream:75 - [STDERR_REDIRECT] 
2026-03-09 20:58:11,936 [ERROR] LogOutputStream:75 - [STDERR_REDIRECT] [Fatal Error] :1:1: Premature end of file.
2026-03-09 20:58:11,936 [ERROR] LogOutputStream:75 - [STDERR_REDIRECT] 
2026-03-09 20:58:12,923 [ERROR] LogOutputStream:75 - [STDERR_REDIRECT] [Fatal Error] :1:1: Premature end of file.
2026-03-09 20:58:12,924 [ERROR] LogOutputStream:75 - [STDERR_REDIRECT] 
2026-03-09 20:58:13,926 [ERROR] LogOutputStream:75 - [STDERR_REDIRECT] [Fatal Error] :1:1: Premature end of file.
2026-03-09 20:58:13,926 [ERROR] LogOutputStream:75 - [STDERR_REDIRECT] 
2026-03-09 20:58:14,929 [ERROR] LogOutputStream:75 - [STDERR_REDIRECT] [Fatal Error] :1:1: Premature end of file.
2026-03-09 20:58:14,929 [ERROR] LogOutputStream:75 - [STDERR_REDIRECT] 
2026-03-09 20:58:15,937 [ERROR] LogOutputStream:75 - [STDERR_REDIRECT] [Fatal Error] :1:1: Premature end of file.
2026-03-09 20:58:15,937 [ERROR] LogOutputStream:75 - [STDERR_REDIRECT] 
2026-03-09 20:58:16,932 [ERROR] LogOutputStream:75 - [STDERR_REDIRECT] [Fatal Error] :1:1: Premature end of file.
2026-03-09 20:58:16,932 [ERROR] LogOutputStream:75 - [STDERR_REDIRECT] 
2026-03-09 20:58:17,925 [ERROR] LogOutputStream:75 - [STDERR_REDIRECT] [Fatal Error] :1:1: Premature end of file.
2026-03-09 20:58:17,925 [ERROR] LogOutputStream:75 - [STDERR_REDIRECT] 
2026-03-09 20:58:18,935 [ERROR] LogOutputStream:75 - [STDERR_REDIRECT] [Fatal Error] :1:1: Premature end of file.
2026-03-09 20:58:18,935 [ERROR] LogOutputStream:75 - [STDERR_REDIRECT] 
2026-03-09 20:58:19,921 [ERROR] LogOutputStream:75 - [STDERR_REDIRECT] [Fatal Error] :1:1: Premature end of file.
2026-03-09 20:58:19,921 [ERROR] LogOutputStream:75 - [STDERR_REDIRECT] 
2026-03-09 20:58:20,930 [ERROR] LogOutputStream:75 - [STDERR_REDIRECT] [Fatal Error] :1:1: Premature end of file.
2026-03-09 20:58:20,930 [ERROR] LogOutputStream:75 - [STDERR_REDIRECT] 
2026-03-09 20:58:21,938 [ERROR] LogOutputStream:75 - [STDERR_REDIRECT] [Fatal Error] :1:1: Premature end of file.
2026-03-09 20:58:21,938 [ERROR] LogOutputStream:75 - [STDERR_REDIRECT] 
2026-03-09 20:58:22,933 [ERROR] LogOutputStream:75 - [STDERR_REDIRECT] [Fatal Error] :1:1: Premature end of file.
2026-03-09 20:58:22,933 [ERROR] LogOutputStream:75 - [STDERR_REDIRECT] 
2026-03-09 20:58:23,936 [ERROR] LogOutputStream:75 - [STDERR_REDIRECT] [Fatal Error] :1:1: Premature end of file.
2026-03-09 20:58:23,936 [ERROR] LogOutputStream:75 - [STDERR_REDIRECT] 
2026-03-09 20:58:24,926 [ERROR] LogOutputStream:75 - [STDERR_REDIRECT] [Fatal Error] :1:1: Premature end of file.
2026-03-09 20:58:24,926 [ERROR] LogOutputStream:75 - [STDERR_REDIRECT] 
2026-03-09 20:58:25,925 [ERROR] LogOutputStream:75 - [STDERR_REDIRECT] [Fatal Error] :1:1: Premature end of file.
2026-03-09 20:58:25,925 [ERROR] LogOutputStream:75 - [STDERR_REDIRECT] 
2026-03-09 20:58:26,931 [ERROR] LogOutputStream:75 - [STDERR_REDIRECT] [Fatal Error] :1:1: Premature end of file.
2026-03-09 20:58:26,931 [ERROR] LogOutputStream:75 - [STDERR_REDIRECT] 
2026-03-09 20:58:27,936 [ERROR] LogOutputStream:75 - [STDERR_REDIRECT] [Fatal Error] :1:1: Premature end of file.
2026-03-09 20:58:27,936 [ERROR] LogOutputStream:75 - [STDERR_REDIRECT] 
2026-03-09 20:58:28,929 [ERROR] LogOutputStream:75 - [STDERR_REDIRECT] [Fatal Error] :1:1: Premature end of file.
2026-03-09 20:58:28,929 [ERROR] LogOutputStream:75 - [STDERR_REDIRECT] 
2026-03-09 20:58:29,934 [ERROR] LogOutputStream:75 - [STDERR_REDIRECT] [Fatal Error] :1:1: Premature end of file.
2026-03-09 20:58:29,934 [ERROR] LogOutputStream:75 - [STDERR_REDIRECT] 
2026-03-09 20:58:30,926 [ERROR] LogOutputStream:75 - [STDERR_REDIRECT] [Fatal Error] :1:1: Premature end of file.
2026-03-09 20:58:30,926 [ERROR] LogOutputStream:75 - [STDERR_REDIRECT] 
2026-03-09 20:58:31,932 [ERROR] LogOutputStream:75 - [STDERR_REDIRECT] [Fatal Error] :1:1: Premature end of file.
2026-03-09 20:58:31,932 [ERROR] LogOutputStream:75 - [STDERR_REDIRECT] 
2026-03-09 20:58:32,945 [ERROR] LogOutputStream:75 - [STDERR_REDIRECT] [Fatal Error] :1:1: Premature end of file.
2026-03-09 20:58:32,945 [ERROR] LogOutputStream:75 - [STDERR_REDIRECT] 
2026-03-09 20:58:33,923 [ERROR] LogOutputStream:75 - [STDERR_REDIRECT] [Fatal Error] :1:1: Premature end of file.
2026-03-09 20:58:33,923 [ERROR] LogOutputStream:75 - [STDERR_REDIRECT] 
2026-03-09 20:58:34,929 [ERROR] LogOutputStream:75 - [STDERR_REDIRECT] [Fatal Error] :1:1: Premature end of file.
2026-03-09 20:58:34,929 [ERROR] LogOutputStream:75 - [STDERR_REDIRECT] 
2026-03-09 20:58:35,936 [ERROR] LogOutputStream:75 - [STDERR_REDIRECT] [Fatal Error] :1:1: Premature end of file.
2026-03-09 20:58:35,936 [ERROR] LogOutputStream:75 - [STDERR_REDIRECT] 
2026-03-09 20:58:36,927 [ERROR] LogOutputStream:75 - [STDERR_REDIRECT] [Fatal Error] :1:1: Premature end of file.
2026-03-09 20:58:36,928 [ERROR] LogOutputStream:75 - [STDERR_REDIRECT] 
2026-03-09 20:58:37,933 [ERROR] LogOutputStream:75 - [STDERR_REDIRECT] [Fatal Error] :1:1: Premature end of file.
2026-03-09 20:58:37,933 [ERROR] LogOutputStream:75 - [STDERR_REDIRECT] 
2026-03-09 20:58:38,928 [ERROR] LogOutputStream:75 - [STDERR_REDIRECT] [Fatal Error] :1:1: Premature end of file.
2026-03-09 20:58:38,929 [ERROR] LogOutputStream:75 - [STDERR_REDIRECT] 
2026-03-09 20:58:39,922 [ERROR] LogOutputStream:75 - [STDERR_REDIRECT] [Fatal Error] :1:1: Premature end of file.
2026-03-09 20:58:39,922 [ERROR] LogOutputStream:75 - [STDERR_REDIRECT] 
2026-03-09 20:58:40,928 [ERROR] LogOutputStream:75 - [STDERR_REDIRECT] [Fatal Error] :1:1: Premature end of file.
2026-03-09 20:58:40,928 [ERROR] LogOutputStream:75 - [STDERR_REDIRECT] 
2026-03-09 20:58:41,931 [ERROR] LogOutputStream:75 - [STDERR_REDIRECT] [Fatal Error] :1:1: Premature end of file.
2026-03-09 20:58:41,931 [ERROR] LogOutputStream:75 - [STDERR_REDIRECT] 
2026-03-09 20:58:42,936 [ERROR] LogOutputStream:75 - [STDERR_REDIRECT] [Fatal Error] :1:1: Premature end of file.
2026-03-09 20:58:42,937 [ERROR] LogOutputStream:75 - [STDERR_REDIRECT] 
2026-03-09 20:58:43,941 [ERROR] LogOutputStream:75 - [STDERR_REDIRECT] [Fatal Error] :1:1: Premature end of file.
2026-03-09 20:58:43,941 [ERROR] LogOutputStream:75 - [STDERR_REDIRECT] 
2026-03-09 20:58:44,949 [ERROR] LogOutputStream:75 - [STDERR_REDIRECT] [Fatal Error] :1:1: Premature end of file.
2026-03-09 20:58:44,949 [ERROR] LogOutputStream:75 - [STDERR_REDIRECT] 
2026-03-09 20:58:45,932 [ERROR] LogOutputStream:75 - [STDERR_REDIRECT] [Fatal Error] :1:1: Premature end of file.
2026-03-09 20:58:45,932 [ERROR] LogOutputStream:75 - [STDERR_REDIRECT] 
2026-03-09 20:58:46,925 [ERROR] LogOutputStream:75 - [STDERR_REDIRECT] [Fatal Error] :1:1: Premature end of file.
2026-03-09 20:58:46,925 [ERROR] LogOutputStream:75 - [STDERR_REDIRECT] 
2026-03-09 20:58:47,936 [ERROR] LogOutputStream:75 - [STDERR_REDIRECT] [Fatal Error] :1:1: Premature end of file.
2026-03-09 20:58:47,938 [ERROR] LogOutputStream:75 - [STDERR_REDIRECT] 
2026-03-09 20:58:48,927 [ERROR] LogOutputStream:75 - [STDERR_REDIRECT] [Fatal Error] :1:1: Premature end of file.
2026-03-09 20:58:48,927 [ERROR] LogOutputStream:75 - [STDERR_REDIRECT] 
2026-03-09 20:58:49,923 [ERROR] LogOutputStream:75 - [STDERR_REDIRECT] [Fatal Error] :1:1: Premature end of file.
2026-03-09 20:58:49,923 [ERROR] LogOutputStream:75 - [STDERR_REDIRECT] 
2026-03-09 20:58:50,931 [ERROR] LogOutputStream:75 - [STDERR_REDIRECT] [Fatal Error] :1:1: Premature end of file.
2026-03-09 20:58:50,931 [ERROR] LogOutputStream:75 - [STDERR_REDIRECT] 
2026-03-09 20:58:51,923 [ERROR] LogOutputStream:75 - [STDERR_REDIRECT] [Fatal Error] :1:1: Premature end of file.
2026-03-09 20:58:51,923 [ERROR] LogOutputStream:75 - [STDERR_REDIRECT] 
2026-03-09 20:58:52,930 [ERROR] LogOutputStream:75 - [STDERR_REDIRECT] [Fatal Error] :1:1: Premature end of file.
2026-03-09 20:58:52,930 [ERROR] LogOutputStream:75 - [STDERR_REDIRECT] 
2026-03-09 20:58:53,943 [ERROR] LogOutputStream:75 - [STDERR_REDIRECT] [Fatal Error] :1:1: Premature end of file.
2026-03-09 20:58:53,943 [ERROR] LogOutputStream:75 - [STDERR_REDIRECT] 
2026-03-09 20:58:54,929 [ERROR] LogOutputStream:75 - [STDERR_REDIRECT] [Fatal Error] :1:1: Premature end of file.
2026-03-09 20:58:54,929 [ERROR] LogOutputStream:75 - [STDERR_REDIRECT] 
2026-03-09 20:58:55,935 [ERROR] LogOutputStream:75 - [STDERR_REDIRECT] [Fatal Error] :1:1: Premature end of file.
2026-03-09 20:58:55,935 [ERROR] LogOutputStream:75 - [STDERR_REDIRECT] 
2026-03-09 20:58:56,929 [ERROR] LogOutputStream:75 - [STDERR_REDIRECT] [Fatal Error] :1:1: Premature end of file.
2026-03-09 20:58:56,929 [ERROR] LogOutputStream:75 - [STDERR_REDIRECT] 
2026-03-09 20:58:57,933 [ERROR] LogOutputStream:75 - [STDERR_REDIRECT] [Fatal Error] :1:1: Premature end of file.
2026-03-09 20:58:57,933 [ERROR] LogOutputStream:75 - [STDERR_REDIRECT] 
2026-03-09 20:58:58,932 [ERROR] LogOutputStream:75 - [STDERR_REDIRECT] [Fatal Error] :1:1: Premature end of file.
2026-03-09 20:58:58,932 [ERROR] LogOutputStream:75 - [STDERR_REDIRECT] 
2026-03-09 20:58:59,938 [ERROR] LogOutputStream:75 - [STDERR_REDIRECT] [Fatal Error] :1:1: Premature end of file.
2026-03-09 20:58:59,938 [ERROR] LogOutputStream:75 - [STDERR_REDIRECT] 
2026-03-09 20:59:00,927 [ERROR] LogOutputStream:75 - [STDERR_REDIRECT] [Fatal Error] :1:1: Premature end of file.
2026-03-09 20:59:00,927 [ERROR] LogOutputStream:75 - [STDERR_REDIRECT] 
2026-03-09 20:59:01,920 [ERROR] LogOutputStream:75 - [STDERR_REDIRECT] [Fatal Error] :1:1: Premature end of file.
2026-03-09 20:59:01,920 [ERROR] LogOutputStream:75 - [STDERR_REDIRECT] 
2026-03-09 20:59:02,927 [ERROR] LogOutputStream:75 - [STDERR_REDIRECT] [Fatal Error] :1:1: Premature end of file.
2026-03-09 20:59:02,927 [ERROR] LogOutputStream:75 - [STDERR_REDIRECT] 
2026-03-09 20:59:03,930 [ERROR] LogOutputStream:75 - [STDERR_REDIRECT] [Fatal Error] :1:1: Premature end of file.
2026-03-09 20:59:03,931 [ERROR] LogOutputStream:75 - [STDERR_REDIRECT] 
2026-03-09 20:59:04,927 [ERROR] LogOutputStream:75 - [STDERR_REDIRECT] [Fatal Error] :1:1: Premature end of file.
2026-03-09 20:59:04,927 [ERROR] LogOutputStream:75 - [STDERR_REDIRECT] 
2026-03-09 20:59:05,931 [ERROR] LogOutputStream:75 - [STDERR_REDIRECT] [Fatal Error] :1:1: Premature end of file.
2026-03-09 20:59:05,931 [ERROR] LogOutputStream:75 - [STDERR_REDIRECT] 
2026-03-09 20:59:06,937 [ERROR] LogOutputStream:75 - [STDERR_REDIRECT] [Fatal Error] :1:1: Premature end of file.
2026-03-09 20:59:06,937 [ERROR] LogOutputStream:75 - [STDERR_REDIRECT] 
2026-03-09 20:59:07,926 [ERROR] LogOutputStream:75 - [STDERR_REDIRECT] [Fatal Error] :1:1: Premature end of file.
2026-03-09 20:59:07,926 [ERROR] LogOutputStream:75 - [STDERR_REDIRECT] 
2026-03-09 20:59:08,931 [ERROR] LogOutputStream:75 - [STDERR_REDIRECT] [Fatal Error] :1:1: Premature end of file.
2026-03-09 20:59:08,933 [ERROR] LogOutputStream:75 - [STDERR_REDIRECT] 
2026-03-09 20:59:09,929 [ERROR] LogOutputStream:75 - [STDERR_REDIRECT] [Fatal Error] :1:1: Premature end of file.
2026-03-09 20:59:09,929 [ERROR] LogOutputStream:75 - [STDERR_REDIRECT] 
2026-03-09 20:59:10,936 [ERROR] LogOutputStream:75 - [STDERR_REDIRECT] [Fatal Error] :1:1: Premature end of file.
2026-03-09 20:59:10,936 [ERROR] LogOutputStream:75 - [STDERR_REDIRECT] 
2026-03-09 20:59:11,926 [ERROR] LogOutputStream:75 - [STDERR_REDIRECT] [Fatal Error] :1:1: Premature end of file.
2026-03-09 20:59:11,926 [ERROR] LogOutputStream:75 - [STDERR_REDIRECT] 
2026-03-09 20:59:12,937 [ERROR] LogOutputStream:75 - [STDERR_REDIRECT] [Fatal Error] :1:1: Premature end of file.
2026-03-09 20:59:12,937 [ERROR] LogOutputStream:75 - [STDERR_REDIRECT] 
2026-03-09 20:59:13,935 [ERROR] LogOutputStream:75 - [STDERR_REDIRECT] [Fatal Error] :1:1: Premature end of file.
2026-03-09 20:59:13,935 [ERROR] LogOutputStream:75 - [STDERR_REDIRECT] 
2026-03-09 20:59:14,935 [ERROR] LogOutputStream:75 - [STDERR_REDIRECT] [Fatal Error] :1:1: Premature end of file.
2026-03-09 20:59:14,935 [ERROR] LogOutputStream:75 - [STDERR_REDIRECT] 
2026-03-09 20:59:15,947 [ERROR] LogOutputStream:75 - [STDERR_REDIRECT] [Fatal Error] :1:1: Premature end of file.
2026-03-09 20:59:15,947 [ERROR] LogOutputStream:75 - [STDERR_REDIRECT] 
2026-03-09 20:59:16,926 [ERROR] LogOutputStream:75 - [STDERR_REDIRECT] [Fatal Error] :1:1: Premature end of file.
2026-03-09 20:59:16,926 [ERROR] LogOutputStream:75 - [STDERR_REDIRECT] 
2026-03-09 20:59:17,928 [ERROR] LogOutputStream:75 - [STDERR_REDIRECT] [Fatal Error] :1:1: Premature end of file.
2026-03-09 20:59:17,928 [ERROR] LogOutputStream:75 - [STDERR_REDIRECT] 
2026-03-09 20:59:18,934 [ERROR] LogOutputStream:75 - [STDERR_REDIRECT] [Fatal Error] :1:1: Premature end of file.
2026-03-09 20:59:18,934 [ERROR] LogOutputStream:75 - [STDERR_REDIRECT] 
2026-03-09 20:59:19,922 [ERROR] LogOutputStream:75 - [STDERR_REDIRECT] [Fatal Error] :1:1: Premature end of file.
2026-03-09 20:59:19,923 [ERROR] LogOutputStream:75 - [STDERR_REDIRECT] 
2026-03-09 20:59:20,928 [ERROR] LogOutputStream:75 - [STDERR_REDIRECT] [Fatal Error] :1:1: Premature end of file.
2026-03-09 20:59:20,928 [ERROR] LogOutputStream:75 - [STDERR_REDIRECT] 
2026-03-09 20:59:21,934 [ERROR] LogOutputStream:75 - [STDERR_REDIRECT] [Fatal Error] :1:1: Premature end of file.
2026-03-09 20:59:21,934 [ERROR] LogOutputStream:75 - [STDERR_REDIRECT] 
2026-03-09 20:59:22,927 [ERROR] LogOutputStream:75 - [STDERR_REDIRECT] [Fatal Error] :1:1: Premature end of file.
2026-03-09 20:59:22,927 [ERROR] LogOutputStream:75 - [STDERR_REDIRECT] 
2026-03-09 20:59:23,936 [ERROR] LogOutputStream:75 - [STDERR_REDIRECT] [Fatal Error] :1:1: Premature end of file.
2026-03-09 20:59:23,936 [ERROR] LogOutputStream:75 - [STDERR_REDIRECT] 
2026-03-09 20:59:24,921 [ERROR] LogOutputStream:75 - [STDERR_REDIRECT] [Fatal Error] :1:1: Premature end of file.
2026-03-09 20:59:24,921 [ERROR] LogOutputStream:75 - [STDERR_REDIRECT] 
2026-03-09 20:59:25,937 [ERROR] LogOutputStream:75 - [STDERR_REDIRECT] [Fatal Error] :1:1: Premature end of file.
2026-03-09 20:59:25,937 [ERROR] LogOutputStream:75 - [STDERR_REDIRECT] 
2026-03-09 20:59:26,945 [ERROR] LogOutputStream:75 - [STDERR_REDIRECT] [Fatal Error] :1:1: Premature end of file.
2026-03-09 20:59:26,945 [ERROR] LogOutputStream:75 - [STDERR_REDIRECT] 
2026-03-09 20:59:27,928 [ERROR] LogOutputStream:75 - [STDERR_REDIRECT] [Fatal Error] :1:1: Premature end of file.
2026-03-09 20:59:27,928 [ERROR] LogOutputStream:75 - [STDERR_REDIRECT] 
2026-03-09 20:59:28,920 [ERROR] LogOutputStream:75 - [STDERR_REDIRECT] [Fatal Error] :1:1: Premature end of file.
2026-03-09 20:59:28,920 [ERROR] LogOutputStream:75 - [STDERR_REDIRECT] 
2026-03-09 20:59:29,927 [ERROR] LogOutputStream:75 - [STDERR_REDIRECT] [Fatal Error] :1:1: Premature end of file.
2026-03-09 20:59:29,927 [ERROR] LogOutputStream:75 - [STDERR_REDIRECT] 
2026-03-09 20:59:30,932 [ERROR] LogOutputStream:75 - [STDERR_REDIRECT] [Fatal Error] :1:1: Premature end of file.
2026-03-09 20:59:30,932 [ERROR] LogOutputStream:75 - [STDERR_REDIRECT] 
2026-03-09 20:59:31,934 [ERROR] LogOutputStream:75 - [STDERR_REDIRECT] [Fatal Error] :1:1: Premature end of file.
2026-03-09 20:59:31,934 [ERROR] LogOutputStream:75 - [STDERR_REDIRECT] 
2026-03-09 20:59:32,929 [ERROR] LogOutputStream:75 - [STDERR_REDIRECT] [Fatal Error] :1:1: Premature end of file.
2026-03-09 20:59:32,929 [ERROR] LogOutputStream:75 - [STDERR_REDIRECT] 
2026-03-09 20:59:33,932 [ERROR] LogOutputStream:75 - [STDERR_REDIRECT] [Fatal Error] :1:1: Premature end of file.
2026-03-09 20:59:33,932 [ERROR] LogOutputStream:75 - [STDERR_REDIRECT] 
2026-03-09 20:59:34,935 [ERROR] LogOutputStream:75 - [STDERR_REDIRECT] [Fatal Error] :1:1: Premature end of file.
2026-03-09 20:59:34,935 [ERROR] LogOutputStream:75 - [STDERR_REDIRECT] 
2026-03-09 20:59:35,933 [ERROR] LogOutputStream:75 - [STDERR_REDIRECT] [Fatal Error] :1:1: Premature end of file.
2026-03-09 20:59:35,933 [ERROR] LogOutputStream:75 - [STDERR_REDIRECT] 
2026-03-09 20:59:36,947 [ERROR] LogOutputStream:75 - [STDERR_REDIRECT] [Fatal Error] :1:1: Premature end of file.
2026-03-09 20:59:36,947 [ERROR] LogOutputStream:75 - [STDERR_REDIRECT] 
2026-03-09 20:59:37,933 [ERROR] LogOutputStream:75 - [STDERR_REDIRECT] [Fatal Error] :1:1: Premature end of file.
2026-03-09 20:59:37,933 [ERROR] LogOutputStream:75 - [STDERR_REDIRECT] 
2026-03-09 20:59:38,924 [ERROR] LogOutputStream:75 - [STDERR_REDIRECT] [Fatal Error] :1:1: Premature end of file.
2026-03-09 20:59:38,924 [ERROR] LogOutputStream:75 - [STDERR_REDIRECT] 
2026-03-09 20:59:39,930 [ERROR] LogOutputStream:75 - [STDERR_REDIRECT] [Fatal Error] :1:1: Premature end of file.
2026-03-09 20:59:39,930 [ERROR] LogOutputStream:75 - [STDERR_REDIRECT] 
2026-03-09 20:59:40,933 [ERROR] LogOutputStream:75 - [STDERR_REDIRECT] [Fatal Error] :1:1: Premature end of file.
2026-03-09 20:59:40,935 [ERROR] LogOutputStream:75 - [STDERR_REDIRECT] 
2026-03-09 20:59:41,931 [ERROR] LogOutputStream:75 - [STDERR_REDIRECT] [Fatal Error] :1:1: Premature end of file.
2026-03-09 20:59:41,932 [ERROR] LogOutputStream:75 - [STDERR_REDIRECT] 
2026-03-09 20:59:42,935 [ERROR] LogOutputStream:75 - [STDERR_REDIRECT] [Fatal Error] :1:1: Premature end of file.
2026-03-09 20:59:42,936 [ERROR] LogOutputStream:75 - [STDERR_REDIRECT] 
2026-03-09 20:59:43,923 [ERROR] LogOutputStream:75 - [STDERR_REDIRECT] [Fatal Error] :1:1: Premature end of file.
2026-03-09 20:59:43,923 [ERROR] LogOutputStream:75 - [STDERR_REDIRECT] 
2026-03-09 20:59:44,922 [ERROR] LogOutputStream:75 - [STDERR_REDIRECT] [Fatal Error] :1:1: Premature end of file.
2026-03-09 20:59:44,922 [ERROR] LogOutputStream:75 - [STDERR_REDIRECT] 
2026-03-09 20:59:45,933 [ERROR] LogOutputStream:75 - [STDERR_REDIRECT] [Fatal Error] :1:1: Premature end of file.
2026-03-09 20:59:45,933 [ERROR] LogOutputStream:75 - [STDERR_REDIRECT] 
2026-03-09 20:59:46,923 [ERROR] LogOutputStream:75 - [STDERR_REDIRECT] [Fatal Error] :1:1: Premature end of file.
2026-03-09 20:59:46,923 [ERROR] LogOutputStream:75 - [STDERR_REDIRECT] 
2026-03-09 20:59:47,923 [ERROR] LogOutputStream:75 - [STDERR_REDIRECT] [Fatal Error] :1:1: Premature end of file.
2026-03-09 20:59:47,923 [ERROR] LogOutputStream:75 - [STDERR_REDIRECT] 
2026-03-09 20:59:48,928 [ERROR] LogOutputStream:75 - [STDERR_REDIRECT] [Fatal Error] :1:1: Premature end of file.
2026-03-09 20:59:48,928 [ERROR] LogOutputStream:75 - [STDERR_REDIRECT] 
2026-03-09 20:59:49,931 [ERROR] LogOutputStream:75 - [STDERR_REDIRECT] [Fatal Error] :1:1: Premature end of file.
2026-03-09 20:59:49,931 [ERROR] LogOutputStream:75 - [STDERR_REDIRECT] 
2026-03-09 20:59:50,934 [ERROR] LogOutputStream:75 - [STDERR_REDIRECT] [Fatal Error] :1:1: Premature end of file.
2026-03-09 20:59:50,934 [ERROR] LogOutputStream:75 - [STDERR_REDIRECT] 
2026-03-09 20:59:51,926 [ERROR] LogOutputStream:75 - [STDERR_REDIRECT] [Fatal Error] :1:1: Premature end of file.
2026-03-09 20:59:51,926 [ERROR] LogOutputStream:75 - [STDERR_REDIRECT] 
2026-03-09 20:59:52,930 [ERROR] LogOutputStream:75 - [STDERR_REDIRECT] [Fatal Error] :1:1: Premature end of file.
2026-03-09 20:59:52,930 [ERROR] LogOutputStream:75 - [STDERR_REDIRECT] 
2026-03-09 20:59:53,925 [ERROR] LogOutputStream:75 - [STDERR_REDIRECT] [Fatal Error] :1:1: Premature end of file.
2026-03-09 20:59:53,925 [ERROR] LogOutputStream:75 - [STDERR_REDIRECT] 
2026-03-09 20:59:54,929 [ERROR] LogOutputStream:75 - [STDERR_REDIRECT] [Fatal Error] :1:1: Premature end of file.
2026-03-09 20:59:54,929 [ERROR] LogOutputStream:75 - [STDERR_REDIRECT] 
2026-03-09 20:59:55,930 [ERROR] LogOutputStream:75 - [STDERR_REDIRECT] [Fatal Error] :1:1: Premature end of file.
2026-03-09 20:59:55,930 [ERROR] LogOutputStream:75 - [STDERR_REDIRECT] 
2026-03-09 20:59:56,923 [ERROR] LogOutputStream:75 - [STDERR_REDIRECT] [Fatal Error] :1:1: Premature end of file.
2026-03-09 20:59:56,924 [ERROR] LogOutputStream:75 - [STDERR_REDIRECT] 
2026-03-09 20:59:57,939 [ERROR] LogOutputStream:75 - [STDERR_REDIRECT] [Fatal Error] :1:1: Premature end of file.
2026-03-09 20:59:57,940 [ERROR] LogOutputStream:75 - [STDERR_REDIRECT] 
2026-03-09 20:59:58,934 [ERROR] LogOutputStream:75 - [STDERR_REDIRECT] [Fatal Error] :1:1: Premature end of file.
2026-03-09 20:59:58,934 [ERROR] LogOutputStream:75 - [STDERR_REDIRECT] 
2026-03-09 20:59:59,937 [ERROR] LogOutputStream:75 - [STDERR_REDIRECT] [Fatal Error] :1:1: Premature end of file.
2026-03-09 20:59:59,937 [ERROR] LogOutputStream:75 - [STDERR_REDIRECT] 
2026-03-09 21:00:00,930 [ERROR] LogOutputStream:75 - [STDERR_REDIRECT] [Fatal Error] :1:1: Premature end of file.
2026-03-09 21:00:00,930 [ERROR] LogOutputStream:75 - [STDERR_REDIRECT] 
2026-03-09 21:00:01,936 [ERROR] LogOutputStream:75 - [STDERR_REDIRECT] [Fatal Error] :1:1: Premature end of file.
2026-03-09 21:00:01,936 [ERROR] LogOutputStream:75 - [STDERR_REDIRECT] 
2026-03-09 21:00:02,937 [ERROR] LogOutputStream:75 - [STDERR_REDIRECT] [Fatal Error] :1:1: Premature end of file.
2026-03-09 21:00:02,937 [ERROR] LogOutputStream:75 - [STDERR_REDIRECT] 
2026-03-09 21:00:03,937 [ERROR] LogOutputStream:75 - [STDERR_REDIRECT] [Fatal Error] :1:1: Premature end of file.
2026-03-09 21:00:03,937 [ERROR] LogOutputStream:75 - [STDERR_REDIRECT] 
2026-03-09 21:00:04,923 [ERROR] LogOutputStream:75 - [STDERR_REDIRECT] [Fatal Error] :1:1: Premature end of file.
2026-03-09 21:00:04,923 [ERROR] LogOutputStream:75 - [STDERR_REDIRECT] 
2026-03-09 21:00:05,932 [ERROR] LogOutputStream:75 - [STDERR_REDIRECT] [Fatal Error] :1:1: Premature end of file.
2026-03-09 21:00:05,932 [ERROR] LogOutputStream:75 - [STDERR_REDIRECT] 
2026-03-09 21:00:06,936 [ERROR] LogOutputStream:75 - [STDERR_REDIRECT] [Fatal Error] :1:1: Premature end of file.
2026-03-09 21:00:06,936 [ERROR] LogOutputStream:75 - [STDERR_REDIRECT] 
2026-03-09 21:00:07,936 [ERROR] LogOutputStream:75 - [STDERR_REDIRECT] [Fatal Error] :1:1: Premature end of file.
2026-03-09 21:00:07,936 [ERROR] LogOutputStream:75 - [STDERR_REDIRECT] 
2026-03-09 21:00:08,929 [ERROR] LogOutputStream:75 - [STDERR_REDIRECT] [Fatal Error] :1:1: Premature end of file.
2026-03-09 21:00:08,929 [ERROR] LogOutputStream:75 - [STDERR_REDIRECT] 
2026-03-09 21:00:09,924 [ERROR] LogOutputStream:75 - [STDERR_REDIRECT] [Fatal Error] :1:1: Premature end of file.
2026-03-09 21:00:09,924 [ERROR] LogOutputStream:75 - [STDERR_REDIRECT] 
2026-03-09 21:00:10,927 [ERROR] LogOutputStream:75 - [STDERR_REDIRECT] [Fatal Error] :1:1: Premature end of file.
2026-03-09 21:00:10,927 [ERROR] LogOutputStream:75 - [STDERR_REDIRECT] 
2026-03-09 21:00:11,923 [ERROR] LogOutputStream:75 - [STDERR_REDIRECT] [Fatal Error] :1:1: Premature end of file.
2026-03-09 21:00:11,924 [ERROR] LogOutputStream:75 - [STDERR_REDIRECT] 
2026-03-09 21:00:12,930 [ERROR] LogOutputStream:75 - [STDERR_REDIRECT] [Fatal Error] :1:1: Premature end of file.
2026-03-09 21:00:12,931 [ERROR] LogOutputStream:75 - [STDERR_REDIRECT] 
2026-03-09 21:00:13,936 [ERROR] LogOutputStream:75 - [STDERR_REDIRECT] [Fatal Error] :1:1: Premature end of file.
2026-03-09 21:00:13,936 [ERROR] LogOutputStream:75 - [STDERR_REDIRECT] 
2026-03-09 21:00:14,928 [ERROR] LogOutputStream:75 - [STDERR_REDIRECT] [Fatal Error] :1:1: Premature end of file.
2026-03-09 21:00:14,928 [ERROR] LogOutputStream:75 - [STDERR_REDIRECT] 
2026-03-09 21:00:15,933 [ERROR] LogOutputStream:75 - [STDERR_REDIRECT] [Fatal Error] :1:1: Premature end of file.
2026-03-09 21:00:15,933 [ERROR] LogOutputStream:75 - [STDERR_REDIRECT] 
2026-03-09 21:00:16,924 [ERROR] LogOutputStream:75 - [STDERR_REDIRECT] [Fatal Error] :1:1: Premature end of file.
2026-03-09 21:00:16,924 [ERROR] LogOutputStream:75 - [STDERR_REDIRECT] 
2026-03-09 21:00:17,933 [ERROR] LogOutputStream:75 - [STDERR_REDIRECT] [Fatal Error] :1:1: Premature end of file.
2026-03-09 21:00:17,933 [ERROR] LogOutputStream:75 - [STDERR_REDIRECT] 
2026-03-09 21:00:18,940 [ERROR] LogOutputStream:75 - [STDERR_REDIRECT] [Fatal Error] :1:1: Premature end of file.
2026-03-09 21:00:18,941 [ERROR] LogOutputStream:75 - [STDERR_REDIRECT] 
2026-03-09 21:00:19,950 [ERROR] LogOutputStream:75 - [STDERR_REDIRECT] [Fatal Error] :1:1: Premature end of file.
2026-03-09 21:00:19,950 [ERROR] LogOutputStream:75 - [STDERR_REDIRECT] 
2026-03-09 21:00:20,924 [ERROR] LogOutputStream:75 - [STDERR_REDIRECT] [Fatal Error] :1:1: Premature end of file.
2026-03-09 21:00:20,924 [ERROR] LogOutputStream:75 - [STDERR_REDIRECT] 
2026-03-09 21:00:21,928 [ERROR] LogOutputStream:75 - [STDERR_REDIRECT] [Fatal Error] :1:1: Premature end of file.
2026-03-09 21:00:21,928 [ERROR] LogOutputStream:75 - [STDERR_REDIRECT] 
2026-03-09 21:00:22,924 [ERROR] LogOutputStream:75 - [STDERR_REDIRECT] [Fatal Error] :1:1: Premature end of file.
2026-03-09 21:00:22,924 [ERROR] LogOutputStream:75 - [STDERR_REDIRECT] 
2026-03-09 21:00:23,925 [ERROR] LogOutputStream:75 - [STDERR_REDIRECT] [Fatal Error] :1:1: Premature end of file.
2026-03-09 21:00:23,926 [ERROR] LogOutputStream:75 - [STDERR_REDIRECT] 
2026-03-09 21:00:24,931 [ERROR] LogOutputStream:75 - [STDERR_REDIRECT] [Fatal Error] :1:1: Premature end of file.
2026-03-09 21:00:24,932 [ERROR] LogOutputStream:75 - [STDERR_REDIRECT] 
2026-03-09 21:00:25,936 [ERROR] LogOutputStream:75 - [STDERR_REDIRECT] [Fatal Error] :1:1: Premature end of file.
2026-03-09 21:00:25,936 [ERROR] LogOutputStream:75 - [STDERR_REDIRECT] 
2026-03-09 21:00:26,924 [ERROR] LogOutputStream:75 - [STDERR_REDIRECT] [Fatal Error] :1:1: Premature end of file.
2026-03-09 21:00:26,924 [ERROR] LogOutputStream:75 - [STDERR_REDIRECT] 
2026-03-09 21:00:27,925 [ERROR] LogOutputStream:75 - [STDERR_REDIRECT] [Fatal Error] :1:1: Premature end of file.
2026-03-09 21:00:27,925 [ERROR] LogOutputStream:75 - [STDERR_REDIRECT] 
2026-03-09 21:00:28,936 [ERROR] LogOutputStream:75 - [STDERR_REDIRECT] [Fatal Error] :1:1: Premature end of file.
2026-03-09 21:00:28,936 [ERROR] LogOutputStream:75 - [STDERR_REDIRECT] 
2026-03-09 21:00:29,926 [ERROR] LogOutputStream:75 - [STDERR_REDIRECT] [Fatal Error] :1:1: Premature end of file.
2026-03-09 21:00:29,926 [ERROR] LogOutputStream:75 - [STDERR_REDIRECT] 
2026-03-09 21:00:30,932 [ERROR] LogOutputStream:75 - [STDERR_REDIRECT] [Fatal Error] :1:1: Premature end of file.
2026-03-09 21:00:30,932 [ERROR] LogOutputStream:75 - [STDERR_REDIRECT] 
2026-03-09 21:00:31,937 [ERROR] LogOutputStream:75 - [STDERR_REDIRECT] [Fatal Error] :1:1: Premature end of file.
2026-03-09 21:00:31,937 [ERROR] LogOutputStream:75 - [STDERR_REDIRECT] 
2026-03-09 21:00:32,928 [ERROR] LogOutputStream:75 - [STDERR_REDIRECT] [Fatal Error] :1:1: Premature end of file.
2026-03-09 21:00:32,928 [ERROR] LogOutputStream:75 - [STDERR_REDIRECT] 
2026-03-09 21:00:33,934 [ERROR] LogOutputStream:75 - [STDERR_REDIRECT] [Fatal Error] :1:1: Premature end of file.
2026-03-09 21:00:33,934 [ERROR] LogOutputStream:75 - [STDERR_REDIRECT] 
2026-03-09 21:00:34,936 [ERROR] LogOutputStream:75 - [STDERR_REDIRECT] [Fatal Error] :1:1: Premature end of file.
2026-03-09 21:00:34,936 [ERROR] LogOutputStream:75 - [STDERR_REDIRECT] 
2026-03-09 21:00:35,924 [ERROR] LogOutputStream:75 - [STDERR_REDIRECT] [Fatal Error] :1:1: Premature end of file.
2026-03-09 21:00:35,924 [ERROR] LogOutputStream:75 - [STDERR_REDIRECT] 
2026-03-09 21:00:36,928 [ERROR] LogOutputStream:75 - [STDERR_REDIRECT] [Fatal Error] :1:1: Premature end of file.
2026-03-09 21:00:36,928 [ERROR] LogOutputStream:75 - [STDERR_REDIRECT] 
2026-03-09 21:00:37,932 [ERROR] LogOutputStream:75 - [STDERR_REDIRECT] [Fatal Error] :1:1: Premature end of file.
2026-03-09 21:00:37,932 [ERROR] LogOutputStream:75 - [STDERR_REDIRECT] 
2026-03-09 21:00:38,929 [ERROR] LogOutputStream:75 - [STDERR_REDIRECT] [Fatal Error] :1:1: Premature end of file.
2026-03-09 21:00:38,929 [ERROR] LogOutputStream:75 - [STDERR_REDIRECT] 
2026-03-09 21:00:39,930 [ERROR] LogOutputStream:75 - [STDERR_REDIRECT] [Fatal Error] :1:1: Premature end of file.
2026-03-09 21:00:39,930 [ERROR] LogOutputStream:75 - [STDERR_REDIRECT] 
2026-03-09 21:00:40,933 [ERROR] LogOutputStream:75 - [STDERR_REDIRECT] [Fatal Error] :1:1: Premature end of file.
2026-03-09 21:00:40,935 [ERROR] LogOutputStream:75 - [STDERR_REDIRECT] 
2026-03-09 21:00:41,931 [ERROR] LogOutputStream:75 - [STDERR_REDIRECT] [Fatal Error] :1:1: Premature end of file.
2026-03-09 21:00:41,931 [ERROR] LogOutputStream:75 - [STDERR_REDIRECT] 
2026-03-09 21:00:42,943 [ERROR] LogOutputStream:75 - [STDERR_REDIRECT] [Fatal Error] :1:1: Premature end of file.
2026-03-09 21:00:42,943 [ERROR] LogOutputStream:75 - [STDERR_REDIRECT] 
2026-03-09 21:00:43,931 [ERROR] LogOutputStream:75 - [STDERR_REDIRECT] [Fatal Error] :1:1: Premature end of file.
2026-03-09 21:00:43,931 [ERROR] LogOutputStream:75 - [STDERR_REDIRECT] 
2026-03-09 21:00:44,923 [ERROR] LogOutputStream:75 - [STDERR_REDIRECT] [Fatal Error] :1:1: Premature end of file.
2026-03-09 21:00:44,923 [ERROR] LogOutputStream:75 - [STDERR_REDIRECT] 
2026-03-09 21:00:45,930 [ERROR] LogOutputStream:75 - [STDERR_REDIRECT] [Fatal Error] :1:1: Premature end of file.
2026-03-09 21:00:45,930 [ERROR] LogOutputStream:75 - [STDERR_REDIRECT] 
2026-03-09 21:00:46,925 [ERROR] LogOutputStream:75 - [STDERR_REDIRECT] [Fatal Error] :1:1: Premature end of file.
2026-03-09 21:00:46,925 [ERROR] LogOutputStream:75 - [STDERR_REDIRECT] 
2026-03-09 21:00:47,926 [ERROR] LogOutputStream:75 - [STDERR_REDIRECT] [Fatal Error] :1:1: Premature end of file.
2026-03-09 21:00:47,926 [ERROR] LogOutputStream:75 - [STDERR_REDIRECT] 
2026-03-09 21:00:48,936 [ERROR] LogOutputStream:75 - [STDERR_REDIRECT] [Fatal Error] :1:1: Premature end of file.
2026-03-09 21:00:48,936 [ERROR] LogOutputStream:75 - [STDERR_REDIRECT] 
2026-03-09 21:00:49,935 [ERROR] LogOutputStream:75 - [STDERR_REDIRECT] [Fatal Error] :1:1: Premature end of file.
2026-03-09 21:00:49,936 [ERROR] LogOutputStream:75 - [STDERR_REDIRECT] 
2026-03-09 21:00:50,926 [ERROR] LogOutputStream:75 - [STDERR_REDIRECT] [Fatal Error] :1:1: Premature end of file.
2026-03-09 21:00:50,926 [ERROR] LogOutputStream:75 - [STDERR_REDIRECT] 
2026-03-09 21:00:51,934 [ERROR] LogOutputStream:75 - [STDERR_REDIRECT] [Fatal Error] :1:1: Premature end of file.
2026-03-09 21:00:51,934 [ERROR] LogOutputStream:75 - [STDERR_REDIRECT] 
2026-03-09 21:00:52,922 [ERROR] LogOutputStream:75 - [STDERR_REDIRECT] [Fatal Error] :1:1: Premature end of file.
2026-03-09 21:00:52,922 [ERROR] LogOutputStream:75 - [STDERR_REDIRECT] 
2026-03-09 21:00:53,928 [ERROR] LogOutputStream:75 - [STDERR_REDIRECT] [Fatal Error] :1:1: Premature end of file.
2026-03-09 21:00:53,928 [ERROR] LogOutputStream:75 - [STDERR_REDIRECT] 
2026-03-09 21:00:54,934 [ERROR] LogOutputStream:75 - [STDERR_REDIRECT] [Fatal Error] :1:1: Premature end of file.
2026-03-09 21:00:54,935 [ERROR] LogOutputStream:75 - [STDERR_REDIRECT] 
2026-03-09 21:00:55,935 [ERROR] LogOutputStream:75 - [STDERR_REDIRECT] [Fatal Error] :1:1: Premature end of file.
2026-03-09 21:00:55,935 [ERROR] LogOutputStream:75 - [STDERR_REDIRECT] 
2026-03-09 21:00:56,926 [ERROR] LogOutputStream:75 - [STDERR_REDIRECT] [Fatal Error] :1:1: Premature end of file.
2026-03-09 21:00:56,926 [ERROR] LogOutputStream:75 - [STDERR_REDIRECT] 
2026-03-09 21:00:57,934 [ERROR] LogOutputStream:75 - [STDERR_REDIRECT] [Fatal Error] :1:1: Premature end of file.
2026-03-09 21:00:57,934 [ERROR] LogOutputStream:75 - [STDERR_REDIRECT] 
2026-03-09 21:00:58,925 [ERROR] LogOutputStream:75 - [STDERR_REDIRECT] [Fatal Error] :1:1: Premature end of file.
2026-03-09 21:00:58,925 [ERROR] LogOutputStream:75 - [STDERR_REDIRECT] 
2026-03-09 21:00:59,930 [ERROR] LogOutputStream:75 - [STDERR_REDIRECT] [Fatal Error] :1:1: Premature end of file.
2026-03-09 21:00:59,930 [ERROR] LogOutputStream:75 - [STDERR_REDIRECT] 
2026-03-09 21:01:00,937 [ERROR] LogOutputStream:75 - [STDERR_REDIRECT] [Fatal Error] :1:1: Premature end of file.
2026-03-09 21:01:00,937 [ERROR] LogOutputStream:75 - [STDERR_REDIRECT] 
2026-03-09 21:01:01,933 [ERROR] LogOutputStream:75 - [STDERR_REDIRECT] [Fatal Error] :1:1: Premature end of file.
2026-03-09 21:01:01,933 [ERROR] LogOutputStream:75 - [STDERR_REDIRECT] 
2026-03-09 21:01:02,935 [ERROR] LogOutputStream:75 - [STDERR_REDIRECT] [Fatal Error] :1:1: Premature end of file.
2026-03-09 21:01:02,935 [ERROR] LogOutputStream:75 - [STDERR_REDIRECT] 
2026-03-09 21:01:03,923 [ERROR] LogOutputStream:75 - [STDERR_REDIRECT] [Fatal Error] :1:1: Premature end of file.
2026-03-09 21:01:03,923 [ERROR] LogOutputStream:75 - [STDERR_REDIRECT] 
2026-03-09 21:01:04,931 [ERROR] LogOutputStream:75 - [STDERR_REDIRECT] [Fatal Error] :1:1: Premature end of file.
2026-03-09 21:01:04,932 [ERROR] LogOutputStream:75 - [STDERR_REDIRECT] 
2026-03-09 21:01:05,923 [ERROR] LogOutputStream:75 - [STDERR_REDIRECT] [Fatal Error] :1:1: Premature end of file.
2026-03-09 21:01:05,924 [ERROR] LogOutputStream:75 - [STDERR_REDIRECT] 
2026-03-09 21:01:06,930 [ERROR] LogOutputStream:75 - [STDERR_REDIRECT] [Fatal Error] :1:1: Premature end of file.
2026-03-09 21:01:06,930 [ERROR] LogOutputStream:75 - [STDERR_REDIRECT] 
2026-03-09 21:01:07,937 [ERROR] LogOutputStream:75 - [STDERR_REDIRECT] [Fatal Error] :1:1: Premature end of file.
2026-03-09 21:01:07,937 [ERROR] LogOutputStream:75 - [STDERR_REDIRECT] 
2026-03-09 21:01:08,928 [ERROR] LogOutputStream:75 - [STDERR_REDIRECT] [Fatal Error] :1:1: Premature end of file.
2026-03-09 21:01:08,928 [ERROR] LogOutputStream:75 - [STDERR_REDIRECT] 
2026-03-09 21:01:09,932 [ERROR] LogOutputStream:75 - [STDERR_REDIRECT] [Fatal Error] :1:1: Premature end of file.
2026-03-09 21:01:09,932 [ERROR] LogOutputStream:75 - [STDERR_REDIRECT] 
2026-03-09 21:01:10,933 [ERROR] LogOutputStream:75 - [STDERR_REDIRECT] [Fatal Error] :1:1: Premature end of file.
2026-03-09 21:01:10,933 [ERROR] LogOutputStream:75 - [STDERR_REDIRECT] 
2026-03-09 21:01:11,929 [ERROR] LogOutputStream:75 - [STDERR_REDIRECT] [Fatal Error] :1:1: Premature end of file.
2026-03-09 21:01:11,929 [ERROR] LogOutputStream:75 - [STDERR_REDIRECT] 
2026-03-09 21:01:12,936 [ERROR] LogOutputStream:75 - [STDERR_REDIRECT] [Fatal Error] :1:1: Premature end of file.
2026-03-09 21:01:12,937 [ERROR] LogOutputStream:75 - [STDERR_REDIRECT] 
2026-03-09 21:01:13,925 [ERROR] LogOutputStream:75 - [STDERR_REDIRECT] [Fatal Error] :1:1: Premature end of file.
2026-03-09 21:01:13,926 [ERROR] LogOutputStream:75 - [STDERR_REDIRECT] 
2026-03-09 21:01:14,931 [ERROR] LogOutputStream:75 - [STDERR_REDIRECT] [Fatal Error] :1:1: Premature end of file.
2026-03-09 21:01:14,931 [ERROR] LogOutputStream:75 - [STDERR_REDIRECT] 
2026-03-09 21:01:15,936 [ERROR] LogOutputStream:75 - [STDERR_REDIRECT] [Fatal Error] :1:1: Premature end of file.
2026-03-09 21:01:15,936 [ERROR] LogOutputStream:75 - [STDERR_REDIRECT] 
2026-03-09 21:01:16,929 [ERROR] LogOutputStream:75 - [STDERR_REDIRECT] [Fatal Error] :1:1: Premature end of file.
2026-03-09 21:01:16,929 [ERROR] LogOutputStream:75 - [STDERR_REDIRECT] 
2026-03-09 21:01:17,927 [ERROR] LogOutputStream:75 - [STDERR_REDIRECT] [Fatal Error] :1:1: Premature end of file.
2026-03-09 21:01:17,927 [ERROR] LogOutputStream:75 - [STDERR_REDIRECT] 
2026-03-09 21:01:18,931 [ERROR] LogOutputStream:75 - [STDERR_REDIRECT] [Fatal Error] :1:1: Premature end of file.
2026-03-09 21:01:18,931 [ERROR] LogOutputStream:75 - [STDERR_REDIRECT] 
2026-03-09 21:01:19,922 [ERROR] LogOutputStream:75 - [STDERR_REDIRECT] [Fatal Error] :1:1: Premature end of file.
2026-03-09 21:01:19,922 [ERROR] LogOutputStream:75 - [STDERR_REDIRECT] 
2026-03-09 21:01:20,933 [ERROR] LogOutputStream:75 - [STDERR_REDIRECT] [Fatal Error] :1:1: Premature end of file.
2026-03-09 21:01:20,933 [ERROR] LogOutputStream:75 - [STDERR_REDIRECT] 
2026-03-09 21:01:21,934 [ERROR] LogOutputStream:75 - [STDERR_REDIRECT] [Fatal Error] :1:1: Premature end of file.
2026-03-09 21:01:21,934 [ERROR] LogOutputStream:75 - [STDERR_REDIRECT] 
2026-03-09 21:01:22,930 [ERROR] LogOutputStream:75 - [STDERR_REDIRECT] [Fatal Error] :1:1: Premature end of file.
2026-03-09 21:01:22,930 [ERROR] LogOutputStream:75 - [STDERR_REDIRECT] 
2026-03-09 21:01:23,944 [ERROR] LogOutputStream:75 - [STDERR_REDIRECT] [Fatal Error] :1:1: Premature end of file.
2026-03-09 21:01:23,944 [ERROR] LogOutputStream:75 - [STDERR_REDIRECT] 
2026-03-09 21:01:24,934 [ERROR] LogOutputStream:75 - [STDERR_REDIRECT] [Fatal Error] :1:1: Premature end of file.
2026-03-09 21:01:24,934 [ERROR] LogOutputStream:75 - [STDERR_REDIRECT] 
2026-03-09 21:01:25,926 [ERROR] LogOutputStream:75 - [STDERR_REDIRECT] [Fatal Error] :1:1: Premature end of file.
2026-03-09 21:01:25,926 [ERROR] LogOutputStream:75 - [STDERR_REDIRECT] 
2026-03-09 21:01:26,931 [ERROR] LogOutputStream:75 - [STDERR_REDIRECT] [Fatal Error] :1:1: Premature end of file.
2026-03-09 21:01:26,931 [ERROR] LogOutputStream:75 - [STDERR_REDIRECT] 
2026-03-09 21:01:27,936 [ERROR] LogOutputStream:75 - [STDERR_REDIRECT] [Fatal Error] :1:1: Premature end of file.
2026-03-09 21:01:27,936 [ERROR] LogOutputStream:75 - [STDERR_REDIRECT] 
2026-03-09 21:01:28,926 [ERROR] LogOutputStream:75 - [STDERR_REDIRECT] [Fatal Error] :1:1: Premature end of file.
2026-03-09 21:01:28,926 [ERROR] LogOutputStream:75 - [STDERR_REDIRECT] 
2026-03-09 21:01:29,932 [ERROR] LogOutputStream:75 - [STDERR_REDIRECT] [Fatal Error] :1:1: Premature end of file.
2026-03-09 21:01:29,932 [ERROR] LogOutputStream:75 - [STDERR_REDIRECT] 
2026-03-09 21:01:30,934 [ERROR] LogOutputStream:75 - [STDERR_REDIRECT] [Fatal Error] :1:1: Premature end of file.
2026-03-09 21:01:30,934 [ERROR] LogOutputStream:75 - [STDERR_REDIRECT] 
2026-03-09 21:01:31,929 [ERROR] LogOutputStream:75 - [STDERR_REDIRECT] [Fatal Error] :1:1: Premature end of file.
2026-03-09 21:01:31,929 [ERROR] LogOutputStream:75 - [STDERR_REDIRECT] 
2026-03-09 21:01:32,936 [ERROR] LogOutputStream:75 - [STDERR_REDIRECT] [Fatal Error] :1:1: Premature end of file.
2026-03-09 21:01:32,936 [ERROR] LogOutputStream:75 - [STDERR_REDIRECT] 
2026-03-09 21:01:33,934 [ERROR] LogOutputStream:75 - [STDERR_REDIRECT] [Fatal Error] :1:1: Premature end of file.
2026-03-09 21:01:33,934 [ERROR] LogOutputStream:75 - [STDERR_REDIRECT] 
2026-03-09 21:01:34,935 [ERROR] LogOutputStream:75 - [STDERR_REDIRECT] [Fatal Error] :1:1: Premature end of file.
2026-03-09 21:01:34,935 [ERROR] LogOutputStream:75 - [STDERR_REDIRECT] 
2026-03-09 21:01:35,927 [ERROR] LogOutputStream:75 - [STDERR_REDIRECT] [Fatal Error] :1:1: Premature end of file.
2026-03-09 21:01:35,927 [ERROR] LogOutputStream:75 - [STDERR_REDIRECT] 
2026-03-09 21:01:36,936 [ERROR] LogOutputStream:75 - [STDERR_REDIRECT] [Fatal Error] :1:1: Premature end of file.
2026-03-09 21:01:36,937 [ERROR] LogOutputStream:75 - [STDERR_REDIRECT] 
2026-03-09 21:01:37,928 [ERROR] LogOutputStream:75 - [STDERR_REDIRECT] [Fatal Error] :1:1: Premature end of file.
2026-03-09 21:01:37,928 [ERROR] LogOutputStream:75 - [STDERR_REDIRECT] 
2026-03-09 21:01:38,935 [ERROR] LogOutputStream:75 - [STDERR_REDIRECT] [Fatal Error] :1:1: Premature end of file.
2026-03-09 21:01:38,935 [ERROR] LogOutputStream:75 - [STDERR_REDIRECT] 
2026-03-09 21:01:39,937 [ERROR] LogOutputStream:75 - [STDERR_REDIRECT] [Fatal Error] :1:1: Premature end of file.
2026-03-09 21:01:39,937 [ERROR] LogOutputStream:75 - [STDERR_REDIRECT] 
2026-03-09 21:01:40,927 [ERROR] LogOutputStream:75 - [STDERR_REDIRECT] [Fatal Error] :1:1: Premature end of file.
2026-03-09 21:01:40,927 [ERROR] LogOutputStream:75 - [STDERR_REDIRECT] 
2026-03-09 21:01:41,930 [ERROR] LogOutputStream:75 - [STDERR_REDIRECT] [Fatal Error] :1:1: Premature end of file.
2026-03-09 21:01:41,930 [ERROR] LogOutputStream:75 - [STDERR_REDIRECT] 
2026-03-09 21:01:42,921 [ERROR] LogOutputStream:75 - [STDERR_REDIRECT] [Fatal Error] :1:1: Premature end of file.
2026-03-09 21:01:42,921 [ERROR] LogOutputStream:75 - [STDERR_REDIRECT] 
2026-03-09 21:01:43,932 [ERROR] LogOutputStream:75 - [STDERR_REDIRECT] [Fatal Error] :1:1: Premature end of file.
2026-03-09 21:01:43,932 [ERROR] LogOutputStream:75 - [STDERR_REDIRECT] 
2026-03-09 21:01:44,931 [ERROR] LogOutputStream:75 - [STDERR_REDIRECT] [Fatal Error] :1:1: Premature end of file.
2026-03-09 21:01:44,931 [ERROR] LogOutputStream:75 - [STDERR_REDIRECT] 
2026-03-09 21:01:45,923 [ERROR] LogOutputStream:75 - [STDERR_REDIRECT] [Fatal Error] :1:1: Premature end of file.
2026-03-09 21:01:45,923 [ERROR] LogOutputStream:75 - [STDERR_REDIRECT] 
2026-03-09 21:01:46,928 [ERROR] LogOutputStream:75 - [STDERR_REDIRECT] [Fatal Error] :1:1: Premature end of file.
2026-03-09 21:01:46,928 [ERROR] LogOutputStream:75 - [STDERR_REDIRECT] 
2026-03-09 21:01:47,935 [ERROR] LogOutputStream:75 - [STDERR_REDIRECT] [Fatal Error] :1:1: Premature end of file.
2026-03-09 21:01:47,935 [ERROR] LogOutputStream:75 - [STDERR_REDIRECT] 
2026-03-09 21:01:48,923 [ERROR] LogOutputStream:75 - [STDERR_REDIRECT] [Fatal Error] :1:1: Premature end of file.
2026-03-09 21:01:48,924 [ERROR] LogOutputStream:75 - [STDERR_REDIRECT] 
2026-03-09 21:01:49,928 [ERROR] LogOutputStream:75 - [STDERR_REDIRECT] [Fatal Error] :1:1: Premature end of file.
2026-03-09 21:01:49,928 [ERROR] LogOutputStream:75 - [STDERR_REDIRECT] 
2026-03-09 21:01:50,936 [ERROR] LogOutputStream:75 - [STDERR_REDIRECT] [Fatal Error] :1:1: Premature end of file.
2026-03-09 21:01:50,937 [ERROR] LogOutputStream:75 - [STDERR_REDIRECT] 
2026-03-09 21:01:51,926 [ERROR] LogOutputStream:75 - [STDERR_REDIRECT] [Fatal Error] :1:1: Premature end of file.
2026-03-09 21:01:51,926 [ERROR] LogOutputStream:75 - [STDERR_REDIRECT] 
2026-03-09 21:01:52,932 [ERROR] LogOutputStream:75 - [STDERR_REDIRECT] [Fatal Error] :1:1: Premature end of file.
2026-03-09 21:01:52,932 [ERROR] LogOutputStream:75 - [STDERR_REDIRECT] 
2026-03-09 21:01:53,923 [ERROR] LogOutputStream:75 - [STDERR_REDIRECT] [Fatal Error] :1:1: Premature end of file.
2026-03-09 21:01:53,923 [ERROR] LogOutputStream:75 - [STDERR_REDIRECT] 
2026-03-09 21:01:54,927 [ERROR] LogOutputStream:75 - [STDERR_REDIRECT] [Fatal Error] :1:1: Premature end of file.
2026-03-09 21:01:54,927 [ERROR] LogOutputStream:75 - [STDERR_REDIRECT] 
2026-03-09 21:01:55,929 [ERROR] LogOutputStream:75 - [STDERR_REDIRECT] [Fatal Error] :1:1: Premature end of file.
2026-03-09 21:01:55,929 [ERROR] LogOutputStream:75 - [STDERR_REDIRECT] 
2026-03-09 21:01:56,921 [ERROR] LogOutputStream:75 - [STDERR_REDIRECT] [Fatal Error] :1:1: Premature end of file.
2026-03-09 21:01:56,921 [ERROR] LogOutputStream:75 - [STDERR_REDIRECT] 
2026-03-09 21:01:57,925 [ERROR] LogOutputStream:75 - [STDERR_REDIRECT] [Fatal Error] :1:1: Premature end of file.
2026-03-09 21:01:57,925 [ERROR] LogOutputStream:75 - [STDERR_REDIRECT] 
2026-03-09 21:01:58,927 [ERROR] LogOutputStream:75 - [STDERR_REDIRECT] [Fatal Error] :1:1: Premature end of file.
2026-03-09 21:01:58,927 [ERROR] LogOutputStream:75 - [STDERR_REDIRECT] 
2026-03-09 21:01:59,935 [ERROR] LogOutputStream:75 - [STDERR_REDIRECT] [Fatal Error] :1:1: Premature end of file.
2026-03-09 21:01:59,935 [ERROR] LogOutputStream:75 - [STDERR_REDIRECT] 
2026-03-09 21:02:00,926 [ERROR] LogOutputStream:75 - [STDERR_REDIRECT] [Fatal Error] :1:1: Premature end of file.
2026-03-09 21:02:00,926 [ERROR] LogOutputStream:75 - [STDERR_REDIRECT] 
2026-03-09 21:02:01,929 [ERROR] LogOutputStream:75 - [STDERR_REDIRECT] [Fatal Error] :1:1: Premature end of file.
2026-03-09 21:02:01,929 [ERROR] LogOutputStream:75 - [STDERR_REDIRECT] 
2026-03-09 21:02:02,934 [ERROR] LogOutputStream:75 - [STDERR_REDIRECT] [Fatal Error] :1:1: Premature end of file.
2026-03-09 21:02:02,934 [ERROR] LogOutputStream:75 - [STDERR_REDIRECT] 
2026-03-09 21:02:03,924 [ERROR] LogOutputStream:75 - [STDERR_REDIRECT] [Fatal Error] :1:1: Premature end of file.
2026-03-09 21:02:03,924 [ERROR] LogOutputStream:75 - [STDERR_REDIRECT] 
2026-03-09 21:02:04,936 [ERROR] LogOutputStream:75 - [STDERR_REDIRECT] [Fatal Error] :1:1: Premature end of file.
2026-03-09 21:02:04,936 [ERROR] LogOutputStream:75 - [STDERR_REDIRECT] 
2026-03-09 21:02:05,931 [ERROR] LogOutputStream:75 - [STDERR_REDIRECT] [Fatal Error] :1:1: Premature end of file.
2026-03-09 21:02:05,931 [ERROR] LogOutputStream:75 - [STDERR_REDIRECT] 
2026-03-09 21:02:06,935 [ERROR] LogOutputStream:75 - [STDERR_REDIRECT] [Fatal Error] :1:1: Premature end of file.
2026-03-09 21:02:06,935 [ERROR] LogOutputStream:75 - [STDERR_REDIRECT] 
2026-03-09 21:02:07,938 [ERROR] LogOutputStream:75 - [STDERR_REDIRECT] [Fatal Error] :1:1: Premature end of file.
2026-03-09 21:02:07,938 [ERROR] LogOutputStream:75 - [STDERR_REDIRECT] 
2026-03-09 21:02:08,925 [ERROR] LogOutputStream:75 - [STDERR_REDIRECT] [Fatal Error] :1:1: Premature end of file.
2026-03-09 21:02:08,925 [ERROR] LogOutputStream:75 - [STDERR_REDIRECT] 
2026-03-09 21:02:09,933 [ERROR] LogOutputStream:75 - [STDERR_REDIRECT] [Fatal Error] :1:1: Premature end of file.
2026-03-09 21:02:09,933 [ERROR] LogOutputStream:75 - [STDERR_REDIRECT] 
2026-03-09 21:02:10,928 [ERROR] LogOutputStream:75 - [STDERR_REDIRECT] [Fatal Error] :1:1: Premature end of file.
2026-03-09 21:02:10,928 [ERROR] LogOutputStream:75 - [STDERR_REDIRECT] 
2026-03-09 21:02:11,933 [ERROR] LogOutputStream:75 - [STDERR_REDIRECT] [Fatal Error] :1:1: Premature end of file.
2026-03-09 21:02:11,933 [ERROR] LogOutputStream:75 - [STDERR_REDIRECT] 
2026-03-09 21:02:12,927 [ERROR] LogOutputStream:75 - [STDERR_REDIRECT] [Fatal Error] :1:1: Premature end of file.
2026-03-09 21:02:12,927 [ERROR] LogOutputStream:75 - [STDERR_REDIRECT] 
2026-03-09 21:02:13,935 [ERROR] LogOutputStream:75 - [STDERR_REDIRECT] [Fatal Error] :1:1: Premature end of file.
2026-03-09 21:02:13,935 [ERROR] LogOutputStream:75 - [STDERR_REDIRECT] 
2026-03-09 21:02:14,931 [ERROR] LogOutputStream:75 - [STDERR_REDIRECT] [Fatal Error] :1:1: Premature end of file.
2026-03-09 21:02:14,931 [ERROR] LogOutputStream:75 - [STDERR_REDIRECT] 
2026-03-09 21:02:15,935 [ERROR] LogOutputStream:75 - [STDERR_REDIRECT] [Fatal Error] :1:1: Premature end of file.
2026-03-09 21:02:15,935 [ERROR] LogOutputStream:75 - [STDERR_REDIRECT] 
2026-03-09 21:02:16,927 [ERROR] LogOutputStream:75 - [STDERR_REDIRECT] [Fatal Error] :1:1: Premature end of file.
2026-03-09 21:02:16,927 [ERROR] LogOutputStream:75 - [STDERR_REDIRECT] 
2026-03-09 21:02:17,933 [ERROR] LogOutputStream:75 - [STDERR_REDIRECT] [Fatal Error] :1:1: Premature end of file.
2026-03-09 21:02:17,933 [ERROR] LogOutputStream:75 - [STDERR_REDIRECT] 
2026-03-09 21:02:18,943 [ERROR] LogOutputStream:75 - [STDERR_REDIRECT] [Fatal Error] :1:1: Premature end of file.
2026-03-09 21:02:18,943 [ERROR] LogOutputStream:75 - [STDERR_REDIRECT] 
2026-03-09 21:02:19,930 [ERROR] LogOutputStream:75 - [STDERR_REDIRECT] [Fatal Error] :1:1: Premature end of file.
2026-03-09 21:02:19,930 [ERROR] LogOutputStream:75 - [STDERR_REDIRECT] 
2026-03-09 21:02:20,923 [ERROR] LogOutputStream:75 - [STDERR_REDIRECT] [Fatal Error] :1:1: Premature end of file.
2026-03-09 21:02:20,923 [ERROR] LogOutputStream:75 - [STDERR_REDIRECT] 
2026-03-09 21:02:21,932 [ERROR] LogOutputStream:75 - [STDERR_REDIRECT] [Fatal Error] :1:1: Premature end of file.
2026-03-09 21:02:21,932 [ERROR] LogOutputStream:75 - [STDERR_REDIRECT] 
2026-03-09 21:02:22,925 [ERROR] LogOutputStream:75 - [STDERR_REDIRECT] [Fatal Error] :1:1: Premature end of file.
2026-03-09 21:02:22,925 [ERROR] LogOutputStream:75 - [STDERR_REDIRECT] 
2026-03-09 21:02:23,932 [ERROR] LogOutputStream:75 - [STDERR_REDIRECT] [Fatal Error] :1:1: Premature end of file.
2026-03-09 21:02:23,932 [ERROR] LogOutputStream:75 - [STDERR_REDIRECT] 
2026-03-09 21:02:24,932 [ERROR] LogOutputStream:75 - [STDERR_REDIRECT] [Fatal Error] :1:1: Premature end of file.
2026-03-09 21:02:24,932 [ERROR] LogOutputStream:75 - [STDERR_REDIRECT] 
2026-03-09 21:02:25,923 [ERROR] LogOutputStream:75 - [STDERR_REDIRECT] [Fatal Error] :1:1: Premature end of file.
2026-03-09 21:02:25,923 [ERROR] LogOutputStream:75 - [STDERR_REDIRECT] 
2026-03-09 21:02:26,930 [ERROR] LogOutputStream:75 - [STDERR_REDIRECT] [Fatal Error] :1:1: Premature end of file.
2026-03-09 21:02:26,930 [ERROR] LogOutputStream:75 - [STDERR_REDIRECT] 
2026-03-09 21:02:27,936 [ERROR] LogOutputStream:75 - [STDERR_REDIRECT] [Fatal Error] :1:1: Premature end of file.
2026-03-09 21:02:27,936 [ERROR] LogOutputStream:75 - [STDERR_REDIRECT] 
2026-03-09 21:02:28,928 [ERROR] LogOutputStream:75 - [STDERR_REDIRECT] [Fatal Error] :1:1: Premature end of file.
2026-03-09 21:02:28,928 [ERROR] LogOutputStream:75 - [STDERR_REDIRECT] 
2026-03-09 21:02:29,932 [ERROR] LogOutputStream:75 - [STDERR_REDIRECT] [Fatal Error] :1:1: Premature end of file.
2026-03-09 21:02:29,932 [ERROR] LogOutputStream:75 - [STDERR_REDIRECT] 
2026-03-09 21:02:30,941 [ERROR] LogOutputStream:75 - [STDERR_REDIRECT] [Fatal Error] :1:1: Premature end of file.
2026-03-09 21:02:30,941 [ERROR] LogOutputStream:75 - [STDERR_REDIRECT] 
2026-03-09 21:02:31,936 [ERROR] LogOutputStream:75 - [STDERR_REDIRECT] [Fatal Error] :1:1: Premature end of file.
2026-03-09 21:02:31,936 [ERROR] LogOutputStream:75 - [STDERR_REDIRECT] 
2026-03-09 21:02:32,928 [ERROR] LogOutputStream:75 - [STDERR_REDIRECT] [Fatal Error] :1:1: Premature end of file.
2026-03-09 21:02:32,928 [ERROR] LogOutputStream:75 - [STDERR_REDIRECT] 
2026-03-09 21:02:33,933 [ERROR] LogOutputStream:75 - [STDERR_REDIRECT] [Fatal Error] :1:1: Premature end of file.
2026-03-09 21:02:33,933 [ERROR] LogOutputStream:75 - [STDERR_REDIRECT] 
2026-03-09 21:02:34,933 [ERROR] LogOutputStream:75 - [STDERR_REDIRECT] [Fatal Error] :1:1: Premature end of file.
2026-03-09 21:02:34,933 [ERROR] LogOutputStream:75 - [STDERR_REDIRECT] 
2026-03-09 21:02:35,934 [ERROR] LogOutputStream:75 - [STDERR_REDIRECT] [Fatal Error] :1:1: Premature end of file.
2026-03-09 21:02:35,934 [ERROR] LogOutputStream:75 - [STDERR_REDIRECT] 
2026-03-09 21:02:36,930 [ERROR] LogOutputStream:75 - [STDERR_REDIRECT] [Fatal Error] :1:1: Premature end of file.
2026-03-09 21:02:36,930 [ERROR] LogOutputStream:75 - [STDERR_REDIRECT] 
2026-03-09 21:02:37,933 [ERROR] LogOutputStream:75 - [STDERR_REDIRECT] [Fatal Error] :1:1: Premature end of file.
2026-03-09 21:02:37,933 [ERROR] LogOutputStream:75 - [STDERR_REDIRECT] 
2026-03-09 21:02:38,924 [ERROR] LogOutputStream:75 - [STDERR_REDIRECT] [Fatal Error] :1:1: Premature end of file.
2026-03-09 21:02:38,924 [ERROR] LogOutputStream:75 - [STDERR_REDIRECT] 
2026-03-09 21:02:39,928 [ERROR] LogOutputStream:75 - [STDERR_REDIRECT] [Fatal Error] :1:1: Premature end of file.
2026-03-09 21:02:39,928 [ERROR] LogOutputStream:75 - [STDERR_REDIRECT] 
2026-03-09 21:02:40,938 [ERROR] LogOutputStream:75 - [STDERR_REDIRECT] [Fatal Error] :1:1: Premature end of file.
2026-03-09 21:02:40,938 [ERROR] LogOutputStream:75 - [STDERR_REDIRECT] 
2026-03-09 21:02:41,925 [ERROR] LogOutputStream:75 - [STDERR_REDIRECT] [Fatal Error] :1:1: Premature end of file.
2026-03-09 21:02:41,925 [ERROR] LogOutputStream:75 - [STDERR_REDIRECT] 
2026-03-09 21:02:42,931 [ERROR] LogOutputStream:75 - [STDERR_REDIRECT] [Fatal Error] :1:1: Premature end of file.
2026-03-09 21:02:42,931 [ERROR] LogOutputStream:75 - [STDERR_REDIRECT] 
2026-03-09 21:02:43,926 [ERROR] LogOutputStream:75 - [STDERR_REDIRECT] [Fatal Error] :1:1: Premature end of file.
2026-03-09 21:02:43,926 [ERROR] LogOutputStream:75 - [STDERR_REDIRECT] 
2026-03-09 21:02:44,928 [ERROR] LogOutputStream:75 - [STDERR_REDIRECT] [Fatal Error] :1:1: Premature end of file.
2026-03-09 21:02:44,928 [ERROR] LogOutputStream:75 - [STDERR_REDIRECT] 
2026-03-09 21:02:45,930 [ERROR] LogOutputStream:75 - [STDERR_REDIRECT] [Fatal Error] :1:1: Premature end of file.
2026-03-09 21:02:45,930 [ERROR] LogOutputStream:75 - [STDERR_REDIRECT] 
2026-03-09 21:02:46,938 [ERROR] LogOutputStream:75 - [STDERR_REDIRECT] [Fatal Error] :1:1: Premature end of file.
2026-03-09 21:02:46,938 [ERROR] LogOutputStream:75 - [STDERR_REDIRECT] 
2026-03-09 21:02:47,928 [ERROR] LogOutputStream:75 - [STDERR_REDIRECT] [Fatal Error] :1:1: Premature end of file.
2026-03-09 21:02:47,929 [ERROR] LogOutputStream:75 - [STDERR_REDIRECT] 
2026-03-09 21:02:48,929 [ERROR] LogOutputStream:75 - [STDERR_REDIRECT] [Fatal Error] :1:1: Premature end of file.
2026-03-09 21:02:48,929 [ERROR] LogOutputStream:75 - [STDERR_REDIRECT] 
2026-03-09 21:02:49,926 [ERROR] LogOutputStream:75 - [STDERR_REDIRECT] [Fatal Error] :1:1: Premature end of file.
2026-03-09 21:02:49,926 [ERROR] LogOutputStream:75 - [STDERR_REDIRECT] 
2026-03-09 21:02:50,934 [ERROR] LogOutputStream:75 - [STDERR_REDIRECT] [Fatal Error] :1:1: Premature end of file.
2026-03-09 21:02:50,934 [ERROR] LogOutputStream:75 - [STDERR_REDIRECT] 
2026-03-09 21:02:51,947 [ERROR] LogOutputStream:75 - [STDERR_REDIRECT] [Fatal Error] :1:1: Premature end of file.
2026-03-09 21:02:51,947 [ERROR] LogOutputStream:75 - [STDERR_REDIRECT] 
2026-03-09 21:02:52,925 [ERROR] LogOutputStream:75 - [STDERR_REDIRECT] [Fatal Error] :1:1: Premature end of file.
2026-03-09 21:02:52,925 [ERROR] LogOutputStream:75 - [STDERR_REDIRECT] 
2026-03-09 21:02:53,928 [ERROR] LogOutputStream:75 - [STDERR_REDIRECT] [Fatal Error] :1:1: Premature end of file.
2026-03-09 21:02:53,928 [ERROR] LogOutputStream:75 - [STDERR_REDIRECT] 
2026-03-09 21:02:54,931 [ERROR] LogOutputStream:75 - [STDERR_REDIRECT] [Fatal Error] :1:1: Premature end of file.
2026-03-09 21:02:54,931 [ERROR] LogOutputStream:75 - [STDERR_REDIRECT] 
2026-03-09 21:02:55,928 [ERROR] LogOutputStream:75 - [STDERR_REDIRECT] [Fatal Error] :1:1: Premature end of file.
2026-03-09 21:02:55,928 [ERROR] LogOutputStream:75 - [STDERR_REDIRECT] 
2026-03-09 21:02:56,930 [ERROR] LogOutputStream:75 - [STDERR_REDIRECT] [Fatal Error] :1:1: Premature end of file.
2026-03-09 21:02:56,930 [ERROR] LogOutputStream:75 - [STDERR_REDIRECT] 
2026-03-09 21:02:57,925 [ERROR] LogOutputStream:75 - [STDERR_REDIRECT] [Fatal Error] :1:1: Premature end of file.
2026-03-09 21:02:57,925 [ERROR] LogOutputStream:75 - [STDERR_REDIRECT] 
2026-03-09 21:02:58,933 [ERROR] LogOutputStream:75 - [STDERR_REDIRECT] [Fatal Error] :1:1: Premature end of file.
2026-03-09 21:02:58,933 [ERROR] LogOutputStream:75 - [STDERR_REDIRECT] 
2026-03-09 21:02:59,925 [ERROR] LogOutputStream:75 - [STDERR_REDIRECT] [Fatal Error] :1:1: Premature end of file.
2026-03-09 21:02:59,925 [ERROR] LogOutputStream:75 - [STDERR_REDIRECT] 
2026-03-09 21:03:00,934 [ERROR] LogOutputStream:75 - [STDERR_REDIRECT] [Fatal Error] :1:1: Premature end of file.
2026-03-09 21:03:00,934 [ERROR] LogOutputStream:75 - [STDERR_REDIRECT] 
2026-03-09 21:03:01,939 [ERROR] LogOutputStream:75 - [STDERR_REDIRECT] [Fatal Error] :1:1: Premature end of file.
2026-03-09 21:03:01,939 [ERROR] LogOutputStream:75 - [STDERR_REDIRECT] 
2026-03-09 21:03:02,925 [ERROR] LogOutputStream:75 - [STDERR_REDIRECT] [Fatal Error] :1:1: Premature end of file.
2026-03-09 21:03:02,925 [ERROR] LogOutputStream:75 - [STDERR_REDIRECT] 
2026-03-09 21:03:03,933 [ERROR] LogOutputStream:75 - [STDERR_REDIRECT] [Fatal Error] :1:1: Premature end of file.
2026-03-09 21:03:03,933 [ERROR] LogOutputStream:75 - [STDERR_REDIRECT] 
2026-03-09 21:03:04,922 [ERROR] LogOutputStream:75 - [STDERR_REDIRECT] [Fatal Error] :1:1: Premature end of file.
2026-03-09 21:03:04,922 [ERROR] LogOutputStream:75 - [STDERR_REDIRECT] 
2026-03-09 21:03:05,926 [ERROR] LogOutputStream:75 - [STDERR_REDIRECT] [Fatal Error] :1:1: Premature end of file.
2026-03-09 21:03:05,926 [ERROR] LogOutputStream:75 - [STDERR_REDIRECT] 
2026-03-09 21:03:06,933 [ERROR] LogOutputStream:75 - [STDERR_REDIRECT] [Fatal Error] :1:1: Premature end of file.
2026-03-09 21:03:06,933 [ERROR] LogOutputStream:75 - [STDERR_REDIRECT] 
2026-03-09 21:03:07,936 [ERROR] LogOutputStream:75 - [STDERR_REDIRECT] [Fatal Error] :1:1: Premature end of file.
2026-03-09 21:03:07,936 [ERROR] LogOutputStream:75 - [STDERR_REDIRECT] 
2026-03-09 21:03:08,930 [ERROR] LogOutputStream:75 - [STDERR_REDIRECT] [Fatal Error] :1:1: Premature end of file.
2026-03-09 21:03:08,930 [ERROR] LogOutputStream:75 - [STDERR_REDIRECT] 
2026-03-09 21:03:09,924 [ERROR] LogOutputStream:75 - [STDERR_REDIRECT] [Fatal Error] :1:1: Premature end of file.
2026-03-09 21:03:09,924 [ERROR] LogOutputStream:75 - [STDERR_REDIRECT] 
2026-03-09 21:03:10,931 [ERROR] LogOutputStream:75 - [STDERR_REDIRECT] [Fatal Error] :1:1: Premature end of file.
2026-03-09 21:03:10,931 [ERROR] LogOutputStream:75 - [STDERR_REDIRECT] 
2026-03-09 21:03:11,929 [ERROR] LogOutputStream:75 - [STDERR_REDIRECT] [Fatal Error] :1:1: Premature end of file.
2026-03-09 21:03:11,929 [ERROR] LogOutputStream:75 - [STDERR_REDIRECT] 
2026-03-09 21:03:12,939 [ERROR] LogOutputStream:75 - [STDERR_REDIRECT] [Fatal Error] :1:1: Premature end of file.
2026-03-09 21:03:12,939 [ERROR] LogOutputStream:75 - [STDERR_REDIRECT] 
2026-03-09 21:03:13,936 [ERROR] LogOutputStream:75 - [STDERR_REDIRECT] [Fatal Error] :1:1: Premature end of file.
2026-03-09 21:03:13,936 [ERROR] LogOutputStream:75 - [STDERR_REDIRECT] 
2026-03-09 21:03:14,925 [ERROR] LogOutputStream:75 - [STDERR_REDIRECT] [Fatal Error] :1:1: Premature end of file.
2026-03-09 21:03:14,925 [ERROR] LogOutputStream:75 - [STDERR_REDIRECT] 
2026-03-09 21:03:15,931 [ERROR] LogOutputStream:75 - [STDERR_REDIRECT] [Fatal Error] :1:1: Premature end of file.
2026-03-09 21:03:15,931 [ERROR] LogOutputStream:75 - [STDERR_REDIRECT] 
2026-03-09 21:03:16,930 [ERROR] LogOutputStream:75 - [STDERR_REDIRECT] [Fatal Error] :1:1: Premature end of file.
2026-03-09 21:03:16,930 [ERROR] LogOutputStream:75 - [STDERR_REDIRECT] 
2026-03-09 21:03:17,924 [ERROR] LogOutputStream:75 - [STDERR_REDIRECT] [Fatal Error] :1:1: Premature end of file.
2026-03-09 21:03:17,924 [ERROR] LogOutputStream:75 - [STDERR_REDIRECT] 
2026-03-09 21:03:18,927 [ERROR] LogOutputStream:75 - [STDERR_REDIRECT] [Fatal Error] :1:1: Premature end of file.
2026-03-09 21:03:18,927 [ERROR] LogOutputStream:75 - [STDERR_REDIRECT] 
2026-03-09 21:03:19,932 [ERROR] LogOutputStream:75 - [STDERR_REDIRECT] [Fatal Error] :1:1: Premature end of file.
2026-03-09 21:03:19,932 [ERROR] LogOutputStream:75 - [STDERR_REDIRECT] 
2026-03-09 21:03:20,926 [ERROR] LogOutputStream:75 - [STDERR_REDIRECT] [Fatal Error] :1:1: Premature end of file.
2026-03-09 21:03:20,926 [ERROR] LogOutputStream:75 - [STDERR_REDIRECT] 
2026-03-09 21:03:21,934 [ERROR] LogOutputStream:75 - [STDERR_REDIRECT] [Fatal Error] :1:1: Premature end of file.
2026-03-09 21:03:21,934 [ERROR] LogOutputStream:75 - [STDERR_REDIRECT] 
2026-03-09 21:03:22,933 [ERROR] LogOutputStream:75 - [STDERR_REDIRECT] [Fatal Error] :1:1: Premature end of file.
2026-03-09 21:03:22,933 [ERROR] LogOutputStream:75 - [STDERR_REDIRECT] 
2026-03-09 21:03:23,922 [ERROR] LogOutputStream:75 - [STDERR_REDIRECT] [Fatal Error] :1:1: Premature end of file.
2026-03-09 21:03:23,922 [ERROR] LogOutputStream:75 - [STDERR_REDIRECT] 
2026-03-09 21:03:24,927 [ERROR] LogOutputStream:75 - [STDERR_REDIRECT] [Fatal Error] :1:1: Premature end of file.
2026-03-09 21:03:24,927 [ERROR] LogOutputStream:75 - [STDERR_REDIRECT] 
2026-03-09 21:03:25,928 [ERROR] LogOutputStream:75 - [STDERR_REDIRECT] [Fatal Error] :1:1: Premature end of file.
2026-03-09 21:03:25,928 [ERROR] LogOutputStream:75 - [STDERR_REDIRECT] 
2026-03-09 21:03:26,934 [ERROR] LogOutputStream:75 - [STDERR_REDIRECT] [Fatal Error] :1:1: Premature end of file.
2026-03-09 21:03:26,934 [ERROR] LogOutputStream:75 - [STDERR_REDIRECT] 
2026-03-09 21:03:27,935 [ERROR] LogOutputStream:75 - [STDERR_REDIRECT] [Fatal Error] :1:1: Premature end of file.
2026-03-09 21:03:27,935 [ERROR] LogOutputStream:75 - [STDERR_REDIRECT] 
2026-03-09 21:03:28,936 [ERROR] LogOutputStream:75 - [STDERR_REDIRECT] [Fatal Error] :1:1: Premature end of file.
2026-03-09 21:03:28,936 [ERROR] LogOutputStream:75 - [STDERR_REDIRECT] 
2026-03-09 21:03:29,925 [ERROR] LogOutputStream:75 - [STDERR_REDIRECT] [Fatal Error] :1:1: Premature end of file.
2026-03-09 21:03:29,925 [ERROR] LogOutputStream:75 - [STDERR_REDIRECT] 
2026-03-09 21:03:30,924 [ERROR] LogOutputStream:75 - [STDERR_REDIRECT] [Fatal Error] :1:1: Premature end of file.
2026-03-09 21:03:30,924 [ERROR] LogOutputStream:75 - [STDERR_REDIRECT] 
2026-03-09 21:03:31,930 [ERROR] LogOutputStream:75 - [STDERR_REDIRECT] [Fatal Error] :1:1: Premature end of file.
2026-03-09 21:03:31,930 [ERROR] LogOutputStream:75 - [STDERR_REDIRECT] 
2026-03-09 21:03:32,922 [ERROR] LogOutputStream:75 - [STDERR_REDIRECT] [Fatal Error] :1:1: Premature end of file.
2026-03-09 21:03:32,922 [ERROR] LogOutputStream:75 - [STDERR_REDIRECT] 
2026-03-09 21:03:33,924 [ERROR] LogOutputStream:75 - [STDERR_REDIRECT] [Fatal Error] :1:1: Premature end of file.
2026-03-09 21:03:33,924 [ERROR] LogOutputStream:75 - [STDERR_REDIRECT] 
2026-03-09 21:03:34,929 [ERROR] LogOutputStream:75 - [STDERR_REDIRECT] [Fatal Error] :1:1: Premature end of file.
2026-03-09 21:03:34,929 [ERROR] LogOutputStream:75 - [STDERR_REDIRECT] 
2026-03-09 21:03:35,939 [ERROR] LogOutputStream:75 - [STDERR_REDIRECT] [Fatal Error] :1:1: Premature end of file.
2026-03-09 21:03:35,939 [ERROR] LogOutputStream:75 - [STDERR_REDIRECT] 
2026-03-09 21:03:36,948 [ERROR] LogOutputStream:75 - [STDERR_REDIRECT] [Fatal Error] :1:1: Premature end of file.
2026-03-09 21:03:36,948 [ERROR] LogOutputStream:75 - [STDERR_REDIRECT] 
2026-03-09 21:03:37,925 [ERROR] LogOutputStream:75 - [STDERR_REDIRECT] [Fatal Error] :1:1: Premature end of file.
2026-03-09 21:03:37,925 [ERROR] LogOutputStream:75 - [STDERR_REDIRECT] 
2026-03-09 21:03:38,930 [ERROR] LogOutputStream:75 - [STDERR_REDIRECT] [Fatal Error] :1:1: Premature end of file.
2026-03-09 21:03:38,930 [ERROR] LogOutputStream:75 - [STDERR_REDIRECT] 
2026-03-09 21:03:39,934 [ERROR] LogOutputStream:75 - [STDERR_REDIRECT] [Fatal Error] :1:1: Premature end of file.
2026-03-09 21:03:39,934 [ERROR] LogOutputStream:75 - [STDERR_REDIRECT] 
2026-03-09 21:03:40,940 [ERROR] LogOutputStream:75 - [STDERR_REDIRECT] [Fatal Error] :1:1: Premature end of file.
2026-03-09 21:03:40,940 [ERROR] LogOutputStream:75 - [STDERR_REDIRECT] 
2026-03-09 21:03:41,931 [ERROR] LogOutputStream:75 - [STDERR_REDIRECT] [Fatal Error] :1:1: Premature end of file.
2026-03-09 21:03:41,931 [ERROR] LogOutputStream:75 - [STDERR_REDIRECT] 
2026-03-09 21:03:42,937 [ERROR] LogOutputStream:75 - [STDERR_REDIRECT] [Fatal Error] :1:1: Premature end of file.
2026-03-09 21:03:42,937 [ERROR] LogOutputStream:75 - [STDERR_REDIRECT] 
2026-03-09 21:03:43,925 [ERROR] LogOutputStream:75 - [STDERR_REDIRECT] [Fatal Error] :1:1: Premature end of file.
2026-03-09 21:03:43,925 [ERROR] LogOutputStream:75 - [STDERR_REDIRECT] 
2026-03-09 21:03:44,931 [ERROR] LogOutputStream:75 - [STDERR_REDIRECT] [Fatal Error] :1:1: Premature end of file.
2026-03-09 21:03:44,931 [ERROR] LogOutputStream:75 - [STDERR_REDIRECT] 
2026-03-09 21:03:45,934 [ERROR] LogOutputStream:75 - [STDERR_REDIRECT] [Fatal Error] :1:1: Premature end of file.
2026-03-09 21:03:45,934 [ERROR] LogOutputStream:75 - [STDERR_REDIRECT] 
2026-03-09 21:03:46,929 [ERROR] LogOutputStream:75 - [STDERR_REDIRECT] [Fatal Error] :1:1: Premature end of file.
2026-03-09 21:03:46,929 [ERROR] LogOutputStream:75 - [STDERR_REDIRECT] 
2026-03-09 21:03:47,935 [ERROR] LogOutputStream:75 - [STDERR_REDIRECT] [Fatal Error] :1:1: Premature end of file.
2026-03-09 21:03:47,935 [ERROR] LogOutputStream:75 - [STDERR_REDIRECT] 
2026-03-09 21:03:48,931 [ERROR] LogOutputStream:75 - [STDERR_REDIRECT] [Fatal Error] :1:1: Premature end of file.
2026-03-09 21:03:48,931 [ERROR] LogOutputStream:75 - [STDERR_REDIRECT] 
2026-03-09 21:03:49,936 [ERROR] LogOutputStream:75 - [STDERR_REDIRECT] [Fatal Error] :1:1: Premature end of file.
2026-03-09 21:03:49,936 [ERROR] LogOutputStream:75 - [STDERR_REDIRECT] 
2026-03-09 21:03:50,925 [ERROR] LogOutputStream:75 - [STDERR_REDIRECT] [Fatal Error] :1:1: Premature end of file.
2026-03-09 21:03:50,925 [ERROR] LogOutputStream:75 - [STDERR_REDIRECT] 
2026-03-09 21:03:51,933 [ERROR] LogOutputStream:75 - [STDERR_REDIRECT] [Fatal Error] :1:1: Premature end of file.
2026-03-09 21:03:51,933 [ERROR] LogOutputStream:75 - [STDERR_REDIRECT] 
2026-03-09 21:03:52,923 [ERROR] LogOutputStream:75 - [STDERR_REDIRECT] [Fatal Error] :1:1: Premature end of file.
2026-03-09 21:03:52,923 [ERROR] LogOutputStream:75 - [STDERR_REDIRECT] 
2026-03-09 21:03:53,923 [ERROR] LogOutputStream:75 - [STDERR_REDIRECT] [Fatal Error] :1:1: Premature end of file.
2026-03-09 21:03:53,923 [ERROR] LogOutputStream:75 - [STDERR_REDIRECT] 
2026-03-09 21:03:54,927 [ERROR] LogOutputStream:75 - [STDERR_REDIRECT] [Fatal Error] :1:1: Premature end of file.
2026-03-09 21:03:54,927 [ERROR] LogOutputStream:75 - [STDERR_REDIRECT] 
2026-03-09 21:03:55,929 [ERROR] LogOutputStream:75 - [STDERR_REDIRECT] [Fatal Error] :1:1: Premature end of file.
2026-03-09 21:03:55,929 [ERROR] LogOutputStream:75 - [STDERR_REDIRECT] 
2026-03-09 21:03:56,934 [ERROR] LogOutputStream:75 - [STDERR_REDIRECT] [Fatal Error] :1:1: Premature end of file.
2026-03-09 21:03:56,934 [ERROR] LogOutputStream:75 - [STDERR_REDIRECT] 
2026-03-09 21:03:57,926 [ERROR] LogOutputStream:75 - [STDERR_REDIRECT] [Fatal Error] :1:1: Premature end of file.
2026-03-09 21:03:57,926 [ERROR] LogOutputStream:75 - [STDERR_REDIRECT] 
2026-03-09 21:03:58,929 [ERROR] LogOutputStream:75 - [STDERR_REDIRECT] [Fatal Error] :1:1: Premature end of file.
2026-03-09 21:03:58,929 [ERROR] LogOutputStream:75 - [STDERR_REDIRECT] 
2026-03-09 21:03:59,934 [ERROR] LogOutputStream:75 - [STDERR_REDIRECT] [Fatal Error] :1:1: Premature end of file.
2026-03-09 21:03:59,934 [ERROR] LogOutputStream:75 - [STDERR_REDIRECT] 
2026-03-09 21:04:00,930 [ERROR] LogOutputStream:75 - [STDERR_REDIRECT] [Fatal Error] :1:1: Premature end of file.
2026-03-09 21:04:00,930 [ERROR] LogOutputStream:75 - [STDERR_REDIRECT] 
2026-03-09 21:04:01,936 [ERROR] LogOutputStream:75 - [STDERR_REDIRECT] [Fatal Error] :1:1: Premature end of file.
2026-03-09 21:04:01,936 [ERROR] LogOutputStream:75 - [STDERR_REDIRECT] 
2026-03-09 21:04:02,948 [ERROR] LogOutputStream:75 - [STDERR_REDIRECT] [Fatal Error] :1:1: Premature end of file.
2026-03-09 21:04:02,948 [ERROR] LogOutputStream:75 - [STDERR_REDIRECT] 
2026-03-09 21:04:03,934 [ERROR] LogOutputStream:75 - [STDERR_REDIRECT] [Fatal Error] :1:1: Premature end of file.
2026-03-09 21:04:03,934 [ERROR] LogOutputStream:75 - [STDERR_REDIRECT] 
2026-03-09 21:04:04,922 [ERROR] LogOutputStream:75 - [STDERR_REDIRECT] [Fatal Error] :1:1: Premature end of file.
2026-03-09 21:04:04,922 [ERROR] LogOutputStream:75 - [STDERR_REDIRECT] 
2026-03-09 21:04:05,930 [ERROR] LogOutputStream:75 - [STDERR_REDIRECT] [Fatal Error] :1:1: Premature end of file.
2026-03-09 21:04:05,930 [ERROR] LogOutputStream:75 - [STDERR_REDIRECT] 
2026-03-09 21:04:06,934 [ERROR] LogOutputStream:75 - [STDERR_REDIRECT] [Fatal Error] :1:1: Premature end of file.
2026-03-09 21:04:06,934 [ERROR] LogOutputStream:75 - [STDERR_REDIRECT] 
2026-03-09 21:04:07,928 [ERROR] LogOutputStream:75 - [STDERR_REDIRECT] [Fatal Error] :1:1: Premature end of file.
2026-03-09 21:04:07,928 [ERROR] LogOutputStream:75 - [STDERR_REDIRECT] 
2026-03-09 21:04:08,935 [ERROR] LogOutputStream:75 - [STDERR_REDIRECT] [Fatal Error] :1:1: Premature end of file.
2026-03-09 21:04:08,935 [ERROR] LogOutputStream:75 - [STDERR_REDIRECT] 
2026-03-09 21:04:09,930 [ERROR] LogOutputStream:75 - [STDERR_REDIRECT] [Fatal Error] :1:1: Premature end of file.
2026-03-09 21:04:09,930 [ERROR] LogOutputStream:75 - [STDERR_REDIRECT] 
2026-03-09 21:04:10,927 [ERROR] LogOutputStream:75 - [STDERR_REDIRECT] [Fatal Error] :1:1: Premature end of file.
2026-03-09 21:04:10,927 [ERROR] LogOutputStream:75 - [STDERR_REDIRECT] 
2026-03-09 21:04:11,936 [ERROR] LogOutputStream:75 - [STDERR_REDIRECT] [Fatal Error] :1:1: Premature end of file.
2026-03-09 21:04:11,936 [ERROR] LogOutputStream:75 - [STDERR_REDIRECT] 
2026-03-09 21:04:12,929 [ERROR] LogOutputStream:75 - [STDERR_REDIRECT] [Fatal Error] :1:1: Premature end of file.
2026-03-09 21:04:12,929 [ERROR] LogOutputStream:75 - [STDERR_REDIRECT] 
2026-03-09 21:04:13,923 [ERROR] LogOutputStream:75 - [STDERR_REDIRECT] [Fatal Error] :1:1: Premature end of file.
2026-03-09 21:04:13,923 [ERROR] LogOutputStream:75 - [STDERR_REDIRECT] 
2026-03-09 21:04:14,931 [ERROR] LogOutputStream:75 - [STDERR_REDIRECT] [Fatal Error] :1:1: Premature end of file.
2026-03-09 21:04:14,932 [ERROR] LogOutputStream:75 - [STDERR_REDIRECT] 
2026-03-09 21:04:15,930 [ERROR] LogOutputStream:75 - [STDERR_REDIRECT] [Fatal Error] :1:1: Premature end of file.
2026-03-09 21:04:15,930 [ERROR] LogOutputStream:75 - [STDERR_REDIRECT] 
2026-03-09 21:04:16,923 [ERROR] LogOutputStream:75 - [STDERR_REDIRECT] [Fatal Error] :1:1: Premature end of file.
2026-03-09 21:04:16,923 [ERROR] LogOutputStream:75 - [STDERR_REDIRECT] 
2026-03-09 21:04:17,927 [ERROR] LogOutputStream:75 - [STDERR_REDIRECT] [Fatal Error] :1:1: Premature end of file.
2026-03-09 21:04:17,927 [ERROR] LogOutputStream:75 - [STDERR_REDIRECT] 
2026-03-09 21:04:18,936 [ERROR] LogOutputStream:75 - [STDERR_REDIRECT] [Fatal Error] :1:1: Premature end of file.
2026-03-09 21:04:18,936 [ERROR] LogOutputStream:75 - [STDERR_REDIRECT] 
2026-03-09 21:04:19,931 [ERROR] LogOutputStream:75 - [STDERR_REDIRECT] [Fatal Error] :1:1: Premature end of file.
2026-03-09 21:04:19,931 [ERROR] LogOutputStream:75 - [STDERR_REDIRECT] 
2026-03-09 21:04:20,939 [ERROR] LogOutputStream:75 - [STDERR_REDIRECT] [Fatal Error] :1:1: Premature end of file.
2026-03-09 21:04:20,939 [ERROR] LogOutputStream:75 - [STDERR_REDIRECT] 
2026-03-09 21:04:21,928 [ERROR] LogOutputStream:75 - [STDERR_REDIRECT] [Fatal Error] :1:1: Premature end of file.
2026-03-09 21:04:21,929 [ERROR] LogOutputStream:75 - [STDERR_REDIRECT] 
2026-03-09 21:04:22,932 [ERROR] LogOutputStream:75 - [STDERR_REDIRECT] [Fatal Error] :1:1: Premature end of file.
2026-03-09 21:04:22,933 [ERROR] LogOutputStream:75 - [STDERR_REDIRECT] 
2026-03-09 21:04:23,937 [ERROR] LogOutputStream:75 - [STDERR_REDIRECT] [Fatal Error] :1:1: Premature end of file.
2026-03-09 21:04:23,937 [ERROR] LogOutputStream:75 - [STDERR_REDIRECT] 
2026-03-09 21:04:24,929 [ERROR] LogOutputStream:75 - [STDERR_REDIRECT] [Fatal Error] :1:1: Premature end of file.
2026-03-09 21:04:24,929 [ERROR] LogOutputStream:75 - [STDERR_REDIRECT] 
2026-03-09 21:04:25,930 [ERROR] LogOutputStream:75 - [STDERR_REDIRECT] [Fatal Error] :1:1: Premature end of file.
2026-03-09 21:04:25,930 [ERROR] LogOutputStream:75 - [STDERR_REDIRECT] 
2026-03-09 21:04:26,934 [ERROR] LogOutputStream:75 - [STDERR_REDIRECT] [Fatal Error] :1:1: Premature end of file.
2026-03-09 21:04:26,934 [ERROR] LogOutputStream:75 - [STDERR_REDIRECT] 
2026-03-09 21:04:27,924 [ERROR] LogOutputStream:75 - [STDERR_REDIRECT] [Fatal Error] :1:1: Premature end of file.
2026-03-09 21:04:27,924 [ERROR] LogOutputStream:75 - [STDERR_REDIRECT] 
2026-03-09 21:04:28,930 [ERROR] LogOutputStream:75 - [STDERR_REDIRECT] [Fatal Error] :1:1: Premature end of file.
2026-03-09 21:04:28,930 [ERROR] LogOutputStream:75 - [STDERR_REDIRECT] 
2026-03-09 21:04:29,936 [ERROR] LogOutputStream:75 - [STDERR_REDIRECT] [Fatal Error] :1:1: Premature end of file.
2026-03-09 21:04:29,936 [ERROR] LogOutputStream:75 - [STDERR_REDIRECT] 
2026-03-09 21:04:30,926 [ERROR] LogOutputStream:75 - [STDERR_REDIRECT] [Fatal Error] :1:1: Premature end of file.
2026-03-09 21:04:30,926 [ERROR] LogOutputStream:75 - [STDERR_REDIRECT] 
2026-03-09 21:04:31,935 [ERROR] LogOutputStream:75 - [STDERR_REDIRECT] [Fatal Error] :1:1: Premature end of file.
2026-03-09 21:04:31,935 [ERROR] LogOutputStream:75 - [STDERR_REDIRECT] 
2026-03-09 21:04:32,926 [ERROR] LogOutputStream:75 - [STDERR_REDIRECT] [Fatal Error] :1:1: Premature end of file.
2026-03-09 21:04:32,926 [ERROR] LogOutputStream:75 - [STDERR_REDIRECT] 
2026-03-09 21:04:33,935 [ERROR] LogOutputStream:75 - [STDERR_REDIRECT] [Fatal Error] :1:1: Premature end of file.
2026-03-09 21:04:33,935 [ERROR] LogOutputStream:75 - [STDERR_REDIRECT] 
2026-03-09 21:04:34,934 [ERROR] LogOutputStream:75 - [STDERR_REDIRECT] [Fatal Error] :1:1: Premature end of file.
2026-03-09 21:04:34,936 [ERROR] LogOutputStream:75 - [STDERR_REDIRECT] 
2026-03-09 21:04:35,926 [ERROR] LogOutputStream:75 - [STDERR_REDIRECT] [Fatal Error] :1:1: Premature end of file.
2026-03-09 21:04:35,926 [ERROR] LogOutputStream:75 - [STDERR_REDIRECT] 
2026-03-09 21:04:36,931 [ERROR] LogOutputStream:75 - [STDERR_REDIRECT] [Fatal Error] :1:1: Premature end of file.
2026-03-09 21:04:36,931 [ERROR] LogOutputStream:75 - [STDERR_REDIRECT] 
2026-03-09 21:04:37,936 [ERROR] LogOutputStream:75 - [STDERR_REDIRECT] [Fatal Error] :1:1: Premature end of file.
2026-03-09 21:04:37,936 [ERROR] LogOutputStream:75 - [STDERR_REDIRECT] 
2026-03-09 21:04:38,929 [ERROR] LogOutputStream:75 - [STDERR_REDIRECT] [Fatal Error] :1:1: Premature end of file.
2026-03-09 21:04:38,929 [ERROR] LogOutputStream:75 - [STDERR_REDIRECT] 
2026-03-09 21:04:39,930 [ERROR] LogOutputStream:75 - [STDERR_REDIRECT] [Fatal Error] :1:1: Premature end of file.
2026-03-09 21:04:39,930 [ERROR] LogOutputStream:75 - [STDERR_REDIRECT] 
2026-03-09 21:04:40,936 [ERROR] LogOutputStream:75 - [STDERR_REDIRECT] [Fatal Error] :1:1: Premature end of file.
2026-03-09 21:04:40,936 [ERROR] LogOutputStream:75 - [STDERR_REDIRECT] 
2026-03-09 21:04:41,930 [ERROR] LogOutputStream:75 - [STDERR_REDIRECT] [Fatal Error] :1:1: Premature end of file.
2026-03-09 21:04:41,930 [ERROR] LogOutputStream:75 - [STDERR_REDIRECT] 
2026-03-09 21:04:42,937 [ERROR] LogOutputStream:75 - [STDERR_REDIRECT] [Fatal Error] :1:1: Premature end of file.
2026-03-09 21:04:42,937 [ERROR] LogOutputStream:75 - [STDERR_REDIRECT] 
2026-03-09 21:04:43,928 [ERROR] LogOutputStream:75 - [STDERR_REDIRECT] [Fatal Error] :1:1: Premature end of file.
2026-03-09 21:04:43,928 [ERROR] LogOutputStream:75 - [STDERR_REDIRECT] 
2026-03-09 21:04:44,932 [ERROR] LogOutputStream:75 - [STDERR_REDIRECT] [Fatal Error] :1:1: Premature end of file.
2026-03-09 21:04:44,932 [ERROR] LogOutputStream:75 - [STDERR_REDIRECT] 
2026-03-09 21:04:45,939 [ERROR] LogOutputStream:75 - [STDERR_REDIRECT] [Fatal Error] :1:1: Premature end of file.
2026-03-09 21:04:45,939 [ERROR] LogOutputStream:75 - [STDERR_REDIRECT] 
2026-03-09 21:04:46,926 [ERROR] LogOutputStream:75 - [STDERR_REDIRECT] [Fatal Error] :1:1: Premature end of file.
2026-03-09 21:04:46,926 [ERROR] LogOutputStream:75 - [STDERR_REDIRECT] 
2026-03-09 21:04:47,934 [ERROR] LogOutputStream:75 - [STDERR_REDIRECT] [Fatal Error] :1:1: Premature end of file.
2026-03-09 21:04:47,934 [ERROR] LogOutputStream:75 - [STDERR_REDIRECT] 
2026-03-09 21:04:48,925 [ERROR] LogOutputStream:75 - [STDERR_REDIRECT] [Fatal Error] :1:1: Premature end of file.
2026-03-09 21:04:48,925 [ERROR] LogOutputStream:75 - [STDERR_REDIRECT] 
2026-03-09 21:04:49,936 [ERROR] LogOutputStream:75 - [STDERR_REDIRECT] [Fatal Error] :1:1: Premature end of file.
2026-03-09 21:04:49,936 [ERROR] LogOutputStream:75 - [STDERR_REDIRECT] 
2026-03-09 21:04:50,927 [ERROR] LogOutputStream:75 - [STDERR_REDIRECT] [Fatal Error] :1:1: Premature end of file.
2026-03-09 21:04:50,927 [ERROR] LogOutputStream:75 - [STDERR_REDIRECT] 
2026-03-09 21:04:51,934 [ERROR] LogOutputStream:75 - [STDERR_REDIRECT] [Fatal Error] :1:1: Premature end of file.
2026-03-09 21:04:51,935 [ERROR] LogOutputStream:75 - [STDERR_REDIRECT] 
2026-03-09 21:04:52,928 [ERROR] LogOutputStream:75 - [STDERR_REDIRECT] [Fatal Error] :1:1: Premature end of file.
2026-03-09 21:04:52,928 [ERROR] LogOutputStream:75 - [STDERR_REDIRECT] 
2026-03-09 21:04:53,933 [ERROR] LogOutputStream:75 - [STDERR_REDIRECT] [Fatal Error] :1:1: Premature end of file.
2026-03-09 21:04:53,933 [ERROR] LogOutputStream:75 - [STDERR_REDIRECT] 
2026-03-09 21:04:54,931 [ERROR] LogOutputStream:75 - [STDERR_REDIRECT] [Fatal Error] :1:1: Premature end of file.
2026-03-09 21:04:54,931 [ERROR] LogOutputStream:75 - [STDERR_REDIRECT] 
2026-03-09 21:04:55,935 [ERROR] LogOutputStream:75 - [STDERR_REDIRECT] [Fatal Error] :1:1: Premature end of file.
2026-03-09 21:04:55,935 [ERROR] LogOutputStream:75 - [STDERR_REDIRECT] 
2026-03-09 21:04:56,925 [ERROR] LogOutputStream:75 - [STDERR_REDIRECT] [Fatal Error] :1:1: Premature end of file.
2026-03-09 21:04:56,925 [ERROR] LogOutputStream:75 - [STDERR_REDIRECT] 
2026-03-09 21:04:57,930 [ERROR] LogOutputStream:75 - [STDERR_REDIRECT] [Fatal Error] :1:1: Premature end of file.
2026-03-09 21:04:57,930 [ERROR] LogOutputStream:75 - [STDERR_REDIRECT] 
2026-03-09 21:04:58,933 [ERROR] LogOutputStream:75 - [STDERR_REDIRECT] [Fatal Error] :1:1: Premature end of file.
2026-03-09 21:04:58,933 [ERROR] LogOutputStream:75 - [STDERR_REDIRECT] 
2026-03-09 21:04:59,929 [ERROR] LogOutputStream:75 - [STDERR_REDIRECT] [Fatal Error] :1:1: Premature end of file.
2026-03-09 21:04:59,929 [ERROR] LogOutputStream:75 - [STDERR_REDIRECT] 
2026-03-09 21:05:00,931 [ERROR] LogOutputStream:75 - [STDERR_REDIRECT] [Fatal Error] :1:1: Premature end of file.
2026-03-09 21:05:00,931 [ERROR] LogOutputStream:75 - [STDERR_REDIRECT] 
2026-03-09 21:05:01,935 [ERROR] LogOutputStream:75 - [STDERR_REDIRECT] [Fatal Error] :1:1: Premature end of file.
2026-03-09 21:05:01,935 [ERROR] LogOutputStream:75 - [STDERR_REDIRECT] 
2026-03-09 21:05:02,937 [ERROR] LogOutputStream:75 - [STDERR_REDIRECT] [Fatal Error] :1:1: Premature end of file.
2026-03-09 21:05:02,937 [ERROR] LogOutputStream:75 - [STDERR_REDIRECT] 
2026-03-09 21:05:03,925 [ERROR] LogOutputStream:75 - [STDERR_REDIRECT] [Fatal Error] :1:1: Premature end of file.
2026-03-09 21:05:03,925 [ERROR] LogOutputStream:75 - [STDERR_REDIRECT] 
2026-03-09 21:05:04,935 [ERROR] LogOutputStream:75 - [STDERR_REDIRECT] [Fatal Error] :1:1: Premature end of file.
2026-03-09 21:05:04,935 [ERROR] LogOutputStream:75 - [STDERR_REDIRECT] 
2026-03-09 21:05:05,929 [ERROR] LogOutputStream:75 - [STDERR_REDIRECT] [Fatal Error] :1:1: Premature end of file.
2026-03-09 21:05:05,929 [ERROR] LogOutputStream:75 - [STDERR_REDIRECT] 
2026-03-09 21:05:06,940 [ERROR] LogOutputStream:75 - [STDERR_REDIRECT] [Fatal Error] :1:1: Premature end of file.
2026-03-09 21:05:06,940 [ERROR] LogOutputStream:75 - [STDERR_REDIRECT] 
2026-03-09 21:05:07,949 [ERROR] LogOutputStream:75 - [STDERR_REDIRECT] [Fatal Error] :1:1: Premature end of file.
2026-03-09 21:05:07,949 [ERROR] LogOutputStream:75 - [STDERR_REDIRECT] 
2026-03-09 21:05:08,927 [ERROR] LogOutputStream:75 - [STDERR_REDIRECT] [Fatal Error] :1:1: Premature end of file.
2026-03-09 21:05:08,927 [ERROR] LogOutputStream:75 - [STDERR_REDIRECT] 
2026-03-09 21:05:09,932 [ERROR] LogOutputStream:75 - [STDERR_REDIRECT] [Fatal Error] :1:1: Premature end of file.
2026-03-09 21:05:09,932 [ERROR] LogOutputStream:75 - [STDERR_REDIRECT] 
2026-03-09 21:05:10,941 [ERROR] LogOutputStream:75 - [STDERR_REDIRECT] [Fatal Error] :1:1: Premature end of file.
2026-03-09 21:05:10,941 [ERROR] LogOutputStream:75 - [STDERR_REDIRECT] 
2026-03-09 21:05:11,934 [ERROR] LogOutputStream:75 - [STDERR_REDIRECT] [Fatal Error] :1:1: Premature end of file.
2026-03-09 21:05:11,934 [ERROR] LogOutputStream:75 - [STDERR_REDIRECT] 
2026-03-09 21:05:12,933 [ERROR] LogOutputStream:75 - [STDERR_REDIRECT] [Fatal Error] :1:1: Premature end of file.
2026-03-09 21:05:12,933 [ERROR] LogOutputStream:75 - [STDERR_REDIRECT] 
2026-03-09 21:05:13,938 [ERROR] LogOutputStream:75 - [STDERR_REDIRECT] [Fatal Error] :1:1: Premature end of file.
2026-03-09 21:05:13,938 [ERROR] LogOutputStream:75 - [STDERR_REDIRECT] 
2026-03-09 21:05:14,929 [ERROR] LogOutputStream:75 - [STDERR_REDIRECT] [Fatal Error] :1:1: Premature end of file.
2026-03-09 21:05:14,929 [ERROR] LogOutputStream:75 - [STDERR_REDIRECT] 
2026-03-09 21:05:15,935 [ERROR] LogOutputStream:75 - [STDERR_REDIRECT] [Fatal Error] :1:1: Premature end of file.
2026-03-09 21:05:15,935 [ERROR] LogOutputStream:75 - [STDERR_REDIRECT] 
2026-03-09 21:05:16,929 [ERROR] LogOutputStream:75 - [STDERR_REDIRECT] [Fatal Error] :1:1: Premature end of file.
2026-03-09 21:05:16,929 [ERROR] LogOutputStream:75 - [STDERR_REDIRECT] 
2026-03-09 21:05:17,935 [ERROR] LogOutputStream:75 - [STDERR_REDIRECT] [Fatal Error] :1:1: Premature end of file.
2026-03-09 21:05:17,935 [ERROR] LogOutputStream:75 - [STDERR_REDIRECT] 
2026-03-09 21:05:18,930 [ERROR] LogOutputStream:75 - [STDERR_REDIRECT] [Fatal Error] :1:1: Premature end of file.
2026-03-09 21:05:18,930 [ERROR] LogOutputStream:75 - [STDERR_REDIRECT] 
2026-03-09 21:05:19,933 [ERROR] LogOutputStream:75 - [STDERR_REDIRECT] [Fatal Error] :1:1: Premature end of file.
2026-03-09 21:05:19,933 [ERROR] LogOutputStream:75 - [STDERR_REDIRECT] 
2026-03-09 21:05:20,922 [ERROR] LogOutputStream:75 - [STDERR_REDIRECT] [Fatal Error] :1:1: Premature end of file.
2026-03-09 21:05:20,922 [ERROR] LogOutputStream:75 - [STDERR_REDIRECT] 
2026-03-09 21:05:21,928 [ERROR] LogOutputStream:75 - [STDERR_REDIRECT] [Fatal Error] :1:1: Premature end of file.
2026-03-09 21:05:21,928 [ERROR] LogOutputStream:75 - [STDERR_REDIRECT] 
2026-03-09 21:05:22,924 [ERROR] LogOutputStream:75 - [STDERR_REDIRECT] [Fatal Error] :1:1: Premature end of file.
2026-03-09 21:05:22,924 [ERROR] LogOutputStream:75 - [STDERR_REDIRECT] 
2026-03-09 21:05:23,925 [ERROR] LogOutputStream:75 - [STDERR_REDIRECT] [Fatal Error] :1:1: Premature end of file.
2026-03-09 21:05:23,925 [ERROR] LogOutputStream:75 - [STDERR_REDIRECT] 
2026-03-09 21:05:24,930 [ERROR] LogOutputStream:75 - [STDERR_REDIRECT] [Fatal Error] :1:1: Premature end of file.
2026-03-09 21:05:24,930 [ERROR] LogOutputStream:75 - [STDERR_REDIRECT] 
2026-03-09 21:05:25,930 [ERROR] LogOutputStream:75 - [STDERR_REDIRECT] [Fatal Error] :1:1: Premature end of file.
2026-03-09 21:05:25,930 [ERROR] LogOutputStream:75 - [STDERR_REDIRECT] 
2026-03-09 21:05:26,922 [ERROR] LogOutputStream:75 - [STDERR_REDIRECT] [Fatal Error] :1:1: Premature end of file.
2026-03-09 21:05:26,922 [ERROR] LogOutputStream:75 - [STDERR_REDIRECT] 
2026-03-09 21:05:27,930 [ERROR] LogOutputStream:75 - [STDERR_REDIRECT] [Fatal Error] :1:1: Premature end of file.
2026-03-09 21:05:27,930 [ERROR] LogOutputStream:75 - [STDERR_REDIRECT] 
2026-03-09 21:05:28,939 [ERROR] LogOutputStream:75 - [STDERR_REDIRECT] [Fatal Error] :1:1: Premature end of file.
2026-03-09 21:05:28,939 [ERROR] LogOutputStream:75 - [STDERR_REDIRECT] 
2026-03-09 21:05:29,922 [ERROR] LogOutputStream:75 - [STDERR_REDIRECT] [Fatal Error] :1:1: Premature end of file.
2026-03-09 21:05:29,922 [ERROR] LogOutputStream:75 - [STDERR_REDIRECT] 
2026-03-09 21:05:30,926 [ERROR] LogOutputStream:75 - [STDERR_REDIRECT] [Fatal Error] :1:1: Premature end of file.
2026-03-09 21:05:30,926 [ERROR] LogOutputStream:75 - [STDERR_REDIRECT] 
2026-03-09 21:05:31,930 [ERROR] LogOutputStream:75 - [STDERR_REDIRECT] [Fatal Error] :1:1: Premature end of file.
2026-03-09 21:05:31,930 [ERROR] LogOutputStream:75 - [STDERR_REDIRECT] 
2026-03-09 21:05:32,934 [ERROR] LogOutputStream:75 - [STDERR_REDIRECT] [Fatal Error] :1:1: Premature end of file.
2026-03-09 21:05:32,934 [ERROR] LogOutputStream:75 - [STDERR_REDIRECT] 
2026-03-09 21:05:33,932 [ERROR] LogOutputStream:75 - [STDERR_REDIRECT] [Fatal Error] :1:1: Premature end of file.
2026-03-09 21:05:33,932 [ERROR] LogOutputStream:75 - [STDERR_REDIRECT] 
2026-03-09 21:05:34,936 [ERROR] LogOutputStream:75 - [STDERR_REDIRECT] [Fatal Error] :1:1: Premature end of file.
2026-03-09 21:05:34,936 [ERROR] LogOutputStream:75 - [STDERR_REDIRECT] 
2026-03-09 21:05:35,928 [ERROR] LogOutputStream:75 - [STDERR_REDIRECT] [Fatal Error] :1:1: Premature end of file.
2026-03-09 21:05:35,928 [ERROR] LogOutputStream:75 - [STDERR_REDIRECT] 
2026-03-09 21:05:36,932 [ERROR] LogOutputStream:75 - [STDERR_REDIRECT] [Fatal Error] :1:1: Premature end of file.
2026-03-09 21:05:36,932 [ERROR] LogOutputStream:75 - [STDERR_REDIRECT] 
2026-03-09 21:05:37,935 [ERROR] LogOutputStream:75 - [STDERR_REDIRECT] [Fatal Error] :1:1: Premature end of file.
2026-03-09 21:05:37,935 [ERROR] LogOutputStream:75 - [STDERR_REDIRECT] 
2026-03-09 21:05:38,926 [ERROR] LogOutputStream:75 - [STDERR_REDIRECT] [Fatal Error] :1:1: Premature end of file.
2026-03-09 21:05:38,926 [ERROR] LogOutputStream:75 - [STDERR_REDIRECT] 
2026-03-09 21:05:39,933 [ERROR] LogOutputStream:75 - [STDERR_REDIRECT] [Fatal Error] :1:1: Premature end of file.
2026-03-09 21:05:39,933 [ERROR] LogOutputStream:75 - [STDERR_REDIRECT] 
2026-03-09 21:05:40,943 [ERROR] LogOutputStream:75 - [STDERR_REDIRECT] [Fatal Error] :1:1: Premature end of file.
2026-03-09 21:05:40,943 [ERROR] LogOutputStream:75 - [STDERR_REDIRECT] 
2026-03-09 21:05:41,950 [ERROR] LogOutputStream:75 - [STDERR_REDIRECT] [Fatal Error] :1:1: Premature end of file.
2026-03-09 21:05:41,950 [ERROR] LogOutputStream:75 - [STDERR_REDIRECT] 
2026-03-09 21:05:42,931 [ERROR] LogOutputStream:75 - [STDERR_REDIRECT] [Fatal Error] :1:1: Premature end of file.
2026-03-09 21:05:42,931 [ERROR] LogOutputStream:75 - [STDERR_REDIRECT] 
2026-03-09 21:05:43,922 [ERROR] LogOutputStream:75 - [STDERR_REDIRECT] [Fatal Error] :1:1: Premature end of file.
2026-03-09 21:05:43,922 [ERROR] LogOutputStream:75 - [STDERR_REDIRECT] 
2026-03-09 21:05:44,926 [ERROR] LogOutputStream:75 - [STDERR_REDIRECT] [Fatal Error] :1:1: Premature end of file.
2026-03-09 21:05:44,927 [ERROR] LogOutputStream:75 - [STDERR_REDIRECT] 
2026-03-09 21:05:45,934 [ERROR] LogOutputStream:75 - [STDERR_REDIRECT] [Fatal Error] :1:1: Premature end of file.
2026-03-09 21:05:45,934 [ERROR] LogOutputStream:75 - [STDERR_REDIRECT] 
2026-03-09 21:05:46,926 [ERROR] LogOutputStream:75 - [STDERR_REDIRECT] [Fatal Error] :1:1: Premature end of file.
2026-03-09 21:05:46,927 [ERROR] LogOutputStream:75 - [STDERR_REDIRECT] 
2026-03-09 21:05:47,932 [ERROR] LogOutputStream:75 - [STDERR_REDIRECT] [Fatal Error] :1:1: Premature end of file.
2026-03-09 21:05:47,932 [ERROR] LogOutputStream:75 - [STDERR_REDIRECT] 
2026-03-09 21:05:48,925 [ERROR] LogOutputStream:75 - [STDERR_REDIRECT] [Fatal Error] :1:1: Premature end of file.
2026-03-09 21:05:48,925 [ERROR] LogOutputStream:75 - [STDERR_REDIRECT] 
2026-03-09 21:05:49,934 [ERROR] LogOutputStream:75 - [STDERR_REDIRECT] [Fatal Error] :1:1: Premature end of file.
2026-03-09 21:05:49,935 [ERROR] LogOutputStream:75 - [STDERR_REDIRECT] 
2026-03-09 21:05:50,926 [ERROR] LogOutputStream:75 - [STDERR_REDIRECT] [Fatal Error] :1:1: Premature end of file.
2026-03-09 21:05:50,926 [ERROR] LogOutputStream:75 - [STDERR_REDIRECT] 
2026-03-09 21:05:51,927 [ERROR] LogOutputStream:75 - [STDERR_REDIRECT] [Fatal Error] :1:1: Premature end of file.
2026-03-09 21:05:51,927 [ERROR] LogOutputStream:75 - [STDERR_REDIRECT] 
2026-03-09 21:05:52,926 [ERROR] LogOutputStream:75 - [STDERR_REDIRECT] [Fatal Error] :1:1: Premature end of file.
2026-03-09 21:05:52,926 [ERROR] LogOutputStream:75 - [STDERR_REDIRECT] 
2026-03-09 21:05:53,934 [ERROR] LogOutputStream:75 - [STDERR_REDIRECT] [Fatal Error] :1:1: Premature end of file.
2026-03-09 21:05:53,934 [ERROR] LogOutputStream:75 - [STDERR_REDIRECT] 
2026-03-09 21:05:54,923 [ERROR] LogOutputStream:75 - [STDERR_REDIRECT] [Fatal Error] :1:1: Premature end of file.
2026-03-09 21:05:54,923 [ERROR] LogOutputStream:75 - [STDERR_REDIRECT] 
2026-03-09 21:05:55,930 [ERROR] LogOutputStream:75 - [STDERR_REDIRECT] [Fatal Error] :1:1: Premature end of file.
2026-03-09 21:05:55,930 [ERROR] LogOutputStream:75 - [STDERR_REDIRECT] 
2026-03-09 21:05:56,927 [ERROR] LogOutputStream:75 - [STDERR_REDIRECT] [Fatal Error] :1:1: Premature end of file.
2026-03-09 21:05:56,927 [ERROR] LogOutputStream:75 - [STDERR_REDIRECT] 
2026-03-09 21:05:57,934 [ERROR] LogOutputStream:75 - [STDERR_REDIRECT] [Fatal Error] :1:1: Premature end of file.
2026-03-09 21:05:57,934 [ERROR] LogOutputStream:75 - [STDERR_REDIRECT] 
2026-03-09 21:05:58,930 [ERROR] LogOutputStream:75 - [STDERR_REDIRECT] [Fatal Error] :1:1: Premature end of file.
2026-03-09 21:05:58,930 [ERROR] LogOutputStream:75 - [STDERR_REDIRECT] 
2026-03-09 21:05:59,937 [ERROR] LogOutputStream:75 - [STDERR_REDIRECT] [Fatal Error] :1:1: Premature end of file.
2026-03-09 21:05:59,937 [ERROR] LogOutputStream:75 - [STDERR_REDIRECT] 
2026-03-09 21:06:00,924 [ERROR] LogOutputStream:75 - [STDERR_REDIRECT] [Fatal Error] :1:1: Premature end of file.
2026-03-09 21:06:00,924 [ERROR] LogOutputStream:75 - [STDERR_REDIRECT] 
2026-03-09 21:06:01,929 [ERROR] LogOutputStream:75 - [STDERR_REDIRECT] [Fatal Error] :1:1: Premature end of file.
2026-03-09 21:06:01,929 [ERROR] LogOutputStream:75 - [STDERR_REDIRECT] 
2026-03-09 21:06:02,938 [ERROR] LogOutputStream:75 - [STDERR_REDIRECT] [Fatal Error] :1:1: Premature end of file.
2026-03-09 21:06:02,938 [ERROR] LogOutputStream:75 - [STDERR_REDIRECT] 
2026-03-09 21:06:03,923 [ERROR] LogOutputStream:75 - [STDERR_REDIRECT] [Fatal Error] :1:1: Premature end of file.
2026-03-09 21:06:03,924 [ERROR] LogOutputStream:75 - [STDERR_REDIRECT] 
2026-03-09 21:06:04,922 [ERROR] LogOutputStream:75 - [STDERR_REDIRECT] [Fatal Error] :1:1: Premature end of file.
2026-03-09 21:06:04,922 [ERROR] LogOutputStream:75 - [STDERR_REDIRECT] 
2026-03-09 21:06:05,935 [ERROR] LogOutputStream:75 - [STDERR_REDIRECT] [Fatal Error] :1:1: Premature end of file.
2026-03-09 21:06:05,935 [ERROR] LogOutputStream:75 - [STDERR_REDIRECT] 
2026-03-09 21:06:06,934 [ERROR] LogOutputStream:75 - [STDERR_REDIRECT] [Fatal Error] :1:1: Premature end of file.
2026-03-09 21:06:06,934 [ERROR] LogOutputStream:75 - [STDERR_REDIRECT] 
2026-03-09 21:06:07,924 [ERROR] LogOutputStream:75 - [STDERR_REDIRECT] [Fatal Error] :1:1: Premature end of file.
2026-03-09 21:06:07,924 [ERROR] LogOutputStream:75 - [STDERR_REDIRECT] 
2026-03-09 21:06:08,928 [ERROR] LogOutputStream:75 - [STDERR_REDIRECT] [Fatal Error] :1:1: Premature end of file.
2026-03-09 21:06:08,928 [ERROR] LogOutputStream:75 - [STDERR_REDIRECT] 
2026-03-09 21:06:09,938 [ERROR] LogOutputStream:75 - [STDERR_REDIRECT] [Fatal Error] :1:1: Premature end of file.
2026-03-09 21:06:09,938 [ERROR] LogOutputStream:75 - [STDERR_REDIRECT] 
2026-03-09 21:06:10,925 [ERROR] LogOutputStream:75 - [STDERR_REDIRECT] [Fatal Error] :1:1: Premature end of file.
2026-03-09 21:06:10,925 [ERROR] LogOutputStream:75 - [STDERR_REDIRECT] 
2026-03-09 21:06:11,924 [ERROR] LogOutputStream:75 - [STDERR_REDIRECT] [Fatal Error] :1:1: Premature end of file.
2026-03-09 21:06:11,924 [ERROR] LogOutputStream:75 - [STDERR_REDIRECT] 
2026-03-09 21:06:12,932 [ERROR] LogOutputStream:75 - [STDERR_REDIRECT] [Fatal Error] :1:1: Premature end of file.
2026-03-09 21:06:12,932 [ERROR] LogOutputStream:75 - [STDERR_REDIRECT] 
2026-03-09 21:06:13,926 [ERROR] LogOutputStream:75 - [STDERR_REDIRECT] [Fatal Error] :1:1: Premature end of file.
2026-03-09 21:06:13,926 [ERROR] LogOutputStream:75 - [STDERR_REDIRECT] 
2026-03-09 21:06:14,928 [ERROR] LogOutputStream:75 - [STDERR_REDIRECT] [Fatal Error] :1:1: Premature end of file.
2026-03-09 21:06:14,928 [ERROR] LogOutputStream:75 - [STDERR_REDIRECT] 
2026-03-09 21:06:15,927 [ERROR] LogOutputStream:75 - [STDERR_REDIRECT] [Fatal Error] :1:1: Premature end of file.
2026-03-09 21:06:15,927 [ERROR] LogOutputStream:75 - [STDERR_REDIRECT] 
2026-03-09 21:06:16,934 [ERROR] LogOutputStream:75 - [STDERR_REDIRECT] [Fatal Error] :1:1: Premature end of file.
2026-03-09 21:06:16,934 [ERROR] LogOutputStream:75 - [STDERR_REDIRECT] 
2026-03-09 21:06:17,924 [ERROR] LogOutputStream:75 - [STDERR_REDIRECT] [Fatal Error] :1:1: Premature end of file.
2026-03-09 21:06:17,924 [ERROR] LogOutputStream:75 - [STDERR_REDIRECT] 
2026-03-09 21:06:18,928 [ERROR] LogOutputStream:75 - [STDERR_REDIRECT] [Fatal Error] :1:1: Premature end of file.
2026-03-09 21:06:18,928 [ERROR] LogOutputStream:75 - [STDERR_REDIRECT] 
2026-03-09 21:06:19,934 [ERROR] LogOutputStream:75 - [STDERR_REDIRECT] [Fatal Error] :1:1: Premature end of file.
2026-03-09 21:06:19,934 [ERROR] LogOutputStream:75 - [STDERR_REDIRECT] 
2026-03-09 21:06:20,943 [ERROR] LogOutputStream:75 - [STDERR_REDIRECT] [Fatal Error] :1:1: Premature end of file.
2026-03-09 21:06:20,943 [ERROR] LogOutputStream:75 - [STDERR_REDIRECT] 
2026-03-09 21:06:21,936 [ERROR] LogOutputStream:75 - [STDERR_REDIRECT] [Fatal Error] :1:1: Premature end of file.
2026-03-09 21:06:21,936 [ERROR] LogOutputStream:75 - [STDERR_REDIRECT] 
2026-03-09 21:06:22,926 [ERROR] LogOutputStream:75 - [STDERR_REDIRECT] [Fatal Error] :1:1: Premature end of file.
2026-03-09 21:06:22,926 [ERROR] LogOutputStream:75 - [STDERR_REDIRECT] 
2026-03-09 21:06:23,929 [ERROR] LogOutputStream:75 - [STDERR_REDIRECT] [Fatal Error] :1:1: Premature end of file.
2026-03-09 21:06:23,929 [ERROR] LogOutputStream:75 - [STDERR_REDIRECT] 
2026-03-09 21:06:24,931 [ERROR] LogOutputStream:75 - [STDERR_REDIRECT] [Fatal Error] :1:1: Premature end of file.
2026-03-09 21:06:24,931 [ERROR] LogOutputStream:75 - [STDERR_REDIRECT] 
2026-03-09 21:06:25,924 [ERROR] LogOutputStream:75 - [STDERR_REDIRECT] [Fatal Error] :1:1: Premature end of file.
2026-03-09 21:06:25,924 [ERROR] LogOutputStream:75 - [STDERR_REDIRECT] 
2026-03-09 21:06:26,931 [ERROR] LogOutputStream:75 - [STDERR_REDIRECT] [Fatal Error] :1:1: Premature end of file.
2026-03-09 21:06:26,931 [ERROR] LogOutputStream:75 - [STDERR_REDIRECT] 
2026-03-09 21:06:27,922 [ERROR] LogOutputStream:75 - [STDERR_REDIRECT] [Fatal Error] :1:1: Premature end of file.
2026-03-09 21:06:27,923 [ERROR] LogOutputStream:75 - [STDERR_REDIRECT] 
2026-03-09 21:06:28,928 [ERROR] LogOutputStream:75 - [STDERR_REDIRECT] [Fatal Error] :1:1: Premature end of file.
2026-03-09 21:06:28,929 [ERROR] LogOutputStream:75 - [STDERR_REDIRECT] 
2026-03-09 21:06:29,933 [ERROR] LogOutputStream:75 - [STDERR_REDIRECT] [Fatal Error] :1:1: Premature end of file.
2026-03-09 21:06:29,933 [ERROR] LogOutputStream:75 - [STDERR_REDIRECT] 
2026-03-09 21:06:30,945 [ERROR] LogOutputStream:75 - [STDERR_REDIRECT] [Fatal Error] :1:1: Premature end of file.
2026-03-09 21:06:30,945 [ERROR] LogOutputStream:75 - [STDERR_REDIRECT] 
2026-03-09 21:06:31,930 [ERROR] LogOutputStream:75 - [STDERR_REDIRECT] [Fatal Error] :1:1: Premature end of file.
2026-03-09 21:06:31,930 [ERROR] LogOutputStream:75 - [STDERR_REDIRECT] 
2026-03-09 21:06:32,942 [ERROR] LogOutputStream:75 - [STDERR_REDIRECT] [Fatal Error] :1:1: Premature end of file.
2026-03-09 21:06:32,942 [ERROR] LogOutputStream:75 - [STDERR_REDIRECT] 
2026-03-09 21:06:33,930 [ERROR] LogOutputStream:75 - [STDERR_REDIRECT] [Fatal Error] :1:1: Premature end of file.
2026-03-09 21:06:33,930 [ERROR] LogOutputStream:75 - [STDERR_REDIRECT] 
2026-03-09 21:06:34,933 [ERROR] LogOutputStream:75 - [STDERR_REDIRECT] [Fatal Error] :1:1: Premature end of file.
2026-03-09 21:06:34,933 [ERROR] LogOutputStream:75 - [STDERR_REDIRECT] 
2026-03-09 21:06:35,936 [ERROR] LogOutputStream:75 - [STDERR_REDIRECT] [Fatal Error] :1:1: Premature end of file.
2026-03-09 21:06:35,936 [ERROR] LogOutputStream:75 - [STDERR_REDIRECT] 
2026-03-09 21:06:36,930 [ERROR] LogOutputStream:75 - [STDERR_REDIRECT] [Fatal Error] :1:1: Premature end of file.
2026-03-09 21:06:36,930 [ERROR] LogOutputStream:75 - [STDERR_REDIRECT] 
2026-03-09 21:06:37,933 [ERROR] LogOutputStream:75 - [STDERR_REDIRECT] [Fatal Error] :1:1: Premature end of file.
2026-03-09 21:06:37,933 [ERROR] LogOutputStream:75 - [STDERR_REDIRECT] 
2026-03-09 21:06:38,928 [ERROR] LogOutputStream:75 - [STDERR_REDIRECT] [Fatal Error] :1:1: Premature end of file.
2026-03-09 21:06:38,928 [ERROR] LogOutputStream:75 - [STDERR_REDIRECT] 
2026-03-09 21:06:39,928 [ERROR] LogOutputStream:75 - [STDERR_REDIRECT] [Fatal Error] :1:1: Premature end of file.
2026-03-09 21:06:39,928 [ERROR] LogOutputStream:75 - [STDERR_REDIRECT] 
2026-03-09 21:06:40,934 [ERROR] LogOutputStream:75 - [STDERR_REDIRECT] [Fatal Error] :1:1: Premature end of file.
2026-03-09 21:06:40,934 [ERROR] LogOutputStream:75 - [STDERR_REDIRECT] 
2026-03-09 21:06:41,941 [ERROR] LogOutputStream:75 - [STDERR_REDIRECT] [Fatal Error] :1:1: Premature end of file.
2026-03-09 21:06:41,941 [ERROR] LogOutputStream:75 - [STDERR_REDIRECT] 
2026-03-09 21:06:42,922 [ERROR] LogOutputStream:75 - [STDERR_REDIRECT] [Fatal Error] :1:1: Premature end of file.
2026-03-09 21:06:42,922 [ERROR] LogOutputStream:75 - [STDERR_REDIRECT] 
2026-03-09 21:06:43,928 [ERROR] LogOutputStream:75 - [STDERR_REDIRECT] [Fatal Error] :1:1: Premature end of file.
2026-03-09 21:06:43,928 [ERROR] LogOutputStream:75 - [STDERR_REDIRECT] 
2026-03-09 21:06:44,936 [ERROR] LogOutputStream:75 - [STDERR_REDIRECT] [Fatal Error] :1:1: Premature end of file.
2026-03-09 21:06:44,936 [ERROR] LogOutputStream:75 - [STDERR_REDIRECT] 
2026-03-09 21:06:45,934 [ERROR] LogOutputStream:75 - [STDERR_REDIRECT] [Fatal Error] :1:1: Premature end of file.
2026-03-09 21:06:45,934 [ERROR] LogOutputStream:75 - [STDERR_REDIRECT] 
2026-03-09 21:06:46,936 [ERROR] LogOutputStream:75 - [STDERR_REDIRECT] [Fatal Error] :1:1: Premature end of file.
2026-03-09 21:06:46,936 [ERROR] LogOutputStream:75 - [STDERR_REDIRECT] 
2026-03-09 21:06:47,924 [ERROR] LogOutputStream:75 - [STDERR_REDIRECT] [Fatal Error] :1:1: Premature end of file.
2026-03-09 21:06:47,924 [ERROR] LogOutputStream:75 - [STDERR_REDIRECT] 
2026-03-09 21:06:48,927 [ERROR] LogOutputStream:75 - [STDERR_REDIRECT] [Fatal Error] :1:1: Premature end of file.
2026-03-09 21:06:48,927 [ERROR] LogOutputStream:75 - [STDERR_REDIRECT] 
2026-03-09 21:06:49,935 [ERROR] LogOutputStream:75 - [STDERR_REDIRECT] [Fatal Error] :1:1: Premature end of file.
2026-03-09 21:06:49,935 [ERROR] LogOutputStream:75 - [STDERR_REDIRECT] 
2026-03-09 21:06:50,935 [ERROR] LogOutputStream:75 - [STDERR_REDIRECT] [Fatal Error] :1:1: Premature end of file.
2026-03-09 21:06:50,935 [ERROR] LogOutputStream:75 - [STDERR_REDIRECT] 
2026-03-09 21:06:51,923 [ERROR] LogOutputStream:75 - [STDERR_REDIRECT] [Fatal Error] :1:1: Premature end of file.
2026-03-09 21:06:51,923 [ERROR] LogOutputStream:75 - [STDERR_REDIRECT] 
2026-03-09 21:06:52,928 [ERROR] LogOutputStream:75 - [STDERR_REDIRECT] [Fatal Error] :1:1: Premature end of file.
2026-03-09 21:06:52,928 [ERROR] LogOutputStream:75 - [STDERR_REDIRECT] 
2026-03-09 21:06:53,935 [ERROR] LogOutputStream:75 - [STDERR_REDIRECT] [Fatal Error] :1:1: Premature end of file.
2026-03-09 21:06:53,935 [ERROR] LogOutputStream:75 - [STDERR_REDIRECT] 
2026-03-09 21:06:54,936 [ERROR] LogOutputStream:75 - [STDERR_REDIRECT] [Fatal Error] :1:1: Premature end of file.
2026-03-09 21:06:54,936 [ERROR] LogOutputStream:75 - [STDERR_REDIRECT] 
2026-03-09 21:06:55,928 [ERROR] LogOutputStream:75 - [STDERR_REDIRECT] [Fatal Error] :1:1: Premature end of file.
2026-03-09 21:06:55,929 [ERROR] LogOutputStream:75 - [STDERR_REDIRECT] 
2026-03-09 21:06:56,935 [ERROR] LogOutputStream:75 - [STDERR_REDIRECT] [Fatal Error] :1:1: Premature end of file.
2026-03-09 21:06:56,935 [ERROR] LogOutputStream:75 - [STDERR_REDIRECT] 
2026-03-09 21:06:57,922 [ERROR] LogOutputStream:75 - [STDERR_REDIRECT] [Fatal Error] :1:1: Premature end of file.
2026-03-09 21:06:57,922 [ERROR] LogOutputStream:75 - [STDERR_REDIRECT] 
2026-03-09 21:06:58,926 [ERROR] LogOutputStream:75 - [STDERR_REDIRECT] [Fatal Error] :1:1: Premature end of file.
2026-03-09 21:06:58,926 [ERROR] LogOutputStream:75 - [STDERR_REDIRECT] 
2026-03-09 21:06:59,931 [ERROR] LogOutputStream:75 - [STDERR_REDIRECT] [Fatal Error] :1:1: Premature end of file.
2026-03-09 21:06:59,931 [ERROR] LogOutputStream:75 - [STDERR_REDIRECT] 
2026-03-09 21:07:00,922 [ERROR] LogOutputStream:75 - [STDERR_REDIRECT] [Fatal Error] :1:1: Premature end of file.
2026-03-09 21:07:00,922 [ERROR] LogOutputStream:75 - [STDERR_REDIRECT] 
2026-03-09 21:07:01,926 [ERROR] LogOutputStream:75 - [STDERR_REDIRECT] [Fatal Error] :1:1: Premature end of file.
2026-03-09 21:07:01,927 [ERROR] LogOutputStream:75 - [STDERR_REDIRECT] 
2026-03-09 21:07:02,937 [ERROR] LogOutputStream:75 - [STDERR_REDIRECT] [Fatal Error] :1:1: Premature end of file.
2026-03-09 21:07:02,937 [ERROR] LogOutputStream:75 - [STDERR_REDIRECT] 
2026-03-09 21:07:03,948 [ERROR] LogOutputStream:75 - [STDERR_REDIRECT] [Fatal Error] :1:1: Premature end of file.
2026-03-09 21:07:03,948 [ERROR] LogOutputStream:75 - [STDERR_REDIRECT] 
2026-03-09 21:07:04,929 [ERROR] LogOutputStream:75 - [STDERR_REDIRECT] [Fatal Error] :1:1: Premature end of file.
2026-03-09 21:07:04,929 [ERROR] LogOutputStream:75 - [STDERR_REDIRECT] 
2026-03-09 21:07:05,935 [ERROR] LogOutputStream:75 - [STDERR_REDIRECT] [Fatal Error] :1:1: Premature end of file.
2026-03-09 21:07:05,935 [ERROR] LogOutputStream:75 - [STDERR_REDIRECT] 
2026-03-09 21:07:06,922 [ERROR] LogOutputStream:75 - [STDERR_REDIRECT] [Fatal Error] :1:1: Premature end of file.
2026-03-09 21:07:06,922 [ERROR] LogOutputStream:75 - [STDERR_REDIRECT] 
2026-03-09 21:07:07,932 [ERROR] LogOutputStream:75 - [STDERR_REDIRECT] [Fatal Error] :1:1: Premature end of file.
2026-03-09 21:07:07,932 [ERROR] LogOutputStream:75 - [STDERR_REDIRECT] 
2026-03-09 21:07:08,935 [ERROR] LogOutputStream:75 - [STDERR_REDIRECT] [Fatal Error] :1:1: Premature end of file.
2026-03-09 21:07:08,935 [ERROR] LogOutputStream:75 - [STDERR_REDIRECT] 
2026-03-09 21:07:09,928 [ERROR] LogOutputStream:75 - [STDERR_REDIRECT] [Fatal Error] :1:1: Premature end of file.
2026-03-09 21:07:09,928 [ERROR] LogOutputStream:75 - [STDERR_REDIRECT] 
2026-03-09 21:07:10,927 [ERROR] LogOutputStream:75 - [STDERR_REDIRECT] [Fatal Error] :1:1: Premature end of file.
2026-03-09 21:07:10,927 [ERROR] LogOutputStream:75 - [STDERR_REDIRECT] 
2026-03-09 21:07:11,931 [ERROR] LogOutputStream:75 - [STDERR_REDIRECT] [Fatal Error] :1:1: Premature end of file.
2026-03-09 21:07:11,932 [ERROR] LogOutputStream:75 - [STDERR_REDIRECT] 
2026-03-09 21:07:12,937 [ERROR] LogOutputStream:75 - [STDERR_REDIRECT] [Fatal Error] :1:1: Premature end of file.
2026-03-09 21:07:12,937 [ERROR] LogOutputStream:75 - [STDERR_REDIRECT] 
2026-03-09 21:07:13,928 [ERROR] LogOutputStream:75 - [STDERR_REDIRECT] [Fatal Error] :1:1: Premature end of file.
2026-03-09 21:07:13,928 [ERROR] LogOutputStream:75 - [STDERR_REDIRECT] 
2026-03-09 21:07:14,931 [ERROR] LogOutputStream:75 - [STDERR_REDIRECT] [Fatal Error] :1:1: Premature end of file.
2026-03-09 21:07:14,931 [ERROR] LogOutputStream:75 - [STDERR_REDIRECT] 
2026-03-09 21:07:15,935 [ERROR] LogOutputStream:75 - [STDERR_REDIRECT] [Fatal Error] :1:1: Premature end of file.
2026-03-09 21:07:15,935 [ERROR] LogOutputStream:75 - [STDERR_REDIRECT] 
2026-03-09 21:07:16,933 [ERROR] LogOutputStream:75 - [STDERR_REDIRECT] [Fatal Error] :1:1: Premature end of file.
2026-03-09 21:07:16,933 [ERROR] LogOutputStream:75 - [STDERR_REDIRECT] 
2026-03-09 21:07:17,927 [ERROR] LogOutputStream:75 - [STDERR_REDIRECT] [Fatal Error] :1:1: Premature end of file.
2026-03-09 21:07:17,927 [ERROR] LogOutputStream:75 - [STDERR_REDIRECT] 
2026-03-09 21:07:18,933 [ERROR] LogOutputStream:75 - [STDERR_REDIRECT] [Fatal Error] :1:1: Premature end of file.
2026-03-09 21:07:18,933 [ERROR] LogOutputStream:75 - [STDERR_REDIRECT] 
2026-03-09 21:07:19,935 [ERROR] LogOutputStream:75 - [STDERR_REDIRECT] [Fatal Error] :1:1: Premature end of file.
2026-03-09 21:07:19,935 [ERROR] LogOutputStream:75 - [STDERR_REDIRECT] 
2026-03-09 21:07:20,929 [ERROR] LogOutputStream:75 - [STDERR_REDIRECT] [Fatal Error] :1:1: Premature end of file.
2026-03-09 21:07:20,930 [ERROR] LogOutputStream:75 - [STDERR_REDIRECT] 
2026-03-09 21:07:21,934 [ERROR] LogOutputStream:75 - [STDERR_REDIRECT] [Fatal Error] :1:1: Premature end of file.
2026-03-09 21:07:21,935 [ERROR] LogOutputStream:75 - [STDERR_REDIRECT] 
2026-03-09 21:07:22,929 [ERROR] LogOutputStream:75 - [STDERR_REDIRECT] [Fatal Error] :1:1: Premature end of file.
2026-03-09 21:07:22,929 [ERROR] LogOutputStream:75 - [STDERR_REDIRECT] 
2026-03-09 21:07:23,935 [ERROR] LogOutputStream:75 - [STDERR_REDIRECT] [Fatal Error] :1:1: Premature end of file.
2026-03-09 21:07:23,935 [ERROR] LogOutputStream:75 - [STDERR_REDIRECT] 
2026-03-09 21:07:24,943 [ERROR] LogOutputStream:75 - [STDERR_REDIRECT] [Fatal Error] :1:1: Premature end of file.
2026-03-09 21:07:24,943 [ERROR] LogOutputStream:75 - [STDERR_REDIRECT] 
2026-03-09 21:07:25,936 [ERROR] LogOutputStream:75 - [STDERR_REDIRECT] [Fatal Error] :1:1: Premature end of file.
2026-03-09 21:07:25,936 [ERROR] LogOutputStream:75 - [STDERR_REDIRECT] 
2026-03-09 21:07:26,929 [ERROR] LogOutputStream:75 - [STDERR_REDIRECT] [Fatal Error] :1:1: Premature end of file.
2026-03-09 21:07:26,929 [ERROR] LogOutputStream:75 - [STDERR_REDIRECT] 
2026-03-09 21:07:27,933 [ERROR] LogOutputStream:75 - [STDERR_REDIRECT] [Fatal Error] :1:1: Premature end of file.
2026-03-09 21:07:27,933 [ERROR] LogOutputStream:75 - [STDERR_REDIRECT] 
2026-03-09 21:07:28,928 [ERROR] LogOutputStream:75 - [STDERR_REDIRECT] [Fatal Error] :1:1: Premature end of file.
2026-03-09 21:07:28,928 [ERROR] LogOutputStream:75 - [STDERR_REDIRECT] 
2026-03-09 21:07:29,926 [ERROR] LogOutputStream:75 - [STDERR_REDIRECT] [Fatal Error] :1:1: Premature end of file.
2026-03-09 21:07:29,926 [ERROR] LogOutputStream:75 - [STDERR_REDIRECT] 
2026-03-09 21:07:30,937 [ERROR] LogOutputStream:75 - [STDERR_REDIRECT] [Fatal Error] :1:1: Premature end of file.
2026-03-09 21:07:30,937 [ERROR] LogOutputStream:75 - [STDERR_REDIRECT] 
2026-03-09 21:07:31,933 [ERROR] LogOutputStream:75 - [STDERR_REDIRECT] [Fatal Error] :1:1: Premature end of file.
2026-03-09 21:07:31,933 [ERROR] LogOutputStream:75 - [STDERR_REDIRECT] 
2026-03-09 21:07:32,931 [ERROR] LogOutputStream:75 - [STDERR_REDIRECT] [Fatal Error] :1:1: Premature end of file.
2026-03-09 21:07:32,931 [ERROR] LogOutputStream:75 - [STDERR_REDIRECT] 
2026-03-09 21:07:33,930 [ERROR] LogOutputStream:75 - [STDERR_REDIRECT] [Fatal Error] :1:1: Premature end of file.
2026-03-09 21:07:33,930 [ERROR] LogOutputStream:75 - [STDERR_REDIRECT] 
2026-03-09 21:07:34,923 [ERROR] LogOutputStream:75 - [STDERR_REDIRECT] [Fatal Error] :1:1: Premature end of file.
2026-03-09 21:07:34,923 [ERROR] LogOutputStream:75 - [STDERR_REDIRECT] 
2026-03-09 21:07:35,929 [ERROR] LogOutputStream:75 - [STDERR_REDIRECT] [Fatal Error] :1:1: Premature end of file.
2026-03-09 21:07:35,929 [ERROR] LogOutputStream:75 - [STDERR_REDIRECT] 
2026-03-09 21:07:36,935 [ERROR] LogOutputStream:75 - [STDERR_REDIRECT] [Fatal Error] :1:1: Premature end of file.
2026-03-09 21:07:36,935 [ERROR] LogOutputStream:75 - [STDERR_REDIRECT] 
2026-03-09 21:07:37,924 [ERROR] LogOutputStream:75 - [STDERR_REDIRECT] [Fatal Error] :1:1: Premature end of file.
2026-03-09 21:07:37,924 [ERROR] LogOutputStream:75 - [STDERR_REDIRECT] 
2026-03-09 21:07:38,927 [ERROR] LogOutputStream:75 - [STDERR_REDIRECT] [Fatal Error] :1:1: Premature end of file.
2026-03-09 21:07:38,927 [ERROR] LogOutputStream:75 - [STDERR_REDIRECT] 
2026-03-09 21:07:39,938 [ERROR] LogOutputStream:75 - [STDERR_REDIRECT] [Fatal Error] :1:1: Premature end of file.
2026-03-09 21:07:39,938 [ERROR] LogOutputStream:75 - [STDERR_REDIRECT] 
2026-03-09 21:07:40,927 [ERROR] LogOutputStream:75 - [STDERR_REDIRECT] [Fatal Error] :1:1: Premature end of file.
2026-03-09 21:07:40,927 [ERROR] LogOutputStream:75 - [STDERR_REDIRECT] 
2026-03-09 21:07:41,930 [ERROR] LogOutputStream:75 - [STDERR_REDIRECT] [Fatal Error] :1:1: Premature end of file.
2026-03-09 21:07:41,930 [ERROR] LogOutputStream:75 - [STDERR_REDIRECT] 
2026-03-09 21:07:42,923 [ERROR] LogOutputStream:75 - [STDERR_REDIRECT] [Fatal Error] :1:1: Premature end of file.
2026-03-09 21:07:42,923 [ERROR] LogOutputStream:75 - [STDERR_REDIRECT] 
2026-03-09 21:07:43,935 [ERROR] LogOutputStream:75 - [STDERR_REDIRECT] [Fatal Error] :1:1: Premature end of file.
2026-03-09 21:07:43,935 [ERROR] LogOutputStream:75 - [STDERR_REDIRECT] 
2026-03-09 21:07:44,939 [ERROR] LogOutputStream:75 - [STDERR_REDIRECT] [Fatal Error] :1:1: Premature end of file.
2026-03-09 21:07:44,939 [ERROR] LogOutputStream:75 - [STDERR_REDIRECT] 
2026-03-09 21:07:45,926 [ERROR] LogOutputStream:75 - [STDERR_REDIRECT] [Fatal Error] :1:1: Premature end of file.
2026-03-09 21:07:45,926 [ERROR] LogOutputStream:75 - [STDERR_REDIRECT] 
2026-03-09 21:07:46,933 [ERROR] LogOutputStream:75 - [STDERR_REDIRECT] [Fatal Error] :1:1: Premature end of file.
2026-03-09 21:07:46,933 [ERROR] LogOutputStream:75 - [STDERR_REDIRECT] 
2026-03-09 21:07:47,927 [ERROR] LogOutputStream:75 - [STDERR_REDIRECT] [Fatal Error] :1:1: Premature end of file.
2026-03-09 21:07:47,927 [ERROR] LogOutputStream:75 - [STDERR_REDIRECT] 
2026-03-09 21:07:48,933 [ERROR] LogOutputStream:75 - [STDERR_REDIRECT] [Fatal Error] :1:1: Premature end of file.
2026-03-09 21:07:48,933 [ERROR] LogOutputStream:75 - [STDERR_REDIRECT] 
2026-03-09 21:07:49,937 [ERROR] LogOutputStream:75 - [STDERR_REDIRECT] [Fatal Error] :1:1: Premature end of file.
2026-03-09 21:07:49,937 [ERROR] LogOutputStream:75 - [STDERR_REDIRECT] 
2026-03-09 21:07:50,927 [ERROR] LogOutputStream:75 - [STDERR_REDIRECT] [Fatal Error] :1:1: Premature end of file.
2026-03-09 21:07:50,927 [ERROR] LogOutputStream:75 - [STDERR_REDIRECT] 
2026-03-09 21:07:51,933 [ERROR] LogOutputStream:75 - [STDERR_REDIRECT] [Fatal Error] :1:1: Premature end of file.
2026-03-09 21:07:51,933 [ERROR] LogOutputStream:75 - [STDERR_REDIRECT] 
2026-03-09 21:07:52,937 [ERROR] LogOutputStream:75 - [STDERR_REDIRECT] [Fatal Error] :1:1: Premature end of file.
2026-03-09 21:07:52,937 [ERROR] LogOutputStream:75 - [STDERR_REDIRECT] 
2026-03-09 21:07:53,932 [ERROR] LogOutputStream:75 - [STDERR_REDIRECT] [Fatal Error] :1:1: Premature end of file.
2026-03-09 21:07:53,932 [ERROR] LogOutputStream:75 - [STDERR_REDIRECT] 
2026-03-09 21:07:54,935 [ERROR] LogOutputStream:75 - [STDERR_REDIRECT] [Fatal Error] :1:1: Premature end of file.
2026-03-09 21:07:54,935 [ERROR] LogOutputStream:75 - [STDERR_REDIRECT] 
2026-03-09 21:07:55,933 [ERROR] LogOutputStream:75 - [STDERR_REDIRECT] [Fatal Error] :1:1: Premature end of file.
2026-03-09 21:07:55,933 [ERROR] LogOutputStream:75 - [STDERR_REDIRECT] 
2026-03-09 21:07:56,927 [ERROR] LogOutputStream:75 - [STDERR_REDIRECT] [Fatal Error] :1:1: Premature end of file.
2026-03-09 21:07:56,927 [ERROR] LogOutputStream:75 - [STDERR_REDIRECT] 
2026-03-09 21:07:57,924 [ERROR] LogOutputStream:75 - [STDERR_REDIRECT] [Fatal Error] :1:1: Premature end of file.
2026-03-09 21:07:57,924 [ERROR] LogOutputStream:75 - [STDERR_REDIRECT] 
2026-03-09 21:07:58,928 [ERROR] LogOutputStream:75 - [STDERR_REDIRECT] [Fatal Error] :1:1: Premature end of file.
2026-03-09 21:07:58,928 [ERROR] LogOutputStream:75 - [STDERR_REDIRECT] 
2026-03-09 21:07:59,923 [ERROR] LogOutputStream:75 - [STDERR_REDIRECT] [Fatal Error] :1:1: Premature end of file.
2026-03-09 21:07:59,923 [ERROR] LogOutputStream:75 - [STDERR_REDIRECT] 
2026-03-09 21:08:00,927 [ERROR] LogOutputStream:75 - [STDERR_REDIRECT] [Fatal Error] :1:1: Premature end of file.
2026-03-09 21:08:00,927 [ERROR] LogOutputStream:75 - [STDERR_REDIRECT] 
2026-03-09 21:08:01,931 [ERROR] LogOutputStream:75 - [STDERR_REDIRECT] [Fatal Error] :1:1: Premature end of file.
2026-03-09 21:08:01,931 [ERROR] LogOutputStream:75 - [STDERR_REDIRECT] 
2026-03-09 21:08:02,926 [ERROR] LogOutputStream:75 - [STDERR_REDIRECT] [Fatal Error] :1:1: Premature end of file.
2026-03-09 21:08:02,926 [ERROR] LogOutputStream:75 - [STDERR_REDIRECT] 
2026-03-09 21:08:03,924 [ERROR] LogOutputStream:75 - [STDERR_REDIRECT] [Fatal Error] :1:1: Premature end of file.
2026-03-09 21:08:03,924 [ERROR] LogOutputStream:75 - [STDERR_REDIRECT] 
2026-03-09 21:08:04,934 [ERROR] LogOutputStream:75 - [STDERR_REDIRECT] [Fatal Error] :1:1: Premature end of file.
2026-03-09 21:08:04,934 [ERROR] LogOutputStream:75 - [STDERR_REDIRECT] 
2026-03-09 21:08:05,935 [ERROR] LogOutputStream:75 - [STDERR_REDIRECT] [Fatal Error] :1:1: Premature end of file.
2026-03-09 21:08:05,935 [ERROR] LogOutputStream:75 - [STDERR_REDIRECT] 
2026-03-09 21:08:06,923 [ERROR] LogOutputStream:75 - [STDERR_REDIRECT] [Fatal Error] :1:1: Premature end of file.
2026-03-09 21:08:06,923 [ERROR] LogOutputStream:75 - [STDERR_REDIRECT] 
2026-03-09 21:08:07,921 [ERROR] LogOutputStream:75 - [STDERR_REDIRECT] [Fatal Error] :1:1: Premature end of file.
2026-03-09 21:08:07,921 [ERROR] LogOutputStream:75 - [STDERR_REDIRECT] 
2026-03-09 21:08:08,942 [ERROR] LogOutputStream:75 - [STDERR_REDIRECT] [Fatal Error] :1:1: Premature end of file.
2026-03-09 21:08:08,942 [ERROR] LogOutputStream:75 - [STDERR_REDIRECT] 
2026-03-09 21:08:09,927 [ERROR] LogOutputStream:75 - [STDERR_REDIRECT] [Fatal Error] :1:1: Premature end of file.
2026-03-09 21:08:09,927 [ERROR] LogOutputStream:75 - [STDERR_REDIRECT] 
2026-03-09 21:08:10,938 [ERROR] LogOutputStream:75 - [STDERR_REDIRECT] [Fatal Error] :1:1: Premature end of file.
2026-03-09 21:08:10,938 [ERROR] LogOutputStream:75 - [STDERR_REDIRECT] 
2026-03-09 21:08:11,938 [ERROR] LogOutputStream:75 - [STDERR_REDIRECT] [Fatal Error] :1:1: Premature end of file.
2026-03-09 21:08:11,938 [ERROR] LogOutputStream:75 - [STDERR_REDIRECT] 
2026-03-09 21:08:12,934 [ERROR] LogOutputStream:75 - [STDERR_REDIRECT] [Fatal Error] :1:1: Premature end of file.
2026-03-09 21:08:12,934 [ERROR] LogOutputStream:75 - [STDERR_REDIRECT] 
2026-03-09 21:08:13,934 [ERROR] LogOutputStream:75 - [STDERR_REDIRECT] [Fatal Error] :1:1: Premature end of file.
2026-03-09 21:08:13,934 [ERROR] LogOutputStream:75 - [STDERR_REDIRECT] 
2026-03-09 21:08:14,932 [ERROR] LogOutputStream:75 - [STDERR_REDIRECT] [Fatal Error] :1:1: Premature end of file.
2026-03-09 21:08:14,932 [ERROR] LogOutputStream:75 - [STDERR_REDIRECT] 
2026-03-09 21:08:15,929 [ERROR] LogOutputStream:75 - [STDERR_REDIRECT] [Fatal Error] :1:1: Premature end of file.
2026-03-09 21:08:15,929 [ERROR] LogOutputStream:75 - [STDERR_REDIRECT] 
2026-03-09 21:08:16,933 [ERROR] LogOutputStream:75 - [STDERR_REDIRECT] [Fatal Error] :1:1: Premature end of file.
2026-03-09 21:08:16,933 [ERROR] LogOutputStream:75 - [STDERR_REDIRECT] 
2026-03-09 21:08:17,932 [ERROR] LogOutputStream:75 - [STDERR_REDIRECT] [Fatal Error] :1:1: Premature end of file.
2026-03-09 21:08:17,932 [ERROR] LogOutputStream:75 - [STDERR_REDIRECT] 
2026-03-09 21:08:18,930 [ERROR] LogOutputStream:75 - [STDERR_REDIRECT] [Fatal Error] :1:1: Premature end of file.
2026-03-09 21:08:18,930 [ERROR] LogOutputStream:75 - [STDERR_REDIRECT] 
2026-03-09 21:08:19,929 [ERROR] LogOutputStream:75 - [STDERR_REDIRECT] [Fatal Error] :1:1: Premature end of file.
2026-03-09 21:08:19,929 [ERROR] LogOutputStream:75 - [STDERR_REDIRECT] 
2026-03-09 21:08:20,926 [ERROR] LogOutputStream:75 - [STDERR_REDIRECT] [Fatal Error] :1:1: Premature end of file.
2026-03-09 21:08:20,926 [ERROR] LogOutputStream:75 - [STDERR_REDIRECT] 
2026-03-09 21:08:21,925 [ERROR] LogOutputStream:75 - [STDERR_REDIRECT] [Fatal Error] :1:1: Premature end of file.
2026-03-09 21:08:21,927 [ERROR] LogOutputStream:75 - [STDERR_REDIRECT] 
2026-03-09 21:08:22,925 [ERROR] LogOutputStream:75 - [STDERR_REDIRECT] [Fatal Error] :1:1: Premature end of file.
2026-03-09 21:08:22,925 [ERROR] LogOutputStream:75 - [STDERR_REDIRECT] 
2026-03-09 21:08:23,936 [ERROR] LogOutputStream:75 - [STDERR_REDIRECT] [Fatal Error] :1:1: Premature end of file.
2026-03-09 21:08:23,936 [ERROR] LogOutputStream:75 - [STDERR_REDIRECT] 
2026-03-09 21:08:24,933 [ERROR] LogOutputStream:75 - [STDERR_REDIRECT] [Fatal Error] :1:1: Premature end of file.
2026-03-09 21:08:24,933 [ERROR] LogOutputStream:75 - [STDERR_REDIRECT] 
2026-03-09 21:08:25,925 [ERROR] LogOutputStream:75 - [STDERR_REDIRECT] [Fatal Error] :1:1: Premature end of file.
2026-03-09 21:08:25,925 [ERROR] LogOutputStream:75 - [STDERR_REDIRECT] 
2026-03-09 21:08:26,926 [ERROR] LogOutputStream:75 - [STDERR_REDIRECT] [Fatal Error] :1:1: Premature end of file.
2026-03-09 21:08:26,926 [ERROR] LogOutputStream:75 - [STDERR_REDIRECT] 
2026-03-09 21:08:27,928 [ERROR] LogOutputStream:75 - [STDERR_REDIRECT] [Fatal Error] :1:1: Premature end of file.
2026-03-09 21:08:27,928 [ERROR] LogOutputStream:75 - [STDERR_REDIRECT] 
2026-03-09 21:08:28,932 [ERROR] LogOutputStream:75 - [STDERR_REDIRECT] [Fatal Error] :1:1: Premature end of file.
2026-03-09 21:08:28,932 [ERROR] LogOutputStream:75 - [STDERR_REDIRECT] 
2026-03-09 21:08:29,941 [ERROR] LogOutputStream:75 - [STDERR_REDIRECT] [Fatal Error] :1:1: Premature end of file.
2026-03-09 21:08:29,941 [ERROR] LogOutputStream:75 - [STDERR_REDIRECT] 
2026-03-09 21:08:30,938 [ERROR] LogOutputStream:75 - [STDERR_REDIRECT] [Fatal Error] :1:1: Premature end of file.
2026-03-09 21:08:30,938 [ERROR] LogOutputStream:75 - [STDERR_REDIRECT] 
2026-03-09 21:08:31,923 [ERROR] LogOutputStream:75 - [STDERR_REDIRECT] [Fatal Error] :1:1: Premature end of file.
2026-03-09 21:08:31,923 [ERROR] LogOutputStream:75 - [STDERR_REDIRECT] 
2026-03-09 21:08:32,923 [ERROR] LogOutputStream:75 - [STDERR_REDIRECT] [Fatal Error] :1:1: Premature end of file.
2026-03-09 21:08:32,923 [ERROR] LogOutputStream:75 - [STDERR_REDIRECT] 
2026-03-09 21:08:33,928 [ERROR] LogOutputStream:75 - [STDERR_REDIRECT] [Fatal Error] :1:1: Premature end of file.
2026-03-09 21:08:33,928 [ERROR] LogOutputStream:75 - [STDERR_REDIRECT] 
2026-03-09 21:08:34,929 [ERROR] LogOutputStream:75 - [STDERR_REDIRECT] [Fatal Error] :1:1: Premature end of file.
2026-03-09 21:08:34,929 [ERROR] LogOutputStream:75 - [STDERR_REDIRECT] 
2026-03-09 21:08:35,933 [ERROR] LogOutputStream:75 - [STDERR_REDIRECT] [Fatal Error] :1:1: Premature end of file.
2026-03-09 21:08:35,933 [ERROR] LogOutputStream:75 - [STDERR_REDIRECT] 
2026-03-09 21:08:36,934 [ERROR] LogOutputStream:75 - [STDERR_REDIRECT] [Fatal Error] :1:1: Premature end of file.
2026-03-09 21:08:36,934 [ERROR] LogOutputStream:75 - [STDERR_REDIRECT] 
2026-03-09 21:08:37,937 [ERROR] LogOutputStream:75 - [STDERR_REDIRECT] [Fatal Error] :1:1: Premature end of file.
2026-03-09 21:08:37,937 [ERROR] LogOutputStream:75 - [STDERR_REDIRECT] 
2026-03-09 21:08:38,936 [ERROR] LogOutputStream:75 - [STDERR_REDIRECT] [Fatal Error] :1:1: Premature end of file.
2026-03-09 21:08:38,936 [ERROR] LogOutputStream:75 - [STDERR_REDIRECT] 
2026-03-09 21:08:39,935 [ERROR] LogOutputStream:75 - [STDERR_REDIRECT] [Fatal Error] :1:1: Premature end of file.
2026-03-09 21:08:39,935 [ERROR] LogOutputStream:75 - [STDERR_REDIRECT] 
2026-03-09 21:08:40,936 [ERROR] LogOutputStream:75 - [STDERR_REDIRECT] [Fatal Error] :1:1: Premature end of file.
2026-03-09 21:08:40,936 [ERROR] LogOutputStream:75 - [STDERR_REDIRECT] 
2026-03-09 21:08:41,933 [ERROR] LogOutputStream:75 - [STDERR_REDIRECT] [Fatal Error] :1:1: Premature end of file.
2026-03-09 21:08:41,933 [ERROR] LogOutputStream:75 - [STDERR_REDIRECT] 
2026-03-09 21:08:42,931 [ERROR] LogOutputStream:75 - [STDERR_REDIRECT] [Fatal Error] :1:1: Premature end of file.
2026-03-09 21:08:42,931 [ERROR] LogOutputStream:75 - [STDERR_REDIRECT] 
2026-03-09 21:08:43,929 [ERROR] LogOutputStream:75 - [STDERR_REDIRECT] [Fatal Error] :1:1: Premature end of file.
2026-03-09 21:08:43,929 [ERROR] LogOutputStream:75 - [STDERR_REDIRECT] 
2026-03-09 21:08:44,929 [ERROR] LogOutputStream:75 - [STDERR_REDIRECT] [Fatal Error] :1:1: Premature end of file.
2026-03-09 21:08:44,929 [ERROR] LogOutputStream:75 - [STDERR_REDIRECT] 
2026-03-09 21:08:45,925 [ERROR] LogOutputStream:75 - [STDERR_REDIRECT] [Fatal Error] :1:1: Premature end of file.
2026-03-09 21:08:45,925 [ERROR] LogOutputStream:75 - [STDERR_REDIRECT] 
2026-03-09 21:08:46,927 [ERROR] LogOutputStream:75 - [STDERR_REDIRECT] [Fatal Error] :1:1: Premature end of file.
2026-03-09 21:08:46,928 [ERROR] LogOutputStream:75 - [STDERR_REDIRECT] 
2026-03-09 21:08:47,926 [ERROR] LogOutputStream:75 - [STDERR_REDIRECT] [Fatal Error] :1:1: Premature end of file.
2026-03-09 21:08:47,926 [ERROR] LogOutputStream:75 - [STDERR_REDIRECT] 
2026-03-09 21:08:48,926 [ERROR] LogOutputStream:75 - [STDERR_REDIRECT] [Fatal Error] :1:1: Premature end of file.
2026-03-09 21:08:48,926 [ERROR] LogOutputStream:75 - [STDERR_REDIRECT] 
2026-03-09 21:08:49,925 [ERROR] LogOutputStream:75 - [STDERR_REDIRECT] [Fatal Error] :1:1: Premature end of file.
2026-03-09 21:08:49,925 [ERROR] LogOutputStream:75 - [STDERR_REDIRECT] 
2026-03-09 21:08:50,929 [ERROR] LogOutputStream:75 - [STDERR_REDIRECT] [Fatal Error] :1:1: Premature end of file.
2026-03-09 21:08:50,929 [ERROR] LogOutputStream:75 - [STDERR_REDIRECT] 
2026-03-09 21:08:51,929 [ERROR] LogOutputStream:75 - [STDERR_REDIRECT] [Fatal Error] :1:1: Premature end of file.
2026-03-09 21:08:51,929 [ERROR] LogOutputStream:75 - [STDERR_REDIRECT] 
2026-03-09 21:08:52,928 [ERROR] LogOutputStream:75 - [STDERR_REDIRECT] [Fatal Error] :1:1: Premature end of file.
2026-03-09 21:08:52,928 [ERROR] LogOutputStream:75 - [STDERR_REDIRECT] 
2026-03-09 21:08:53,949 [ERROR] LogOutputStream:75 - [STDERR_REDIRECT] [Fatal Error] :1:1: Premature end of file.
2026-03-09 21:08:53,949 [ERROR] LogOutputStream:75 - [STDERR_REDIRECT] 
2026-03-09 21:08:54,932 [ERROR] LogOutputStream:75 - [STDERR_REDIRECT] [Fatal Error] :1:1: Premature end of file.
2026-03-09 21:08:54,932 [ERROR] LogOutputStream:75 - [STDERR_REDIRECT] 
2026-03-09 21:08:55,930 [ERROR] LogOutputStream:75 - [STDERR_REDIRECT] [Fatal Error] :1:1: Premature end of file.
2026-03-09 21:08:55,930 [ERROR] LogOutputStream:75 - [STDERR_REDIRECT] 
2026-03-09 21:08:56,930 [ERROR] LogOutputStream:75 - [STDERR_REDIRECT] [Fatal Error] :1:1: Premature end of file.
2026-03-09 21:08:56,930 [ERROR] LogOutputStream:75 - [STDERR_REDIRECT] 
2026-03-09 21:08:57,929 [ERROR] LogOutputStream:75 - [STDERR_REDIRECT] [Fatal Error] :1:1: Premature end of file.
2026-03-09 21:08:57,929 [ERROR] LogOutputStream:75 - [STDERR_REDIRECT] 
2026-03-09 21:08:58,923 [ERROR] LogOutputStream:75 - [STDERR_REDIRECT] [Fatal Error] :1:1: Premature end of file.
2026-03-09 21:08:58,923 [ERROR] LogOutputStream:75 - [STDERR_REDIRECT] 
2026-03-09 21:08:59,940 [ERROR] LogOutputStream:75 - [STDERR_REDIRECT] [Fatal Error] :1:1: Premature end of file.
2026-03-09 21:08:59,940 [ERROR] LogOutputStream:75 - [STDERR_REDIRECT] 
2026-03-09 21:09:00,930 [ERROR] LogOutputStream:75 - [STDERR_REDIRECT] [Fatal Error] :1:1: Premature end of file.
2026-03-09 21:09:00,930 [ERROR] LogOutputStream:75 - [STDERR_REDIRECT] 
2026-03-09 21:09:01,931 [ERROR] LogOutputStream:75 - [STDERR_REDIRECT] [Fatal Error] :1:1: Premature end of file.
2026-03-09 21:09:01,931 [ERROR] LogOutputStream:75 - [STDERR_REDIRECT] 
2026-03-09 21:09:02,935 [ERROR] LogOutputStream:75 - [STDERR_REDIRECT] [Fatal Error] :1:1: Premature end of file.
2026-03-09 21:09:02,935 [ERROR] LogOutputStream:75 - [STDERR_REDIRECT] 
2026-03-09 21:09:03,931 [ERROR] LogOutputStream:75 - [STDERR_REDIRECT] [Fatal Error] :1:1: Premature end of file.
2026-03-09 21:09:03,931 [ERROR] LogOutputStream:75 - [STDERR_REDIRECT] 
2026-03-09 21:09:04,933 [ERROR] LogOutputStream:75 - [STDERR_REDIRECT] [Fatal Error] :1:1: Premature end of file.
2026-03-09 21:09:04,933 [ERROR] LogOutputStream:75 - [STDERR_REDIRECT] 
2026-03-09 21:09:05,933 [ERROR] LogOutputStream:75 - [STDERR_REDIRECT] [Fatal Error] :1:1: Premature end of file.
2026-03-09 21:09:05,933 [ERROR] LogOutputStream:75 - [STDERR_REDIRECT] 
2026-03-09 21:09:06,932 [ERROR] LogOutputStream:75 - [STDERR_REDIRECT] [Fatal Error] :1:1: Premature end of file.
2026-03-09 21:09:06,932 [ERROR] LogOutputStream:75 - [STDERR_REDIRECT] 
2026-03-09 21:09:07,927 [ERROR] LogOutputStream:75 - [STDERR_REDIRECT] [Fatal Error] :1:1: Premature end of file.
2026-03-09 21:09:07,927 [ERROR] LogOutputStream:75 - [STDERR_REDIRECT] 
2026-03-09 21:09:08,925 [ERROR] LogOutputStream:75 - [STDERR_REDIRECT] [Fatal Error] :1:1: Premature end of file.
2026-03-09 21:09:08,925 [ERROR] LogOutputStream:75 - [STDERR_REDIRECT] 
2026-03-09 21:09:09,928 [ERROR] LogOutputStream:75 - [STDERR_REDIRECT] [Fatal Error] :1:1: Premature end of file.
2026-03-09 21:09:09,928 [ERROR] LogOutputStream:75 - [STDERR_REDIRECT] 
2026-03-09 21:09:10,931 [ERROR] LogOutputStream:75 - [STDERR_REDIRECT] [Fatal Error] :1:1: Premature end of file.
2026-03-09 21:09:10,931 [ERROR] LogOutputStream:75 - [STDERR_REDIRECT] 
2026-03-09 21:09:11,929 [ERROR] LogOutputStream:75 - [STDERR_REDIRECT] [Fatal Error] :1:1: Premature end of file.
2026-03-09 21:09:11,929 [ERROR] LogOutputStream:75 - [STDERR_REDIRECT] 
2026-03-09 21:09:12,935 [ERROR] LogOutputStream:75 - [STDERR_REDIRECT] [Fatal Error] :1:1: Premature end of file.
2026-03-09 21:09:12,935 [ERROR] LogOutputStream:75 - [STDERR_REDIRECT] 
2026-03-09 21:09:13,923 [ERROR] LogOutputStream:75 - [STDERR_REDIRECT] [Fatal Error] :1:1: Premature end of file.
2026-03-09 21:09:13,923 [ERROR] LogOutputStream:75 - [STDERR_REDIRECT] 
2026-03-09 21:09:14,924 [ERROR] LogOutputStream:75 - [STDERR_REDIRECT] [Fatal Error] :1:1: Premature end of file.
2026-03-09 21:09:14,924 [ERROR] LogOutputStream:75 - [STDERR_REDIRECT] 
2026-03-09 21:09:15,927 [ERROR] LogOutputStream:75 - [STDERR_REDIRECT] [Fatal Error] :1:1: Premature end of file.
2026-03-09 21:09:15,927 [ERROR] LogOutputStream:75 - [STDERR_REDIRECT] 
2026-03-09 21:09:16,927 [ERROR] LogOutputStream:75 - [STDERR_REDIRECT] [Fatal Error] :1:1: Premature end of file.
2026-03-09 21:09:16,927 [ERROR] LogOutputStream:75 - [STDERR_REDIRECT] 
2026-03-09 21:09:17,924 [ERROR] LogOutputStream:75 - [STDERR_REDIRECT] [Fatal Error] :1:1: Premature end of file.
2026-03-09 21:09:17,924 [ERROR] LogOutputStream:75 - [STDERR_REDIRECT] 
2026-03-09 21:09:18,936 [ERROR] LogOutputStream:75 - [STDERR_REDIRECT] [Fatal Error] :1:1: Premature end of file.
2026-03-09 21:09:18,936 [ERROR] LogOutputStream:75 - [STDERR_REDIRECT] 
2026-03-09 21:09:19,933 [ERROR] LogOutputStream:75 - [STDERR_REDIRECT] [Fatal Error] :1:1: Premature end of file.
2026-03-09 21:09:19,933 [ERROR] LogOutputStream:75 - [STDERR_REDIRECT] 
2026-03-09 21:09:20,922 [ERROR] LogOutputStream:75 - [STDERR_REDIRECT] [Fatal Error] :1:1: Premature end of file.
2026-03-09 21:09:20,922 [ERROR] LogOutputStream:75 - [STDERR_REDIRECT] 
2026-03-09 21:09:21,928 [ERROR] LogOutputStream:75 - [STDERR_REDIRECT] [Fatal Error] :1:1: Premature end of file.
2026-03-09 21:09:21,928 [ERROR] LogOutputStream:75 - [STDERR_REDIRECT] 
2026-03-09 21:09:22,933 [ERROR] LogOutputStream:75 - [STDERR_REDIRECT] [Fatal Error] :1:1: Premature end of file.
2026-03-09 21:09:22,933 [ERROR] LogOutputStream:75 - [STDERR_REDIRECT] 
2026-03-09 21:09:23,939 [ERROR] LogOutputStream:75 - [STDERR_REDIRECT] [Fatal Error] :1:1: Premature end of file.
2026-03-09 21:09:23,939 [ERROR] LogOutputStream:75 - [STDERR_REDIRECT] 
2026-03-09 21:09:24,924 [ERROR] LogOutputStream:75 - [STDERR_REDIRECT] [Fatal Error] :1:1: Premature end of file.
2026-03-09 21:09:24,924 [ERROR] LogOutputStream:75 - [STDERR_REDIRECT] 
2026-03-09 21:09:25,928 [ERROR] LogOutputStream:75 - [STDERR_REDIRECT] [Fatal Error] :1:1: Premature end of file.
2026-03-09 21:09:25,929 [ERROR] LogOutputStream:75 - [STDERR_REDIRECT] 
2026-03-09 21:09:26,933 [ERROR] LogOutputStream:75 - [STDERR_REDIRECT] [Fatal Error] :1:1: Premature end of file.
2026-03-09 21:09:26,933 [ERROR] LogOutputStream:75 - [STDERR_REDIRECT] 
2026-03-09 21:09:27,940 [ERROR] LogOutputStream:75 - [STDERR_REDIRECT] [Fatal Error] :1:1: Premature end of file.
2026-03-09 21:09:27,940 [ERROR] LogOutputStream:75 - [STDERR_REDIRECT] 
2026-03-09 21:09:28,931 [ERROR] LogOutputStream:75 - [STDERR_REDIRECT] [Fatal Error] :1:1: Premature end of file.
2026-03-09 21:09:28,931 [ERROR] LogOutputStream:75 - [STDERR_REDIRECT] 
2026-03-09 21:09:29,933 [ERROR] LogOutputStream:75 - [STDERR_REDIRECT] [Fatal Error] :1:1: Premature end of file.
2026-03-09 21:09:29,933 [ERROR] LogOutputStream:75 - [STDERR_REDIRECT] 
2026-03-09 21:09:30,938 [ERROR] LogOutputStream:75 - [STDERR_REDIRECT] [Fatal Error] :1:1: Premature end of file.
2026-03-09 21:09:30,939 [ERROR] LogOutputStream:75 - [STDERR_REDIRECT] 
2026-03-09 21:09:31,937 [ERROR] LogOutputStream:75 - [STDERR_REDIRECT] [Fatal Error] :1:1: Premature end of file.
2026-03-09 21:09:31,937 [ERROR] LogOutputStream:75 - [STDERR_REDIRECT] 
2026-03-09 21:09:32,925 [ERROR] LogOutputStream:75 - [STDERR_REDIRECT] [Fatal Error] :1:1: Premature end of file.
2026-03-09 21:09:32,925 [ERROR] LogOutputStream:75 - [STDERR_REDIRECT] 
2026-03-09 21:09:33,934 [ERROR] LogOutputStream:75 - [STDERR_REDIRECT] [Fatal Error] :1:1: Premature end of file.
2026-03-09 21:09:33,934 [ERROR] LogOutputStream:75 - [STDERR_REDIRECT] 
2026-03-09 21:09:34,933 [ERROR] LogOutputStream:75 - [STDERR_REDIRECT] [Fatal Error] :1:1: Premature end of file.
2026-03-09 21:09:34,934 [ERROR] LogOutputStream:75 - [STDERR_REDIRECT] 
2026-03-09 21:09:35,930 [ERROR] LogOutputStream:75 - [STDERR_REDIRECT] [Fatal Error] :1:1: Premature end of file.
2026-03-09 21:09:35,930 [ERROR] LogOutputStream:75 - [STDERR_REDIRECT] 
2026-03-09 21:09:36,934 [ERROR] LogOutputStream:75 - [STDERR_REDIRECT] [Fatal Error] :1:1: Premature end of file.
2026-03-09 21:09:36,934 [ERROR] LogOutputStream:75 - [STDERR_REDIRECT] 
2026-03-09 21:09:37,936 [ERROR] LogOutputStream:75 - [STDERR_REDIRECT] [Fatal Error] :1:1: Premature end of file.
2026-03-09 21:09:37,936 [ERROR] LogOutputStream:75 - [STDERR_REDIRECT] 
2026-03-09 21:09:38,946 [ERROR] LogOutputStream:75 - [STDERR_REDIRECT] [Fatal Error] :1:1: Premature end of file.
2026-03-09 21:09:38,946 [ERROR] LogOutputStream:75 - [STDERR_REDIRECT] 
2026-03-09 21:09:39,927 [ERROR] LogOutputStream:75 - [STDERR_REDIRECT] [Fatal Error] :1:1: Premature end of file.
2026-03-09 21:09:39,927 [ERROR] LogOutputStream:75 - [STDERR_REDIRECT] 
2026-03-09 21:09:40,933 [ERROR] LogOutputStream:75 - [STDERR_REDIRECT] [Fatal Error] :1:1: Premature end of file.
2026-03-09 21:09:40,934 [ERROR] LogOutputStream:75 - [STDERR_REDIRECT] 
2026-03-09 21:09:41,921 [ERROR] LogOutputStream:75 - [STDERR_REDIRECT] [Fatal Error] :1:1: Premature end of file.
2026-03-09 21:09:41,921 [ERROR] LogOutputStream:75 - [STDERR_REDIRECT] 
2026-03-09 21:09:42,929 [ERROR] LogOutputStream:75 - [STDERR_REDIRECT] [Fatal Error] :1:1: Premature end of file.
2026-03-09 21:09:42,929 [ERROR] LogOutputStream:75 - [STDERR_REDIRECT] 
2026-03-09 21:09:43,935 [ERROR] LogOutputStream:75 - [STDERR_REDIRECT] [Fatal Error] :1:1: Premature end of file.
2026-03-09 21:09:43,935 [ERROR] LogOutputStream:75 - [STDERR_REDIRECT] 
2026-03-09 21:09:44,924 [ERROR] LogOutputStream:75 - [STDERR_REDIRECT] [Fatal Error] :1:1: Premature end of file.
2026-03-09 21:09:44,924 [ERROR] LogOutputStream:75 - [STDERR_REDIRECT] 
2026-03-09 21:09:45,925 [ERROR] LogOutputStream:75 - [STDERR_REDIRECT] [Fatal Error] :1:1: Premature end of file.
2026-03-09 21:09:45,925 [ERROR] LogOutputStream:75 - [STDERR_REDIRECT] 
2026-03-09 21:09:46,932 [ERROR] LogOutputStream:75 - [STDERR_REDIRECT] [Fatal Error] :1:1: Premature end of file.
2026-03-09 21:09:46,932 [ERROR] LogOutputStream:75 - [STDERR_REDIRECT] 
2026-03-09 21:09:47,935 [ERROR] LogOutputStream:75 - [STDERR_REDIRECT] [Fatal Error] :1:1: Premature end of file.
2026-03-09 21:09:47,935 [ERROR] LogOutputStream:75 - [STDERR_REDIRECT] 
2026-03-09 21:09:48,945 [ERROR] LogOutputStream:75 - [STDERR_REDIRECT] [Fatal Error] :1:1: Premature end of file.
2026-03-09 21:09:48,945 [ERROR] LogOutputStream:75 - [STDERR_REDIRECT] 
2026-03-09 21:09:49,924 [ERROR] LogOutputStream:75 - [STDERR_REDIRECT] [Fatal Error] :1:1: Premature end of file.
2026-03-09 21:09:49,924 [ERROR] LogOutputStream:75 - [STDERR_REDIRECT] 
2026-03-09 21:09:50,925 [ERROR] LogOutputStream:75 - [STDERR_REDIRECT] [Fatal Error] :1:1: Premature end of file.
2026-03-09 21:09:50,925 [ERROR] LogOutputStream:75 - [STDERR_REDIRECT] 
2026-03-09 21:09:51,929 [ERROR] LogOutputStream:75 - [STDERR_REDIRECT] [Fatal Error] :1:1: Premature end of file.
2026-03-09 21:09:51,929 [ERROR] LogOutputStream:75 - [STDERR_REDIRECT] 
2026-03-09 21:09:52,937 [ERROR] LogOutputStream:75 - [STDERR_REDIRECT] [Fatal Error] :1:1: Premature end of file.
2026-03-09 21:09:52,937 [ERROR] LogOutputStream:75 - [STDERR_REDIRECT] 
2026-03-09 21:09:53,927 [ERROR] LogOutputStream:75 - [STDERR_REDIRECT] [Fatal Error] :1:1: Premature end of file.
2026-03-09 21:09:53,927 [ERROR] LogOutputStream:75 - [STDERR_REDIRECT] 
2026-03-09 21:09:54,932 [ERROR] LogOutputStream:75 - [STDERR_REDIRECT] [Fatal Error] :1:1: Premature end of file.
2026-03-09 21:09:54,932 [ERROR] LogOutputStream:75 - [STDERR_REDIRECT] 
2026-03-09 21:09:55,926 [ERROR] LogOutputStream:75 - [STDERR_REDIRECT] [Fatal Error] :1:1: Premature end of file.
2026-03-09 21:09:55,926 [ERROR] LogOutputStream:75 - [STDERR_REDIRECT] 
2026-03-09 21:09:56,934 [ERROR] LogOutputStream:75 - [STDERR_REDIRECT] [Fatal Error] :1:1: Premature end of file.
2026-03-09 21:09:56,934 [ERROR] LogOutputStream:75 - [STDERR_REDIRECT] 
2026-03-09 21:09:57,936 [ERROR] LogOutputStream:75 - [STDERR_REDIRECT] [Fatal Error] :1:1: Premature end of file.
2026-03-09 21:09:57,937 [ERROR] LogOutputStream:75 - [STDERR_REDIRECT] 
2026-03-09 21:09:58,921 [ERROR] LogOutputStream:75 - [STDERR_REDIRECT] [Fatal Error] :1:1: Premature end of file.
2026-03-09 21:09:58,922 [ERROR] LogOutputStream:75 - [STDERR_REDIRECT] 
2026-03-09 21:09:59,925 [ERROR] LogOutputStream:75 - [STDERR_REDIRECT] [Fatal Error] :1:1: Premature end of file.
2026-03-09 21:09:59,925 [ERROR] LogOutputStream:75 - [STDERR_REDIRECT] 
2026-03-09 21:10:00,939 [ERROR] LogOutputStream:75 - [STDERR_REDIRECT] [Fatal Error] :1:1: Premature end of file.
2026-03-09 21:10:00,939 [ERROR] LogOutputStream:75 - [STDERR_REDIRECT] 
2026-03-09 21:10:01,924 [ERROR] LogOutputStream:75 - [STDERR_REDIRECT] [Fatal Error] :1:1: Premature end of file.
2026-03-09 21:10:01,924 [ERROR] LogOutputStream:75 - [STDERR_REDIRECT] 
2026-03-09 21:10:02,929 [ERROR] LogOutputStream:75 - [STDERR_REDIRECT] [Fatal Error] :1:1: Premature end of file.
2026-03-09 21:10:02,930 [ERROR] LogOutputStream:75 - [STDERR_REDIRECT] 
2026-03-09 21:10:03,932 [ERROR] LogOutputStream:75 - [STDERR_REDIRECT] [Fatal Error] :1:1: Premature end of file.
2026-03-09 21:10:03,932 [ERROR] LogOutputStream:75 - [STDERR_REDIRECT] 
2026-03-09 21:10:04,934 [ERROR] LogOutputStream:75 - [STDERR_REDIRECT] [Fatal Error] :1:1: Premature end of file.
2026-03-09 21:10:04,934 [ERROR] LogOutputStream:75 - [STDERR_REDIRECT] 
2026-03-09 21:10:05,925 [ERROR] LogOutputStream:75 - [STDERR_REDIRECT] [Fatal Error] :1:1: Premature end of file.
2026-03-09 21:10:05,925 [ERROR] LogOutputStream:75 - [STDERR_REDIRECT] 
2026-03-09 21:10:06,930 [ERROR] LogOutputStream:75 - [STDERR_REDIRECT] [Fatal Error] :1:1: Premature end of file.
2026-03-09 21:10:06,930 [ERROR] LogOutputStream:75 - [STDERR_REDIRECT] 
2026-03-09 21:10:07,924 [ERROR] LogOutputStream:75 - [STDERR_REDIRECT] [Fatal Error] :1:1: Premature end of file.
2026-03-09 21:10:07,924 [ERROR] LogOutputStream:75 - [STDERR_REDIRECT] 
2026-03-09 21:10:08,932 [ERROR] LogOutputStream:75 - [STDERR_REDIRECT] [Fatal Error] :1:1: Premature end of file.
2026-03-09 21:10:08,932 [ERROR] LogOutputStream:75 - [STDERR_REDIRECT] 
2026-03-09 21:10:09,930 [ERROR] LogOutputStream:75 - [STDERR_REDIRECT] [Fatal Error] :1:1: Premature end of file.
2026-03-09 21:10:09,930 [ERROR] LogOutputStream:75 - [STDERR_REDIRECT] 
2026-03-09 21:10:10,932 [ERROR] LogOutputStream:75 - [STDERR_REDIRECT] [Fatal Error] :1:1: Premature end of file.
2026-03-09 21:10:10,932 [ERROR] LogOutputStream:75 - [STDERR_REDIRECT] 
2026-03-09 21:10:11,939 [ERROR] LogOutputStream:75 - [STDERR_REDIRECT] [Fatal Error] :1:1: Premature end of file.
2026-03-09 21:10:11,939 [ERROR] LogOutputStream:75 - [STDERR_REDIRECT] 
2026-03-09 21:10:12,926 [ERROR] LogOutputStream:75 - [STDERR_REDIRECT] [Fatal Error] :1:1: Premature end of file.
2026-03-09 21:10:12,926 [ERROR] LogOutputStream:75 - [STDERR_REDIRECT] 
2026-03-09 21:10:13,932 [ERROR] LogOutputStream:75 - [STDERR_REDIRECT] [Fatal Error] :1:1: Premature end of file.
2026-03-09 21:10:13,932 [ERROR] LogOutputStream:75 - [STDERR_REDIRECT] 
2026-03-09 21:10:14,938 [ERROR] LogOutputStream:75 - [STDERR_REDIRECT] [Fatal Error] :1:1: Premature end of file.
2026-03-09 21:10:14,938 [ERROR] LogOutputStream:75 - [STDERR_REDIRECT] 
2026-03-09 21:10:15,925 [ERROR] LogOutputStream:75 - [STDERR_REDIRECT] [Fatal Error] :1:1: Premature end of file.
2026-03-09 21:10:15,926 [ERROR] LogOutputStream:75 - [STDERR_REDIRECT] 
2026-03-09 21:10:16,930 [ERROR] LogOutputStream:75 - [STDERR_REDIRECT] [Fatal Error] :1:1: Premature end of file.
2026-03-09 21:10:16,930 [ERROR] LogOutputStream:75 - [STDERR_REDIRECT] 
2026-03-09 21:10:17,928 [ERROR] LogOutputStream:75 - [STDERR_REDIRECT] [Fatal Error] :1:1: Premature end of file.
2026-03-09 21:10:17,928 [ERROR] LogOutputStream:75 - [STDERR_REDIRECT] 
2026-03-09 21:10:18,932 [ERROR] LogOutputStream:75 - [STDERR_REDIRECT] [Fatal Error] :1:1: Premature end of file.
2026-03-09 21:10:18,932 [ERROR] LogOutputStream:75 - [STDERR_REDIRECT] 
2026-03-09 21:10:19,931 [ERROR] LogOutputStream:75 - [STDERR_REDIRECT] [Fatal Error] :1:1: Premature end of file.
2026-03-09 21:10:19,931 [ERROR] LogOutputStream:75 - [STDERR_REDIRECT] 
2026-03-09 21:10:20,938 [ERROR] LogOutputStream:75 - [STDERR_REDIRECT] [Fatal Error] :1:1: Premature end of file.
2026-03-09 21:10:20,938 [ERROR] LogOutputStream:75 - [STDERR_REDIRECT] 
2026-03-09 21:10:21,937 [ERROR] LogOutputStream:75 - [STDERR_REDIRECT] [Fatal Error] :1:1: Premature end of file.
2026-03-09 21:10:21,938 [ERROR] LogOutputStream:75 - [STDERR_REDIRECT] 
2026-03-09 21:10:22,932 [ERROR] LogOutputStream:75 - [STDERR_REDIRECT] [Fatal Error] :1:1: Premature end of file.
2026-03-09 21:10:22,932 [ERROR] LogOutputStream:75 - [STDERR_REDIRECT] 
2026-03-09 21:10:23,942 [ERROR] LogOutputStream:75 - [STDERR_REDIRECT] [Fatal Error] :1:1: Premature end of file.
2026-03-09 21:10:23,942 [ERROR] LogOutputStream:75 - [STDERR_REDIRECT] 
2026-03-09 21:10:24,929 [ERROR] LogOutputStream:75 - [STDERR_REDIRECT] [Fatal Error] :1:1: Premature end of file.
2026-03-09 21:10:24,929 [ERROR] LogOutputStream:75 - [STDERR_REDIRECT] 
2026-03-09 21:10:25,930 [ERROR] LogOutputStream:75 - [STDERR_REDIRECT] [Fatal Error] :1:1: Premature end of file.
2026-03-09 21:10:25,930 [ERROR] LogOutputStream:75 - [STDERR_REDIRECT] 
2026-03-09 21:10:26,927 [ERROR] LogOutputStream:75 - [STDERR_REDIRECT] [Fatal Error] :1:1: Premature end of file.
2026-03-09 21:10:26,927 [ERROR] LogOutputStream:75 - [STDERR_REDIRECT] 
2026-03-09 21:10:27,934 [ERROR] LogOutputStream:75 - [STDERR_REDIRECT] [Fatal Error] :1:1: Premature end of file.
2026-03-09 21:10:27,934 [ERROR] LogOutputStream:75 - [STDERR_REDIRECT] 
2026-03-09 21:10:28,932 [ERROR] LogOutputStream:75 - [STDERR_REDIRECT] [Fatal Error] :1:1: Premature end of file.
2026-03-09 21:10:28,932 [ERROR] LogOutputStream:75 - [STDERR_REDIRECT] 
2026-03-09 21:10:29,936 [ERROR] LogOutputStream:75 - [STDERR_REDIRECT] [Fatal Error] :1:1: Premature end of file.
2026-03-09 21:10:29,936 [ERROR] LogOutputStream:75 - [STDERR_REDIRECT] 
2026-03-09 21:10:30,921 [ERROR] LogOutputStream:75 - [STDERR_REDIRECT] [Fatal Error] :1:1: Premature end of file.
2026-03-09 21:10:30,921 [ERROR] LogOutputStream:75 - [STDERR_REDIRECT] 
2026-03-09 21:10:31,929 [ERROR] LogOutputStream:75 - [STDERR_REDIRECT] [Fatal Error] :1:1: Premature end of file.
2026-03-09 21:10:31,929 [ERROR] LogOutputStream:75 - [STDERR_REDIRECT] 
2026-03-09 21:10:32,925 [ERROR] LogOutputStream:75 - [STDERR_REDIRECT] [Fatal Error] :1:1: Premature end of file.
2026-03-09 21:10:32,925 [ERROR] LogOutputStream:75 - [STDERR_REDIRECT] 
2026-03-09 21:10:33,930 [ERROR] LogOutputStream:75 - [STDERR_REDIRECT] [Fatal Error] :1:1: Premature end of file.
2026-03-09 21:10:33,930 [ERROR] LogOutputStream:75 - [STDERR_REDIRECT] 
2026-03-09 21:10:34,936 [ERROR] LogOutputStream:75 - [STDERR_REDIRECT] [Fatal Error] :1:1: Premature end of file.
2026-03-09 21:10:34,937 [ERROR] LogOutputStream:75 - [STDERR_REDIRECT] 
2026-03-09 21:10:35,926 [ERROR] LogOutputStream:75 - [STDERR_REDIRECT] [Fatal Error] :1:1: Premature end of file.
2026-03-09 21:10:35,926 [ERROR] LogOutputStream:75 - [STDERR_REDIRECT] 
2026-03-09 21:10:36,933 [ERROR] LogOutputStream:75 - [STDERR_REDIRECT] [Fatal Error] :1:1: Premature end of file.
2026-03-09 21:10:36,933 [ERROR] LogOutputStream:75 - [STDERR_REDIRECT] 
2026-03-09 21:10:37,929 [ERROR] LogOutputStream:75 - [STDERR_REDIRECT] [Fatal Error] :1:1: Premature end of file.
2026-03-09 21:10:37,929 [ERROR] LogOutputStream:75 - [STDERR_REDIRECT] 
2026-03-09 21:10:38,935 [ERROR] LogOutputStream:75 - [STDERR_REDIRECT] [Fatal Error] :1:1: Premature end of file.
2026-03-09 21:10:38,935 [ERROR] LogOutputStream:75 - [STDERR_REDIRECT] 
2026-03-09 21:10:39,931 [ERROR] LogOutputStream:75 - [STDERR_REDIRECT] [Fatal Error] :1:1: Premature end of file.
2026-03-09 21:10:39,931 [ERROR] LogOutputStream:75 - [STDERR_REDIRECT] 
2026-03-09 21:10:40,920 [ERROR] LogOutputStream:75 - [STDERR_REDIRECT] [Fatal Error] :1:1: Premature end of file.
2026-03-09 21:10:40,920 [ERROR] LogOutputStream:75 - [STDERR_REDIRECT] 
2026-03-09 21:10:41,930 [ERROR] LogOutputStream:75 - [STDERR_REDIRECT] [Fatal Error] :1:1: Premature end of file.
2026-03-09 21:10:41,930 [ERROR] LogOutputStream:75 - [STDERR_REDIRECT] 
2026-03-09 21:10:42,933 [ERROR] LogOutputStream:75 - [STDERR_REDIRECT] [Fatal Error] :1:1: Premature end of file.
2026-03-09 21:10:42,933 [ERROR] LogOutputStream:75 - [STDERR_REDIRECT] 
2026-03-09 21:10:43,923 [ERROR] LogOutputStream:75 - [STDERR_REDIRECT] [Fatal Error] :1:1: Premature end of file.
2026-03-09 21:10:43,923 [ERROR] LogOutputStream:75 - [STDERR_REDIRECT] 
2026-03-09 21:10:44,930 [ERROR] LogOutputStream:75 - [STDERR_REDIRECT] [Fatal Error] :1:1: Premature end of file.
2026-03-09 21:10:44,930 [ERROR] LogOutputStream:75 - [STDERR_REDIRECT] 
2026-03-09 21:10:45,930 [ERROR] LogOutputStream:75 - [STDERR_REDIRECT] [Fatal Error] :1:1: Premature end of file.
2026-03-09 21:10:45,930 [ERROR] LogOutputStream:75 - [STDERR_REDIRECT] 
2026-03-09 21:10:46,936 [ERROR] LogOutputStream:75 - [STDERR_REDIRECT] [Fatal Error] :1:1: Premature end of file.
2026-03-09 21:10:46,936 [ERROR] LogOutputStream:75 - [STDERR_REDIRECT] 
2026-03-09 21:10:47,934 [ERROR] LogOutputStream:75 - [STDERR_REDIRECT] [Fatal Error] :1:1: Premature end of file.
2026-03-09 21:10:47,934 [ERROR] LogOutputStream:75 - [STDERR_REDIRECT] 
2026-03-09 21:10:48,925 [ERROR] LogOutputStream:75 - [STDERR_REDIRECT] [Fatal Error] :1:1: Premature end of file.
2026-03-09 21:10:48,925 [ERROR] LogOutputStream:75 - [STDERR_REDIRECT] 
2026-03-09 21:10:49,923 [ERROR] LogOutputStream:75 - [STDERR_REDIRECT] [Fatal Error] :1:1: Premature end of file.
2026-03-09 21:10:49,923 [ERROR] LogOutputStream:75 - [STDERR_REDIRECT] 
2026-03-09 21:10:50,932 [ERROR] LogOutputStream:75 - [STDERR_REDIRECT] [Fatal Error] :1:1: Premature end of file.
2026-03-09 21:10:50,932 [ERROR] LogOutputStream:75 - [STDERR_REDIRECT] 
2026-03-09 21:10:51,925 [ERROR] LogOutputStream:75 - [STDERR_REDIRECT] [Fatal Error] :1:1: Premature end of file.
2026-03-09 21:10:51,925 [ERROR] LogOutputStream:75 - [STDERR_REDIRECT] 
2026-03-09 21:10:52,931 [ERROR] LogOutputStream:75 - [STDERR_REDIRECT] [Fatal Error] :1:1: Premature end of file.
2026-03-09 21:10:52,931 [ERROR] LogOutputStream:75 - [STDERR_REDIRECT] 
2026-03-09 21:10:53,935 [ERROR] LogOutputStream:75 - [STDERR_REDIRECT] [Fatal Error] :1:1: Premature end of file.
2026-03-09 21:10:53,935 [ERROR] LogOutputStream:75 - [STDERR_REDIRECT] 
2026-03-09 21:10:54,928 [ERROR] LogOutputStream:75 - [STDERR_REDIRECT] [Fatal Error] :1:1: Premature end of file.
2026-03-09 21:10:54,928 [ERROR] LogOutputStream:75 - [STDERR_REDIRECT] 
2026-03-09 21:10:55,933 [ERROR] LogOutputStream:75 - [STDERR_REDIRECT] [Fatal Error] :1:1: Premature end of file.
2026-03-09 21:10:55,933 [ERROR] LogOutputStream:75 - [STDERR_REDIRECT] 
2026-03-09 21:10:56,926 [ERROR] LogOutputStream:75 - [STDERR_REDIRECT] [Fatal Error] :1:1: Premature end of file.
2026-03-09 21:10:56,926 [ERROR] LogOutputStream:75 - [STDERR_REDIRECT] 
2026-03-09 21:10:57,934 [ERROR] LogOutputStream:75 - [STDERR_REDIRECT] [Fatal Error] :1:1: Premature end of file.
2026-03-09 21:10:57,934 [ERROR] LogOutputStream:75 - [STDERR_REDIRECT] 
2026-03-09 21:10:58,933 [ERROR] LogOutputStream:75 - [STDERR_REDIRECT] [Fatal Error] :1:1: Premature end of file.
2026-03-09 21:10:58,933 [ERROR] LogOutputStream:75 - [STDERR_REDIRECT] 
2026-03-09 21:10:59,924 [ERROR] LogOutputStream:75 - [STDERR_REDIRECT] [Fatal Error] :1:1: Premature end of file.
2026-03-09 21:10:59,924 [ERROR] LogOutputStream:75 - [STDERR_REDIRECT] 
2026-03-09 21:11:00,927 [ERROR] LogOutputStream:75 - [STDERR_REDIRECT] [Fatal Error] :1:1: Premature end of file.
2026-03-09 21:11:00,927 [ERROR] LogOutputStream:75 - [STDERR_REDIRECT] 
2026-03-09 21:11:01,929 [ERROR] LogOutputStream:75 - [STDERR_REDIRECT] [Fatal Error] :1:1: Premature end of file.
2026-03-09 21:11:01,929 [ERROR] LogOutputStream:75 - [STDERR_REDIRECT] 
2026-03-09 21:11:02,934 [ERROR] LogOutputStream:75 - [STDERR_REDIRECT] [Fatal Error] :1:1: Premature end of file.
2026-03-09 21:11:02,934 [ERROR] LogOutputStream:75 - [STDERR_REDIRECT] 
2026-03-09 21:11:03,939 [ERROR] LogOutputStream:75 - [STDERR_REDIRECT] [Fatal Error] :1:1: Premature end of file.
2026-03-09 21:11:03,939 [ERROR] LogOutputStream:75 - [STDERR_REDIRECT] 
2026-03-09 21:11:04,927 [ERROR] LogOutputStream:75 - [STDERR_REDIRECT] [Fatal Error] :1:1: Premature end of file.
2026-03-09 21:11:04,927 [ERROR] LogOutputStream:75 - [STDERR_REDIRECT] 
2026-03-09 21:11:05,947 [ERROR] LogOutputStream:75 - [STDERR_REDIRECT] [Fatal Error] :1:1: Premature end of file.
2026-03-09 21:11:05,947 [ERROR] LogOutputStream:75 - [STDERR_REDIRECT] 
2026-03-09 21:11:06,922 [ERROR] LogOutputStream:75 - [STDERR_REDIRECT] [Fatal Error] :1:1: Premature end of file.
2026-03-09 21:11:06,922 [ERROR] LogOutputStream:75 - [STDERR_REDIRECT] 
2026-03-09 21:11:07,926 [ERROR] LogOutputStream:75 - [STDERR_REDIRECT] [Fatal Error] :1:1: Premature end of file.
2026-03-09 21:11:07,926 [ERROR] LogOutputStream:75 - [STDERR_REDIRECT] 
2026-03-09 21:11:08,936 [ERROR] LogOutputStream:75 - [STDERR_REDIRECT] [Fatal Error] :1:1: Premature end of file.
2026-03-09 21:11:08,936 [ERROR] LogOutputStream:75 - [STDERR_REDIRECT] 
2026-03-09 21:11:09,935 [ERROR] LogOutputStream:75 - [STDERR_REDIRECT] [Fatal Error] :1:1: Premature end of file.
2026-03-09 21:11:09,935 [ERROR] LogOutputStream:75 - [STDERR_REDIRECT] 
2026-03-09 21:11:10,925 [ERROR] LogOutputStream:75 - [STDERR_REDIRECT] [Fatal Error] :1:1: Premature end of file.
2026-03-09 21:11:10,925 [ERROR] LogOutputStream:75 - [STDERR_REDIRECT] 
2026-03-09 21:11:11,926 [ERROR] LogOutputStream:75 - [STDERR_REDIRECT] [Fatal Error] :1:1: Premature end of file.
2026-03-09 21:11:11,926 [ERROR] LogOutputStream:75 - [STDERR_REDIRECT] 
2026-03-09 21:11:12,932 [ERROR] LogOutputStream:75 - [STDERR_REDIRECT] [Fatal Error] :1:1: Premature end of file.
2026-03-09 21:11:12,932 [ERROR] LogOutputStream:75 - [STDERR_REDIRECT] 
2026-03-09 21:11:13,923 [ERROR] LogOutputStream:75 - [STDERR_REDIRECT] [Fatal Error] :1:1: Premature end of file.
2026-03-09 21:11:13,923 [ERROR] LogOutputStream:75 - [STDERR_REDIRECT] 
2026-03-09 21:11:14,924 [ERROR] LogOutputStream:75 - [STDERR_REDIRECT] [Fatal Error] :1:1: Premature end of file.
2026-03-09 21:11:14,924 [ERROR] LogOutputStream:75 - [STDERR_REDIRECT] 
2026-03-09 21:11:15,940 [ERROR] LogOutputStream:75 - [STDERR_REDIRECT] [Fatal Error] :1:1: Premature end of file.
2026-03-09 21:11:15,940 [ERROR] LogOutputStream:75 - [STDERR_REDIRECT] 
2026-03-09 21:11:16,933 [ERROR] LogOutputStream:75 - [STDERR_REDIRECT] [Fatal Error] :1:1: Premature end of file.
2026-03-09 21:11:16,933 [ERROR] LogOutputStream:75 - [STDERR_REDIRECT] 
2026-03-09 21:11:17,943 [ERROR] LogOutputStream:75 - [STDERR_REDIRECT] [Fatal Error] :1:1: Premature end of file.
2026-03-09 21:11:17,943 [ERROR] LogOutputStream:75 - [STDERR_REDIRECT] 
2026-03-09 21:11:18,933 [ERROR] LogOutputStream:75 - [STDERR_REDIRECT] [Fatal Error] :1:1: Premature end of file.
2026-03-09 21:11:18,933 [ERROR] LogOutputStream:75 - [STDERR_REDIRECT] 
2026-03-09 21:11:19,932 [ERROR] LogOutputStream:75 - [STDERR_REDIRECT] [Fatal Error] :1:1: Premature end of file.
2026-03-09 21:11:19,932 [ERROR] LogOutputStream:75 - [STDERR_REDIRECT] 
2026-03-09 21:11:20,932 [ERROR] LogOutputStream:75 - [STDERR_REDIRECT] [Fatal Error] :1:1: Premature end of file.
2026-03-09 21:11:20,932 [ERROR] LogOutputStream:75 - [STDERR_REDIRECT] 
2026-03-09 21:11:21,922 [ERROR] LogOutputStream:75 - [STDERR_REDIRECT] [Fatal Error] :1:1: Premature end of file.
2026-03-09 21:11:21,922 [ERROR] LogOutputStream:75 - [STDERR_REDIRECT] 
2026-03-09 21:11:22,924 [ERROR] LogOutputStream:75 - [STDERR_REDIRECT] [Fatal Error] :1:1: Premature end of file.
2026-03-09 21:11:22,924 [ERROR] LogOutputStream:75 - [STDERR_REDIRECT] 
2026-03-09 21:11:23,935 [ERROR] LogOutputStream:75 - [STDERR_REDIRECT] [Fatal Error] :1:1: Premature end of file.
2026-03-09 21:11:23,935 [ERROR] LogOutputStream:75 - [STDERR_REDIRECT] 
2026-03-09 21:11:24,934 [ERROR] LogOutputStream:75 - [STDERR_REDIRECT] [Fatal Error] :1:1: Premature end of file.
2026-03-09 21:11:24,934 [ERROR] LogOutputStream:75 - [STDERR_REDIRECT] 
2026-03-09 21:11:25,932 [ERROR] LogOutputStream:75 - [STDERR_REDIRECT] [Fatal Error] :1:1: Premature end of file.
2026-03-09 21:11:25,932 [ERROR] LogOutputStream:75 - [STDERR_REDIRECT] 
2026-03-09 21:11:26,928 [ERROR] LogOutputStream:75 - [STDERR_REDIRECT] [Fatal Error] :1:1: Premature end of file.
2026-03-09 21:11:26,928 [ERROR] LogOutputStream:75 - [STDERR_REDIRECT] 
2026-03-09 21:11:27,924 [ERROR] LogOutputStream:75 - [STDERR_REDIRECT] [Fatal Error] :1:1: Premature end of file.
2026-03-09 21:11:27,924 [ERROR] LogOutputStream:75 - [STDERR_REDIRECT] 
2026-03-09 21:11:28,932 [ERROR] LogOutputStream:75 - [STDERR_REDIRECT] [Fatal Error] :1:1: Premature end of file.
2026-03-09 21:11:28,934 [ERROR] LogOutputStream:75 - [STDERR_REDIRECT] 
2026-03-09 21:11:29,940 [ERROR] LogOutputStream:75 - [STDERR_REDIRECT] [Fatal Error] :1:1: Premature end of file.
2026-03-09 21:11:29,940 [ERROR] LogOutputStream:75 - [STDERR_REDIRECT] 
2026-03-09 21:11:30,953 [ERROR] LogOutputStream:75 - [STDERR_REDIRECT] [Fatal Error] :1:1: Premature end of file.
2026-03-09 21:11:30,953 [ERROR] LogOutputStream:75 - [STDERR_REDIRECT] 
2026-03-09 21:11:31,930 [ERROR] LogOutputStream:75 - [STDERR_REDIRECT] [Fatal Error] :1:1: Premature end of file.
2026-03-09 21:11:31,930 [ERROR] LogOutputStream:75 - [STDERR_REDIRECT] 
2026-03-09 21:11:32,930 [ERROR] LogOutputStream:75 - [STDERR_REDIRECT] [Fatal Error] :1:1: Premature end of file.
2026-03-09 21:11:32,930 [ERROR] LogOutputStream:75 - [STDERR_REDIRECT] 
2026-03-09 21:11:33,929 [ERROR] LogOutputStream:75 - [STDERR_REDIRECT] [Fatal Error] :1:1: Premature end of file.
2026-03-09 21:11:33,929 [ERROR] LogOutputStream:75 - [STDERR_REDIRECT] 
2026-03-09 21:11:34,933 [ERROR] LogOutputStream:75 - [STDERR_REDIRECT] [Fatal Error] :1:1: Premature end of file.
2026-03-09 21:11:34,933 [ERROR] LogOutputStream:75 - [STDERR_REDIRECT] 
2026-03-09 21:11:35,923 [ERROR] LogOutputStream:75 - [STDERR_REDIRECT] [Fatal Error] :1:1: Premature end of file.
2026-03-09 21:11:35,923 [ERROR] LogOutputStream:75 - [STDERR_REDIRECT] 
2026-03-09 21:11:36,928 [ERROR] LogOutputStream:75 - [STDERR_REDIRECT] [Fatal Error] :1:1: Premature end of file.
2026-03-09 21:11:36,928 [ERROR] LogOutputStream:75 - [STDERR_REDIRECT] 
2026-03-09 21:11:37,939 [ERROR] LogOutputStream:75 - [STDERR_REDIRECT] [Fatal Error] :1:1: Premature end of file.
2026-03-09 21:11:37,939 [ERROR] LogOutputStream:75 - [STDERR_REDIRECT] 
2026-03-09 21:11:38,923 [ERROR] LogOutputStream:75 - [STDERR_REDIRECT] [Fatal Error] :1:1: Premature end of file.
2026-03-09 21:11:38,923 [ERROR] LogOutputStream:75 - [STDERR_REDIRECT] 
2026-03-09 21:11:39,932 [ERROR] LogOutputStream:75 - [STDERR_REDIRECT] [Fatal Error] :1:1: Premature end of file.
2026-03-09 21:11:39,932 [ERROR] LogOutputStream:75 - [STDERR_REDIRECT] 
2026-03-09 21:11:40,941 [ERROR] LogOutputStream:75 - [STDERR_REDIRECT] [Fatal Error] :1:1: Premature end of file.
2026-03-09 21:11:40,941 [ERROR] LogOutputStream:75 - [STDERR_REDIRECT] 
2026-03-09 21:11:41,948 [ERROR] LogOutputStream:75 - [STDERR_REDIRECT] [Fatal Error] :1:1: Premature end of file.
2026-03-09 21:11:41,950 [ERROR] LogOutputStream:75 - [STDERR_REDIRECT] 
2026-03-09 21:11:42,927 [ERROR] LogOutputStream:75 - [STDERR_REDIRECT] [Fatal Error] :1:1: Premature end of file.
2026-03-09 21:11:42,927 [ERROR] LogOutputStream:75 - [STDERR_REDIRECT] 
2026-03-09 21:11:43,928 [ERROR] LogOutputStream:75 - [STDERR_REDIRECT] [Fatal Error] :1:1: Premature end of file.
2026-03-09 21:11:43,928 [ERROR] LogOutputStream:75 - [STDERR_REDIRECT] 
2026-03-09 21:11:44,932 [ERROR] LogOutputStream:75 - [STDERR_REDIRECT] [Fatal Error] :1:1: Premature end of file.
2026-03-09 21:11:44,932 [ERROR] LogOutputStream:75 - [STDERR_REDIRECT] 
2026-03-09 21:11:45,931 [ERROR] LogOutputStream:75 - [STDERR_REDIRECT] [Fatal Error] :1:1: Premature end of file.
2026-03-09 21:11:45,931 [ERROR] LogOutputStream:75 - [STDERR_REDIRECT] 
2026-03-09 21:11:46,934 [ERROR] LogOutputStream:75 - [STDERR_REDIRECT] [Fatal Error] :1:1: Premature end of file.
2026-03-09 21:11:46,934 [ERROR] LogOutputStream:75 - [STDERR_REDIRECT] 
2026-03-09 21:11:47,923 [ERROR] LogOutputStream:75 - [STDERR_REDIRECT] [Fatal Error] :1:1: Premature end of file.
2026-03-09 21:11:47,923 [ERROR] LogOutputStream:75 - [STDERR_REDIRECT] 
2026-03-09 21:11:48,926 [ERROR] LogOutputStream:75 - [STDERR_REDIRECT] [Fatal Error] :1:1: Premature end of file.
2026-03-09 21:11:48,926 [ERROR] LogOutputStream:75 - [STDERR_REDIRECT] 
2026-03-09 21:11:49,930 [ERROR] LogOutputStream:75 - [STDERR_REDIRECT] [Fatal Error] :1:1: Premature end of file.
2026-03-09 21:11:49,930 [ERROR] LogOutputStream:75 - [STDERR_REDIRECT] 
2026-03-09 21:11:50,935 [ERROR] LogOutputStream:75 - [STDERR_REDIRECT] [Fatal Error] :1:1: Premature end of file.
2026-03-09 21:11:50,935 [ERROR] LogOutputStream:75 - [STDERR_REDIRECT] 
2026-03-09 21:11:51,930 [ERROR] LogOutputStream:75 - [STDERR_REDIRECT] [Fatal Error] :1:1: Premature end of file.
2026-03-09 21:11:51,930 [ERROR] LogOutputStream:75 - [STDERR_REDIRECT] 
2026-03-09 21:11:52,921 [ERROR] LogOutputStream:75 - [STDERR_REDIRECT] [Fatal Error] :1:1: Premature end of file.
2026-03-09 21:11:52,921 [ERROR] LogOutputStream:75 - [STDERR_REDIRECT] 
2026-03-09 21:11:53,931 [ERROR] LogOutputStream:75 - [STDERR_REDIRECT] [Fatal Error] :1:1: Premature end of file.
2026-03-09 21:11:53,931 [ERROR] LogOutputStream:75 - [STDERR_REDIRECT] 
2026-03-09 21:11:54,936 [ERROR] LogOutputStream:75 - [STDERR_REDIRECT] [Fatal Error] :1:1: Premature end of file.
2026-03-09 21:11:54,936 [ERROR] LogOutputStream:75 - [STDERR_REDIRECT] 
2026-03-09 21:11:55,931 [ERROR] LogOutputStream:75 - [STDERR_REDIRECT] [Fatal Error] :1:1: Premature end of file.
2026-03-09 21:11:55,931 [ERROR] LogOutputStream:75 - [STDERR_REDIRECT] 
2026-03-09 21:11:56,924 [ERROR] LogOutputStream:75 - [STDERR_REDIRECT] [Fatal Error] :1:1: Premature end of file.
2026-03-09 21:11:56,924 [ERROR] LogOutputStream:75 - [STDERR_REDIRECT] 
2026-03-09 21:11:57,930 [ERROR] LogOutputStream:75 - [STDERR_REDIRECT] [Fatal Error] :1:1: Premature end of file.
2026-03-09 21:11:57,930 [ERROR] LogOutputStream:75 - [STDERR_REDIRECT] 
2026-03-09 21:11:58,936 [ERROR] LogOutputStream:75 - [STDERR_REDIRECT] [Fatal Error] :1:1: Premature end of file.
2026-03-09 21:11:58,936 [ERROR] LogOutputStream:75 - [STDERR_REDIRECT] 
2026-03-09 21:11:59,937 [ERROR] LogOutputStream:75 - [STDERR_REDIRECT] [Fatal Error] :1:1: Premature end of file.
2026-03-09 21:11:59,937 [ERROR] LogOutputStream:75 - [STDERR_REDIRECT] 
2026-03-09 21:12:00,931 [ERROR] LogOutputStream:75 - [STDERR_REDIRECT] [Fatal Error] :1:1: Premature end of file.
2026-03-09 21:12:00,931 [ERROR] LogOutputStream:75 - [STDERR_REDIRECT] 
2026-03-09 21:12:01,929 [ERROR] LogOutputStream:75 - [STDERR_REDIRECT] [Fatal Error] :1:1: Premature end of file.
2026-03-09 21:12:01,929 [ERROR] LogOutputStream:75 - [STDERR_REDIRECT] 
2026-03-09 21:12:02,935 [ERROR] LogOutputStream:75 - [STDERR_REDIRECT] [Fatal Error] :1:1: Premature end of file.
2026-03-09 21:12:02,936 [ERROR] LogOutputStream:75 - [STDERR_REDIRECT] 
2026-03-09 21:12:03,935 [ERROR] LogOutputStream:75 - [STDERR_REDIRECT] [Fatal Error] :1:1: Premature end of file.
2026-03-09 21:12:03,935 [ERROR] LogOutputStream:75 - [STDERR_REDIRECT] 
2026-03-09 21:12:04,928 [ERROR] LogOutputStream:75 - [STDERR_REDIRECT] [Fatal Error] :1:1: Premature end of file.
2026-03-09 21:12:04,928 [ERROR] LogOutputStream:75 - [STDERR_REDIRECT] 
2026-03-09 21:12:05,932 [ERROR] LogOutputStream:75 - [STDERR_REDIRECT] [Fatal Error] :1:1: Premature end of file.
2026-03-09 21:12:05,932 [ERROR] LogOutputStream:75 - [STDERR_REDIRECT] 
2026-03-09 21:12:06,922 [ERROR] LogOutputStream:75 - [STDERR_REDIRECT] [Fatal Error] :1:1: Premature end of file.
2026-03-09 21:12:06,922 [ERROR] LogOutputStream:75 - [STDERR_REDIRECT] 
2026-03-09 21:12:07,925 [ERROR] LogOutputStream:75 - [STDERR_REDIRECT] [Fatal Error] :1:1: Premature end of file.
2026-03-09 21:12:07,925 [ERROR] LogOutputStream:75 - [STDERR_REDIRECT] 
2026-03-09 21:12:08,928 [ERROR] LogOutputStream:75 - [STDERR_REDIRECT] [Fatal Error] :1:1: Premature end of file.
2026-03-09 21:12:08,928 [ERROR] LogOutputStream:75 - [STDERR_REDIRECT] 
2026-03-09 21:12:09,929 [ERROR] LogOutputStream:75 - [STDERR_REDIRECT] [Fatal Error] :1:1: Premature end of file.
2026-03-09 21:12:09,929 [ERROR] LogOutputStream:75 - [STDERR_REDIRECT] 
2026-03-09 21:12:10,933 [ERROR] LogOutputStream:75 - [STDERR_REDIRECT] [Fatal Error] :1:1: Premature end of file.
2026-03-09 21:12:10,933 [ERROR] LogOutputStream:75 - [STDERR_REDIRECT] 
2026-03-09 21:12:11,935 [ERROR] LogOutputStream:75 - [STDERR_REDIRECT] [Fatal Error] :1:1: Premature end of file.
2026-03-09 21:12:11,935 [ERROR] LogOutputStream:75 - [STDERR_REDIRECT] 
2026-03-09 21:12:12,937 [ERROR] LogOutputStream:75 - [STDERR_REDIRECT] [Fatal Error] :1:1: Premature end of file.
2026-03-09 21:12:12,937 [ERROR] LogOutputStream:75 - [STDERR_REDIRECT] 
2026-03-09 21:12:13,932 [ERROR] LogOutputStream:75 - [STDERR_REDIRECT] [Fatal Error] :1:1: Premature end of file.
2026-03-09 21:12:13,932 [ERROR] LogOutputStream:75 - [STDERR_REDIRECT] 
2026-03-09 21:12:14,941 [ERROR] LogOutputStream:75 - [STDERR_REDIRECT] [Fatal Error] :1:1: Premature end of file.
2026-03-09 21:12:14,941 [ERROR] LogOutputStream:75 - [STDERR_REDIRECT] 
2026-03-09 21:12:15,926 [ERROR] LogOutputStream:75 - [STDERR_REDIRECT] [Fatal Error] :1:1: Premature end of file.
2026-03-09 21:12:15,926 [ERROR] LogOutputStream:75 - [STDERR_REDIRECT] 
2026-03-09 21:12:16,934 [ERROR] LogOutputStream:75 - [STDERR_REDIRECT] [Fatal Error] :1:1: Premature end of file.
2026-03-09 21:12:16,934 [ERROR] LogOutputStream:75 - [STDERR_REDIRECT] 
2026-03-09 21:12:17,934 [ERROR] LogOutputStream:75 - [STDERR_REDIRECT] [Fatal Error] :1:1: Premature end of file.
2026-03-09 21:12:17,934 [ERROR] LogOutputStream:75 - [STDERR_REDIRECT] 
2026-03-09 21:12:18,924 [ERROR] LogOutputStream:75 - [STDERR_REDIRECT] [Fatal Error] :1:1: Premature end of file.
2026-03-09 21:12:18,925 [ERROR] LogOutputStream:75 - [STDERR_REDIRECT] 
2026-03-09 21:12:19,936 [ERROR] LogOutputStream:75 - [STDERR_REDIRECT] [Fatal Error] :1:1: Premature end of file.
2026-03-09 21:12:19,936 [ERROR] LogOutputStream:75 - [STDERR_REDIRECT] 
2026-03-09 21:12:20,930 [ERROR] LogOutputStream:75 - [STDERR_REDIRECT] [Fatal Error] :1:1: Premature end of file.
2026-03-09 21:12:20,930 [ERROR] LogOutputStream:75 - [STDERR_REDIRECT] 
2026-03-09 21:12:21,938 [ERROR] LogOutputStream:75 - [STDERR_REDIRECT] [Fatal Error] :1:1: Premature end of file.
2026-03-09 21:12:21,938 [ERROR] LogOutputStream:75 - [STDERR_REDIRECT] 
2026-03-09 21:12:22,936 [ERROR] LogOutputStream:75 - [STDERR_REDIRECT] [Fatal Error] :1:1: Premature end of file.
2026-03-09 21:12:22,936 [ERROR] LogOutputStream:75 - [STDERR_REDIRECT] 
2026-03-09 21:12:23,931 [ERROR] LogOutputStream:75 - [STDERR_REDIRECT] [Fatal Error] :1:1: Premature end of file.
2026-03-09 21:12:23,931 [ERROR] LogOutputStream:75 - [STDERR_REDIRECT] 
2026-03-09 21:12:24,924 [ERROR] LogOutputStream:75 - [STDERR_REDIRECT] [Fatal Error] :1:1: Premature end of file.
2026-03-09 21:12:24,924 [ERROR] LogOutputStream:75 - [STDERR_REDIRECT] 
2026-03-09 21:12:25,929 [ERROR] LogOutputStream:75 - [STDERR_REDIRECT] [Fatal Error] :1:1: Premature end of file.
2026-03-09 21:12:25,929 [ERROR] LogOutputStream:75 - [STDERR_REDIRECT] 
2026-03-09 21:12:26,933 [ERROR] LogOutputStream:75 - [STDERR_REDIRECT] [Fatal Error] :1:1: Premature end of file.
2026-03-09 21:12:26,933 [ERROR] LogOutputStream:75 - [STDERR_REDIRECT] 
2026-03-09 21:12:27,941 [ERROR] LogOutputStream:75 - [STDERR_REDIRECT] [Fatal Error] :1:1: Premature end of file.
2026-03-09 21:12:27,941 [ERROR] LogOutputStream:75 - [STDERR_REDIRECT] 
2026-03-09 21:12:28,935 [ERROR] LogOutputStream:75 - [STDERR_REDIRECT] [Fatal Error] :1:1: Premature end of file.
2026-03-09 21:12:28,935 [ERROR] LogOutputStream:75 - [STDERR_REDIRECT] 
2026-03-09 21:12:29,928 [ERROR] LogOutputStream:75 - [STDERR_REDIRECT] [Fatal Error] :1:1: Premature end of file.
2026-03-09 21:12:29,928 [ERROR] LogOutputStream:75 - [STDERR_REDIRECT] 
2026-03-09 21:12:30,936 [ERROR] LogOutputStream:75 - [STDERR_REDIRECT] [Fatal Error] :1:1: Premature end of file.
2026-03-09 21:12:30,936 [ERROR] LogOutputStream:75 - [STDERR_REDIRECT] 
2026-03-09 21:12:31,922 [ERROR] LogOutputStream:75 - [STDERR_REDIRECT] [Fatal Error] :1:1: Premature end of file.
2026-03-09 21:12:31,922 [ERROR] LogOutputStream:75 - [STDERR_REDIRECT] 
2026-03-09 21:12:32,926 [ERROR] LogOutputStream:75 - [STDERR_REDIRECT] [Fatal Error] :1:1: Premature end of file.
2026-03-09 21:12:32,926 [ERROR] LogOutputStream:75 - [STDERR_REDIRECT] 
2026-03-09 21:12:33,929 [ERROR] LogOutputStream:75 - [STDERR_REDIRECT] [Fatal Error] :1:1: Premature end of file.
2026-03-09 21:12:33,929 [ERROR] LogOutputStream:75 - [STDERR_REDIRECT] 
2026-03-09 21:12:34,936 [ERROR] LogOutputStream:75 - [STDERR_REDIRECT] [Fatal Error] :1:1: Premature end of file.
2026-03-09 21:12:34,936 [ERROR] LogOutputStream:75 - [STDERR_REDIRECT] 
2026-03-09 21:12:35,930 [ERROR] LogOutputStream:75 - [STDERR_REDIRECT] [Fatal Error] :1:1: Premature end of file.
2026-03-09 21:12:35,930 [ERROR] LogOutputStream:75 - [STDERR_REDIRECT] 
2026-03-09 21:12:36,936 [ERROR] LogOutputStream:75 - [STDERR_REDIRECT] [Fatal Error] :1:1: Premature end of file.
2026-03-09 21:12:36,936 [ERROR] LogOutputStream:75 - [STDERR_REDIRECT] 
2026-03-09 21:12:37,930 [ERROR] LogOutputStream:75 - [STDERR_REDIRECT] [Fatal Error] :1:1: Premature end of file.
2026-03-09 21:12:37,930 [ERROR] LogOutputStream:75 - [STDERR_REDIRECT] 
2026-03-09 21:12:38,938 [ERROR] LogOutputStream:75 - [STDERR_REDIRECT] [Fatal Error] :1:1: Premature end of file.
2026-03-09 21:12:38,940 [ERROR] LogOutputStream:75 - [STDERR_REDIRECT] 
2026-03-09 21:12:39,926 [ERROR] LogOutputStream:75 - [STDERR_REDIRECT] [Fatal Error] :1:1: Premature end of file.
2026-03-09 21:12:39,926 [ERROR] LogOutputStream:75 - [STDERR_REDIRECT] 
2026-03-09 21:12:40,928 [ERROR] LogOutputStream:75 - [STDERR_REDIRECT] [Fatal Error] :1:1: Premature end of file.
2026-03-09 21:12:40,928 [ERROR] LogOutputStream:75 - [STDERR_REDIRECT] 
2026-03-09 21:12:41,937 [ERROR] LogOutputStream:75 - [STDERR_REDIRECT] [Fatal Error] :1:1: Premature end of file.
2026-03-09 21:12:41,937 [ERROR] LogOutputStream:75 - [STDERR_REDIRECT] 
2026-03-09 21:12:42,928 [ERROR] LogOutputStream:75 - [STDERR_REDIRECT] [Fatal Error] :1:1: Premature end of file.
2026-03-09 21:12:42,928 [ERROR] LogOutputStream:75 - [STDERR_REDIRECT] 
2026-03-09 21:12:43,930 [ERROR] LogOutputStream:75 - [STDERR_REDIRECT] [Fatal Error] :1:1: Premature end of file.
2026-03-09 21:12:43,930 [ERROR] LogOutputStream:75 - [STDERR_REDIRECT] 
2026-03-09 21:12:44,924 [ERROR] LogOutputStream:75 - [STDERR_REDIRECT] [Fatal Error] :1:1: Premature end of file.
2026-03-09 21:12:44,924 [ERROR] LogOutputStream:75 - [STDERR_REDIRECT] 
2026-03-09 21:12:45,927 [ERROR] LogOutputStream:75 - [STDERR_REDIRECT] [Fatal Error] :1:1: Premature end of file.
2026-03-09 21:12:45,927 [ERROR] LogOutputStream:75 - [STDERR_REDIRECT] 
2026-03-09 21:12:46,933 [ERROR] LogOutputStream:75 - [STDERR_REDIRECT] [Fatal Error] :1:1: Premature end of file.
2026-03-09 21:12:46,933 [ERROR] LogOutputStream:75 - [STDERR_REDIRECT] 
2026-03-09 21:12:47,925 [ERROR] LogOutputStream:75 - [STDERR_REDIRECT] [Fatal Error] :1:1: Premature end of file.
2026-03-09 21:12:47,925 [ERROR] LogOutputStream:75 - [STDERR_REDIRECT] 
2026-03-09 21:12:48,935 [ERROR] LogOutputStream:75 - [STDERR_REDIRECT] [Fatal Error] :1:1: Premature end of file.
2026-03-09 21:12:48,935 [ERROR] LogOutputStream:75 - [STDERR_REDIRECT] 
2026-03-09 21:12:49,924 [ERROR] LogOutputStream:75 - [STDERR_REDIRECT] [Fatal Error] :1:1: Premature end of file.
2026-03-09 21:12:49,924 [ERROR] LogOutputStream:75 - [STDERR_REDIRECT] 
2026-03-09 21:12:50,927 [ERROR] LogOutputStream:75 - [STDERR_REDIRECT] [Fatal Error] :1:1: Premature end of file.
2026-03-09 21:12:50,928 [ERROR] LogOutputStream:75 - [STDERR_REDIRECT] 
2026-03-09 21:12:51,932 [ERROR] LogOutputStream:75 - [STDERR_REDIRECT] [Fatal Error] :1:1: Premature end of file.
2026-03-09 21:12:51,932 [ERROR] LogOutputStream:75 - [STDERR_REDIRECT] 
2026-03-09 21:12:52,922 [ERROR] LogOutputStream:75 - [STDERR_REDIRECT] [Fatal Error] :1:1: Premature end of file.
2026-03-09 21:12:52,922 [ERROR] LogOutputStream:75 - [STDERR_REDIRECT] 
2026-03-09 21:12:53,929 [ERROR] LogOutputStream:75 - [STDERR_REDIRECT] [Fatal Error] :1:1: Premature end of file.
2026-03-09 21:12:53,929 [ERROR] LogOutputStream:75 - [STDERR_REDIRECT] 
2026-03-09 21:12:54,922 [ERROR] LogOutputStream:75 - [STDERR_REDIRECT] [Fatal Error] :1:1: Premature end of file.
2026-03-09 21:12:54,922 [ERROR] LogOutputStream:75 - [STDERR_REDIRECT] 
2026-03-09 21:12:55,927 [ERROR] LogOutputStream:75 - [STDERR_REDIRECT] [Fatal Error] :1:1: Premature end of file.
2026-03-09 21:12:55,927 [ERROR] LogOutputStream:75 - [STDERR_REDIRECT] 
2026-03-09 21:12:56,936 [ERROR] LogOutputStream:75 - [STDERR_REDIRECT] [Fatal Error] :1:1: Premature end of file.
2026-03-09 21:12:56,936 [ERROR] LogOutputStream:75 - [STDERR_REDIRECT] 
2026-03-09 21:12:57,926 [ERROR] LogOutputStream:75 - [STDERR_REDIRECT] [Fatal Error] :1:1: Premature end of file.
2026-03-09 21:12:57,926 [ERROR] LogOutputStream:75 - [STDERR_REDIRECT] 
2026-03-09 21:12:58,929 [ERROR] LogOutputStream:75 - [STDERR_REDIRECT] [Fatal Error] :1:1: Premature end of file.
2026-03-09 21:12:58,929 [ERROR] LogOutputStream:75 - [STDERR_REDIRECT] 
2026-03-09 21:12:59,937 [ERROR] LogOutputStream:75 - [STDERR_REDIRECT] [Fatal Error] :1:1: Premature end of file.
2026-03-09 21:12:59,937 [ERROR] LogOutputStream:75 - [STDERR_REDIRECT] 
2026-03-09 21:13:00,922 [ERROR] LogOutputStream:75 - [STDERR_REDIRECT] [Fatal Error] :1:1: Premature end of file.
2026-03-09 21:13:00,922 [ERROR] LogOutputStream:75 - [STDERR_REDIRECT] 
2026-03-09 21:13:01,927 [ERROR] LogOutputStream:75 - [STDERR_REDIRECT] [Fatal Error] :1:1: Premature end of file.
2026-03-09 21:13:01,927 [ERROR] LogOutputStream:75 - [STDERR_REDIRECT] 
2026-03-09 21:13:02,930 [ERROR] LogOutputStream:75 - [STDERR_REDIRECT] [Fatal Error] :1:1: Premature end of file.
2026-03-09 21:13:02,930 [ERROR] LogOutputStream:75 - [STDERR_REDIRECT] 
2026-03-09 21:13:03,924 [ERROR] LogOutputStream:75 - [STDERR_REDIRECT] [Fatal Error] :1:1: Premature end of file.
2026-03-09 21:13:03,924 [ERROR] LogOutputStream:75 - [STDERR_REDIRECT] 
2026-03-09 21:13:04,929 [ERROR] LogOutputStream:75 - [STDERR_REDIRECT] [Fatal Error] :1:1: Premature end of file.
2026-03-09 21:13:04,929 [ERROR] LogOutputStream:75 - [STDERR_REDIRECT] 
2026-03-09 21:13:05,933 [ERROR] LogOutputStream:75 - [STDERR_REDIRECT] [Fatal Error] :1:1: Premature end of file.
2026-03-09 21:13:05,933 [ERROR] LogOutputStream:75 - [STDERR_REDIRECT] 
2026-03-09 21:13:06,927 [ERROR] LogOutputStream:75 - [STDERR_REDIRECT] [Fatal Error] :1:1: Premature end of file.
2026-03-09 21:13:06,927 [ERROR] LogOutputStream:75 - [STDERR_REDIRECT] 
2026-03-09 21:13:07,933 [ERROR] LogOutputStream:75 - [STDERR_REDIRECT] [Fatal Error] :1:1: Premature end of file.
2026-03-09 21:13:07,933 [ERROR] LogOutputStream:75 - [STDERR_REDIRECT] 
2026-03-09 21:13:08,927 [ERROR] LogOutputStream:75 - [STDERR_REDIRECT] [Fatal Error] :1:1: Premature end of file.
2026-03-09 21:13:08,927 [ERROR] LogOutputStream:75 - [STDERR_REDIRECT] 
2026-03-09 21:13:09,935 [ERROR] LogOutputStream:75 - [STDERR_REDIRECT] [Fatal Error] :1:1: Premature end of file.
2026-03-09 21:13:09,935 [ERROR] LogOutputStream:75 - [STDERR_REDIRECT] 
2026-03-09 21:13:10,939 [ERROR] LogOutputStream:75 - [STDERR_REDIRECT] [Fatal Error] :1:1: Premature end of file.
2026-03-09 21:13:10,939 [ERROR] LogOutputStream:75 - [STDERR_REDIRECT] 
2026-03-09 21:13:11,929 [ERROR] LogOutputStream:75 - [STDERR_REDIRECT] [Fatal Error] :1:1: Premature end of file.
2026-03-09 21:13:11,929 [ERROR] LogOutputStream:75 - [STDERR_REDIRECT] 
2026-03-09 21:13:12,934 [ERROR] LogOutputStream:75 - [STDERR_REDIRECT] [Fatal Error] :1:1: Premature end of file.
2026-03-09 21:13:12,934 [ERROR] LogOutputStream:75 - [STDERR_REDIRECT] 
2026-03-09 21:13:13,925 [ERROR] LogOutputStream:75 - [STDERR_REDIRECT] [Fatal Error] :1:1: Premature end of file.
2026-03-09 21:13:13,925 [ERROR] LogOutputStream:75 - [STDERR_REDIRECT] 
2026-03-09 21:13:14,929 [ERROR] LogOutputStream:75 - [STDERR_REDIRECT] [Fatal Error] :1:1: Premature end of file.
2026-03-09 21:13:14,929 [ERROR] LogOutputStream:75 - [STDERR_REDIRECT] 
2026-03-09 21:13:15,923 [ERROR] LogOutputStream:75 - [STDERR_REDIRECT] [Fatal Error] :1:1: Premature end of file.
2026-03-09 21:13:15,923 [ERROR] LogOutputStream:75 - [STDERR_REDIRECT] 
2026-03-09 21:13:16,930 [ERROR] LogOutputStream:75 - [STDERR_REDIRECT] [Fatal Error] :1:1: Premature end of file.
2026-03-09 21:13:16,930 [ERROR] LogOutputStream:75 - [STDERR_REDIRECT] 
2026-03-09 21:13:17,923 [ERROR] LogOutputStream:75 - [STDERR_REDIRECT] [Fatal Error] :1:1: Premature end of file.
2026-03-09 21:13:17,924 [ERROR] LogOutputStream:75 - [STDERR_REDIRECT] 
2026-03-09 21:13:18,930 [ERROR] LogOutputStream:75 - [STDERR_REDIRECT] [Fatal Error] :1:1: Premature end of file.
2026-03-09 21:13:18,930 [ERROR] LogOutputStream:75 - [STDERR_REDIRECT] 
2026-03-09 21:13:19,933 [ERROR] LogOutputStream:75 - [STDERR_REDIRECT] [Fatal Error] :1:1: Premature end of file.
2026-03-09 21:13:19,933 [ERROR] LogOutputStream:75 - [STDERR_REDIRECT] 
2026-03-09 21:13:20,923 [ERROR] LogOutputStream:75 - [STDERR_REDIRECT] [Fatal Error] :1:1: Premature end of file.
2026-03-09 21:13:20,923 [ERROR] LogOutputStream:75 - [STDERR_REDIRECT] 
2026-03-09 21:13:21,935 [ERROR] LogOutputStream:75 - [STDERR_REDIRECT] [Fatal Error] :1:1: Premature end of file.
2026-03-09 21:13:21,935 [ERROR] LogOutputStream:75 - [STDERR_REDIRECT] 
2026-03-09 21:13:22,938 [ERROR] LogOutputStream:75 - [STDERR_REDIRECT] [Fatal Error] :1:1: Premature end of file.
2026-03-09 21:13:22,939 [ERROR] LogOutputStream:75 - [STDERR_REDIRECT] 
2026-03-09 21:13:23,931 [ERROR] LogOutputStream:75 - [STDERR_REDIRECT] [Fatal Error] :1:1: Premature end of file.
2026-03-09 21:13:23,933 [ERROR] LogOutputStream:75 - [STDERR_REDIRECT] 
2026-03-09 21:13:24,932 [ERROR] LogOutputStream:75 - [STDERR_REDIRECT] [Fatal Error] :1:1: Premature end of file.
2026-03-09 21:13:24,932 [ERROR] LogOutputStream:75 - [STDERR_REDIRECT] 
2026-03-09 21:13:25,931 [ERROR] LogOutputStream:75 - [STDERR_REDIRECT] [Fatal Error] :1:1: Premature end of file.
2026-03-09 21:13:25,932 [ERROR] LogOutputStream:75 - [STDERR_REDIRECT] 
2026-03-09 21:13:26,927 [ERROR] LogOutputStream:75 - [STDERR_REDIRECT] [Fatal Error] :1:1: Premature end of file.
2026-03-09 21:13:26,927 [ERROR] LogOutputStream:75 - [STDERR_REDIRECT] 
2026-03-09 21:13:27,932 [ERROR] LogOutputStream:75 - [STDERR_REDIRECT] [Fatal Error] :1:1: Premature end of file.
2026-03-09 21:13:27,932 [ERROR] LogOutputStream:75 - [STDERR_REDIRECT] 
2026-03-09 21:13:28,924 [ERROR] LogOutputStream:75 - [STDERR_REDIRECT] [Fatal Error] :1:1: Premature end of file.
2026-03-09 21:13:28,924 [ERROR] LogOutputStream:75 - [STDERR_REDIRECT] 
2026-03-09 21:13:29,931 [ERROR] LogOutputStream:75 - [STDERR_REDIRECT] [Fatal Error] :1:1: Premature end of file.
2026-03-09 21:13:29,931 [ERROR] LogOutputStream:75 - [STDERR_REDIRECT] 
2026-03-09 21:13:30,935 [ERROR] LogOutputStream:75 - [STDERR_REDIRECT] [Fatal Error] :1:1: Premature end of file.
2026-03-09 21:13:30,935 [ERROR] LogOutputStream:75 - [STDERR_REDIRECT] 
2026-03-09 21:13:31,927 [ERROR] LogOutputStream:75 - [STDERR_REDIRECT] [Fatal Error] :1:1: Premature end of file.
2026-03-09 21:13:31,927 [ERROR] LogOutputStream:75 - [STDERR_REDIRECT] 
2026-03-09 21:13:32,934 [ERROR] LogOutputStream:75 - [STDERR_REDIRECT] [Fatal Error] :1:1: Premature end of file.
2026-03-09 21:13:32,934 [ERROR] LogOutputStream:75 - [STDERR_REDIRECT] 
2026-03-09 21:13:33,936 [ERROR] LogOutputStream:75 - [STDERR_REDIRECT] [Fatal Error] :1:1: Premature end of file.
2026-03-09 21:13:33,936 [ERROR] LogOutputStream:75 - [STDERR_REDIRECT] 
2026-03-09 21:13:34,922 [ERROR] LogOutputStream:75 - [STDERR_REDIRECT] [Fatal Error] :1:1: Premature end of file.
2026-03-09 21:13:34,923 [ERROR] LogOutputStream:75 - [STDERR_REDIRECT] 
2026-03-09 21:13:35,930 [ERROR] LogOutputStream:75 - [STDERR_REDIRECT] [Fatal Error] :1:1: Premature end of file.
2026-03-09 21:13:35,930 [ERROR] LogOutputStream:75 - [STDERR_REDIRECT] 
2026-03-09 21:13:36,928 [ERROR] LogOutputStream:75 - [STDERR_REDIRECT] [Fatal Error] :1:1: Premature end of file.
2026-03-09 21:13:36,928 [ERROR] LogOutputStream:75 - [STDERR_REDIRECT] 
2026-03-09 21:13:37,924 [ERROR] LogOutputStream:75 - [STDERR_REDIRECT] [Fatal Error] :1:1: Premature end of file.
2026-03-09 21:13:37,924 [ERROR] LogOutputStream:75 - [STDERR_REDIRECT] 
2026-03-09 21:13:38,929 [ERROR] LogOutputStream:75 - [STDERR_REDIRECT] [Fatal Error] :1:1: Premature end of file.
2026-03-09 21:13:38,929 [ERROR] LogOutputStream:75 - [STDERR_REDIRECT] 
2026-03-09 21:13:39,930 [ERROR] LogOutputStream:75 - [STDERR_REDIRECT] [Fatal Error] :1:1: Premature end of file.
2026-03-09 21:13:39,930 [ERROR] LogOutputStream:75 - [STDERR_REDIRECT] 
2026-03-09 21:13:40,937 [ERROR] LogOutputStream:75 - [STDERR_REDIRECT] [Fatal Error] :1:1: Premature end of file.
2026-03-09 21:13:40,937 [ERROR] LogOutputStream:75 - [STDERR_REDIRECT] 
2026-03-09 21:13:41,923 [ERROR] LogOutputStream:75 - [STDERR_REDIRECT] [Fatal Error] :1:1: Premature end of file.
2026-03-09 21:13:41,923 [ERROR] LogOutputStream:75 - [STDERR_REDIRECT] 
2026-03-09 21:13:42,930 [ERROR] LogOutputStream:75 - [STDERR_REDIRECT] [Fatal Error] :1:1: Premature end of file.
2026-03-09 21:13:42,930 [ERROR] LogOutputStream:75 - [STDERR_REDIRECT] 
2026-03-09 21:13:43,927 [ERROR] LogOutputStream:75 - [STDERR_REDIRECT] [Fatal Error] :1:1: Premature end of file.
2026-03-09 21:13:43,927 [ERROR] LogOutputStream:75 - [STDERR_REDIRECT] 
2026-03-09 21:13:44,931 [ERROR] LogOutputStream:75 - [STDERR_REDIRECT] [Fatal Error] :1:1: Premature end of file.
2026-03-09 21:13:44,931 [ERROR] LogOutputStream:75 - [STDERR_REDIRECT] 
2026-03-09 21:13:45,922 [ERROR] LogOutputStream:75 - [STDERR_REDIRECT] [Fatal Error] :1:1: Premature end of file.
2026-03-09 21:13:45,922 [ERROR] LogOutputStream:75 - [STDERR_REDIRECT] 
2026-03-09 21:13:46,932 [ERROR] LogOutputStream:75 - [STDERR_REDIRECT] [Fatal Error] :1:1: Premature end of file.
2026-03-09 21:13:46,932 [ERROR] LogOutputStream:75 - [STDERR_REDIRECT] 
2026-03-09 21:13:47,932 [ERROR] LogOutputStream:75 - [STDERR_REDIRECT] [Fatal Error] :1:1: Premature end of file.
2026-03-09 21:13:47,933 [ERROR] LogOutputStream:75 - [STDERR_REDIRECT] 
2026-03-09 21:13:48,924 [ERROR] LogOutputStream:75 - [STDERR_REDIRECT] [Fatal Error] :1:1: Premature end of file.
2026-03-09 21:13:48,924 [ERROR] LogOutputStream:75 - [STDERR_REDIRECT] 
2026-03-09 21:13:49,931 [ERROR] LogOutputStream:75 - [STDERR_REDIRECT] [Fatal Error] :1:1: Premature end of file.
2026-03-09 21:13:49,931 [ERROR] LogOutputStream:75 - [STDERR_REDIRECT] 
2026-03-09 21:13:50,923 [ERROR] LogOutputStream:75 - [STDERR_REDIRECT] [Fatal Error] :1:1: Premature end of file.
2026-03-09 21:13:50,923 [ERROR] LogOutputStream:75 - [STDERR_REDIRECT] 
2026-03-09 21:13:51,928 [ERROR] LogOutputStream:75 - [STDERR_REDIRECT] [Fatal Error] :1:1: Premature end of file.
2026-03-09 21:13:51,928 [ERROR] LogOutputStream:75 - [STDERR_REDIRECT] 
2026-03-09 21:13:52,932 [ERROR] LogOutputStream:75 - [STDERR_REDIRECT] [Fatal Error] :1:1: Premature end of file.
2026-03-09 21:13:52,932 [ERROR] LogOutputStream:75 - [STDERR_REDIRECT] 
2026-03-09 21:13:53,939 [ERROR] LogOutputStream:75 - [STDERR_REDIRECT] [Fatal Error] :1:1: Premature end of file.
2026-03-09 21:13:53,939 [ERROR] LogOutputStream:75 - [STDERR_REDIRECT] 
2026-03-09 21:13:54,931 [ERROR] LogOutputStream:75 - [STDERR_REDIRECT] [Fatal Error] :1:1: Premature end of file.
2026-03-09 21:13:54,931 [ERROR] LogOutputStream:75 - [STDERR_REDIRECT] 
2026-03-09 21:13:55,921 [ERROR] LogOutputStream:75 - [STDERR_REDIRECT] [Fatal Error] :1:1: Premature end of file.
2026-03-09 21:13:55,921 [ERROR] LogOutputStream:75 - [STDERR_REDIRECT] 
2026-03-09 21:13:56,927 [ERROR] LogOutputStream:75 - [STDERR_REDIRECT] [Fatal Error] :1:1: Premature end of file.
2026-03-09 21:13:56,927 [ERROR] LogOutputStream:75 - [STDERR_REDIRECT] 
2026-03-09 21:13:57,934 [ERROR] LogOutputStream:75 - [STDERR_REDIRECT] [Fatal Error] :1:1: Premature end of file.
2026-03-09 21:13:57,934 [ERROR] LogOutputStream:75 - [STDERR_REDIRECT] 
2026-03-09 21:13:58,934 [ERROR] LogOutputStream:75 - [STDERR_REDIRECT] [Fatal Error] :1:1: Premature end of file.
2026-03-09 21:13:58,934 [ERROR] LogOutputStream:75 - [STDERR_REDIRECT] 
2026-03-09 21:13:59,937 [ERROR] LogOutputStream:75 - [STDERR_REDIRECT] [Fatal Error] :1:1: Premature end of file.
2026-03-09 21:13:59,937 [ERROR] LogOutputStream:75 - [STDERR_REDIRECT] 
2026-03-09 21:14:00,932 [ERROR] LogOutputStream:75 - [STDERR_REDIRECT] [Fatal Error] :1:1: Premature end of file.
2026-03-09 21:14:00,932 [ERROR] LogOutputStream:75 - [STDERR_REDIRECT] 
2026-03-09 21:14:01,922 [ERROR] LogOutputStream:75 - [STDERR_REDIRECT] [Fatal Error] :1:1: Premature end of file.
2026-03-09 21:14:01,922 [ERROR] LogOutputStream:75 - [STDERR_REDIRECT] 
2026-03-09 21:14:02,931 [ERROR] LogOutputStream:75 - [STDERR_REDIRECT] [Fatal Error] :1:1: Premature end of file.
2026-03-09 21:14:02,931 [ERROR] LogOutputStream:75 - [STDERR_REDIRECT] 
2026-03-09 21:14:03,928 [ERROR] LogOutputStream:75 - [STDERR_REDIRECT] [Fatal Error] :1:1: Premature end of file.
2026-03-09 21:14:03,928 [ERROR] LogOutputStream:75 - [STDERR_REDIRECT] 
2026-03-09 21:14:04,934 [ERROR] LogOutputStream:75 - [STDERR_REDIRECT] [Fatal Error] :1:1: Premature end of file.
2026-03-09 21:14:04,934 [ERROR] LogOutputStream:75 - [STDERR_REDIRECT] 
2026-03-09 21:14:05,933 [ERROR] LogOutputStream:75 - [STDERR_REDIRECT] [Fatal Error] :1:1: Premature end of file.
2026-03-09 21:14:05,933 [ERROR] LogOutputStream:75 - [STDERR_REDIRECT] 
2026-03-09 21:14:06,934 [ERROR] LogOutputStream:75 - [STDERR_REDIRECT] [Fatal Error] :1:1: Premature end of file.
2026-03-09 21:14:06,934 [ERROR] LogOutputStream:75 - [STDERR_REDIRECT] 
2026-03-09 21:14:07,937 [ERROR] LogOutputStream:75 - [STDERR_REDIRECT] [Fatal Error] :1:1: Premature end of file.
2026-03-09 21:14:07,937 [ERROR] LogOutputStream:75 - [STDERR_REDIRECT] 
2026-03-09 21:14:08,945 [ERROR] LogOutputStream:75 - [STDERR_REDIRECT] [Fatal Error] :1:1: Premature end of file.
2026-03-09 21:14:08,945 [ERROR] LogOutputStream:75 - [STDERR_REDIRECT] 
2026-03-09 21:14:09,937 [ERROR] LogOutputStream:75 - [STDERR_REDIRECT] [Fatal Error] :1:1: Premature end of file.
2026-03-09 21:14:09,937 [ERROR] LogOutputStream:75 - [STDERR_REDIRECT] 
2026-03-09 21:14:10,927 [ERROR] LogOutputStream:75 - [STDERR_REDIRECT] [Fatal Error] :1:1: Premature end of file.
2026-03-09 21:14:10,927 [ERROR] LogOutputStream:75 - [STDERR_REDIRECT] 
2026-03-09 21:14:11,922 [ERROR] LogOutputStream:75 - [STDERR_REDIRECT] [Fatal Error] :1:1: Premature end of file.
2026-03-09 21:14:11,922 [ERROR] LogOutputStream:75 - [STDERR_REDIRECT] 
2026-03-09 21:14:12,930 [ERROR] LogOutputStream:75 - [STDERR_REDIRECT] [Fatal Error] :1:1: Premature end of file.
2026-03-09 21:14:12,930 [ERROR] LogOutputStream:75 - [STDERR_REDIRECT] 
2026-03-09 21:14:13,937 [ERROR] LogOutputStream:75 - [STDERR_REDIRECT] [Fatal Error] :1:1: Premature end of file.
2026-03-09 21:14:13,937 [ERROR] LogOutputStream:75 - [STDERR_REDIRECT] 
2026-03-09 21:14:14,927 [ERROR] LogOutputStream:75 - [STDERR_REDIRECT] [Fatal Error] :1:1: Premature end of file.
2026-03-09 21:14:14,927 [ERROR] LogOutputStream:75 - [STDERR_REDIRECT] 
2026-03-09 21:14:15,933 [ERROR] LogOutputStream:75 - [STDERR_REDIRECT] [Fatal Error] :1:1: Premature end of file.
2026-03-09 21:14:15,933 [ERROR] LogOutputStream:75 - [STDERR_REDIRECT] 
2026-03-09 21:14:16,928 [ERROR] LogOutputStream:75 - [STDERR_REDIRECT] [Fatal Error] :1:1: Premature end of file.
2026-03-09 21:14:16,928 [ERROR] LogOutputStream:75 - [STDERR_REDIRECT] 
2026-03-09 21:14:17,937 [ERROR] LogOutputStream:75 - [STDERR_REDIRECT] [Fatal Error] :1:1: Premature end of file.
2026-03-09 21:14:17,937 [ERROR] LogOutputStream:75 - [STDERR_REDIRECT] 
2026-03-09 21:14:18,928 [ERROR] LogOutputStream:75 - [STDERR_REDIRECT] [Fatal Error] :1:1: Premature end of file.
2026-03-09 21:14:18,928 [ERROR] LogOutputStream:75 - [STDERR_REDIRECT] 
2026-03-09 21:14:19,929 [ERROR] LogOutputStream:75 - [STDERR_REDIRECT] [Fatal Error] :1:1: Premature end of file.
2026-03-09 21:14:19,929 [ERROR] LogOutputStream:75 - [STDERR_REDIRECT] 
2026-03-09 21:14:20,923 [ERROR] LogOutputStream:75 - [STDERR_REDIRECT] [Fatal Error] :1:1: Premature end of file.
2026-03-09 21:14:20,923 [ERROR] LogOutputStream:75 - [STDERR_REDIRECT] 
2026-03-09 21:14:21,928 [ERROR] LogOutputStream:75 - [STDERR_REDIRECT] [Fatal Error] :1:1: Premature end of file.
2026-03-09 21:14:21,929 [ERROR] LogOutputStream:75 - [STDERR_REDIRECT] 
2026-03-09 21:14:22,932 [ERROR] LogOutputStream:75 - [STDERR_REDIRECT] [Fatal Error] :1:1: Premature end of file.
2026-03-09 21:14:22,932 [ERROR] LogOutputStream:75 - [STDERR_REDIRECT] 
2026-03-09 21:14:23,935 [ERROR] LogOutputStream:75 - [STDERR_REDIRECT] [Fatal Error] :1:1: Premature end of file.
2026-03-09 21:14:23,935 [ERROR] LogOutputStream:75 - [STDERR_REDIRECT] 
2026-03-09 21:14:24,923 [ERROR] LogOutputStream:75 - [STDERR_REDIRECT] [Fatal Error] :1:1: Premature end of file.
2026-03-09 21:14:24,923 [ERROR] LogOutputStream:75 - [STDERR_REDIRECT] 
2026-03-09 21:14:25,929 [ERROR] LogOutputStream:75 - [STDERR_REDIRECT] [Fatal Error] :1:1: Premature end of file.
2026-03-09 21:14:25,929 [ERROR] LogOutputStream:75 - [STDERR_REDIRECT] 
2026-03-09 21:14:26,933 [ERROR] LogOutputStream:75 - [STDERR_REDIRECT] [Fatal Error] :1:1: Premature end of file.
2026-03-09 21:14:26,933 [ERROR] LogOutputStream:75 - [STDERR_REDIRECT] 
2026-03-09 21:14:27,936 [ERROR] LogOutputStream:75 - [STDERR_REDIRECT] [Fatal Error] :1:1: Premature end of file.
2026-03-09 21:14:27,936 [ERROR] LogOutputStream:75 - [STDERR_REDIRECT] 
2026-03-09 21:14:28,927 [ERROR] LogOutputStream:75 - [STDERR_REDIRECT] [Fatal Error] :1:1: Premature end of file.
2026-03-09 21:14:28,927 [ERROR] LogOutputStream:75 - [STDERR_REDIRECT] 
2026-03-09 21:14:29,932 [ERROR] LogOutputStream:75 - [STDERR_REDIRECT] [Fatal Error] :1:1: Premature end of file.
2026-03-09 21:14:29,932 [ERROR] LogOutputStream:75 - [STDERR_REDIRECT] 
2026-03-09 21:14:30,933 [ERROR] LogOutputStream:75 - [STDERR_REDIRECT] [Fatal Error] :1:1: Premature end of file.
2026-03-09 21:14:30,933 [ERROR] LogOutputStream:75 - [STDERR_REDIRECT] 
2026-03-09 21:14:31,934 [ERROR] LogOutputStream:75 - [STDERR_REDIRECT] [Fatal Error] :1:1: Premature end of file.
2026-03-09 21:14:31,934 [ERROR] LogOutputStream:75 - [STDERR_REDIRECT] 
2026-03-09 21:14:32,928 [ERROR] LogOutputStream:75 - [STDERR_REDIRECT] [Fatal Error] :1:1: Premature end of file.
2026-03-09 21:14:32,928 [ERROR] LogOutputStream:75 - [STDERR_REDIRECT] 
2026-03-09 21:14:33,925 [ERROR] LogOutputStream:75 - [STDERR_REDIRECT] [Fatal Error] :1:1: Premature end of file.
2026-03-09 21:14:33,925 [ERROR] LogOutputStream:75 - [STDERR_REDIRECT] 
2026-03-09 21:14:34,926 [ERROR] LogOutputStream:75 - [STDERR_REDIRECT] [Fatal Error] :1:1: Premature end of file.
2026-03-09 21:14:34,926 [ERROR] LogOutputStream:75 - [STDERR_REDIRECT] 
2026-03-09 21:14:35,933 [ERROR] LogOutputStream:75 - [STDERR_REDIRECT] [Fatal Error] :1:1: Premature end of file.
2026-03-09 21:14:35,933 [ERROR] LogOutputStream:75 - [STDERR_REDIRECT] 
2026-03-09 21:14:36,931 [ERROR] LogOutputStream:75 - [STDERR_REDIRECT] [Fatal Error] :1:1: Premature end of file.
2026-03-09 21:14:36,931 [ERROR] LogOutputStream:75 - [STDERR_REDIRECT] 
2026-03-09 21:14:37,931 [ERROR] LogOutputStream:75 - [STDERR_REDIRECT] [Fatal Error] :1:1: Premature end of file.
2026-03-09 21:14:37,931 [ERROR] LogOutputStream:75 - [STDERR_REDIRECT] 
2026-03-09 21:14:38,935 [ERROR] LogOutputStream:75 - [STDERR_REDIRECT] [Fatal Error] :1:1: Premature end of file.
2026-03-09 21:14:38,935 [ERROR] LogOutputStream:75 - [STDERR_REDIRECT] 
2026-03-09 21:14:39,943 [ERROR] LogOutputStream:75 - [STDERR_REDIRECT] [Fatal Error] :1:1: Premature end of file.
2026-03-09 21:14:39,943 [ERROR] LogOutputStream:75 - [STDERR_REDIRECT] 
2026-03-09 21:14:40,924 [ERROR] LogOutputStream:75 - [STDERR_REDIRECT] [Fatal Error] :1:1: Premature end of file.
2026-03-09 21:14:40,924 [ERROR] LogOutputStream:75 - [STDERR_REDIRECT] 
2026-03-09 21:14:41,931 [ERROR] LogOutputStream:75 - [STDERR_REDIRECT] [Fatal Error] :1:1: Premature end of file.
2026-03-09 21:14:41,931 [ERROR] LogOutputStream:75 - [STDERR_REDIRECT] 
2026-03-09 21:14:42,932 [ERROR] LogOutputStream:75 - [STDERR_REDIRECT] [Fatal Error] :1:1: Premature end of file.
2026-03-09 21:14:42,932 [ERROR] LogOutputStream:75 - [STDERR_REDIRECT] 
2026-03-09 21:14:43,934 [ERROR] LogOutputStream:75 - [STDERR_REDIRECT] [Fatal Error] :1:1: Premature end of file.
2026-03-09 21:14:43,936 [ERROR] LogOutputStream:75 - [STDERR_REDIRECT] 
2026-03-09 21:14:44,931 [ERROR] LogOutputStream:75 - [STDERR_REDIRECT] [Fatal Error] :1:1: Premature end of file.
2026-03-09 21:14:44,931 [ERROR] LogOutputStream:75 - [STDERR_REDIRECT] 
2026-03-09 21:14:45,923 [ERROR] LogOutputStream:75 - [STDERR_REDIRECT] [Fatal Error] :1:1: Premature end of file.
2026-03-09 21:14:45,923 [ERROR] LogOutputStream:75 - [STDERR_REDIRECT] 
2026-03-09 21:14:46,926 [ERROR] LogOutputStream:75 - [STDERR_REDIRECT] [Fatal Error] :1:1: Premature end of file.
2026-03-09 21:14:46,926 [ERROR] LogOutputStream:75 - [STDERR_REDIRECT] 
2026-03-09 21:14:47,924 [ERROR] LogOutputStream:75 - [STDERR_REDIRECT] [Fatal Error] :1:1: Premature end of file.
2026-03-09 21:14:47,924 [ERROR] LogOutputStream:75 - [STDERR_REDIRECT] 
2026-03-09 21:14:48,931 [ERROR] LogOutputStream:75 - [STDERR_REDIRECT] [Fatal Error] :1:1: Premature end of file.
2026-03-09 21:14:48,931 [ERROR] LogOutputStream:75 - [STDERR_REDIRECT] 
2026-03-09 21:14:49,941 [ERROR] LogOutputStream:75 - [STDERR_REDIRECT] [Fatal Error] :1:1: Premature end of file.
2026-03-09 21:14:49,941 [ERROR] LogOutputStream:75 - [STDERR_REDIRECT] 
2026-03-09 21:14:50,949 [ERROR] LogOutputStream:75 - [STDERR_REDIRECT] [Fatal Error] :1:1: Premature end of file.
2026-03-09 21:14:50,949 [ERROR] LogOutputStream:75 - [STDERR_REDIRECT] 
2026-03-09 21:14:51,930 [ERROR] LogOutputStream:75 - [STDERR_REDIRECT] [Fatal Error] :1:1: Premature end of file.
2026-03-09 21:14:51,930 [ERROR] LogOutputStream:75 - [STDERR_REDIRECT] 
2026-03-09 21:14:52,936 [ERROR] LogOutputStream:75 - [STDERR_REDIRECT] [Fatal Error] :1:1: Premature end of file.
2026-03-09 21:14:52,936 [ERROR] LogOutputStream:75 - [STDERR_REDIRECT] 
2026-03-09 21:14:53,931 [ERROR] LogOutputStream:75 - [STDERR_REDIRECT] [Fatal Error] :1:1: Premature end of file.
2026-03-09 21:14:53,931 [ERROR] LogOutputStream:75 - [STDERR_REDIRECT] 
2026-03-09 21:14:54,925 [ERROR] LogOutputStream:75 - [STDERR_REDIRECT] [Fatal Error] :1:1: Premature end of file.
2026-03-09 21:14:54,925 [ERROR] LogOutputStream:75 - [STDERR_REDIRECT] 
2026-03-09 21:14:55,934 [ERROR] LogOutputStream:75 - [STDERR_REDIRECT] [Fatal Error] :1:1: Premature end of file.
2026-03-09 21:14:55,934 [ERROR] LogOutputStream:75 - [STDERR_REDIRECT] 
2026-03-09 21:14:56,935 [ERROR] LogOutputStream:75 - [STDERR_REDIRECT] [Fatal Error] :1:1: Premature end of file.
2026-03-09 21:14:56,935 [ERROR] LogOutputStream:75 - [STDERR_REDIRECT] 
2026-03-09 21:14:57,929 [ERROR] LogOutputStream:75 - [STDERR_REDIRECT] [Fatal Error] :1:1: Premature end of file.
2026-03-09 21:14:57,929 [ERROR] LogOutputStream:75 - [STDERR_REDIRECT] 
2026-03-09 21:14:58,923 [ERROR] LogOutputStream:75 - [STDERR_REDIRECT] [Fatal Error] :1:1: Premature end of file.
2026-03-09 21:14:58,923 [ERROR] LogOutputStream:75 - [STDERR_REDIRECT] 
2026-03-09 21:14:59,929 [ERROR] LogOutputStream:75 - [STDERR_REDIRECT] [Fatal Error] :1:1: Premature end of file.
2026-03-09 21:14:59,929 [ERROR] LogOutputStream:75 - [STDERR_REDIRECT] 
2026-03-09 21:15:00,932 [ERROR] LogOutputStream:75 - [STDERR_REDIRECT] [Fatal Error] :1:1: Premature end of file.
2026-03-09 21:15:00,932 [ERROR] LogOutputStream:75 - [STDERR_REDIRECT] 
2026-03-09 21:15:01,934 [ERROR] LogOutputStream:75 - [STDERR_REDIRECT] [Fatal Error] :1:1: Premature end of file.
2026-03-09 21:15:01,934 [ERROR] LogOutputStream:75 - [STDERR_REDIRECT] 
2026-03-09 21:15:02,925 [ERROR] LogOutputStream:75 - [STDERR_REDIRECT] [Fatal Error] :1:1: Premature end of file.
2026-03-09 21:15:02,925 [ERROR] LogOutputStream:75 - [STDERR_REDIRECT] 
2026-03-09 21:15:03,929 [ERROR] LogOutputStream:75 - [STDERR_REDIRECT] [Fatal Error] :1:1: Premature end of file.
2026-03-09 21:15:03,929 [ERROR] LogOutputStream:75 - [STDERR_REDIRECT] 
2026-03-09 21:15:04,928 [ERROR] LogOutputStream:75 - [STDERR_REDIRECT] [Fatal Error] :1:1: Premature end of file.
2026-03-09 21:15:04,928 [ERROR] LogOutputStream:75 - [STDERR_REDIRECT] 
2026-03-09 21:15:05,929 [ERROR] LogOutputStream:75 - [STDERR_REDIRECT] [Fatal Error] :1:1: Premature end of file.
2026-03-09 21:15:05,929 [ERROR] LogOutputStream:75 - [STDERR_REDIRECT] 
2026-03-09 21:15:06,935 [ERROR] LogOutputStream:75 - [STDERR_REDIRECT] [Fatal Error] :1:1: Premature end of file.
2026-03-09 21:15:06,936 [ERROR] LogOutputStream:75 - [STDERR_REDIRECT] 
2026-03-09 21:15:07,926 [ERROR] LogOutputStream:75 - [STDERR_REDIRECT] [Fatal Error] :1:1: Premature end of file.
2026-03-09 21:15:07,926 [ERROR] LogOutputStream:75 - [STDERR_REDIRECT] 
2026-03-09 21:15:08,932 [ERROR] LogOutputStream:75 - [STDERR_REDIRECT] [Fatal Error] :1:1: Premature end of file.
2026-03-09 21:15:08,932 [ERROR] LogOutputStream:75 - [STDERR_REDIRECT] 
2026-03-09 21:15:09,925 [ERROR] LogOutputStream:75 - [STDERR_REDIRECT] [Fatal Error] :1:1: Premature end of file.
2026-03-09 21:15:09,925 [ERROR] LogOutputStream:75 - [STDERR_REDIRECT] 
2026-03-09 21:15:10,936 [ERROR] LogOutputStream:75 - [STDERR_REDIRECT] [Fatal Error] :1:1: Premature end of file.
2026-03-09 21:15:10,936 [ERROR] LogOutputStream:75 - [STDERR_REDIRECT] 
2026-03-09 21:15:11,923 [ERROR] LogOutputStream:75 - [STDERR_REDIRECT] [Fatal Error] :1:1: Premature end of file.
2026-03-09 21:15:11,926 [ERROR] LogOutputStream:75 - [STDERR_REDIRECT] 
2026-03-09 21:15:12,924 [ERROR] LogOutputStream:75 - [STDERR_REDIRECT] [Fatal Error] :1:1: Premature end of file.
2026-03-09 21:15:12,924 [ERROR] LogOutputStream:75 - [STDERR_REDIRECT] 
2026-03-09 21:15:13,937 [ERROR] LogOutputStream:75 - [STDERR_REDIRECT] [Fatal Error] :1:1: Premature end of file.
2026-03-09 21:15:13,937 [ERROR] LogOutputStream:75 - [STDERR_REDIRECT] 
2026-03-09 21:15:14,947 [ERROR] LogOutputStream:75 - [STDERR_REDIRECT] [Fatal Error] :1:1: Premature end of file.
2026-03-09 21:15:14,947 [ERROR] LogOutputStream:75 - [STDERR_REDIRECT] 
2026-03-09 21:15:15,938 [ERROR] LogOutputStream:75 - [STDERR_REDIRECT] [Fatal Error] :1:1: Premature end of file.
2026-03-09 21:15:15,938 [ERROR] LogOutputStream:75 - [STDERR_REDIRECT] 
2026-03-09 21:15:16,936 [ERROR] LogOutputStream:75 - [STDERR_REDIRECT] [Fatal Error] :1:1: Premature end of file.
2026-03-09 21:15:16,936 [ERROR] LogOutputStream:75 - [STDERR_REDIRECT] 
2026-03-09 21:15:17,936 [ERROR] LogOutputStream:75 - [STDERR_REDIRECT] [Fatal Error] :1:1: Premature end of file.
2026-03-09 21:15:17,936 [ERROR] LogOutputStream:75 - [STDERR_REDIRECT] 
2026-03-09 21:15:18,927 [ERROR] LogOutputStream:75 - [STDERR_REDIRECT] [Fatal Error] :1:1: Premature end of file.
2026-03-09 21:15:18,927 [ERROR] LogOutputStream:75 - [STDERR_REDIRECT] 
2026-03-09 21:15:19,930 [ERROR] LogOutputStream:75 - [STDERR_REDIRECT] [Fatal Error] :1:1: Premature end of file.
2026-03-09 21:15:19,930 [ERROR] LogOutputStream:75 - [STDERR_REDIRECT] 
2026-03-09 21:15:20,935 [ERROR] LogOutputStream:75 - [STDERR_REDIRECT] [Fatal Error] :1:1: Premature end of file.
2026-03-09 21:15:20,935 [ERROR] LogOutputStream:75 - [STDERR_REDIRECT] 
2026-03-09 21:15:21,927 [ERROR] LogOutputStream:75 - [STDERR_REDIRECT] [Fatal Error] :1:1: Premature end of file.
2026-03-09 21:15:21,928 [ERROR] LogOutputStream:75 - [STDERR_REDIRECT] 
2026-03-09 21:15:22,935 [ERROR] LogOutputStream:75 - [STDERR_REDIRECT] [Fatal Error] :1:1: Premature end of file.
2026-03-09 21:15:22,935 [ERROR] LogOutputStream:75 - [STDERR_REDIRECT] 
2026-03-09 21:15:23,927 [ERROR] LogOutputStream:75 - [STDERR_REDIRECT] [Fatal Error] :1:1: Premature end of file.
2026-03-09 21:15:23,927 [ERROR] LogOutputStream:75 - [STDERR_REDIRECT] 
2026-03-09 21:15:24,930 [ERROR] LogOutputStream:75 - [STDERR_REDIRECT] [Fatal Error] :1:1: Premature end of file.
2026-03-09 21:15:24,930 [ERROR] LogOutputStream:75 - [STDERR_REDIRECT] 
2026-03-09 21:15:25,941 [ERROR] LogOutputStream:75 - [STDERR_REDIRECT] [Fatal Error] :1:1: Premature end of file.
2026-03-09 21:15:25,941 [ERROR] LogOutputStream:75 - [STDERR_REDIRECT] 
2026-03-09 21:15:26,949 [ERROR] LogOutputStream:75 - [STDERR_REDIRECT] [Fatal Error] :1:1: Premature end of file.
2026-03-09 21:15:26,949 [ERROR] LogOutputStream:75 - [STDERR_REDIRECT] 
2026-03-09 21:15:27,925 [ERROR] LogOutputStream:75 - [STDERR_REDIRECT] [Fatal Error] :1:1: Premature end of file.
2026-03-09 21:15:27,925 [ERROR] LogOutputStream:75 - [STDERR_REDIRECT] 
2026-03-09 21:15:28,930 [ERROR] LogOutputStream:75 - [STDERR_REDIRECT] [Fatal Error] :1:1: Premature end of file.
2026-03-09 21:15:28,930 [ERROR] LogOutputStream:75 - [STDERR_REDIRECT] 
2026-03-09 21:15:29,936 [ERROR] LogOutputStream:75 - [STDERR_REDIRECT] [Fatal Error] :1:1: Premature end of file.
2026-03-09 21:15:29,936 [ERROR] LogOutputStream:75 - [STDERR_REDIRECT] 
2026-03-09 21:15:30,926 [ERROR] LogOutputStream:75 - [STDERR_REDIRECT] [Fatal Error] :1:1: Premature end of file.
2026-03-09 21:15:30,927 [ERROR] LogOutputStream:75 - [STDERR_REDIRECT] 
2026-03-09 21:15:31,934 [ERROR] LogOutputStream:75 - [STDERR_REDIRECT] [Fatal Error] :1:1: Premature end of file.
2026-03-09 21:15:31,934 [ERROR] LogOutputStream:75 - [STDERR_REDIRECT] 
2026-03-09 21:15:32,930 [ERROR] LogOutputStream:75 - [STDERR_REDIRECT] [Fatal Error] :1:1: Premature end of file.
2026-03-09 21:15:32,930 [ERROR] LogOutputStream:75 - [STDERR_REDIRECT] 
2026-03-09 21:15:33,929 [ERROR] LogOutputStream:75 - [STDERR_REDIRECT] [Fatal Error] :1:1: Premature end of file.
2026-03-09 21:15:33,929 [ERROR] LogOutputStream:75 - [STDERR_REDIRECT] 
2026-03-09 21:15:34,934 [ERROR] LogOutputStream:75 - [STDERR_REDIRECT] [Fatal Error] :1:1: Premature end of file.
2026-03-09 21:15:34,934 [ERROR] LogOutputStream:75 - [STDERR_REDIRECT] 
2026-03-09 21:15:35,924 [ERROR] LogOutputStream:75 - [STDERR_REDIRECT] [Fatal Error] :1:1: Premature end of file.
2026-03-09 21:15:35,924 [ERROR] LogOutputStream:75 - [STDERR_REDIRECT] 
2026-03-09 21:15:36,949 [ERROR] LogOutputStream:75 - [STDERR_REDIRECT] [Fatal Error] :1:1: Premature end of file.
2026-03-09 21:15:36,949 [ERROR] LogOutputStream:75 - [STDERR_REDIRECT] 
2026-03-09 21:15:37,924 [ERROR] LogOutputStream:75 - [STDERR_REDIRECT] [Fatal Error] :1:1: Premature end of file.
2026-03-09 21:15:37,926 [ERROR] LogOutputStream:75 - [STDERR_REDIRECT] 
2026-03-09 21:15:38,931 [ERROR] LogOutputStream:75 - [STDERR_REDIRECT] [Fatal Error] :1:1: Premature end of file.
2026-03-09 21:15:38,931 [ERROR] LogOutputStream:75 - [STDERR_REDIRECT] 
2026-03-09 21:15:39,923 [ERROR] LogOutputStream:75 - [STDERR_REDIRECT] [Fatal Error] :1:1: Premature end of file.
2026-03-09 21:15:39,923 [ERROR] LogOutputStream:75 - [STDERR_REDIRECT] 
2026-03-09 21:15:40,929 [ERROR] LogOutputStream:75 - [STDERR_REDIRECT] [Fatal Error] :1:1: Premature end of file.
2026-03-09 21:15:40,929 [ERROR] LogOutputStream:75 - [STDERR_REDIRECT] 
2026-03-09 21:15:41,924 [ERROR] LogOutputStream:75 - [STDERR_REDIRECT] [Fatal Error] :1:1: Premature end of file.
2026-03-09 21:15:41,924 [ERROR] LogOutputStream:75 - [STDERR_REDIRECT] 
2026-03-09 21:15:42,929 [ERROR] LogOutputStream:75 - [STDERR_REDIRECT] [Fatal Error] :1:1: Premature end of file.
2026-03-09 21:15:42,929 [ERROR] LogOutputStream:75 - [STDERR_REDIRECT] 
2026-03-09 21:15:43,930 [ERROR] LogOutputStream:75 - [STDERR_REDIRECT] [Fatal Error] :1:1: Premature end of file.
2026-03-09 21:15:43,930 [ERROR] LogOutputStream:75 - [STDERR_REDIRECT] 
2026-03-09 21:15:44,934 [ERROR] LogOutputStream:75 - [STDERR_REDIRECT] [Fatal Error] :1:1: Premature end of file.
2026-03-09 21:15:44,934 [ERROR] LogOutputStream:75 - [STDERR_REDIRECT] 
2026-03-09 21:15:45,940 [ERROR] LogOutputStream:75 - [STDERR_REDIRECT] [Fatal Error] :1:1: Premature end of file.
2026-03-09 21:15:45,940 [ERROR] LogOutputStream:75 - [STDERR_REDIRECT] 
2026-03-09 21:15:46,926 [ERROR] LogOutputStream:75 - [STDERR_REDIRECT] [Fatal Error] :1:1: Premature end of file.
2026-03-09 21:15:46,926 [ERROR] LogOutputStream:75 - [STDERR_REDIRECT] 
2026-03-09 21:15:47,926 [ERROR] LogOutputStream:75 - [STDERR_REDIRECT] [Fatal Error] :1:1: Premature end of file.
2026-03-09 21:15:47,926 [ERROR] LogOutputStream:75 - [STDERR_REDIRECT] 
2026-03-09 21:15:48,923 [ERROR] LogOutputStream:75 - [STDERR_REDIRECT] [Fatal Error] :1:1: Premature end of file.
2026-03-09 21:15:48,924 [ERROR] LogOutputStream:75 - [STDERR_REDIRECT] 
2026-03-09 21:15:49,925 [ERROR] LogOutputStream:75 - [STDERR_REDIRECT] [Fatal Error] :1:1: Premature end of file.
2026-03-09 21:15:49,925 [ERROR] LogOutputStream:75 - [STDERR_REDIRECT] 
2026-03-09 21:15:50,931 [ERROR] LogOutputStream:75 - [STDERR_REDIRECT] [Fatal Error] :1:1: Premature end of file.
2026-03-09 21:15:50,931 [ERROR] LogOutputStream:75 - [STDERR_REDIRECT] 
2026-03-09 21:15:51,937 [ERROR] LogOutputStream:75 - [STDERR_REDIRECT] [Fatal Error] :1:1: Premature end of file.
2026-03-09 21:15:51,937 [ERROR] LogOutputStream:75 - [STDERR_REDIRECT] 
2026-03-09 21:15:52,933 [ERROR] LogOutputStream:75 - [STDERR_REDIRECT] [Fatal Error] :1:1: Premature end of file.
2026-03-09 21:15:52,933 [ERROR] LogOutputStream:75 - [STDERR_REDIRECT] 
2026-03-09 21:15:53,930 [ERROR] LogOutputStream:75 - [STDERR_REDIRECT] [Fatal Error] :1:1: Premature end of file.
2026-03-09 21:15:53,930 [ERROR] LogOutputStream:75 - [STDERR_REDIRECT] 
2026-03-09 21:15:54,933 [ERROR] LogOutputStream:75 - [STDERR_REDIRECT] [Fatal Error] :1:1: Premature end of file.
2026-03-09 21:15:54,933 [ERROR] LogOutputStream:75 - [STDERR_REDIRECT] 
2026-03-09 21:15:55,928 [ERROR] LogOutputStream:75 - [STDERR_REDIRECT] [Fatal Error] :1:1: Premature end of file.
2026-03-09 21:15:55,928 [ERROR] LogOutputStream:75 - [STDERR_REDIRECT] 
2026-03-09 21:15:56,940 [ERROR] LogOutputStream:75 - [STDERR_REDIRECT] [Fatal Error] :1:1: Premature end of file.
2026-03-09 21:15:56,940 [ERROR] LogOutputStream:75 - [STDERR_REDIRECT] 
2026-03-09 21:15:57,948 [ERROR] LogOutputStream:75 - [STDERR_REDIRECT] [Fatal Error] :1:1: Premature end of file.
2026-03-09 21:15:57,948 [ERROR] LogOutputStream:75 - [STDERR_REDIRECT] 
2026-03-09 21:15:58,925 [ERROR] LogOutputStream:75 - [STDERR_REDIRECT] [Fatal Error] :1:1: Premature end of file.
2026-03-09 21:15:58,925 [ERROR] LogOutputStream:75 - [STDERR_REDIRECT] 
2026-03-09 21:15:59,934 [ERROR] LogOutputStream:75 - [STDERR_REDIRECT] [Fatal Error] :1:1: Premature end of file.
2026-03-09 21:15:59,934 [ERROR] LogOutputStream:75 - [STDERR_REDIRECT] 
2026-03-09 21:16:00,936 [ERROR] LogOutputStream:75 - [STDERR_REDIRECT] [Fatal Error] :1:1: Premature end of file.
2026-03-09 21:16:00,936 [ERROR] LogOutputStream:75 - [STDERR_REDIRECT] 
2026-03-09 21:16:01,929 [ERROR] LogOutputStream:75 - [STDERR_REDIRECT] [Fatal Error] :1:1: Premature end of file.
2026-03-09 21:16:01,929 [ERROR] LogOutputStream:75 - [STDERR_REDIRECT] 
2026-03-09 21:16:02,935 [ERROR] LogOutputStream:75 - [STDERR_REDIRECT] [Fatal Error] :1:1: Premature end of file.
2026-03-09 21:16:02,935 [ERROR] LogOutputStream:75 - [STDERR_REDIRECT] 
2026-03-09 21:16:03,925 [ERROR] LogOutputStream:75 - [STDERR_REDIRECT] [Fatal Error] :1:1: Premature end of file.
2026-03-09 21:16:03,925 [ERROR] LogOutputStream:75 - [STDERR_REDIRECT] 
2026-03-09 21:16:04,931 [ERROR] LogOutputStream:75 - [STDERR_REDIRECT] [Fatal Error] :1:1: Premature end of file.
2026-03-09 21:16:04,931 [ERROR] LogOutputStream:75 - [STDERR_REDIRECT] 
2026-03-09 21:16:05,932 [ERROR] LogOutputStream:75 - [STDERR_REDIRECT] [Fatal Error] :1:1: Premature end of file.
2026-03-09 21:16:05,932 [ERROR] LogOutputStream:75 - [STDERR_REDIRECT] 
2026-03-09 21:16:06,941 [ERROR] LogOutputStream:75 - [STDERR_REDIRECT] [Fatal Error] :1:1: Premature end of file.
2026-03-09 21:16:06,941 [ERROR] LogOutputStream:75 - [STDERR_REDIRECT] 
2026-03-09 21:16:07,924 [ERROR] LogOutputStream:75 - [STDERR_REDIRECT] [Fatal Error] :1:1: Premature end of file.
2026-03-09 21:16:07,924 [ERROR] LogOutputStream:75 - [STDERR_REDIRECT] 
2026-03-09 21:16:08,933 [ERROR] LogOutputStream:75 - [STDERR_REDIRECT] [Fatal Error] :1:1: Premature end of file.
2026-03-09 21:16:08,933 [ERROR] LogOutputStream:75 - [STDERR_REDIRECT] 
2026-03-09 21:16:09,937 [ERROR] LogOutputStream:75 - [STDERR_REDIRECT] [Fatal Error] :1:1: Premature end of file.
2026-03-09 21:16:09,937 [ERROR] LogOutputStream:75 - [STDERR_REDIRECT] 
2026-03-09 21:16:10,939 [ERROR] LogOutputStream:75 - [STDERR_REDIRECT] [Fatal Error] :1:1: Premature end of file.
2026-03-09 21:16:10,939 [ERROR] LogOutputStream:75 - [STDERR_REDIRECT] 
2026-03-09 21:16:11,928 [ERROR] LogOutputStream:75 - [STDERR_REDIRECT] [Fatal Error] :1:1: Premature end of file.
2026-03-09 21:16:11,928 [ERROR] LogOutputStream:75 - [STDERR_REDIRECT] 
2026-03-09 21:16:12,933 [ERROR] LogOutputStream:75 - [STDERR_REDIRECT] [Fatal Error] :1:1: Premature end of file.
2026-03-09 21:16:12,933 [ERROR] LogOutputStream:75 - [STDERR_REDIRECT] 
2026-03-09 21:16:13,924 [ERROR] LogOutputStream:75 - [STDERR_REDIRECT] [Fatal Error] :1:1: Premature end of file.
2026-03-09 21:16:13,924 [ERROR] LogOutputStream:75 - [STDERR_REDIRECT] 
2026-03-09 21:16:14,935 [ERROR] LogOutputStream:75 - [STDERR_REDIRECT] [Fatal Error] :1:1: Premature end of file.
2026-03-09 21:16:14,935 [ERROR] LogOutputStream:75 - [STDERR_REDIRECT] 
2026-03-09 21:16:15,929 [ERROR] LogOutputStream:75 - [STDERR_REDIRECT] [Fatal Error] :1:1: Premature end of file.
2026-03-09 21:16:15,929 [ERROR] LogOutputStream:75 - [STDERR_REDIRECT] 
2026-03-09 21:16:16,925 [ERROR] LogOutputStream:75 - [STDERR_REDIRECT] [Fatal Error] :1:1: Premature end of file.
2026-03-09 21:16:16,925 [ERROR] LogOutputStream:75 - [STDERR_REDIRECT] 
2026-03-09 21:16:17,930 [ERROR] LogOutputStream:75 - [STDERR_REDIRECT] [Fatal Error] :1:1: Premature end of file.
2026-03-09 21:16:17,930 [ERROR] LogOutputStream:75 - [STDERR_REDIRECT] 
2026-03-09 21:16:18,924 [ERROR] LogOutputStream:75 - [STDERR_REDIRECT] [Fatal Error] :1:1: Premature end of file.
2026-03-09 21:16:18,924 [ERROR] LogOutputStream:75 - [STDERR_REDIRECT] 
2026-03-09 21:16:19,929 [ERROR] LogOutputStream:75 - [STDERR_REDIRECT] [Fatal Error] :1:1: Premature end of file.
2026-03-09 21:16:19,929 [ERROR] LogOutputStream:75 - [STDERR_REDIRECT] 
2026-03-09 21:16:20,921 [ERROR] LogOutputStream:75 - [STDERR_REDIRECT] [Fatal Error] :1:1: Premature end of file.
2026-03-09 21:16:20,921 [ERROR] LogOutputStream:75 - [STDERR_REDIRECT] 
2026-03-09 21:16:21,927 [ERROR] LogOutputStream:75 - [STDERR_REDIRECT] [Fatal Error] :1:1: Premature end of file.
2026-03-09 21:16:21,927 [ERROR] LogOutputStream:75 - [STDERR_REDIRECT] 
2026-03-09 21:16:22,932 [ERROR] LogOutputStream:75 - [STDERR_REDIRECT] [Fatal Error] :1:1: Premature end of file.
2026-03-09 21:16:22,932 [ERROR] LogOutputStream:75 - [STDERR_REDIRECT] 
2026-03-09 21:16:23,928 [ERROR] LogOutputStream:75 - [STDERR_REDIRECT] [Fatal Error] :1:1: Premature end of file.
2026-03-09 21:16:23,928 [ERROR] LogOutputStream:75 - [STDERR_REDIRECT] 
2026-03-09 21:16:24,934 [ERROR] LogOutputStream:75 - [STDERR_REDIRECT] [Fatal Error] :1:1: Premature end of file.
2026-03-09 21:16:24,934 [ERROR] LogOutputStream:75 - [STDERR_REDIRECT] 
2026-03-09 21:16:25,937 [ERROR] LogOutputStream:75 - [STDERR_REDIRECT] [Fatal Error] :1:1: Premature end of file.
2026-03-09 21:16:25,937 [ERROR] LogOutputStream:75 - [STDERR_REDIRECT] 
2026-03-09 21:16:26,925 [ERROR] LogOutputStream:75 - [STDERR_REDIRECT] [Fatal Error] :1:1: Premature end of file.
2026-03-09 21:16:26,925 [ERROR] LogOutputStream:75 - [STDERR_REDIRECT] 
2026-03-09 21:16:27,933 [ERROR] LogOutputStream:75 - [STDERR_REDIRECT] [Fatal Error] :1:1: Premature end of file.
2026-03-09 21:16:27,933 [ERROR] LogOutputStream:75 - [STDERR_REDIRECT] 
2026-03-09 21:16:28,935 [ERROR] LogOutputStream:75 - [STDERR_REDIRECT] [Fatal Error] :1:1: Premature end of file.
2026-03-09 21:16:28,935 [ERROR] LogOutputStream:75 - [STDERR_REDIRECT] 
2026-03-09 21:16:29,925 [ERROR] LogOutputStream:75 - [STDERR_REDIRECT] [Fatal Error] :1:1: Premature end of file.
2026-03-09 21:16:29,925 [ERROR] LogOutputStream:75 - [STDERR_REDIRECT] 
2026-03-09 21:16:30,929 [ERROR] LogOutputStream:75 - [STDERR_REDIRECT] [Fatal Error] :1:1: Premature end of file.
2026-03-09 21:16:30,929 [ERROR] LogOutputStream:75 - [STDERR_REDIRECT] 
2026-03-09 21:16:31,925 [ERROR] LogOutputStream:75 - [STDERR_REDIRECT] [Fatal Error] :1:1: Premature end of file.
2026-03-09 21:16:31,925 [ERROR] LogOutputStream:75 - [STDERR_REDIRECT] 
2026-03-09 21:16:32,932 [ERROR] LogOutputStream:75 - [STDERR_REDIRECT] [Fatal Error] :1:1: Premature end of file.
2026-03-09 21:16:32,932 [ERROR] LogOutputStream:75 - [STDERR_REDIRECT] 
2026-03-09 21:16:33,934 [ERROR] LogOutputStream:75 - [STDERR_REDIRECT] [Fatal Error] :1:1: Premature end of file.
2026-03-09 21:16:33,934 [ERROR] LogOutputStream:75 - [STDERR_REDIRECT] 
2026-03-09 21:16:34,939 [ERROR] LogOutputStream:75 - [STDERR_REDIRECT] [Fatal Error] :1:1: Premature end of file.
2026-03-09 21:16:34,939 [ERROR] LogOutputStream:75 - [STDERR_REDIRECT] 
2026-03-09 21:16:35,929 [ERROR] LogOutputStream:75 - [STDERR_REDIRECT] [Fatal Error] :1:1: Premature end of file.
2026-03-09 21:16:35,929 [ERROR] LogOutputStream:75 - [STDERR_REDIRECT] 
2026-03-09 21:16:36,935 [ERROR] LogOutputStream:75 - [STDERR_REDIRECT] [Fatal Error] :1:1: Premature end of file.
2026-03-09 21:16:36,935 [ERROR] LogOutputStream:75 - [STDERR_REDIRECT] 
2026-03-09 21:16:37,935 [ERROR] LogOutputStream:75 - [STDERR_REDIRECT] [Fatal Error] :1:1: Premature end of file.
2026-03-09 21:16:37,935 [ERROR] LogOutputStream:75 - [STDERR_REDIRECT] 
2026-03-09 21:16:38,946 [ERROR] LogOutputStream:75 - [STDERR_REDIRECT] [Fatal Error] :1:1: Premature end of file.
2026-03-09 21:16:38,946 [ERROR] LogOutputStream:75 - [STDERR_REDIRECT] 
2026-03-09 21:16:39,928 [ERROR] LogOutputStream:75 - [STDERR_REDIRECT] [Fatal Error] :1:1: Premature end of file.
2026-03-09 21:16:39,928 [ERROR] LogOutputStream:75 - [STDERR_REDIRECT] 
2026-03-09 21:16:40,931 [ERROR] LogOutputStream:75 - [STDERR_REDIRECT] [Fatal Error] :1:1: Premature end of file.
2026-03-09 21:16:40,931 [ERROR] LogOutputStream:75 - [STDERR_REDIRECT] 
2026-03-09 21:16:41,935 [ERROR] LogOutputStream:75 - [STDERR_REDIRECT] [Fatal Error] :1:1: Premature end of file.
2026-03-09 21:16:41,935 [ERROR] LogOutputStream:75 - [STDERR_REDIRECT] 
2026-03-09 21:16:42,924 [ERROR] LogOutputStream:75 - [STDERR_REDIRECT] [Fatal Error] :1:1: Premature end of file.
2026-03-09 21:16:42,924 [ERROR] LogOutputStream:75 - [STDERR_REDIRECT] 
2026-03-09 21:16:43,934 [ERROR] LogOutputStream:75 - [STDERR_REDIRECT] [Fatal Error] :1:1: Premature end of file.
2026-03-09 21:16:43,934 [ERROR] LogOutputStream:75 - [STDERR_REDIRECT] 
2026-03-09 21:16:44,932 [ERROR] LogOutputStream:75 - [STDERR_REDIRECT] [Fatal Error] :1:1: Premature end of file.
2026-03-09 21:16:44,932 [ERROR] LogOutputStream:75 - [STDERR_REDIRECT] 
2026-03-09 21:16:45,936 [ERROR] LogOutputStream:75 - [STDERR_REDIRECT] [Fatal Error] :1:1: Premature end of file.
2026-03-09 21:16:45,937 [ERROR] LogOutputStream:75 - [STDERR_REDIRECT] 
2026-03-09 21:16:46,927 [ERROR] LogOutputStream:75 - [STDERR_REDIRECT] [Fatal Error] :1:1: Premature end of file.
2026-03-09 21:16:46,927 [ERROR] LogOutputStream:75 - [STDERR_REDIRECT] 
2026-03-09 21:16:47,936 [ERROR] LogOutputStream:75 - [STDERR_REDIRECT] [Fatal Error] :1:1: Premature end of file.
2026-03-09 21:16:47,936 [ERROR] LogOutputStream:75 - [STDERR_REDIRECT] 
2026-03-09 21:16:48,943 [ERROR] LogOutputStream:75 - [STDERR_REDIRECT] [Fatal Error] :1:1: Premature end of file.
2026-03-09 21:16:48,943 [ERROR] LogOutputStream:75 - [STDERR_REDIRECT] 
2026-03-09 21:16:49,953 [ERROR] LogOutputStream:75 - [STDERR_REDIRECT] [Fatal Error] :1:1: Premature end of file.
2026-03-09 21:16:49,953 [ERROR] LogOutputStream:75 - [STDERR_REDIRECT] 
2026-03-09 21:16:50,928 [ERROR] LogOutputStream:75 - [STDERR_REDIRECT] [Fatal Error] :1:1: Premature end of file.
2026-03-09 21:16:50,928 [ERROR] LogOutputStream:75 - [STDERR_REDIRECT] 
2026-03-09 21:16:51,934 [ERROR] LogOutputStream:75 - [STDERR_REDIRECT] [Fatal Error] :1:1: Premature end of file.
2026-03-09 21:16:51,934 [ERROR] LogOutputStream:75 - [STDERR_REDIRECT] 
2026-03-09 21:16:52,925 [ERROR] LogOutputStream:75 - [STDERR_REDIRECT] [Fatal Error] :1:1: Premature end of file.
2026-03-09 21:16:52,925 [ERROR] LogOutputStream:75 - [STDERR_REDIRECT] 
2026-03-09 21:16:53,925 [ERROR] LogOutputStream:75 - [STDERR_REDIRECT] [Fatal Error] :1:1: Premature end of file.
2026-03-09 21:16:53,925 [ERROR] LogOutputStream:75 - [STDERR_REDIRECT] 
2026-03-09 21:16:54,923 [ERROR] LogOutputStream:75 - [STDERR_REDIRECT] [Fatal Error] :1:1: Premature end of file.
2026-03-09 21:16:54,923 [ERROR] LogOutputStream:75 - [STDERR_REDIRECT] 
2026-03-09 21:16:55,923 [ERROR] LogOutputStream:75 - [STDERR_REDIRECT] [Fatal Error] :1:1: Premature end of file.
2026-03-09 21:16:55,923 [ERROR] LogOutputStream:75 - [STDERR_REDIRECT] 
2026-03-09 21:16:56,928 [ERROR] LogOutputStream:75 - [STDERR_REDIRECT] [Fatal Error] :1:1: Premature end of file.
2026-03-09 21:16:56,928 [ERROR] LogOutputStream:75 - [STDERR_REDIRECT] 
2026-03-09 21:16:57,933 [ERROR] LogOutputStream:75 - [STDERR_REDIRECT] [Fatal Error] :1:1: Premature end of file.
2026-03-09 21:16:57,933 [ERROR] LogOutputStream:75 - [STDERR_REDIRECT] 
2026-03-09 21:16:58,929 [ERROR] LogOutputStream:75 - [STDERR_REDIRECT] [Fatal Error] :1:1: Premature end of file.
2026-03-09 21:16:58,929 [ERROR] LogOutputStream:75 - [STDERR_REDIRECT] 
2026-03-09 21:16:59,940 [ERROR] LogOutputStream:75 - [STDERR_REDIRECT] [Fatal Error] :1:1: Premature end of file.
2026-03-09 21:16:59,940 [ERROR] LogOutputStream:75 - [STDERR_REDIRECT] 
2026-03-09 21:17:00,926 [ERROR] LogOutputStream:75 - [STDERR_REDIRECT] [Fatal Error] :1:1: Premature end of file.
2026-03-09 21:17:00,926 [ERROR] LogOutputStream:75 - [STDERR_REDIRECT] 
2026-03-09 21:17:01,932 [ERROR] LogOutputStream:75 - [STDERR_REDIRECT] [Fatal Error] :1:1: Premature end of file.
2026-03-09 21:17:01,932 [ERROR] LogOutputStream:75 - [STDERR_REDIRECT] 
2026-03-09 21:17:02,924 [ERROR] LogOutputStream:75 - [STDERR_REDIRECT] [Fatal Error] :1:1: Premature end of file.
2026-03-09 21:17:02,924 [ERROR] LogOutputStream:75 - [STDERR_REDIRECT] 
2026-03-09 21:17:03,928 [ERROR] LogOutputStream:75 - [STDERR_REDIRECT] [Fatal Error] :1:1: Premature end of file.
2026-03-09 21:17:03,928 [ERROR] LogOutputStream:75 - [STDERR_REDIRECT] 
2026-03-09 21:17:04,933 [ERROR] LogOutputStream:75 - [STDERR_REDIRECT] [Fatal Error] :1:1: Premature end of file.
2026-03-09 21:17:04,933 [ERROR] LogOutputStream:75 - [STDERR_REDIRECT] 
2026-03-09 21:17:05,923 [ERROR] LogOutputStream:75 - [STDERR_REDIRECT] [Fatal Error] :1:1: Premature end of file.
2026-03-09 21:17:05,923 [ERROR] LogOutputStream:75 - [STDERR_REDIRECT] 
2026-03-09 21:17:06,923 [ERROR] LogOutputStream:75 - [STDERR_REDIRECT] [Fatal Error] :1:1: Premature end of file.
2026-03-09 21:17:06,923 [ERROR] LogOutputStream:75 - [STDERR_REDIRECT] 
2026-03-09 21:17:07,934 [ERROR] LogOutputStream:75 - [STDERR_REDIRECT] [Fatal Error] :1:1: Premature end of file.
2026-03-09 21:17:07,934 [ERROR] LogOutputStream:75 - [STDERR_REDIRECT] 
2026-03-09 21:17:08,933 [ERROR] LogOutputStream:75 - [STDERR_REDIRECT] [Fatal Error] :1:1: Premature end of file.
2026-03-09 21:17:08,933 [ERROR] LogOutputStream:75 - [STDERR_REDIRECT] 
2026-03-09 21:17:09,930 [ERROR] LogOutputStream:75 - [STDERR_REDIRECT] [Fatal Error] :1:1: Premature end of file.
2026-03-09 21:17:09,930 [ERROR] LogOutputStream:75 - [STDERR_REDIRECT] 
2026-03-09 21:17:10,951 [ERROR] LogOutputStream:75 - [STDERR_REDIRECT] [Fatal Error] :1:1: Premature end of file.
2026-03-09 21:17:10,951 [ERROR] LogOutputStream:75 - [STDERR_REDIRECT] 
2026-03-09 21:17:11,928 [ERROR] LogOutputStream:75 - [STDERR_REDIRECT] [Fatal Error] :1:1: Premature end of file.
2026-03-09 21:17:11,928 [ERROR] LogOutputStream:75 - [STDERR_REDIRECT] 
2026-03-09 21:17:12,930 [ERROR] LogOutputStream:75 - [STDERR_REDIRECT] [Fatal Error] :1:1: Premature end of file.
2026-03-09 21:17:12,930 [ERROR] LogOutputStream:75 - [STDERR_REDIRECT] 
2026-03-09 21:17:13,923 [ERROR] LogOutputStream:75 - [STDERR_REDIRECT] [Fatal Error] :1:1: Premature end of file.
2026-03-09 21:17:13,923 [ERROR] LogOutputStream:75 - [STDERR_REDIRECT] 
2026-03-09 21:17:14,931 [ERROR] LogOutputStream:75 - [STDERR_REDIRECT] [Fatal Error] :1:1: Premature end of file.
2026-03-09 21:17:14,931 [ERROR] LogOutputStream:75 - [STDERR_REDIRECT] 
2026-03-09 21:17:15,927 [ERROR] LogOutputStream:75 - [STDERR_REDIRECT] [Fatal Error] :1:1: Premature end of file.
2026-03-09 21:17:15,928 [ERROR] LogOutputStream:75 - [STDERR_REDIRECT] 
2026-03-09 21:17:16,931 [ERROR] LogOutputStream:75 - [STDERR_REDIRECT] [Fatal Error] :1:1: Premature end of file.
2026-03-09 21:17:16,932 [ERROR] LogOutputStream:75 - [STDERR_REDIRECT] 
2026-03-09 21:17:17,934 [ERROR] LogOutputStream:75 - [STDERR_REDIRECT] [Fatal Error] :1:1: Premature end of file.
2026-03-09 21:17:17,934 [ERROR] LogOutputStream:75 - [STDERR_REDIRECT] 
2026-03-09 21:17:18,927 [ERROR] LogOutputStream:75 - [STDERR_REDIRECT] [Fatal Error] :1:1: Premature end of file.
2026-03-09 21:17:18,927 [ERROR] LogOutputStream:75 - [STDERR_REDIRECT] 
2026-03-09 21:17:19,931 [ERROR] LogOutputStream:75 - [STDERR_REDIRECT] [Fatal Error] :1:1: Premature end of file.
2026-03-09 21:17:19,931 [ERROR] LogOutputStream:75 - [STDERR_REDIRECT] 
2026-03-09 21:17:20,929 [ERROR] LogOutputStream:75 - [STDERR_REDIRECT] [Fatal Error] :1:1: Premature end of file.
2026-03-09 21:17:20,929 [ERROR] LogOutputStream:75 - [STDERR_REDIRECT] 
2026-03-09 21:17:21,926 [ERROR] LogOutputStream:75 - [STDERR_REDIRECT] [Fatal Error] :1:1: Premature end of file.
2026-03-09 21:17:21,926 [ERROR] LogOutputStream:75 - [STDERR_REDIRECT] 
2026-03-09 21:17:22,928 [ERROR] LogOutputStream:75 - [STDERR_REDIRECT] [Fatal Error] :1:1: Premature end of file.
2026-03-09 21:17:22,928 [ERROR] LogOutputStream:75 - [STDERR_REDIRECT] 
2026-03-09 21:17:23,923 [ERROR] LogOutputStream:75 - [STDERR_REDIRECT] [Fatal Error] :1:1: Premature end of file.
2026-03-09 21:17:23,924 [ERROR] LogOutputStream:75 - [STDERR_REDIRECT] 
2026-03-09 21:17:24,935 [ERROR] LogOutputStream:75 - [STDERR_REDIRECT] [Fatal Error] :1:1: Premature end of file.
2026-03-09 21:17:24,935 [ERROR] LogOutputStream:75 - [STDERR_REDIRECT] 
2026-03-09 21:17:25,924 [ERROR] LogOutputStream:75 - [STDERR_REDIRECT] [Fatal Error] :1:1: Premature end of file.
2026-03-09 21:17:25,924 [ERROR] LogOutputStream:75 - [STDERR_REDIRECT] 
2026-03-09 21:17:26,929 [ERROR] LogOutputStream:75 - [STDERR_REDIRECT] [Fatal Error] :1:1: Premature end of file.
2026-03-09 21:17:26,929 [ERROR] LogOutputStream:75 - [STDERR_REDIRECT] 
2026-03-09 21:17:27,934 [ERROR] LogOutputStream:75 - [STDERR_REDIRECT] [Fatal Error] :1:1: Premature end of file.
2026-03-09 21:17:27,934 [ERROR] LogOutputStream:75 - [STDERR_REDIRECT] 
2026-03-09 21:17:28,939 [ERROR] LogOutputStream:75 - [STDERR_REDIRECT] [Fatal Error] :1:1: Premature end of file.
2026-03-09 21:17:28,939 [ERROR] LogOutputStream:75 - [STDERR_REDIRECT] 
2026-03-09 21:17:29,941 [ERROR] LogOutputStream:75 - [STDERR_REDIRECT] [Fatal Error] :1:1: Premature end of file.
2026-03-09 21:17:29,941 [ERROR] LogOutputStream:75 - [STDERR_REDIRECT] 
2026-03-09 21:17:30,935 [ERROR] LogOutputStream:75 - [STDERR_REDIRECT] [Fatal Error] :1:1: Premature end of file.
2026-03-09 21:17:30,935 [ERROR] LogOutputStream:75 - [STDERR_REDIRECT] 
2026-03-09 21:17:31,925 [ERROR] LogOutputStream:75 - [STDERR_REDIRECT] [Fatal Error] :1:1: Premature end of file.
2026-03-09 21:17:31,925 [ERROR] LogOutputStream:75 - [STDERR_REDIRECT] 
2026-03-09 21:17:32,930 [ERROR] LogOutputStream:75 - [STDERR_REDIRECT] [Fatal Error] :1:1: Premature end of file.
2026-03-09 21:17:32,930 [ERROR] LogOutputStream:75 - [STDERR_REDIRECT] 
2026-03-09 21:17:33,925 [ERROR] LogOutputStream:75 - [STDERR_REDIRECT] [Fatal Error] :1:1: Premature end of file.
2026-03-09 21:17:33,925 [ERROR] LogOutputStream:75 - [STDERR_REDIRECT] 
2026-03-09 21:17:34,925 [ERROR] LogOutputStream:75 - [STDERR_REDIRECT] [Fatal Error] :1:1: Premature end of file.
2026-03-09 21:17:34,925 [ERROR] LogOutputStream:75 - [STDERR_REDIRECT] 
2026-03-09 21:17:35,932 [ERROR] LogOutputStream:75 - [STDERR_REDIRECT] [Fatal Error] :1:1: Premature end of file.
2026-03-09 21:17:35,932 [ERROR] LogOutputStream:75 - [STDERR_REDIRECT] 
2026-03-09 21:17:36,935 [ERROR] LogOutputStream:75 - [STDERR_REDIRECT] [Fatal Error] :1:1: Premature end of file.
2026-03-09 21:17:36,935 [ERROR] LogOutputStream:75 - [STDERR_REDIRECT] 
2026-03-09 21:17:37,928 [ERROR] LogOutputStream:75 - [STDERR_REDIRECT] [Fatal Error] :1:1: Premature end of file.
2026-03-09 21:17:37,928 [ERROR] LogOutputStream:75 - [STDERR_REDIRECT] 
2026-03-09 21:17:38,929 [ERROR] LogOutputStream:75 - [STDERR_REDIRECT] [Fatal Error] :1:1: Premature end of file.
2026-03-09 21:17:38,930 [ERROR] LogOutputStream:75 - [STDERR_REDIRECT] 
2026-03-09 21:17:39,934 [ERROR] LogOutputStream:75 - [STDERR_REDIRECT] [Fatal Error] :1:1: Premature end of file.
2026-03-09 21:17:39,935 [ERROR] LogOutputStream:75 - [STDERR_REDIRECT] 
2026-03-09 21:17:40,937 [ERROR] LogOutputStream:75 - [STDERR_REDIRECT] [Fatal Error] :1:1: Premature end of file.
2026-03-09 21:17:40,937 [ERROR] LogOutputStream:75 - [STDERR_REDIRECT] 
2026-03-09 21:17:41,926 [ERROR] LogOutputStream:75 - [STDERR_REDIRECT] [Fatal Error] :1:1: Premature end of file.
2026-03-09 21:17:41,926 [ERROR] LogOutputStream:75 - [STDERR_REDIRECT] 
2026-03-09 21:17:42,927 [ERROR] LogOutputStream:75 - [STDERR_REDIRECT] [Fatal Error] :1:1: Premature end of file.
2026-03-09 21:17:42,927 [ERROR] LogOutputStream:75 - [STDERR_REDIRECT] 
2026-03-09 21:17:43,929 [ERROR] LogOutputStream:75 - [STDERR_REDIRECT] [Fatal Error] :1:1: Premature end of file.
2026-03-09 21:17:43,929 [ERROR] LogOutputStream:75 - [STDERR_REDIRECT] 
2026-03-09 21:17:44,934 [ERROR] LogOutputStream:75 - [STDERR_REDIRECT] [Fatal Error] :1:1: Premature end of file.
2026-03-09 21:17:44,934 [ERROR] LogOutputStream:75 - [STDERR_REDIRECT] 
2026-03-09 21:17:45,926 [ERROR] LogOutputStream:75 - [STDERR_REDIRECT] [Fatal Error] :1:1: Premature end of file.
2026-03-09 21:17:45,926 [ERROR] LogOutputStream:75 - [STDERR_REDIRECT] 
2026-03-09 21:17:46,930 [ERROR] LogOutputStream:75 - [STDERR_REDIRECT] [Fatal Error] :1:1: Premature end of file.
2026-03-09 21:17:46,930 [ERROR] LogOutputStream:75 - [STDERR_REDIRECT] 
2026-03-09 21:17:47,933 [ERROR] LogOutputStream:75 - [STDERR_REDIRECT] [Fatal Error] :1:1: Premature end of file.
2026-03-09 21:17:47,933 [ERROR] LogOutputStream:75 - [STDERR_REDIRECT] 
2026-03-09 21:17:48,923 [ERROR] LogOutputStream:75 - [STDERR_REDIRECT] [Fatal Error] :1:1: Premature end of file.
2026-03-09 21:17:48,923 [ERROR] LogOutputStream:75 - [STDERR_REDIRECT] 
2026-03-09 21:17:49,930 [ERROR] LogOutputStream:75 - [STDERR_REDIRECT] [Fatal Error] :1:1: Premature end of file.
2026-03-09 21:17:49,930 [ERROR] LogOutputStream:75 - [STDERR_REDIRECT] 
2026-03-09 21:17:50,938 [ERROR] LogOutputStream:75 - [STDERR_REDIRECT] [Fatal Error] :1:1: Premature end of file.
2026-03-09 21:17:50,938 [ERROR] LogOutputStream:75 - [STDERR_REDIRECT] 
2026-03-09 21:17:51,929 [ERROR] LogOutputStream:75 - [STDERR_REDIRECT] [Fatal Error] :1:1: Premature end of file.
2026-03-09 21:17:51,929 [ERROR] LogOutputStream:75 - [STDERR_REDIRECT] 
2026-03-09 21:17:52,935 [ERROR] LogOutputStream:75 - [STDERR_REDIRECT] [Fatal Error] :1:1: Premature end of file.
2026-03-09 21:17:52,935 [ERROR] LogOutputStream:75 - [STDERR_REDIRECT] 
2026-03-09 21:17:53,933 [ERROR] LogOutputStream:75 - [STDERR_REDIRECT] [Fatal Error] :1:1: Premature end of file.
2026-03-09 21:17:53,933 [ERROR] LogOutputStream:75 - [STDERR_REDIRECT] 
2026-03-09 21:17:54,935 [ERROR] LogOutputStream:75 - [STDERR_REDIRECT] [Fatal Error] :1:1: Premature end of file.
2026-03-09 21:17:54,935 [ERROR] LogOutputStream:75 - [STDERR_REDIRECT] 
2026-03-09 21:17:55,936 [ERROR] LogOutputStream:75 - [STDERR_REDIRECT] [Fatal Error] :1:1: Premature end of file.
2026-03-09 21:17:55,936 [ERROR] LogOutputStream:75 - [STDERR_REDIRECT] 
2026-03-09 21:17:56,926 [ERROR] LogOutputStream:75 - [STDERR_REDIRECT] [Fatal Error] :1:1: Premature end of file.
2026-03-09 21:17:56,926 [ERROR] LogOutputStream:75 - [STDERR_REDIRECT] 
2026-03-09 21:17:57,930 [ERROR] LogOutputStream:75 - [STDERR_REDIRECT] [Fatal Error] :1:1: Premature end of file.
2026-03-09 21:17:57,930 [ERROR] LogOutputStream:75 - [STDERR_REDIRECT] 
2026-03-09 21:17:58,935 [ERROR] LogOutputStream:75 - [STDERR_REDIRECT] [Fatal Error] :1:1: Premature end of file.
2026-03-09 21:17:58,935 [ERROR] LogOutputStream:75 - [STDERR_REDIRECT] 
2026-03-09 21:17:59,922 [ERROR] LogOutputStream:75 - [STDERR_REDIRECT] [Fatal Error] :1:1: Premature end of file.
2026-03-09 21:17:59,922 [ERROR] LogOutputStream:75 - [STDERR_REDIRECT] 
2026-03-09 21:18:00,931 [ERROR] LogOutputStream:75 - [STDERR_REDIRECT] [Fatal Error] :1:1: Premature end of file.
2026-03-09 21:18:00,931 [ERROR] LogOutputStream:75 - [STDERR_REDIRECT] 
2026-03-09 21:18:01,937 [ERROR] LogOutputStream:75 - [STDERR_REDIRECT] [Fatal Error] :1:1: Premature end of file.
2026-03-09 21:18:01,937 [ERROR] LogOutputStream:75 - [STDERR_REDIRECT] 
2026-03-09 21:18:02,933 [ERROR] LogOutputStream:75 - [STDERR_REDIRECT] [Fatal Error] :1:1: Premature end of file.
2026-03-09 21:18:02,933 [ERROR] LogOutputStream:75 - [STDERR_REDIRECT] 
2026-03-09 21:18:03,925 [ERROR] LogOutputStream:75 - [STDERR_REDIRECT] [Fatal Error] :1:1: Premature end of file.
2026-03-09 21:18:03,925 [ERROR] LogOutputStream:75 - [STDERR_REDIRECT] 
2026-03-09 21:18:04,930 [ERROR] LogOutputStream:75 - [STDERR_REDIRECT] [Fatal Error] :1:1: Premature end of file.
2026-03-09 21:18:04,930 [ERROR] LogOutputStream:75 - [STDERR_REDIRECT] 
2026-03-09 21:18:05,935 [ERROR] LogOutputStream:75 - [STDERR_REDIRECT] [Fatal Error] :1:1: Premature end of file.
2026-03-09 21:18:05,935 [ERROR] LogOutputStream:75 - [STDERR_REDIRECT] 
2026-03-09 21:18:06,928 [ERROR] LogOutputStream:75 - [STDERR_REDIRECT] [Fatal Error] :1:1: Premature end of file.
2026-03-09 21:18:06,929 [ERROR] LogOutputStream:75 - [STDERR_REDIRECT] 
2026-03-09 21:18:07,934 [ERROR] LogOutputStream:75 - [STDERR_REDIRECT] [Fatal Error] :1:1: Premature end of file.
2026-03-09 21:18:07,934 [ERROR] LogOutputStream:75 - [STDERR_REDIRECT] 
2026-03-09 21:18:08,923 [ERROR] LogOutputStream:75 - [STDERR_REDIRECT] [Fatal Error] :1:1: Premature end of file.
2026-03-09 21:18:08,923 [ERROR] LogOutputStream:75 - [STDERR_REDIRECT] 
2026-03-09 21:18:09,928 [ERROR] LogOutputStream:75 - [STDERR_REDIRECT] [Fatal Error] :1:1: Premature end of file.
2026-03-09 21:18:09,928 [ERROR] LogOutputStream:75 - [STDERR_REDIRECT] 
2026-03-09 21:18:10,935 [ERROR] LogOutputStream:75 - [STDERR_REDIRECT] [Fatal Error] :1:1: Premature end of file.
2026-03-09 21:18:10,935 [ERROR] LogOutputStream:75 - [STDERR_REDIRECT] 
2026-03-09 21:18:11,927 [ERROR] LogOutputStream:75 - [STDERR_REDIRECT] [Fatal Error] :1:1: Premature end of file.
2026-03-09 21:18:11,927 [ERROR] LogOutputStream:75 - [STDERR_REDIRECT] 
2026-03-09 21:18:12,922 [ERROR] LogOutputStream:75 - [STDERR_REDIRECT] [Fatal Error] :1:1: Premature end of file.
2026-03-09 21:18:12,923 [ERROR] LogOutputStream:75 - [STDERR_REDIRECT] 
2026-03-09 21:18:13,942 [ERROR] LogOutputStream:75 - [STDERR_REDIRECT] [Fatal Error] :1:1: Premature end of file.
2026-03-09 21:18:13,942 [ERROR] LogOutputStream:75 - [STDERR_REDIRECT] 
2026-03-09 21:18:14,926 [ERROR] LogOutputStream:75 - [STDERR_REDIRECT] [Fatal Error] :1:1: Premature end of file.
2026-03-09 21:18:14,926 [ERROR] LogOutputStream:75 - [STDERR_REDIRECT] 
2026-03-09 21:18:15,933 [ERROR] LogOutputStream:75 - [STDERR_REDIRECT] [Fatal Error] :1:1: Premature end of file.
2026-03-09 21:18:15,933 [ERROR] LogOutputStream:75 - [STDERR_REDIRECT] 
2026-03-09 21:18:16,938 [ERROR] LogOutputStream:75 - [STDERR_REDIRECT] [Fatal Error] :1:1: Premature end of file.
2026-03-09 21:18:16,938 [ERROR] LogOutputStream:75 - [STDERR_REDIRECT] 
2026-03-09 21:18:17,928 [ERROR] LogOutputStream:75 - [STDERR_REDIRECT] [Fatal Error] :1:1: Premature end of file.
2026-03-09 21:18:17,928 [ERROR] LogOutputStream:75 - [STDERR_REDIRECT] 
2026-03-09 21:18:18,933 [ERROR] LogOutputStream:75 - [STDERR_REDIRECT] [Fatal Error] :1:1: Premature end of file.
2026-03-09 21:18:18,933 [ERROR] LogOutputStream:75 - [STDERR_REDIRECT] 
2026-03-09 21:18:19,923 [ERROR] LogOutputStream:75 - [STDERR_REDIRECT] [Fatal Error] :1:1: Premature end of file.
2026-03-09 21:18:19,923 [ERROR] LogOutputStream:75 - [STDERR_REDIRECT] 
2026-03-09 21:18:20,926 [ERROR] LogOutputStream:75 - [STDERR_REDIRECT] [Fatal Error] :1:1: Premature end of file.
2026-03-09 21:18:20,927 [ERROR] LogOutputStream:75 - [STDERR_REDIRECT] 
2026-03-09 21:18:21,930 [ERROR] LogOutputStream:75 - [STDERR_REDIRECT] [Fatal Error] :1:1: Premature end of file.
2026-03-09 21:18:21,930 [ERROR] LogOutputStream:75 - [STDERR_REDIRECT] 
2026-03-09 21:18:22,927 [ERROR] LogOutputStream:75 - [STDERR_REDIRECT] [Fatal Error] :1:1: Premature end of file.
2026-03-09 21:18:22,927 [ERROR] LogOutputStream:75 - [STDERR_REDIRECT] 
2026-03-09 21:18:23,937 [ERROR] LogOutputStream:75 - [STDERR_REDIRECT] [Fatal Error] :1:1: Premature end of file.
2026-03-09 21:18:23,937 [ERROR] LogOutputStream:75 - [STDERR_REDIRECT] 
2026-03-09 21:18:24,929 [ERROR] LogOutputStream:75 - [STDERR_REDIRECT] [Fatal Error] :1:1: Premature end of file.
2026-03-09 21:18:24,929 [ERROR] LogOutputStream:75 - [STDERR_REDIRECT] 
2026-03-09 21:18:25,937 [ERROR] LogOutputStream:75 - [STDERR_REDIRECT] [Fatal Error] :1:1: Premature end of file.
2026-03-09 21:18:25,937 [ERROR] LogOutputStream:75 - [STDERR_REDIRECT] 
2026-03-09 21:18:26,927 [ERROR] LogOutputStream:75 - [STDERR_REDIRECT] [Fatal Error] :1:1: Premature end of file.
2026-03-09 21:18:26,927 [ERROR] LogOutputStream:75 - [STDERR_REDIRECT] 
2026-03-09 21:18:27,935 [ERROR] LogOutputStream:75 - [STDERR_REDIRECT] [Fatal Error] :1:1: Premature end of file.
2026-03-09 21:18:27,937 [ERROR] LogOutputStream:75 - [STDERR_REDIRECT] 
2026-03-09 21:18:28,926 [ERROR] LogOutputStream:75 - [STDERR_REDIRECT] [Fatal Error] :1:1: Premature end of file.
2026-03-09 21:18:28,926 [ERROR] LogOutputStream:75 - [STDERR_REDIRECT] 
2026-03-09 21:18:29,931 [ERROR] LogOutputStream:75 - [STDERR_REDIRECT] [Fatal Error] :1:1: Premature end of file.
2026-03-09 21:18:29,931 [ERROR] LogOutputStream:75 - [STDERR_REDIRECT] 
2026-03-09 21:18:30,937 [ERROR] LogOutputStream:75 - [STDERR_REDIRECT] [Fatal Error] :1:1: Premature end of file.
2026-03-09 21:18:30,938 [ERROR] LogOutputStream:75 - [STDERR_REDIRECT] 
2026-03-09 21:18:31,924 [ERROR] LogOutputStream:75 - [STDERR_REDIRECT] [Fatal Error] :1:1: Premature end of file.
2026-03-09 21:18:31,924 [ERROR] LogOutputStream:75 - [STDERR_REDIRECT] 
2026-03-09 21:18:32,932 [ERROR] LogOutputStream:75 - [STDERR_REDIRECT] [Fatal Error] :1:1: Premature end of file.
2026-03-09 21:18:32,932 [ERROR] LogOutputStream:75 - [STDERR_REDIRECT] 
2026-03-09 21:18:33,923 [ERROR] LogOutputStream:75 - [STDERR_REDIRECT] [Fatal Error] :1:1: Premature end of file.
2026-03-09 21:18:33,923 [ERROR] LogOutputStream:75 - [STDERR_REDIRECT] 
2026-03-09 21:18:34,944 [ERROR] LogOutputStream:75 - [STDERR_REDIRECT] [Fatal Error] :1:1: Premature end of file.
2026-03-09 21:18:34,944 [ERROR] LogOutputStream:75 - [STDERR_REDIRECT] 
2026-03-09 21:18:35,924 [ERROR] LogOutputStream:75 - [STDERR_REDIRECT] [Fatal Error] :1:1: Premature end of file.
2026-03-09 21:18:35,924 [ERROR] LogOutputStream:75 - [STDERR_REDIRECT] 
2026-03-09 21:18:36,928 [ERROR] LogOutputStream:75 - [STDERR_REDIRECT] [Fatal Error] :1:1: Premature end of file.
2026-03-09 21:18:36,928 [ERROR] LogOutputStream:75 - [STDERR_REDIRECT] 
2026-03-09 21:18:37,936 [ERROR] LogOutputStream:75 - [STDERR_REDIRECT] [Fatal Error] :1:1: Premature end of file.
2026-03-09 21:18:37,936 [ERROR] LogOutputStream:75 - [STDERR_REDIRECT] 
2026-03-09 21:18:38,925 [ERROR] LogOutputStream:75 - [STDERR_REDIRECT] [Fatal Error] :1:1: Premature end of file.
2026-03-09 21:18:38,925 [ERROR] LogOutputStream:75 - [STDERR_REDIRECT] 
2026-03-09 21:18:39,922 [ERROR] LogOutputStream:75 - [STDERR_REDIRECT] [Fatal Error] :1:1: Premature end of file.
2026-03-09 21:18:39,923 [ERROR] LogOutputStream:75 - [STDERR_REDIRECT] 
2026-03-09 21:18:40,926 [ERROR] LogOutputStream:75 - [STDERR_REDIRECT] [Fatal Error] :1:1: Premature end of file.
2026-03-09 21:18:40,927 [ERROR] LogOutputStream:75 - [STDERR_REDIRECT] 
2026-03-09 21:18:41,928 [ERROR] LogOutputStream:75 - [STDERR_REDIRECT] [Fatal Error] :1:1: Premature end of file.
2026-03-09 21:18:41,928 [ERROR] LogOutputStream:75 - [STDERR_REDIRECT] 
2026-03-09 21:18:42,931 [ERROR] LogOutputStream:75 - [STDERR_REDIRECT] [Fatal Error] :1:1: Premature end of file.
2026-03-09 21:18:42,931 [ERROR] LogOutputStream:75 - [STDERR_REDIRECT] 
2026-03-09 21:18:43,925 [ERROR] LogOutputStream:75 - [STDERR_REDIRECT] [Fatal Error] :1:1: Premature end of file.
2026-03-09 21:18:43,925 [ERROR] LogOutputStream:75 - [STDERR_REDIRECT] 
2026-03-09 21:18:44,933 [ERROR] LogOutputStream:75 - [STDERR_REDIRECT] [Fatal Error] :1:1: Premature end of file.
2026-03-09 21:18:44,933 [ERROR] LogOutputStream:75 - [STDERR_REDIRECT] 
2026-03-09 21:18:45,925 [ERROR] LogOutputStream:75 - [STDERR_REDIRECT] [Fatal Error] :1:1: Premature end of file.
2026-03-09 21:18:45,926 [ERROR] LogOutputStream:75 - [STDERR_REDIRECT] 
2026-03-09 21:18:46,931 [ERROR] LogOutputStream:75 - [STDERR_REDIRECT] [Fatal Error] :1:1: Premature end of file.
2026-03-09 21:18:46,931 [ERROR] LogOutputStream:75 - [STDERR_REDIRECT] 
2026-03-09 21:18:47,936 [ERROR] LogOutputStream:75 - [STDERR_REDIRECT] [Fatal Error] :1:1: Premature end of file.
2026-03-09 21:18:47,936 [ERROR] LogOutputStream:75 - [STDERR_REDIRECT] 
2026-03-09 21:18:48,929 [ERROR] LogOutputStream:75 - [STDERR_REDIRECT] [Fatal Error] :1:1: Premature end of file.
2026-03-09 21:18:48,929 [ERROR] LogOutputStream:75 - [STDERR_REDIRECT] 
2026-03-09 21:18:49,934 [ERROR] LogOutputStream:75 - [STDERR_REDIRECT] [Fatal Error] :1:1: Premature end of file.
2026-03-09 21:18:49,934 [ERROR] LogOutputStream:75 - [STDERR_REDIRECT] 
2026-03-09 21:18:50,927 [ERROR] LogOutputStream:75 - [STDERR_REDIRECT] [Fatal Error] :1:1: Premature end of file.
2026-03-09 21:18:50,928 [ERROR] LogOutputStream:75 - [STDERR_REDIRECT] 
2026-03-09 21:18:51,928 [ERROR] LogOutputStream:75 - [STDERR_REDIRECT] [Fatal Error] :1:1: Premature end of file.
2026-03-09 21:18:51,928 [ERROR] LogOutputStream:75 - [STDERR_REDIRECT] 
2026-03-09 21:18:52,933 [ERROR] LogOutputStream:75 - [STDERR_REDIRECT] [Fatal Error] :1:1: Premature end of file.
2026-03-09 21:18:52,933 [ERROR] LogOutputStream:75 - [STDERR_REDIRECT] 
2026-03-09 21:18:53,922 [ERROR] LogOutputStream:75 - [STDERR_REDIRECT] [Fatal Error] :1:1: Premature end of file.
2026-03-09 21:18:53,923 [ERROR] LogOutputStream:75 - [STDERR_REDIRECT] 
2026-03-09 21:18:54,933 [ERROR] LogOutputStream:75 - [STDERR_REDIRECT] [Fatal Error] :1:1: Premature end of file.
2026-03-09 21:18:54,933 [ERROR] LogOutputStream:75 - [STDERR_REDIRECT] 
2026-03-09 21:18:55,939 [ERROR] LogOutputStream:75 - [STDERR_REDIRECT] [Fatal Error] :1:1: Premature end of file.
2026-03-09 21:18:55,939 [ERROR] LogOutputStream:75 - [STDERR_REDIRECT] 
2026-03-09 21:18:56,930 [ERROR] LogOutputStream:75 - [STDERR_REDIRECT] [Fatal Error] :1:1: Premature end of file.
2026-03-09 21:18:56,930 [ERROR] LogOutputStream:75 - [STDERR_REDIRECT] 
2026-03-09 21:18:57,931 [ERROR] LogOutputStream:75 - [STDERR_REDIRECT] [Fatal Error] :1:1: Premature end of file.
2026-03-09 21:18:57,931 [ERROR] LogOutputStream:75 - [STDERR_REDIRECT] 
2026-03-09 21:18:58,936 [ERROR] LogOutputStream:75 - [STDERR_REDIRECT] [Fatal Error] :1:1: Premature end of file.
2026-03-09 21:18:58,936 [ERROR] LogOutputStream:75 - [STDERR_REDIRECT] 
2026-03-09 21:18:59,924 [ERROR] LogOutputStream:75 - [STDERR_REDIRECT] [Fatal Error] :1:1: Premature end of file.
2026-03-09 21:18:59,925 [ERROR] LogOutputStream:75 - [STDERR_REDIRECT] 
2026-03-09 21:19:00,927 [ERROR] LogOutputStream:75 - [STDERR_REDIRECT] [Fatal Error] :1:1: Premature end of file.
2026-03-09 21:19:00,927 [ERROR] LogOutputStream:75 - [STDERR_REDIRECT] 
2026-03-09 21:19:01,933 [ERROR] LogOutputStream:75 - [STDERR_REDIRECT] [Fatal Error] :1:1: Premature end of file.
2026-03-09 21:19:01,933 [ERROR] LogOutputStream:75 - [STDERR_REDIRECT] 
2026-03-09 21:19:02,935 [ERROR] LogOutputStream:75 - [STDERR_REDIRECT] [Fatal Error] :1:1: Premature end of file.
2026-03-09 21:19:02,936 [ERROR] LogOutputStream:75 - [STDERR_REDIRECT] 
2026-03-09 21:19:03,928 [ERROR] LogOutputStream:75 - [STDERR_REDIRECT] [Fatal Error] :1:1: Premature end of file.
2026-03-09 21:19:03,928 [ERROR] LogOutputStream:75 - [STDERR_REDIRECT] 
2026-03-09 21:19:04,933 [ERROR] LogOutputStream:75 - [STDERR_REDIRECT] [Fatal Error] :1:1: Premature end of file.
2026-03-09 21:19:04,933 [ERROR] LogOutputStream:75 - [STDERR_REDIRECT] 
2026-03-09 21:19:05,930 [ERROR] LogOutputStream:75 - [STDERR_REDIRECT] [Fatal Error] :1:1: Premature end of file.
2026-03-09 21:19:05,930 [ERROR] LogOutputStream:75 - [STDERR_REDIRECT] 
2026-03-09 21:19:06,936 [ERROR] LogOutputStream:75 - [STDERR_REDIRECT] [Fatal Error] :1:1: Premature end of file.
2026-03-09 21:19:06,936 [ERROR] LogOutputStream:75 - [STDERR_REDIRECT] 
2026-03-09 21:19:07,935 [ERROR] LogOutputStream:75 - [STDERR_REDIRECT] [Fatal Error] :1:1: Premature end of file.
2026-03-09 21:19:07,935 [ERROR] LogOutputStream:75 - [STDERR_REDIRECT] 
2026-03-09 21:19:08,930 [ERROR] LogOutputStream:75 - [STDERR_REDIRECT] [Fatal Error] :1:1: Premature end of file.
2026-03-09 21:19:08,930 [ERROR] LogOutputStream:75 - [STDERR_REDIRECT] 
2026-03-09 21:19:09,936 [ERROR] LogOutputStream:75 - [STDERR_REDIRECT] [Fatal Error] :1:1: Premature end of file.
2026-03-09 21:19:09,936 [ERROR] LogOutputStream:75 - [STDERR_REDIRECT] 
2026-03-09 21:19:10,928 [ERROR] LogOutputStream:75 - [STDERR_REDIRECT] [Fatal Error] :1:1: Premature end of file.
2026-03-09 21:19:10,928 [ERROR] LogOutputStream:75 - [STDERR_REDIRECT] 
2026-03-09 21:19:11,932 [ERROR] LogOutputStream:75 - [STDERR_REDIRECT] [Fatal Error] :1:1: Premature end of file.
2026-03-09 21:19:11,932 [ERROR] LogOutputStream:75 - [STDERR_REDIRECT] 
2026-03-09 21:19:12,923 [ERROR] LogOutputStream:75 - [STDERR_REDIRECT] [Fatal Error] :1:1: Premature end of file.
2026-03-09 21:19:12,923 [ERROR] LogOutputStream:75 - [STDERR_REDIRECT] 
2026-03-09 21:19:13,927 [ERROR] LogOutputStream:75 - [STDERR_REDIRECT] [Fatal Error] :1:1: Premature end of file.
2026-03-09 21:19:13,927 [ERROR] LogOutputStream:75 - [STDERR_REDIRECT] 
2026-03-09 21:19:14,933 [ERROR] LogOutputStream:75 - [STDERR_REDIRECT] [Fatal Error] :1:1: Premature end of file.
2026-03-09 21:19:14,933 [ERROR] LogOutputStream:75 - [STDERR_REDIRECT] 
2026-03-09 21:19:15,926 [ERROR] LogOutputStream:75 - [STDERR_REDIRECT] [Fatal Error] :1:1: Premature end of file.
2026-03-09 21:19:15,926 [ERROR] LogOutputStream:75 - [STDERR_REDIRECT] 
2026-03-09 21:19:16,932 [ERROR] LogOutputStream:75 - [STDERR_REDIRECT] [Fatal Error] :1:1: Premature end of file.
2026-03-09 21:19:16,932 [ERROR] LogOutputStream:75 - [STDERR_REDIRECT] 
2026-03-09 21:19:17,937 [ERROR] LogOutputStream:75 - [STDERR_REDIRECT] [Fatal Error] :1:1: Premature end of file.
2026-03-09 21:19:17,937 [ERROR] LogOutputStream:75 - [STDERR_REDIRECT] 
2026-03-09 21:19:18,934 [ERROR] LogOutputStream:75 - [STDERR_REDIRECT] [Fatal Error] :1:1: Premature end of file.
2026-03-09 21:19:18,934 [ERROR] LogOutputStream:75 - [STDERR_REDIRECT] 
2026-03-09 21:19:19,944 [ERROR] LogOutputStream:75 - [STDERR_REDIRECT] [Fatal Error] :1:1: Premature end of file.
2026-03-09 21:19:19,944 [ERROR] LogOutputStream:75 - [STDERR_REDIRECT] 
2026-03-09 21:19:20,931 [ERROR] LogOutputStream:75 - [STDERR_REDIRECT] [Fatal Error] :1:1: Premature end of file.
2026-03-09 21:19:20,931 [ERROR] LogOutputStream:75 - [STDERR_REDIRECT] 
2026-03-09 21:19:21,926 [ERROR] LogOutputStream:75 - [STDERR_REDIRECT] [Fatal Error] :1:1: Premature end of file.
2026-03-09 21:19:21,926 [ERROR] LogOutputStream:75 - [STDERR_REDIRECT] 
2026-03-09 21:19:22,941 [ERROR] LogOutputStream:75 - [STDERR_REDIRECT] [Fatal Error] :1:1: Premature end of file.
2026-03-09 21:19:22,941 [ERROR] LogOutputStream:75 - [STDERR_REDIRECT] 
2026-03-09 21:19:23,930 [ERROR] LogOutputStream:75 - [STDERR_REDIRECT] [Fatal Error] :1:1: Premature end of file.
2026-03-09 21:19:23,930 [ERROR] LogOutputStream:75 - [STDERR_REDIRECT] 
2026-03-09 21:19:24,935 [ERROR] LogOutputStream:75 - [STDERR_REDIRECT] [Fatal Error] :1:1: Premature end of file.
2026-03-09 21:19:24,935 [ERROR] LogOutputStream:75 - [STDERR_REDIRECT] 
2026-03-09 21:19:25,929 [ERROR] LogOutputStream:75 - [STDERR_REDIRECT] [Fatal Error] :1:1: Premature end of file.
2026-03-09 21:19:25,929 [ERROR] LogOutputStream:75 - [STDERR_REDIRECT] 
2026-03-09 21:19:26,936 [ERROR] LogOutputStream:75 - [STDERR_REDIRECT] [Fatal Error] :1:1: Premature end of file.
2026-03-09 21:19:26,936 [ERROR] LogOutputStream:75 - [STDERR_REDIRECT] 
2026-03-09 21:19:27,922 [ERROR] LogOutputStream:75 - [STDERR_REDIRECT] [Fatal Error] :1:1: Premature end of file.
2026-03-09 21:19:27,922 [ERROR] LogOutputStream:75 - [STDERR_REDIRECT] 
2026-03-09 21:19:28,937 [ERROR] LogOutputStream:75 - [STDERR_REDIRECT] [Fatal Error] :1:1: Premature end of file.
2026-03-09 21:19:28,937 [ERROR] LogOutputStream:75 - [STDERR_REDIRECT] 
2026-03-09 21:19:29,938 [ERROR] LogOutputStream:75 - [STDERR_REDIRECT] [Fatal Error] :1:1: Premature end of file.
2026-03-09 21:19:29,938 [ERROR] LogOutputStream:75 - [STDERR_REDIRECT] 
2026-03-09 21:19:30,946 [ERROR] LogOutputStream:75 - [STDERR_REDIRECT] [Fatal Error] :1:1: Premature end of file.
2026-03-09 21:19:30,946 [ERROR] LogOutputStream:75 - [STDERR_REDIRECT] 
2026-03-09 21:19:31,938 [ERROR] LogOutputStream:75 - [STDERR_REDIRECT] [Fatal Error] :1:1: Premature end of file.
2026-03-09 21:19:31,938 [ERROR] LogOutputStream:75 - [STDERR_REDIRECT] 
2026-03-09 21:19:32,931 [ERROR] LogOutputStream:75 - [STDERR_REDIRECT] [Fatal Error] :1:1: Premature end of file.
2026-03-09 21:19:32,931 [ERROR] LogOutputStream:75 - [STDERR_REDIRECT] 
2026-03-09 21:19:33,935 [ERROR] LogOutputStream:75 - [STDERR_REDIRECT] [Fatal Error] :1:1: Premature end of file.
2026-03-09 21:19:33,935 [ERROR] LogOutputStream:75 - [STDERR_REDIRECT] 
2026-03-09 21:19:34,937 [ERROR] LogOutputStream:75 - [STDERR_REDIRECT] [Fatal Error] :1:1: Premature end of file.
2026-03-09 21:19:34,937 [ERROR] LogOutputStream:75 - [STDERR_REDIRECT] 
2026-03-09 21:19:35,938 [ERROR] LogOutputStream:75 - [STDERR_REDIRECT] [Fatal Error] :1:1: Premature end of file.
2026-03-09 21:19:35,938 [ERROR] LogOutputStream:75 - [STDERR_REDIRECT] 
2026-03-09 21:19:36,930 [ERROR] LogOutputStream:75 - [STDERR_REDIRECT] [Fatal Error] :1:1: Premature end of file.
2026-03-09 21:19:36,930 [ERROR] LogOutputStream:75 - [STDERR_REDIRECT] 
2026-03-09 21:19:37,925 [ERROR] LogOutputStream:75 - [STDERR_REDIRECT] [Fatal Error] :1:1: Premature end of file.
2026-03-09 21:19:37,925 [ERROR] LogOutputStream:75 - [STDERR_REDIRECT] 
2026-03-09 21:19:38,933 [ERROR] LogOutputStream:75 - [STDERR_REDIRECT] [Fatal Error] :1:1: Premature end of file.
2026-03-09 21:19:38,933 [ERROR] LogOutputStream:75 - [STDERR_REDIRECT] 
2026-03-09 21:19:39,936 [ERROR] LogOutputStream:75 - [STDERR_REDIRECT] [Fatal Error] :1:1: Premature end of file.
2026-03-09 21:19:39,936 [ERROR] LogOutputStream:75 - [STDERR_REDIRECT] 
2026-03-09 21:19:40,930 [ERROR] LogOutputStream:75 - [STDERR_REDIRECT] [Fatal Error] :1:1: Premature end of file.
2026-03-09 21:19:40,930 [ERROR] LogOutputStream:75 - [STDERR_REDIRECT] 
2026-03-09 21:19:41,940 [ERROR] LogOutputStream:75 - [STDERR_REDIRECT] [Fatal Error] :1:1: Premature end of file.
2026-03-09 21:19:41,940 [ERROR] LogOutputStream:75 - [STDERR_REDIRECT] 
2026-03-09 21:19:42,930 [ERROR] LogOutputStream:75 - [STDERR_REDIRECT] [Fatal Error] :1:1: Premature end of file.
2026-03-09 21:19:42,930 [ERROR] LogOutputStream:75 - [STDERR_REDIRECT] 
2026-03-09 21:19:43,933 [ERROR] LogOutputStream:75 - [STDERR_REDIRECT] [Fatal Error] :1:1: Premature end of file.
2026-03-09 21:19:43,933 [ERROR] LogOutputStream:75 - [STDERR_REDIRECT] 
2026-03-09 21:19:44,927 [ERROR] LogOutputStream:75 - [STDERR_REDIRECT] [Fatal Error] :1:1: Premature end of file.
2026-03-09 21:19:44,927 [ERROR] LogOutputStream:75 - [STDERR_REDIRECT] 
2026-03-09 21:19:45,931 [ERROR] LogOutputStream:75 - [STDERR_REDIRECT] [Fatal Error] :1:1: Premature end of file.
2026-03-09 21:19:45,931 [ERROR] LogOutputStream:75 - [STDERR_REDIRECT] 
2026-03-09 21:19:46,934 [ERROR] LogOutputStream:75 - [STDERR_REDIRECT] [Fatal Error] :1:1: Premature end of file.
2026-03-09 21:19:46,934 [ERROR] LogOutputStream:75 - [STDERR_REDIRECT] 
2026-03-09 21:19:47,934 [ERROR] LogOutputStream:75 - [STDERR_REDIRECT] [Fatal Error] :1:1: Premature end of file.
2026-03-09 21:19:47,935 [ERROR] LogOutputStream:75 - [STDERR_REDIRECT] 
2026-03-09 21:19:48,927 [ERROR] LogOutputStream:75 - [STDERR_REDIRECT] [Fatal Error] :1:1: Premature end of file.
2026-03-09 21:19:48,928 [ERROR] LogOutputStream:75 - [STDERR_REDIRECT] 
2026-03-09 21:19:49,934 [ERROR] LogOutputStream:75 - [STDERR_REDIRECT] [Fatal Error] :1:1: Premature end of file.
2026-03-09 21:19:49,934 [ERROR] LogOutputStream:75 - [STDERR_REDIRECT] 
2026-03-09 21:19:50,935 [ERROR] LogOutputStream:75 - [STDERR_REDIRECT] [Fatal Error] :1:1: Premature end of file.
2026-03-09 21:19:50,935 [ERROR] LogOutputStream:75 - [STDERR_REDIRECT] 
2026-03-09 21:19:51,944 [ERROR] LogOutputStream:75 - [STDERR_REDIRECT] [Fatal Error] :1:1: Premature end of file.
2026-03-09 21:19:51,944 [ERROR] LogOutputStream:75 - [STDERR_REDIRECT] 
2026-03-09 21:19:52,935 [ERROR] LogOutputStream:75 - [STDERR_REDIRECT] [Fatal Error] :1:1: Premature end of file.
2026-03-09 21:19:52,935 [ERROR] LogOutputStream:75 - [STDERR_REDIRECT] 
2026-03-09 21:19:53,927 [ERROR] LogOutputStream:75 - [STDERR_REDIRECT] [Fatal Error] :1:1: Premature end of file.
2026-03-09 21:19:53,927 [ERROR] LogOutputStream:75 - [STDERR_REDIRECT] 
2026-03-09 21:19:54,937 [ERROR] LogOutputStream:75 - [STDERR_REDIRECT] [Fatal Error] :1:1: Premature end of file.
2026-03-09 21:19:54,937 [ERROR] LogOutputStream:75 - [STDERR_REDIRECT] 
2026-03-09 21:19:55,937 [ERROR] LogOutputStream:75 - [STDERR_REDIRECT] [Fatal Error] :1:1: Premature end of file.
2026-03-09 21:19:55,937 [ERROR] LogOutputStream:75 - [STDERR_REDIRECT] 
2026-03-09 21:19:56,929 [ERROR] LogOutputStream:75 - [STDERR_REDIRECT] [Fatal Error] :1:1: Premature end of file.
2026-03-09 21:19:56,930 [ERROR] LogOutputStream:75 - [STDERR_REDIRECT] 
2026-03-09 21:19:57,933 [ERROR] LogOutputStream:75 - [STDERR_REDIRECT] [Fatal Error] :1:1: Premature end of file.
2026-03-09 21:19:57,934 [ERROR] LogOutputStream:75 - [STDERR_REDIRECT] 
2026-03-09 21:19:58,937 [ERROR] LogOutputStream:75 - [STDERR_REDIRECT] [Fatal Error] :1:1: Premature end of file.
2026-03-09 21:19:58,937 [ERROR] LogOutputStream:75 - [STDERR_REDIRECT] 
2026-03-09 21:19:59,937 [ERROR] LogOutputStream:75 - [STDERR_REDIRECT] [Fatal Error] :1:1: Premature end of file.
2026-03-09 21:19:59,937 [ERROR] LogOutputStream:75 - [STDERR_REDIRECT] 
2026-03-09 21:20:00,931 [ERROR] LogOutputStream:75 - [STDERR_REDIRECT] [Fatal Error] :1:1: Premature end of file.
2026-03-09 21:20:00,931 [ERROR] LogOutputStream:75 - [STDERR_REDIRECT] 
2026-03-09 21:20:01,934 [ERROR] LogOutputStream:75 - [STDERR_REDIRECT] [Fatal Error] :1:1: Premature end of file.
2026-03-09 21:20:01,934 [ERROR] LogOutputStream:75 - [STDERR_REDIRECT] 
2026-03-09 21:20:02,928 [ERROR] LogOutputStream:75 - [STDERR_REDIRECT] [Fatal Error] :1:1: Premature end of file.
2026-03-09 21:20:02,928 [ERROR] LogOutputStream:75 - [STDERR_REDIRECT] 
2026-03-09 21:20:03,928 [ERROR] LogOutputStream:75 - [STDERR_REDIRECT] [Fatal Error] :1:1: Premature end of file.
2026-03-09 21:20:03,928 [ERROR] LogOutputStream:75 - [STDERR_REDIRECT] 
2026-03-09 21:20:04,946 [ERROR] LogOutputStream:75 - [STDERR_REDIRECT] [Fatal Error] :1:1: Premature end of file.
2026-03-09 21:20:04,946 [ERROR] LogOutputStream:75 - [STDERR_REDIRECT] 
2026-03-09 21:20:05,928 [ERROR] LogOutputStream:75 - [STDERR_REDIRECT] [Fatal Error] :1:1: Premature end of file.
2026-03-09 21:20:05,928 [ERROR] LogOutputStream:75 - [STDERR_REDIRECT] 
2026-03-09 21:20:06,932 [ERROR] LogOutputStream:75 - [STDERR_REDIRECT] [Fatal Error] :1:1: Premature end of file.
2026-03-09 21:20:06,932 [ERROR] LogOutputStream:75 - [STDERR_REDIRECT] 
2026-03-09 21:20:07,937 [ERROR] LogOutputStream:75 - [STDERR_REDIRECT] [Fatal Error] :1:1: Premature end of file.
2026-03-09 21:20:07,937 [ERROR] LogOutputStream:75 - [STDERR_REDIRECT] 
2026-03-09 21:20:08,926 [ERROR] LogOutputStream:75 - [STDERR_REDIRECT] [Fatal Error] :1:1: Premature end of file.
2026-03-09 21:20:08,926 [ERROR] LogOutputStream:75 - [STDERR_REDIRECT] 
2026-03-09 21:20:09,930 [ERROR] LogOutputStream:75 - [STDERR_REDIRECT] [Fatal Error] :1:1: Premature end of file.
2026-03-09 21:20:09,930 [ERROR] LogOutputStream:75 - [STDERR_REDIRECT] 
2026-03-09 21:20:10,936 [ERROR] LogOutputStream:75 - [STDERR_REDIRECT] [Fatal Error] :1:1: Premature end of file.
2026-03-09 21:20:10,936 [ERROR] LogOutputStream:75 - [STDERR_REDIRECT] 
2026-03-09 21:20:11,931 [ERROR] LogOutputStream:75 - [STDERR_REDIRECT] [Fatal Error] :1:1: Premature end of file.
2026-03-09 21:20:11,931 [ERROR] LogOutputStream:75 - [STDERR_REDIRECT] 
2026-03-09 21:20:12,927 [ERROR] LogOutputStream:75 - [STDERR_REDIRECT] [Fatal Error] :1:1: Premature end of file.
2026-03-09 21:20:12,928 [ERROR] LogOutputStream:75 - [STDERR_REDIRECT] 
2026-03-09 21:20:13,928 [ERROR] LogOutputStream:75 - [STDERR_REDIRECT] [Fatal Error] :1:1: Premature end of file.
2026-03-09 21:20:13,928 [ERROR] LogOutputStream:75 - [STDERR_REDIRECT] 
2026-03-09 21:20:14,932 [ERROR] LogOutputStream:75 - [STDERR_REDIRECT] [Fatal Error] :1:1: Premature end of file.
2026-03-09 21:20:14,932 [ERROR] LogOutputStream:75 - [STDERR_REDIRECT] 
2026-03-09 21:20:15,922 [ERROR] LogOutputStream:75 - [STDERR_REDIRECT] [Fatal Error] :1:1: Premature end of file.
2026-03-09 21:20:15,922 [ERROR] LogOutputStream:75 - [STDERR_REDIRECT] 
2026-03-09 21:20:16,931 [ERROR] LogOutputStream:75 - [STDERR_REDIRECT] [Fatal Error] :1:1: Premature end of file.
2026-03-09 21:20:16,931 [ERROR] LogOutputStream:75 - [STDERR_REDIRECT] 
2026-03-09 21:20:17,928 [ERROR] LogOutputStream:75 - [STDERR_REDIRECT] [Fatal Error] :1:1: Premature end of file.
2026-03-09 21:20:17,929 [ERROR] LogOutputStream:75 - [STDERR_REDIRECT] 
2026-03-09 21:20:18,939 [ERROR] LogOutputStream:75 - [STDERR_REDIRECT] [Fatal Error] :1:1: Premature end of file.
2026-03-09 21:20:18,939 [ERROR] LogOutputStream:75 - [STDERR_REDIRECT] 
2026-03-09 21:20:19,930 [ERROR] LogOutputStream:75 - [STDERR_REDIRECT] [Fatal Error] :1:1: Premature end of file.
2026-03-09 21:20:19,930 [ERROR] LogOutputStream:75 - [STDERR_REDIRECT] 
2026-03-09 21:20:20,929 [ERROR] LogOutputStream:75 - [STDERR_REDIRECT] [Fatal Error] :1:1: Premature end of file.
2026-03-09 21:20:20,930 [ERROR] LogOutputStream:75 - [STDERR_REDIRECT] 
2026-03-09 21:20:21,931 [ERROR] LogOutputStream:75 - [STDERR_REDIRECT] [Fatal Error] :1:1: Premature end of file.
2026-03-09 21:20:21,931 [ERROR] LogOutputStream:75 - [STDERR_REDIRECT] 
2026-03-09 21:20:22,935 [ERROR] LogOutputStream:75 - [STDERR_REDIRECT] [Fatal Error] :1:1: Premature end of file.
2026-03-09 21:20:22,935 [ERROR] LogOutputStream:75 - [STDERR_REDIRECT] 
2026-03-09 21:20:23,928 [ERROR] LogOutputStream:75 - [STDERR_REDIRECT] [Fatal Error] :1:1: Premature end of file.
2026-03-09 21:20:23,928 [ERROR] LogOutputStream:75 - [STDERR_REDIRECT] 
2026-03-09 21:20:24,924 [ERROR] LogOutputStream:75 - [STDERR_REDIRECT] [Fatal Error] :1:1: Premature end of file.
2026-03-09 21:20:24,924 [ERROR] LogOutputStream:75 - [STDERR_REDIRECT] 
2026-03-09 21:20:25,933 [ERROR] LogOutputStream:75 - [STDERR_REDIRECT] [Fatal Error] :1:1: Premature end of file.
2026-03-09 21:20:25,933 [ERROR] LogOutputStream:75 - [STDERR_REDIRECT] 
2026-03-09 21:20:26,934 [ERROR] LogOutputStream:75 - [STDERR_REDIRECT] [Fatal Error] :1:1: Premature end of file.
2026-03-09 21:20:26,934 [ERROR] LogOutputStream:75 - [STDERR_REDIRECT] 
2026-03-09 21:20:27,944 [ERROR] LogOutputStream:75 - [STDERR_REDIRECT] [Fatal Error] :1:1: Premature end of file.
2026-03-09 21:20:27,944 [ERROR] LogOutputStream:75 - [STDERR_REDIRECT] 
2026-03-09 21:20:28,921 [ERROR] LogOutputStream:75 - [STDERR_REDIRECT] [Fatal Error] :1:1: Premature end of file.
2026-03-09 21:20:28,921 [ERROR] LogOutputStream:75 - [STDERR_REDIRECT] 
2026-03-09 21:20:29,930 [ERROR] LogOutputStream:75 - [STDERR_REDIRECT] [Fatal Error] :1:1: Premature end of file.
2026-03-09 21:20:29,930 [ERROR] LogOutputStream:75 - [STDERR_REDIRECT] 
2026-03-09 21:20:30,928 [ERROR] LogOutputStream:75 - [STDERR_REDIRECT] [Fatal Error] :1:1: Premature end of file.
2026-03-09 21:20:30,928 [ERROR] LogOutputStream:75 - [STDERR_REDIRECT] 
2026-03-09 21:20:31,932 [ERROR] LogOutputStream:75 - [STDERR_REDIRECT] [Fatal Error] :1:1: Premature end of file.
2026-03-09 21:20:31,932 [ERROR] LogOutputStream:75 - [STDERR_REDIRECT] 
2026-03-09 21:20:32,956 [ERROR] LogOutputStream:75 - [STDERR_REDIRECT] [Fatal Error] :1:1: Premature end of file.
2026-03-09 21:20:32,956 [ERROR] LogOutputStream:75 - [STDERR_REDIRECT] 
2026-03-09 21:20:33,927 [ERROR] LogOutputStream:75 - [STDERR_REDIRECT] [Fatal Error] :1:1: Premature end of file.
2026-03-09 21:20:33,927 [ERROR] LogOutputStream:75 - [STDERR_REDIRECT] 
2026-03-09 21:20:34,939 [ERROR] LogOutputStream:75 - [STDERR_REDIRECT] [Fatal Error] :1:1: Premature end of file.
2026-03-09 21:20:34,939 [ERROR] LogOutputStream:75 - [STDERR_REDIRECT] 
2026-03-09 21:20:35,933 [ERROR] LogOutputStream:75 - [STDERR_REDIRECT] [Fatal Error] :1:1: Premature end of file.
2026-03-09 21:20:35,933 [ERROR] LogOutputStream:75 - [STDERR_REDIRECT] 
2026-03-09 21:20:36,929 [ERROR] LogOutputStream:75 - [STDERR_REDIRECT] [Fatal Error] :1:1: Premature end of file.
2026-03-09 21:20:36,929 [ERROR] LogOutputStream:75 - [STDERR_REDIRECT] 
2026-03-09 21:20:37,935 [ERROR] LogOutputStream:75 - [STDERR_REDIRECT] [Fatal Error] :1:1: Premature end of file.
2026-03-09 21:20:37,935 [ERROR] LogOutputStream:75 - [STDERR_REDIRECT] 
2026-03-09 21:20:38,946 [ERROR] LogOutputStream:75 - [STDERR_REDIRECT] [Fatal Error] :1:1: Premature end of file.
2026-03-09 21:20:38,946 [ERROR] LogOutputStream:75 - [STDERR_REDIRECT] 
2026-03-09 21:20:39,935 [ERROR] LogOutputStream:75 - [STDERR_REDIRECT] [Fatal Error] :1:1: Premature end of file.
2026-03-09 21:20:39,935 [ERROR] LogOutputStream:75 - [STDERR_REDIRECT] 
2026-03-09 21:20:40,931 [ERROR] LogOutputStream:75 - [STDERR_REDIRECT] [Fatal Error] :1:1: Premature end of file.
2026-03-09 21:20:40,931 [ERROR] LogOutputStream:75 - [STDERR_REDIRECT] 
2026-03-09 21:20:41,931 [ERROR] LogOutputStream:75 - [STDERR_REDIRECT] [Fatal Error] :1:1: Premature end of file.
2026-03-09 21:20:41,932 [ERROR] LogOutputStream:75 - [STDERR_REDIRECT] 
2026-03-09 21:20:42,937 [ERROR] LogOutputStream:75 - [STDERR_REDIRECT] [Fatal Error] :1:1: Premature end of file.
2026-03-09 21:20:42,937 [ERROR] LogOutputStream:75 - [STDERR_REDIRECT] 
2026-03-09 21:20:43,940 [ERROR] LogOutputStream:75 - [STDERR_REDIRECT] [Fatal Error] :1:1: Premature end of file.
2026-03-09 21:20:43,941 [ERROR] LogOutputStream:75 - [STDERR_REDIRECT] 
2026-03-09 21:20:44,930 [ERROR] LogOutputStream:75 - [STDERR_REDIRECT] [Fatal Error] :1:1: Premature end of file.
2026-03-09 21:20:44,930 [ERROR] LogOutputStream:75 - [STDERR_REDIRECT] 
2026-03-09 21:20:45,933 [ERROR] LogOutputStream:75 - [STDERR_REDIRECT] [Fatal Error] :1:1: Premature end of file.
2026-03-09 21:20:45,934 [ERROR] LogOutputStream:75 - [STDERR_REDIRECT] 
2026-03-09 21:20:46,933 [ERROR] LogOutputStream:75 - [STDERR_REDIRECT] [Fatal Error] :1:1: Premature end of file.
2026-03-09 21:20:46,933 [ERROR] LogOutputStream:75 - [STDERR_REDIRECT] 
2026-03-09 21:20:47,925 [ERROR] LogOutputStream:75 - [STDERR_REDIRECT] [Fatal Error] :1:1: Premature end of file.
2026-03-09 21:20:47,925 [ERROR] LogOutputStream:75 - [STDERR_REDIRECT] 
2026-03-09 21:20:48,924 [ERROR] LogOutputStream:75 - [STDERR_REDIRECT] [Fatal Error] :1:1: Premature end of file.
2026-03-09 21:20:48,924 [ERROR] LogOutputStream:75 - [STDERR_REDIRECT] 
2026-03-09 21:20:49,930 [ERROR] LogOutputStream:75 - [STDERR_REDIRECT] [Fatal Error] :1:1: Premature end of file.
2026-03-09 21:20:49,930 [ERROR] LogOutputStream:75 - [STDERR_REDIRECT] 
2026-03-09 21:20:50,923 [ERROR] LogOutputStream:75 - [STDERR_REDIRECT] [Fatal Error] :1:1: Premature end of file.
2026-03-09 21:20:50,923 [ERROR] LogOutputStream:75 - [STDERR_REDIRECT] 
2026-03-09 21:20:51,939 [ERROR] LogOutputStream:75 - [STDERR_REDIRECT] [Fatal Error] :1:1: Premature end of file.
2026-03-09 21:20:51,939 [ERROR] LogOutputStream:75 - [STDERR_REDIRECT] 
2026-03-09 21:20:52,937 [ERROR] LogOutputStream:75 - [STDERR_REDIRECT] [Fatal Error] :1:1: Premature end of file.
2026-03-09 21:20:52,937 [ERROR] LogOutputStream:75 - [STDERR_REDIRECT] 
2026-03-09 21:20:53,919 [ERROR] LogOutputStream:75 - [STDERR_REDIRECT] [Fatal Error] :1:1: Premature end of file.
2026-03-09 21:20:53,920 [ERROR] LogOutputStream:75 - [STDERR_REDIRECT] 
2026-03-09 21:20:54,923 [ERROR] LogOutputStream:75 - [STDERR_REDIRECT] [Fatal Error] :1:1: Premature end of file.
2026-03-09 21:20:54,923 [ERROR] LogOutputStream:75 - [STDERR_REDIRECT] 
2026-03-09 21:20:55,924 [ERROR] LogOutputStream:75 - [STDERR_REDIRECT] [Fatal Error] :1:1: Premature end of file.
2026-03-09 21:20:55,926 [ERROR] LogOutputStream:75 - [STDERR_REDIRECT] 
2026-03-09 21:20:56,928 [ERROR] LogOutputStream:75 - [STDERR_REDIRECT] [Fatal Error] :1:1: Premature end of file.
2026-03-09 21:20:56,928 [ERROR] LogOutputStream:75 - [STDERR_REDIRECT] 
2026-03-09 21:20:57,932 [ERROR] LogOutputStream:75 - [STDERR_REDIRECT] [Fatal Error] :1:1: Premature end of file.
2026-03-09 21:20:57,932 [ERROR] LogOutputStream:75 - [STDERR_REDIRECT] 
2026-03-09 21:20:58,928 [ERROR] LogOutputStream:75 - [STDERR_REDIRECT] [Fatal Error] :1:1: Premature end of file.
2026-03-09 21:20:58,928 [ERROR] LogOutputStream:75 - [STDERR_REDIRECT] 
2026-03-09 21:20:59,932 [ERROR] LogOutputStream:75 - [STDERR_REDIRECT] [Fatal Error] :1:1: Premature end of file.
2026-03-09 21:20:59,932 [ERROR] LogOutputStream:75 - [STDERR_REDIRECT] 
2026-03-09 21:21:00,928 [ERROR] LogOutputStream:75 - [STDERR_REDIRECT] [Fatal Error] :1:1: Premature end of file.
2026-03-09 21:21:00,928 [ERROR] LogOutputStream:75 - [STDERR_REDIRECT] 
2026-03-09 21:21:01,929 [ERROR] LogOutputStream:75 - [STDERR_REDIRECT] [Fatal Error] :1:1: Premature end of file.
2026-03-09 21:21:01,929 [ERROR] LogOutputStream:75 - [STDERR_REDIRECT] 
2026-03-09 21:21:02,937 [ERROR] LogOutputStream:75 - [STDERR_REDIRECT] [Fatal Error] :1:1: Premature end of file.
2026-03-09 21:21:02,937 [ERROR] LogOutputStream:75 - [STDERR_REDIRECT] 
2026-03-09 21:21:03,929 [ERROR] LogOutputStream:75 - [STDERR_REDIRECT] [Fatal Error] :1:1: Premature end of file.
2026-03-09 21:21:03,929 [ERROR] LogOutputStream:75 - [STDERR_REDIRECT] 
2026-03-09 21:21:04,954 [ERROR] LogOutputStream:75 - [STDERR_REDIRECT] [Fatal Error] :1:1: Premature end of file.
2026-03-09 21:21:04,954 [ERROR] LogOutputStream:75 - [STDERR_REDIRECT] 
2026-03-09 21:21:05,922 [ERROR] LogOutputStream:75 - [STDERR_REDIRECT] [Fatal Error] :1:1: Premature end of file.
2026-03-09 21:21:05,922 [ERROR] LogOutputStream:75 - [STDERR_REDIRECT] 
2026-03-09 21:21:06,934 [ERROR] LogOutputStream:75 - [STDERR_REDIRECT] [Fatal Error] :1:1: Premature end of file.
2026-03-09 21:21:06,934 [ERROR] LogOutputStream:75 - [STDERR_REDIRECT] 
2026-03-09 21:21:07,934 [ERROR] LogOutputStream:75 - [STDERR_REDIRECT] [Fatal Error] :1:1: Premature end of file.
2026-03-09 21:21:07,934 [ERROR] LogOutputStream:75 - [STDERR_REDIRECT] 
2026-03-09 21:21:08,932 [ERROR] LogOutputStream:75 - [STDERR_REDIRECT] [Fatal Error] :1:1: Premature end of file.
2026-03-09 21:21:08,932 [ERROR] LogOutputStream:75 - [STDERR_REDIRECT] 
2026-03-09 21:21:09,938 [ERROR] LogOutputStream:75 - [STDERR_REDIRECT] [Fatal Error] :1:1: Premature end of file.
2026-03-09 21:21:09,938 [ERROR] LogOutputStream:75 - [STDERR_REDIRECT] 
2026-03-09 21:21:10,931 [ERROR] LogOutputStream:75 - [STDERR_REDIRECT] [Fatal Error] :1:1: Premature end of file.
2026-03-09 21:21:10,931 [ERROR] LogOutputStream:75 - [STDERR_REDIRECT] 
2026-03-09 21:21:11,936 [ERROR] LogOutputStream:75 - [STDERR_REDIRECT] [Fatal Error] :1:1: Premature end of file.
2026-03-09 21:21:11,937 [ERROR] LogOutputStream:75 - [STDERR_REDIRECT] 
2026-03-09 21:21:12,937 [ERROR] LogOutputStream:75 - [STDERR_REDIRECT] [Fatal Error] :1:1: Premature end of file.
2026-03-09 21:21:12,937 [ERROR] LogOutputStream:75 - [STDERR_REDIRECT] 
2026-03-09 21:21:13,936 [ERROR] LogOutputStream:75 - [STDERR_REDIRECT] [Fatal Error] :1:1: Premature end of file.
2026-03-09 21:21:13,936 [ERROR] LogOutputStream:75 - [STDERR_REDIRECT] 
2026-03-09 21:21:14,931 [ERROR] LogOutputStream:75 - [STDERR_REDIRECT] [Fatal Error] :1:1: Premature end of file.
2026-03-09 21:21:14,931 [ERROR] LogOutputStream:75 - [STDERR_REDIRECT] 
2026-03-09 21:21:15,930 [ERROR] LogOutputStream:75 - [STDERR_REDIRECT] [Fatal Error] :1:1: Premature end of file.
2026-03-09 21:21:15,930 [ERROR] LogOutputStream:75 - [STDERR_REDIRECT] 
2026-03-09 21:21:16,935 [ERROR] LogOutputStream:75 - [STDERR_REDIRECT] [Fatal Error] :1:1: Premature end of file.
2026-03-09 21:21:16,935 [ERROR] LogOutputStream:75 - [STDERR_REDIRECT] 
2026-03-09 21:21:17,938 [ERROR] LogOutputStream:75 - [STDERR_REDIRECT] [Fatal Error] :1:1: Premature end of file.
2026-03-09 21:21:17,938 [ERROR] LogOutputStream:75 - [STDERR_REDIRECT] 
2026-03-09 21:21:18,924 [ERROR] LogOutputStream:75 - [STDERR_REDIRECT] [Fatal Error] :1:1: Premature end of file.
2026-03-09 21:21:18,924 [ERROR] LogOutputStream:75 - [STDERR_REDIRECT] 
2026-03-09 21:21:19,927 [ERROR] LogOutputStream:75 - [STDERR_REDIRECT] [Fatal Error] :1:1: Premature end of file.
2026-03-09 21:21:19,927 [ERROR] LogOutputStream:75 - [STDERR_REDIRECT] 
2026-03-09 21:21:20,930 [ERROR] LogOutputStream:75 - [STDERR_REDIRECT] [Fatal Error] :1:1: Premature end of file.
2026-03-09 21:21:20,930 [ERROR] LogOutputStream:75 - [STDERR_REDIRECT] 
2026-03-09 21:21:21,932 [ERROR] LogOutputStream:75 - [STDERR_REDIRECT] [Fatal Error] :1:1: Premature end of file.
2026-03-09 21:21:21,932 [ERROR] LogOutputStream:75 - [STDERR_REDIRECT] 
2026-03-09 21:21:22,934 [ERROR] LogOutputStream:75 - [STDERR_REDIRECT] [Fatal Error] :1:1: Premature end of file.
2026-03-09 21:21:22,934 [ERROR] LogOutputStream:75 - [STDERR_REDIRECT] 
2026-03-09 21:21:23,925 [ERROR] LogOutputStream:75 - [STDERR_REDIRECT] [Fatal Error] :1:1: Premature end of file.
2026-03-09 21:21:23,925 [ERROR] LogOutputStream:75 - [STDERR_REDIRECT] 
2026-03-09 21:21:24,936 [ERROR] LogOutputStream:75 - [STDERR_REDIRECT] [Fatal Error] :1:1: Premature end of file.
2026-03-09 21:21:24,937 [ERROR] LogOutputStream:75 - [STDERR_REDIRECT] 
2026-03-09 21:21:25,933 [ERROR] LogOutputStream:75 - [STDERR_REDIRECT] [Fatal Error] :1:1: Premature end of file.
2026-03-09 21:21:25,933 [ERROR] LogOutputStream:75 - [STDERR_REDIRECT] 
2026-03-09 21:21:26,924 [ERROR] LogOutputStream:75 - [STDERR_REDIRECT] [Fatal Error] :1:1: Premature end of file.
2026-03-09 21:21:26,924 [ERROR] LogOutputStream:75 - [STDERR_REDIRECT] 
2026-03-09 21:21:27,929 [ERROR] LogOutputStream:75 - [STDERR_REDIRECT] [Fatal Error] :1:1: Premature end of file.
2026-03-09 21:21:27,929 [ERROR] LogOutputStream:75 - [STDERR_REDIRECT] 
2026-03-09 21:21:28,932 [ERROR] LogOutputStream:75 - [STDERR_REDIRECT] [Fatal Error] :1:1: Premature end of file.
2026-03-09 21:21:28,932 [ERROR] LogOutputStream:75 - [STDERR_REDIRECT] 
2026-03-09 21:21:29,945 [ERROR] LogOutputStream:75 - [STDERR_REDIRECT] [Fatal Error] :1:1: Premature end of file.
2026-03-09 21:21:29,945 [ERROR] LogOutputStream:75 - [STDERR_REDIRECT] 
2026-03-09 21:21:30,928 [ERROR] LogOutputStream:75 - [STDERR_REDIRECT] [Fatal Error] :1:1: Premature end of file.
2026-03-09 21:21:30,929 [ERROR] LogOutputStream:75 - [STDERR_REDIRECT] 
2026-03-09 21:21:31,953 [ERROR] LogOutputStream:75 - [STDERR_REDIRECT] [Fatal Error] :1:1: Premature end of file.
2026-03-09 21:21:31,953 [ERROR] LogOutputStream:75 - [STDERR_REDIRECT] 
2026-03-09 21:21:32,924 [ERROR] LogOutputStream:75 - [STDERR_REDIRECT] [Fatal Error] :1:1: Premature end of file.
2026-03-09 21:21:32,925 [ERROR] LogOutputStream:75 - [STDERR_REDIRECT] 
2026-03-09 21:21:33,935 [ERROR] LogOutputStream:75 - [STDERR_REDIRECT] [Fatal Error] :1:1: Premature end of file.
2026-03-09 21:21:33,935 [ERROR] LogOutputStream:75 - [STDERR_REDIRECT] 
2026-03-09 21:21:34,935 [ERROR] LogOutputStream:75 - [STDERR_REDIRECT] [Fatal Error] :1:1: Premature end of file.
2026-03-09 21:21:34,935 [ERROR] LogOutputStream:75 - [STDERR_REDIRECT] 
2026-03-09 21:21:35,933 [ERROR] LogOutputStream:75 - [STDERR_REDIRECT] [Fatal Error] :1:1: Premature end of file.
2026-03-09 21:21:35,933 [ERROR] LogOutputStream:75 - [STDERR_REDIRECT] 
2026-03-09 21:21:36,935 [ERROR] LogOutputStream:75 - [STDERR_REDIRECT] [Fatal Error] :1:1: Premature end of file.
2026-03-09 21:21:36,935 [ERROR] LogOutputStream:75 - [STDERR_REDIRECT] 
2026-03-09 21:21:37,928 [ERROR] LogOutputStream:75 - [STDERR_REDIRECT] [Fatal Error] :1:1: Premature end of file.
2026-03-09 21:21:37,928 [ERROR] LogOutputStream:75 - [STDERR_REDIRECT] 
2026-03-09 21:21:38,931 [ERROR] LogOutputStream:75 - [STDERR_REDIRECT] [Fatal Error] :1:1: Premature end of file.
2026-03-09 21:21:38,931 [ERROR] LogOutputStream:75 - [STDERR_REDIRECT] 
2026-03-09 21:21:39,935 [ERROR] LogOutputStream:75 - [STDERR_REDIRECT] [Fatal Error] :1:1: Premature end of file.
2026-03-09 21:21:39,935 [ERROR] LogOutputStream:75 - [STDERR_REDIRECT] 
2026-03-09 21:21:40,940 [ERROR] LogOutputStream:75 - [STDERR_REDIRECT] [Fatal Error] :1:1: Premature end of file.
2026-03-09 21:21:40,940 [ERROR] LogOutputStream:75 - [STDERR_REDIRECT] 
2026-03-09 21:21:41,930 [ERROR] LogOutputStream:75 - [STDERR_REDIRECT] [Fatal Error] :1:1: Premature end of file.
2026-03-09 21:21:41,930 [ERROR] LogOutputStream:75 - [STDERR_REDIRECT] 
2026-03-09 21:21:42,936 [ERROR] LogOutputStream:75 - [STDERR_REDIRECT] [Fatal Error] :1:1: Premature end of file.
2026-03-09 21:21:42,936 [ERROR] LogOutputStream:75 - [STDERR_REDIRECT] 
2026-03-09 21:21:43,923 [ERROR] LogOutputStream:75 - [STDERR_REDIRECT] [Fatal Error] :1:1: Premature end of file.
2026-03-09 21:21:43,923 [ERROR] LogOutputStream:75 - [STDERR_REDIRECT] 
2026-03-09 21:21:44,931 [ERROR] LogOutputStream:75 - [STDERR_REDIRECT] [Fatal Error] :1:1: Premature end of file.
2026-03-09 21:21:44,931 [ERROR] LogOutputStream:75 - [STDERR_REDIRECT] 
2026-03-09 21:21:45,926 [ERROR] LogOutputStream:75 - [STDERR_REDIRECT] [Fatal Error] :1:1: Premature end of file.
2026-03-09 21:21:45,926 [ERROR] LogOutputStream:75 - [STDERR_REDIRECT] 
2026-03-09 21:21:46,931 [ERROR] LogOutputStream:75 - [STDERR_REDIRECT] [Fatal Error] :1:1: Premature end of file.
2026-03-09 21:21:46,931 [ERROR] LogOutputStream:75 - [STDERR_REDIRECT] 
2026-03-09 21:21:47,924 [ERROR] LogOutputStream:75 - [STDERR_REDIRECT] [Fatal Error] :1:1: Premature end of file.
2026-03-09 21:21:47,924 [ERROR] LogOutputStream:75 - [STDERR_REDIRECT] 
2026-03-09 21:21:48,929 [ERROR] LogOutputStream:75 - [STDERR_REDIRECT] [Fatal Error] :1:1: Premature end of file.
2026-03-09 21:21:48,929 [ERROR] LogOutputStream:75 - [STDERR_REDIRECT] 
2026-03-09 21:21:49,928 [ERROR] LogOutputStream:75 - [STDERR_REDIRECT] [Fatal Error] :1:1: Premature end of file.
2026-03-09 21:21:49,928 [ERROR] LogOutputStream:75 - [STDERR_REDIRECT] 
2026-03-09 21:21:50,931 [ERROR] LogOutputStream:75 - [STDERR_REDIRECT] [Fatal Error] :1:1: Premature end of file.
2026-03-09 21:21:50,931 [ERROR] LogOutputStream:75 - [STDERR_REDIRECT] 
2026-03-09 21:21:51,943 [ERROR] LogOutputStream:75 - [STDERR_REDIRECT] [Fatal Error] :1:1: Premature end of file.
2026-03-09 21:21:51,943 [ERROR] LogOutputStream:75 - [STDERR_REDIRECT] 
2026-03-09 21:21:52,925 [ERROR] LogOutputStream:75 - [STDERR_REDIRECT] [Fatal Error] :1:1: Premature end of file.
2026-03-09 21:21:52,925 [ERROR] LogOutputStream:75 - [STDERR_REDIRECT] 
2026-03-09 21:21:53,931 [ERROR] LogOutputStream:75 - [STDERR_REDIRECT] [Fatal Error] :1:1: Premature end of file.
2026-03-09 21:21:53,931 [ERROR] LogOutputStream:75 - [STDERR_REDIRECT] 
2026-03-09 21:21:54,934 [ERROR] LogOutputStream:75 - [STDERR_REDIRECT] [Fatal Error] :1:1: Premature end of file.
2026-03-09 21:21:54,934 [ERROR] LogOutputStream:75 - [STDERR_REDIRECT] 
2026-03-09 21:21:55,933 [ERROR] LogOutputStream:75 - [STDERR_REDIRECT] [Fatal Error] :1:1: Premature end of file.
2026-03-09 21:21:55,934 [ERROR] LogOutputStream:75 - [STDERR_REDIRECT] 
2026-03-09 21:21:56,926 [ERROR] LogOutputStream:75 - [STDERR_REDIRECT] [Fatal Error] :1:1: Premature end of file.
2026-03-09 21:21:56,926 [ERROR] LogOutputStream:75 - [STDERR_REDIRECT] 
2026-03-09 21:21:57,936 [ERROR] LogOutputStream:75 - [STDERR_REDIRECT] [Fatal Error] :1:1: Premature end of file.
2026-03-09 21:21:57,936 [ERROR] LogOutputStream:75 - [STDERR_REDIRECT] 
2026-03-09 21:21:58,925 [ERROR] LogOutputStream:75 - [STDERR_REDIRECT] [Fatal Error] :1:1: Premature end of file.
2026-03-09 21:21:58,925 [ERROR] LogOutputStream:75 - [STDERR_REDIRECT] 
2026-03-09 21:21:59,929 [ERROR] LogOutputStream:75 - [STDERR_REDIRECT] [Fatal Error] :1:1: Premature end of file.
2026-03-09 21:21:59,929 [ERROR] LogOutputStream:75 - [STDERR_REDIRECT] 
2026-03-09 21:22:00,930 [ERROR] LogOutputStream:75 - [STDERR_REDIRECT] [Fatal Error] :1:1: Premature end of file.
2026-03-09 21:22:00,930 [ERROR] LogOutputStream:75 - [STDERR_REDIRECT] 
2026-03-09 21:22:01,933 [ERROR] LogOutputStream:75 - [STDERR_REDIRECT] [Fatal Error] :1:1: Premature end of file.
2026-03-09 21:22:01,935 [ERROR] LogOutputStream:75 - [STDERR_REDIRECT] 
2026-03-09 21:22:02,922 [ERROR] LogOutputStream:75 - [STDERR_REDIRECT] [Fatal Error] :1:1: Premature end of file.
2026-03-09 21:22:02,923 [ERROR] LogOutputStream:75 - [STDERR_REDIRECT] 
2026-03-09 21:22:03,929 [ERROR] LogOutputStream:75 - [STDERR_REDIRECT] [Fatal Error] :1:1: Premature end of file.
2026-03-09 21:22:03,929 [ERROR] LogOutputStream:75 - [STDERR_REDIRECT] 
2026-03-09 21:22:04,934 [ERROR] LogOutputStream:75 - [STDERR_REDIRECT] [Fatal Error] :1:1: Premature end of file.
2026-03-09 21:22:04,934 [ERROR] LogOutputStream:75 - [STDERR_REDIRECT] 
2026-03-09 21:22:05,925 [ERROR] LogOutputStream:75 - [STDERR_REDIRECT] [Fatal Error] :1:1: Premature end of file.
2026-03-09 21:22:05,925 [ERROR] LogOutputStream:75 - [STDERR_REDIRECT] 
2026-03-09 21:22:06,932 [ERROR] LogOutputStream:75 - [STDERR_REDIRECT] [Fatal Error] :1:1: Premature end of file.
2026-03-09 21:22:06,932 [ERROR] LogOutputStream:75 - [STDERR_REDIRECT] 
2026-03-09 21:22:07,936 [ERROR] LogOutputStream:75 - [STDERR_REDIRECT] [Fatal Error] :1:1: Premature end of file.
2026-03-09 21:22:07,936 [ERROR] LogOutputStream:75 - [STDERR_REDIRECT] 
2026-03-09 21:22:08,936 [ERROR] LogOutputStream:75 - [STDERR_REDIRECT] [Fatal Error] :1:1: Premature end of file.
2026-03-09 21:22:08,936 [ERROR] LogOutputStream:75 - [STDERR_REDIRECT] 
2026-03-09 21:22:09,931 [ERROR] LogOutputStream:75 - [STDERR_REDIRECT] [Fatal Error] :1:1: Premature end of file.
2026-03-09 21:22:09,931 [ERROR] LogOutputStream:75 - [STDERR_REDIRECT] 
2026-03-09 21:22:10,924 [ERROR] LogOutputStream:75 - [STDERR_REDIRECT] [Fatal Error] :1:1: Premature end of file.
2026-03-09 21:22:10,924 [ERROR] LogOutputStream:75 - [STDERR_REDIRECT] 
2026-03-09 21:22:11,933 [ERROR] LogOutputStream:75 - [STDERR_REDIRECT] [Fatal Error] :1:1: Premature end of file.
2026-03-09 21:22:11,933 [ERROR] LogOutputStream:75 - [STDERR_REDIRECT] 
2026-03-09 21:22:12,929 [ERROR] LogOutputStream:75 - [STDERR_REDIRECT] [Fatal Error] :1:1: Premature end of file.
2026-03-09 21:22:12,929 [ERROR] LogOutputStream:75 - [STDERR_REDIRECT] 
2026-03-09 21:22:13,928 [ERROR] LogOutputStream:75 - [STDERR_REDIRECT] [Fatal Error] :1:1: Premature end of file.
2026-03-09 21:22:13,930 [ERROR] LogOutputStream:75 - [STDERR_REDIRECT] 
2026-03-09 21:22:14,934 [ERROR] LogOutputStream:75 - [STDERR_REDIRECT] [Fatal Error] :1:1: Premature end of file.
2026-03-09 21:22:14,934 [ERROR] LogOutputStream:75 - [STDERR_REDIRECT] 
2026-03-09 21:22:15,923 [ERROR] LogOutputStream:75 - [STDERR_REDIRECT] [Fatal Error] :1:1: Premature end of file.
2026-03-09 21:22:15,923 [ERROR] LogOutputStream:75 - [STDERR_REDIRECT] 
2026-03-09 21:22:16,931 [ERROR] LogOutputStream:75 - [STDERR_REDIRECT] [Fatal Error] :1:1: Premature end of file.
2026-03-09 21:22:16,931 [ERROR] LogOutputStream:75 - [STDERR_REDIRECT] 
2026-03-09 21:22:17,922 [ERROR] LogOutputStream:75 - [STDERR_REDIRECT] [Fatal Error] :1:1: Premature end of file.
2026-03-09 21:22:17,922 [ERROR] LogOutputStream:75 - [STDERR_REDIRECT] 
2026-03-09 21:22:18,927 [ERROR] LogOutputStream:75 - [STDERR_REDIRECT] [Fatal Error] :1:1: Premature end of file.
2026-03-09 21:22:18,929 [ERROR] LogOutputStream:75 - [STDERR_REDIRECT] 
2026-03-09 21:22:19,926 [ERROR] LogOutputStream:75 - [STDERR_REDIRECT] [Fatal Error] :1:1: Premature end of file.
2026-03-09 21:22:19,926 [ERROR] LogOutputStream:75 - [STDERR_REDIRECT] 
2026-03-09 21:22:20,929 [ERROR] LogOutputStream:75 - [STDERR_REDIRECT] [Fatal Error] :1:1: Premature end of file.
2026-03-09 21:22:20,929 [ERROR] LogOutputStream:75 - [STDERR_REDIRECT] 
2026-03-09 21:22:21,927 [ERROR] LogOutputStream:75 - [STDERR_REDIRECT] [Fatal Error] :1:1: Premature end of file.
2026-03-09 21:22:21,927 [ERROR] LogOutputStream:75 - [STDERR_REDIRECT] 
2026-03-09 21:22:22,927 [ERROR] LogOutputStream:75 - [STDERR_REDIRECT] [Fatal Error] :1:1: Premature end of file.
2026-03-09 21:22:22,927 [ERROR] LogOutputStream:75 - [STDERR_REDIRECT] 
2026-03-09 21:22:23,932 [ERROR] LogOutputStream:75 - [STDERR_REDIRECT] [Fatal Error] :1:1: Premature end of file.
2026-03-09 21:22:23,932 [ERROR] LogOutputStream:75 - [STDERR_REDIRECT] 
2026-03-09 21:22:24,933 [ERROR] LogOutputStream:75 - [STDERR_REDIRECT] [Fatal Error] :1:1: Premature end of file.
2026-03-09 21:22:24,933 [ERROR] LogOutputStream:75 - [STDERR_REDIRECT] 
2026-03-09 21:22:25,933 [ERROR] LogOutputStream:75 - [STDERR_REDIRECT] [Fatal Error] :1:1: Premature end of file.
2026-03-09 21:22:25,933 [ERROR] LogOutputStream:75 - [STDERR_REDIRECT] 
2026-03-09 21:22:26,924 [ERROR] LogOutputStream:75 - [STDERR_REDIRECT] [Fatal Error] :1:1: Premature end of file.
2026-03-09 21:22:26,924 [ERROR] LogOutputStream:75 - [STDERR_REDIRECT] 
2026-03-09 21:22:27,922 [ERROR] LogOutputStream:75 - [STDERR_REDIRECT] [Fatal Error] :1:1: Premature end of file.
2026-03-09 21:22:27,922 [ERROR] LogOutputStream:75 - [STDERR_REDIRECT] 
2026-03-09 21:22:28,938 [ERROR] LogOutputStream:75 - [STDERR_REDIRECT] [Fatal Error] :1:1: Premature end of file.
2026-03-09 21:22:28,938 [ERROR] LogOutputStream:75 - [STDERR_REDIRECT] 
2026-03-09 21:22:29,927 [ERROR] LogOutputStream:75 - [STDERR_REDIRECT] [Fatal Error] :1:1: Premature end of file.
2026-03-09 21:22:29,927 [ERROR] LogOutputStream:75 - [STDERR_REDIRECT] 
2026-03-09 21:22:30,937 [ERROR] LogOutputStream:75 - [STDERR_REDIRECT] [Fatal Error] :1:1: Premature end of file.
2026-03-09 21:22:30,937 [ERROR] LogOutputStream:75 - [STDERR_REDIRECT] 
2026-03-09 21:22:31,934 [ERROR] LogOutputStream:75 - [STDERR_REDIRECT] [Fatal Error] :1:1: Premature end of file.
2026-03-09 21:22:31,934 [ERROR] LogOutputStream:75 - [STDERR_REDIRECT] 
2026-03-09 21:22:32,933 [ERROR] LogOutputStream:75 - [STDERR_REDIRECT] [Fatal Error] :1:1: Premature end of file.
2026-03-09 21:22:32,933 [ERROR] LogOutputStream:75 - [STDERR_REDIRECT] 
2026-03-09 21:22:33,934 [ERROR] LogOutputStream:75 - [STDERR_REDIRECT] [Fatal Error] :1:1: Premature end of file.
2026-03-09 21:22:33,934 [ERROR] LogOutputStream:75 - [STDERR_REDIRECT] 
2026-03-09 21:22:34,925 [ERROR] LogOutputStream:75 - [STDERR_REDIRECT] [Fatal Error] :1:1: Premature end of file.
2026-03-09 21:22:34,925 [ERROR] LogOutputStream:75 - [STDERR_REDIRECT] 
2026-03-09 21:22:35,922 [ERROR] LogOutputStream:75 - [STDERR_REDIRECT] [Fatal Error] :1:1: Premature end of file.
2026-03-09 21:22:35,922 [ERROR] LogOutputStream:75 - [STDERR_REDIRECT] 
2026-03-09 21:22:36,924 [ERROR] LogOutputStream:75 - [STDERR_REDIRECT] [Fatal Error] :1:1: Premature end of file.
2026-03-09 21:22:36,924 [ERROR] LogOutputStream:75 - [STDERR_REDIRECT] 
2026-03-09 21:22:37,923 [ERROR] LogOutputStream:75 - [STDERR_REDIRECT] [Fatal Error] :1:1: Premature end of file.
2026-03-09 21:22:37,923 [ERROR] LogOutputStream:75 - [STDERR_REDIRECT] 
2026-03-09 21:22:38,931 [ERROR] LogOutputStream:75 - [STDERR_REDIRECT] [Fatal Error] :1:1: Premature end of file.
2026-03-09 21:22:38,931 [ERROR] LogOutputStream:75 - [STDERR_REDIRECT] 
2026-03-09 21:22:39,942 [ERROR] LogOutputStream:75 - [STDERR_REDIRECT] [Fatal Error] :1:1: Premature end of file.
2026-03-09 21:22:39,942 [ERROR] LogOutputStream:75 - [STDERR_REDIRECT] 
2026-03-09 21:22:40,938 [ERROR] LogOutputStream:75 - [STDERR_REDIRECT] [Fatal Error] :1:1: Premature end of file.
2026-03-09 21:22:40,938 [ERROR] LogOutputStream:75 - [STDERR_REDIRECT] 
2026-03-09 21:22:41,934 [ERROR] LogOutputStream:75 - [STDERR_REDIRECT] [Fatal Error] :1:1: Premature end of file.
2026-03-09 21:22:41,934 [ERROR] LogOutputStream:75 - [STDERR_REDIRECT] 
2026-03-09 21:22:42,924 [ERROR] LogOutputStream:75 - [STDERR_REDIRECT] [Fatal Error] :1:1: Premature end of file.
2026-03-09 21:22:42,924 [ERROR] LogOutputStream:75 - [STDERR_REDIRECT] 
2026-03-09 21:22:43,932 [ERROR] LogOutputStream:75 - [STDERR_REDIRECT] [Fatal Error] :1:1: Premature end of file.
2026-03-09 21:22:43,932 [ERROR] LogOutputStream:75 - [STDERR_REDIRECT] 
2026-03-09 21:22:44,936 [ERROR] LogOutputStream:75 - [STDERR_REDIRECT] [Fatal Error] :1:1: Premature end of file.
2026-03-09 21:22:44,936 [ERROR] LogOutputStream:75 - [STDERR_REDIRECT] 
2026-03-09 21:22:45,935 [ERROR] LogOutputStream:75 - [STDERR_REDIRECT] [Fatal Error] :1:1: Premature end of file.
2026-03-09 21:22:45,935 [ERROR] LogOutputStream:75 - [STDERR_REDIRECT] 
2026-03-09 21:22:46,937 [ERROR] LogOutputStream:75 - [STDERR_REDIRECT] [Fatal Error] :1:1: Premature end of file.
2026-03-09 21:22:46,937 [ERROR] LogOutputStream:75 - [STDERR_REDIRECT] 
2026-03-09 21:22:47,930 [ERROR] LogOutputStream:75 - [STDERR_REDIRECT] [Fatal Error] :1:1: Premature end of file.
2026-03-09 21:22:47,930 [ERROR] LogOutputStream:75 - [STDERR_REDIRECT] 
2026-03-09 21:22:48,935 [ERROR] LogOutputStream:75 - [STDERR_REDIRECT] [Fatal Error] :1:1: Premature end of file.
2026-03-09 21:22:48,935 [ERROR] LogOutputStream:75 - [STDERR_REDIRECT] 
2026-03-09 21:22:49,929 [ERROR] LogOutputStream:75 - [STDERR_REDIRECT] [Fatal Error] :1:1: Premature end of file.
2026-03-09 21:22:49,929 [ERROR] LogOutputStream:75 - [STDERR_REDIRECT] 
2026-03-09 21:22:50,927 [ERROR] LogOutputStream:75 - [STDERR_REDIRECT] [Fatal Error] :1:1: Premature end of file.
2026-03-09 21:22:50,927 [ERROR] LogOutputStream:75 - [STDERR_REDIRECT] 
2026-03-09 21:22:51,935 [ERROR] LogOutputStream:75 - [STDERR_REDIRECT] [Fatal Error] :1:1: Premature end of file.
2026-03-09 21:22:51,935 [ERROR] LogOutputStream:75 - [STDERR_REDIRECT] 
2026-03-09 21:22:52,938 [ERROR] LogOutputStream:75 - [STDERR_REDIRECT] [Fatal Error] :1:1: Premature end of file.
2026-03-09 21:22:52,938 [ERROR] LogOutputStream:75 - [STDERR_REDIRECT] 
2026-03-09 21:22:53,941 [ERROR] LogOutputStream:75 - [STDERR_REDIRECT] [Fatal Error] :1:1: Premature end of file.
2026-03-09 21:22:53,942 [ERROR] LogOutputStream:75 - [STDERR_REDIRECT] 
2026-03-09 21:22:54,936 [ERROR] LogOutputStream:75 - [STDERR_REDIRECT] [Fatal Error] :1:1: Premature end of file.
2026-03-09 21:22:54,937 [ERROR] LogOutputStream:75 - [STDERR_REDIRECT] 
2026-03-09 21:22:55,923 [ERROR] LogOutputStream:75 - [STDERR_REDIRECT] [Fatal Error] :1:1: Premature end of file.
2026-03-09 21:22:55,923 [ERROR] LogOutputStream:75 - [STDERR_REDIRECT] 
2026-03-09 21:22:56,934 [ERROR] LogOutputStream:75 - [STDERR_REDIRECT] [Fatal Error] :1:1: Premature end of file.
2026-03-09 21:22:56,934 [ERROR] LogOutputStream:75 - [STDERR_REDIRECT] 
2026-03-09 21:22:57,935 [ERROR] LogOutputStream:75 - [STDERR_REDIRECT] [Fatal Error] :1:1: Premature end of file.
2026-03-09 21:22:57,935 [ERROR] LogOutputStream:75 - [STDERR_REDIRECT] 
2026-03-09 21:22:58,934 [ERROR] LogOutputStream:75 - [STDERR_REDIRECT] [Fatal Error] :1:1: Premature end of file.
2026-03-09 21:22:58,934 [ERROR] LogOutputStream:75 - [STDERR_REDIRECT] 
2026-03-09 21:22:59,925 [ERROR] LogOutputStream:75 - [STDERR_REDIRECT] [Fatal Error] :1:1: Premature end of file.
2026-03-09 21:22:59,925 [ERROR] LogOutputStream:75 - [STDERR_REDIRECT] 
2026-03-09 21:23:00,935 [ERROR] LogOutputStream:75 - [STDERR_REDIRECT] [Fatal Error] :1:1: Premature end of file.
2026-03-09 21:23:00,935 [ERROR] LogOutputStream:75 - [STDERR_REDIRECT] 
2026-03-09 21:23:01,933 [ERROR] LogOutputStream:75 - [STDERR_REDIRECT] [Fatal Error] :1:1: Premature end of file.
2026-03-09 21:23:01,933 [ERROR] LogOutputStream:75 - [STDERR_REDIRECT] 
2026-03-09 21:23:02,921 [ERROR] LogOutputStream:75 - [STDERR_REDIRECT] [Fatal Error] :1:1: Premature end of file.
2026-03-09 21:23:02,921 [ERROR] LogOutputStream:75 - [STDERR_REDIRECT] 
2026-03-09 21:23:03,937 [ERROR] LogOutputStream:75 - [STDERR_REDIRECT] [Fatal Error] :1:1: Premature end of file.
2026-03-09 21:23:03,937 [ERROR] LogOutputStream:75 - [STDERR_REDIRECT] 
2026-03-09 21:23:04,937 [ERROR] LogOutputStream:75 - [STDERR_REDIRECT] [Fatal Error] :1:1: Premature end of file.
2026-03-09 21:23:04,937 [ERROR] LogOutputStream:75 - [STDERR_REDIRECT] 
2026-03-09 21:23:05,949 [ERROR] LogOutputStream:75 - [STDERR_REDIRECT] [Fatal Error] :1:1: Premature end of file.
2026-03-09 21:23:05,949 [ERROR] LogOutputStream:75 - [STDERR_REDIRECT] 
2026-03-09 21:23:06,936 [ERROR] LogOutputStream:75 - [STDERR_REDIRECT] [Fatal Error] :1:1: Premature end of file.
2026-03-09 21:23:06,936 [ERROR] LogOutputStream:75 - [STDERR_REDIRECT] 
2026-03-09 21:23:07,935 [ERROR] LogOutputStream:75 - [STDERR_REDIRECT] [Fatal Error] :1:1: Premature end of file.
2026-03-09 21:23:07,935 [ERROR] LogOutputStream:75 - [STDERR_REDIRECT] 
2026-03-09 21:23:08,933 [ERROR] LogOutputStream:75 - [STDERR_REDIRECT] [Fatal Error] :1:1: Premature end of file.
2026-03-09 21:23:08,933 [ERROR] LogOutputStream:75 - [STDERR_REDIRECT] 
2026-03-09 21:23:09,925 [ERROR] LogOutputStream:75 - [STDERR_REDIRECT] [Fatal Error] :1:1: Premature end of file.
2026-03-09 21:23:09,925 [ERROR] LogOutputStream:75 - [STDERR_REDIRECT] 
2026-03-09 21:23:10,923 [ERROR] LogOutputStream:75 - [STDERR_REDIRECT] [Fatal Error] :1:1: Premature end of file.
2026-03-09 21:23:10,923 [ERROR] LogOutputStream:75 - [STDERR_REDIRECT] 
2026-03-09 21:23:11,927 [ERROR] LogOutputStream:75 - [STDERR_REDIRECT] [Fatal Error] :1:1: Premature end of file.
2026-03-09 21:23:11,927 [ERROR] LogOutputStream:75 - [STDERR_REDIRECT] 
2026-03-09 21:23:12,927 [ERROR] LogOutputStream:75 - [STDERR_REDIRECT] [Fatal Error] :1:1: Premature end of file.
2026-03-09 21:23:12,927 [ERROR] LogOutputStream:75 - [STDERR_REDIRECT] 
2026-03-09 21:23:13,926 [ERROR] LogOutputStream:75 - [STDERR_REDIRECT] [Fatal Error] :1:1: Premature end of file.
2026-03-09 21:23:13,926 [ERROR] LogOutputStream:75 - [STDERR_REDIRECT] 
2026-03-09 21:23:14,931 [ERROR] LogOutputStream:75 - [STDERR_REDIRECT] [Fatal Error] :1:1: Premature end of file.
2026-03-09 21:23:14,931 [ERROR] LogOutputStream:75 - [STDERR_REDIRECT] 
2026-03-09 21:23:15,924 [ERROR] LogOutputStream:75 - [STDERR_REDIRECT] [Fatal Error] :1:1: Premature end of file.
2026-03-09 21:23:15,924 [ERROR] LogOutputStream:75 - [STDERR_REDIRECT] 
2026-03-09 21:23:16,925 [ERROR] LogOutputStream:75 - [STDERR_REDIRECT] [Fatal Error] :1:1: Premature end of file.
2026-03-09 21:23:16,925 [ERROR] LogOutputStream:75 - [STDERR_REDIRECT] 
2026-03-09 21:23:17,928 [ERROR] LogOutputStream:75 - [STDERR_REDIRECT] [Fatal Error] :1:1: Premature end of file.
2026-03-09 21:23:17,928 [ERROR] LogOutputStream:75 - [STDERR_REDIRECT] 
2026-03-09 21:23:18,925 [ERROR] LogOutputStream:75 - [STDERR_REDIRECT] [Fatal Error] :1:1: Premature end of file.
2026-03-09 21:23:18,925 [ERROR] LogOutputStream:75 - [STDERR_REDIRECT] 
2026-03-09 21:23:19,934 [ERROR] LogOutputStream:75 - [STDERR_REDIRECT] [Fatal Error] :1:1: Premature end of file.
2026-03-09 21:23:19,934 [ERROR] LogOutputStream:75 - [STDERR_REDIRECT] 
2026-03-09 21:23:20,929 [ERROR] LogOutputStream:75 - [STDERR_REDIRECT] [Fatal Error] :1:1: Premature end of file.
2026-03-09 21:23:20,929 [ERROR] LogOutputStream:75 - [STDERR_REDIRECT] 
2026-03-09 21:23:21,933 [ERROR] LogOutputStream:75 - [STDERR_REDIRECT] [Fatal Error] :1:1: Premature end of file.
2026-03-09 21:23:21,933 [ERROR] LogOutputStream:75 - [STDERR_REDIRECT] 
2026-03-09 21:23:22,934 [ERROR] LogOutputStream:75 - [STDERR_REDIRECT] [Fatal Error] :1:1: Premature end of file.
2026-03-09 21:23:22,934 [ERROR] LogOutputStream:75 - [STDERR_REDIRECT] 
2026-03-09 21:23:23,939 [ERROR] LogOutputStream:75 - [STDERR_REDIRECT] [Fatal Error] :1:1: Premature end of file.
2026-03-09 21:23:23,939 [ERROR] LogOutputStream:75 - [STDERR_REDIRECT] 
2026-03-09 21:23:24,927 [ERROR] LogOutputStream:75 - [STDERR_REDIRECT] [Fatal Error] :1:1: Premature end of file.
2026-03-09 21:23:24,928 [ERROR] LogOutputStream:75 - [STDERR_REDIRECT] 
2026-03-09 21:23:25,928 [ERROR] LogOutputStream:75 - [STDERR_REDIRECT] [Fatal Error] :1:1: Premature end of file.
2026-03-09 21:23:25,928 [ERROR] LogOutputStream:75 - [STDERR_REDIRECT] 
2026-03-09 21:23:26,928 [ERROR] LogOutputStream:75 - [STDERR_REDIRECT] [Fatal Error] :1:1: Premature end of file.
2026-03-09 21:23:26,928 [ERROR] LogOutputStream:75 - [STDERR_REDIRECT] 
2026-03-09 21:23:27,934 [ERROR] LogOutputStream:75 - [STDERR_REDIRECT] [Fatal Error] :1:1: Premature end of file.
2026-03-09 21:23:27,934 [ERROR] LogOutputStream:75 - [STDERR_REDIRECT] 
2026-03-09 21:23:28,921 [ERROR] LogOutputStream:75 - [STDERR_REDIRECT] [Fatal Error] :1:1: Premature end of file.
2026-03-09 21:23:28,922 [ERROR] LogOutputStream:75 - [STDERR_REDIRECT] 
2026-03-09 21:23:29,941 [ERROR] LogOutputStream:75 - [STDERR_REDIRECT] [Fatal Error] :1:1: Premature end of file.
2026-03-09 21:23:29,941 [ERROR] LogOutputStream:75 - [STDERR_REDIRECT] 
2026-03-09 21:23:30,937 [ERROR] LogOutputStream:75 - [STDERR_REDIRECT] [Fatal Error] :1:1: Premature end of file.
2026-03-09 21:23:30,937 [ERROR] LogOutputStream:75 - [STDERR_REDIRECT] 
2026-03-09 21:23:31,928 [ERROR] LogOutputStream:75 - [STDERR_REDIRECT] [Fatal Error] :1:1: Premature end of file.
2026-03-09 21:23:31,928 [ERROR] LogOutputStream:75 - [STDERR_REDIRECT] 
2026-03-09 21:23:32,937 [ERROR] LogOutputStream:75 - [STDERR_REDIRECT] [Fatal Error] :1:1: Premature end of file.
2026-03-09 21:23:32,937 [ERROR] LogOutputStream:75 - [STDERR_REDIRECT] 
2026-03-09 21:23:33,931 [ERROR] LogOutputStream:75 - [STDERR_REDIRECT] [Fatal Error] :1:1: Premature end of file.
2026-03-09 21:23:33,931 [ERROR] LogOutputStream:75 - [STDERR_REDIRECT] 
2026-03-09 21:23:34,933 [ERROR] LogOutputStream:75 - [STDERR_REDIRECT] [Fatal Error] :1:1: Premature end of file.
2026-03-09 21:23:34,933 [ERROR] LogOutputStream:75 - [STDERR_REDIRECT] 
2026-03-09 21:23:35,926 [ERROR] LogOutputStream:75 - [STDERR_REDIRECT] [Fatal Error] :1:1: Premature end of file.
2026-03-09 21:23:35,926 [ERROR] LogOutputStream:75 - [STDERR_REDIRECT] 
2026-03-09 21:23:36,932 [ERROR] LogOutputStream:75 - [STDERR_REDIRECT] [Fatal Error] :1:1: Premature end of file.
2026-03-09 21:23:36,932 [ERROR] LogOutputStream:75 - [STDERR_REDIRECT] 
2026-03-09 21:23:37,931 [ERROR] LogOutputStream:75 - [STDERR_REDIRECT] [Fatal Error] :1:1: Premature end of file.
2026-03-09 21:23:37,931 [ERROR] LogOutputStream:75 - [STDERR_REDIRECT] 
2026-03-09 21:23:38,933 [ERROR] LogOutputStream:75 - [STDERR_REDIRECT] [Fatal Error] :1:1: Premature end of file.
2026-03-09 21:23:38,933 [ERROR] LogOutputStream:75 - [STDERR_REDIRECT] 
2026-03-09 21:23:39,939 [ERROR] LogOutputStream:75 - [STDERR_REDIRECT] [Fatal Error] :1:1: Premature end of file.
2026-03-09 21:23:39,939 [ERROR] LogOutputStream:75 - [STDERR_REDIRECT] 
2026-03-09 21:23:40,931 [ERROR] LogOutputStream:75 - [STDERR_REDIRECT] [Fatal Error] :1:1: Premature end of file.
2026-03-09 21:23:40,931 [ERROR] LogOutputStream:75 - [STDERR_REDIRECT] 
2026-03-09 21:23:41,925 [ERROR] LogOutputStream:75 - [STDERR_REDIRECT] [Fatal Error] :1:1: Premature end of file.
2026-03-09 21:23:41,925 [ERROR] LogOutputStream:75 - [STDERR_REDIRECT] 
2026-03-09 21:23:42,934 [ERROR] LogOutputStream:75 - [STDERR_REDIRECT] [Fatal Error] :1:1: Premature end of file.
2026-03-09 21:23:42,934 [ERROR] LogOutputStream:75 - [STDERR_REDIRECT] 
2026-03-09 21:23:43,937 [ERROR] LogOutputStream:75 - [STDERR_REDIRECT] [Fatal Error] :1:1: Premature end of file.
2026-03-09 21:23:43,937 [ERROR] LogOutputStream:75 - [STDERR_REDIRECT] 
2026-03-09 21:23:44,926 [ERROR] LogOutputStream:75 - [STDERR_REDIRECT] [Fatal Error] :1:1: Premature end of file.
2026-03-09 21:23:44,926 [ERROR] LogOutputStream:75 - [STDERR_REDIRECT] 
2026-03-09 21:23:45,931 [ERROR] LogOutputStream:75 - [STDERR_REDIRECT] [Fatal Error] :1:1: Premature end of file.
2026-03-09 21:23:45,931 [ERROR] LogOutputStream:75 - [STDERR_REDIRECT] 
2026-03-09 21:23:46,921 [ERROR] LogOutputStream:75 - [STDERR_REDIRECT] [Fatal Error] :1:1: Premature end of file.
2026-03-09 21:23:46,921 [ERROR] LogOutputStream:75 - [STDERR_REDIRECT] 
2026-03-09 21:23:47,936 [ERROR] LogOutputStream:75 - [STDERR_REDIRECT] [Fatal Error] :1:1: Premature end of file.
2026-03-09 21:23:47,936 [ERROR] LogOutputStream:75 - [STDERR_REDIRECT] 
2026-03-09 21:23:48,923 [ERROR] LogOutputStream:75 - [STDERR_REDIRECT] [Fatal Error] :1:1: Premature end of file.
2026-03-09 21:23:48,923 [ERROR] LogOutputStream:75 - [STDERR_REDIRECT] 
2026-03-09 21:23:49,932 [ERROR] LogOutputStream:75 - [STDERR_REDIRECT] [Fatal Error] :1:1: Premature end of file.
2026-03-09 21:23:49,932 [ERROR] LogOutputStream:75 - [STDERR_REDIRECT] 
2026-03-09 21:23:50,934 [ERROR] LogOutputStream:75 - [STDERR_REDIRECT] [Fatal Error] :1:1: Premature end of file.
2026-03-09 21:23:50,934 [ERROR] LogOutputStream:75 - [STDERR_REDIRECT] 
2026-03-09 21:23:51,926 [ERROR] LogOutputStream:75 - [STDERR_REDIRECT] [Fatal Error] :1:1: Premature end of file.
2026-03-09 21:23:51,926 [ERROR] LogOutputStream:75 - [STDERR_REDIRECT] 
2026-03-09 21:23:52,925 [ERROR] LogOutputStream:75 - [STDERR_REDIRECT] [Fatal Error] :1:1: Premature end of file.
2026-03-09 21:23:52,925 [ERROR] LogOutputStream:75 - [STDERR_REDIRECT] 
2026-03-09 21:23:53,929 [ERROR] LogOutputStream:75 - [STDERR_REDIRECT] [Fatal Error] :1:1: Premature end of file.
2026-03-09 21:23:53,929 [ERROR] LogOutputStream:75 - [STDERR_REDIRECT] 
2026-03-09 21:23:54,935 [ERROR] LogOutputStream:75 - [STDERR_REDIRECT] [Fatal Error] :1:1: Premature end of file.
2026-03-09 21:23:54,935 [ERROR] LogOutputStream:75 - [STDERR_REDIRECT] 
2026-03-09 21:23:55,937 [ERROR] LogOutputStream:75 - [STDERR_REDIRECT] [Fatal Error] :1:1: Premature end of file.
2026-03-09 21:23:55,937 [ERROR] LogOutputStream:75 - [STDERR_REDIRECT] 
2026-03-09 21:23:56,932 [ERROR] LogOutputStream:75 - [STDERR_REDIRECT] [Fatal Error] :1:1: Premature end of file.
2026-03-09 21:23:56,932 [ERROR] LogOutputStream:75 - [STDERR_REDIRECT] 
2026-03-09 21:23:57,926 [ERROR] LogOutputStream:75 - [STDERR_REDIRECT] [Fatal Error] :1:1: Premature end of file.
2026-03-09 21:23:57,926 [ERROR] LogOutputStream:75 - [STDERR_REDIRECT] 
2026-03-09 21:23:58,931 [ERROR] LogOutputStream:75 - [STDERR_REDIRECT] [Fatal Error] :1:1: Premature end of file.
2026-03-09 21:23:58,931 [ERROR] LogOutputStream:75 - [STDERR_REDIRECT] 
2026-03-09 21:23:59,924 [ERROR] LogOutputStream:75 - [STDERR_REDIRECT] [Fatal Error] :1:1: Premature end of file.
2026-03-09 21:23:59,924 [ERROR] LogOutputStream:75 - [STDERR_REDIRECT] 
2026-03-09 21:24:00,930 [ERROR] LogOutputStream:75 - [STDERR_REDIRECT] [Fatal Error] :1:1: Premature end of file.
2026-03-09 21:24:00,930 [ERROR] LogOutputStream:75 - [STDERR_REDIRECT] 
2026-03-09 21:24:01,936 [ERROR] LogOutputStream:75 - [STDERR_REDIRECT] [Fatal Error] :1:1: Premature end of file.
2026-03-09 21:24:01,936 [ERROR] LogOutputStream:75 - [STDERR_REDIRECT] 
2026-03-09 21:24:02,925 [ERROR] LogOutputStream:75 - [STDERR_REDIRECT] [Fatal Error] :1:1: Premature end of file.
2026-03-09 21:24:02,925 [ERROR] LogOutputStream:75 - [STDERR_REDIRECT] 
2026-03-09 21:24:03,934 [ERROR] LogOutputStream:75 - [STDERR_REDIRECT] [Fatal Error] :1:1: Premature end of file.
2026-03-09 21:24:03,934 [ERROR] LogOutputStream:75 - [STDERR_REDIRECT] 
2026-03-09 21:24:04,932 [ERROR] LogOutputStream:75 - [STDERR_REDIRECT] [Fatal Error] :1:1: Premature end of file.
2026-03-09 21:24:04,932 [ERROR] LogOutputStream:75 - [STDERR_REDIRECT] 
2026-03-09 21:24:05,923 [ERROR] LogOutputStream:75 - [STDERR_REDIRECT] [Fatal Error] :1:1: Premature end of file.
2026-03-09 21:24:05,923 [ERROR] LogOutputStream:75 - [STDERR_REDIRECT] 
2026-03-09 21:24:06,933 [ERROR] LogOutputStream:75 - [STDERR_REDIRECT] [Fatal Error] :1:1: Premature end of file.
2026-03-09 21:24:06,933 [ERROR] LogOutputStream:75 - [STDERR_REDIRECT] 
2026-03-09 21:24:07,924 [ERROR] LogOutputStream:75 - [STDERR_REDIRECT] [Fatal Error] :1:1: Premature end of file.
2026-03-09 21:24:07,924 [ERROR] LogOutputStream:75 - [STDERR_REDIRECT] 
2026-03-09 21:24:08,930 [ERROR] LogOutputStream:75 - [STDERR_REDIRECT] [Fatal Error] :1:1: Premature end of file.
2026-03-09 21:24:08,930 [ERROR] LogOutputStream:75 - [STDERR_REDIRECT] 
2026-03-09 21:24:09,936 [ERROR] LogOutputStream:75 - [STDERR_REDIRECT] [Fatal Error] :1:1: Premature end of file.
2026-03-09 21:24:09,936 [ERROR] LogOutputStream:75 - [STDERR_REDIRECT] 
2026-03-09 21:24:10,929 [ERROR] LogOutputStream:75 - [STDERR_REDIRECT] [Fatal Error] :1:1: Premature end of file.
2026-03-09 21:24:10,929 [ERROR] LogOutputStream:75 - [STDERR_REDIRECT] 
2026-03-09 21:24:11,937 [ERROR] LogOutputStream:75 - [STDERR_REDIRECT] [Fatal Error] :1:1: Premature end of file.
2026-03-09 21:24:11,937 [ERROR] LogOutputStream:75 - [STDERR_REDIRECT] 
2026-03-09 21:24:12,926 [ERROR] LogOutputStream:75 - [STDERR_REDIRECT] [Fatal Error] :1:1: Premature end of file.
2026-03-09 21:24:12,926 [ERROR] LogOutputStream:75 - [STDERR_REDIRECT] 
2026-03-09 21:24:13,922 [ERROR] LogOutputStream:75 - [STDERR_REDIRECT] [Fatal Error] :1:1: Premature end of file.
2026-03-09 21:24:13,922 [ERROR] LogOutputStream:75 - [STDERR_REDIRECT] 
2026-03-09 21:24:14,925 [ERROR] LogOutputStream:75 - [STDERR_REDIRECT] [Fatal Error] :1:1: Premature end of file.
2026-03-09 21:24:14,925 [ERROR] LogOutputStream:75 - [STDERR_REDIRECT] 
2026-03-09 21:24:15,936 [ERROR] LogOutputStream:75 - [STDERR_REDIRECT] [Fatal Error] :1:1: Premature end of file.
2026-03-09 21:24:15,936 [ERROR] LogOutputStream:75 - [STDERR_REDIRECT] 
2026-03-09 21:24:16,931 [ERROR] LogOutputStream:75 - [STDERR_REDIRECT] [Fatal Error] :1:1: Premature end of file.
2026-03-09 21:24:16,931 [ERROR] LogOutputStream:75 - [STDERR_REDIRECT] 
2026-03-09 21:24:17,923 [ERROR] LogOutputStream:75 - [STDERR_REDIRECT] [Fatal Error] :1:1: Premature end of file.
2026-03-09 21:24:17,923 [ERROR] LogOutputStream:75 - [STDERR_REDIRECT] 
2026-03-09 21:24:18,928 [ERROR] LogOutputStream:75 - [STDERR_REDIRECT] [Fatal Error] :1:1: Premature end of file.
2026-03-09 21:24:18,928 [ERROR] LogOutputStream:75 - [STDERR_REDIRECT] 
2026-03-09 21:24:19,937 [ERROR] LogOutputStream:75 - [STDERR_REDIRECT] [Fatal Error] :1:1: Premature end of file.
2026-03-09 21:24:19,937 [ERROR] LogOutputStream:75 - [STDERR_REDIRECT] 
2026-03-09 21:24:20,931 [ERROR] LogOutputStream:75 - [STDERR_REDIRECT] [Fatal Error] :1:1: Premature end of file.
2026-03-09 21:24:20,931 [ERROR] LogOutputStream:75 - [STDERR_REDIRECT] 
2026-03-09 21:24:21,935 [ERROR] LogOutputStream:75 - [STDERR_REDIRECT] [Fatal Error] :1:1: Premature end of file.
2026-03-09 21:24:21,935 [ERROR] LogOutputStream:75 - [STDERR_REDIRECT] 
2026-03-09 21:24:22,922 [ERROR] LogOutputStream:75 - [STDERR_REDIRECT] [Fatal Error] :1:1: Premature end of file.
2026-03-09 21:24:22,922 [ERROR] LogOutputStream:75 - [STDERR_REDIRECT] 
2026-03-09 21:24:23,927 [ERROR] LogOutputStream:75 - [STDERR_REDIRECT] [Fatal Error] :1:1: Premature end of file.
2026-03-09 21:24:23,927 [ERROR] LogOutputStream:75 - [STDERR_REDIRECT] 
2026-03-09 21:24:24,923 [ERROR] LogOutputStream:75 - [STDERR_REDIRECT] [Fatal Error] :1:1: Premature end of file.
2026-03-09 21:24:24,923 [ERROR] LogOutputStream:75 - [STDERR_REDIRECT] 
2026-03-09 21:24:25,930 [ERROR] LogOutputStream:75 - [STDERR_REDIRECT] [Fatal Error] :1:1: Premature end of file.
2026-03-09 21:24:25,931 [ERROR] LogOutputStream:75 - [STDERR_REDIRECT] 
2026-03-09 21:24:26,924 [ERROR] LogOutputStream:75 - [STDERR_REDIRECT] [Fatal Error] :1:1: Premature end of file.
2026-03-09 21:24:26,924 [ERROR] LogOutputStream:75 - [STDERR_REDIRECT] 
2026-03-09 21:24:27,930 [ERROR] LogOutputStream:75 - [STDERR_REDIRECT] [Fatal Error] :1:1: Premature end of file.
2026-03-09 21:24:27,930 [ERROR] LogOutputStream:75 - [STDERR_REDIRECT] 
2026-03-09 21:24:28,925 [ERROR] LogOutputStream:75 - [STDERR_REDIRECT] [Fatal Error] :1:1: Premature end of file.
2026-03-09 21:24:28,925 [ERROR] LogOutputStream:75 - [STDERR_REDIRECT] 
2026-03-09 21:24:29,931 [ERROR] LogOutputStream:75 - [STDERR_REDIRECT] [Fatal Error] :1:1: Premature end of file.
2026-03-09 21:24:29,931 [ERROR] LogOutputStream:75 - [STDERR_REDIRECT] 
2026-03-09 21:24:30,937 [ERROR] LogOutputStream:75 - [STDERR_REDIRECT] [Fatal Error] :1:1: Premature end of file.
2026-03-09 21:24:30,937 [ERROR] LogOutputStream:75 - [STDERR_REDIRECT] 
2026-03-09 21:24:31,930 [ERROR] LogOutputStream:75 - [STDERR_REDIRECT] [Fatal Error] :1:1: Premature end of file.
2026-03-09 21:24:31,930 [ERROR] LogOutputStream:75 - [STDERR_REDIRECT] 
2026-03-09 21:24:32,937 [ERROR] LogOutputStream:75 - [STDERR_REDIRECT] [Fatal Error] :1:1: Premature end of file.
2026-03-09 21:24:32,937 [ERROR] LogOutputStream:75 - [STDERR_REDIRECT] 
2026-03-09 21:24:33,930 [ERROR] LogOutputStream:75 - [STDERR_REDIRECT] [Fatal Error] :1:1: Premature end of file.
2026-03-09 21:24:33,930 [ERROR] LogOutputStream:75 - [STDERR_REDIRECT] 
2026-03-09 21:24:34,926 [ERROR] LogOutputStream:75 - [STDERR_REDIRECT] [Fatal Error] :1:1: Premature end of file.
2026-03-09 21:24:34,926 [ERROR] LogOutputStream:75 - [STDERR_REDIRECT] 
2026-03-09 21:24:35,942 [ERROR] LogOutputStream:75 - [STDERR_REDIRECT] [Fatal Error] :1:1: Premature end of file.
2026-03-09 21:24:35,942 [ERROR] LogOutputStream:75 - [STDERR_REDIRECT] 
2026-03-09 21:24:36,930 [ERROR] LogOutputStream:75 - [STDERR_REDIRECT] [Fatal Error] :1:1: Premature end of file.
2026-03-09 21:24:36,930 [ERROR] LogOutputStream:75 - [STDERR_REDIRECT] 
2026-03-09 21:24:37,934 [ERROR] LogOutputStream:75 - [STDERR_REDIRECT] [Fatal Error] :1:1: Premature end of file.
2026-03-09 21:24:37,934 [ERROR] LogOutputStream:75 - [STDERR_REDIRECT] 
2026-03-09 21:24:38,920 [ERROR] LogOutputStream:75 - [STDERR_REDIRECT] [Fatal Error] :1:1: Premature end of file.
2026-03-09 21:24:38,920 [ERROR] LogOutputStream:75 - [STDERR_REDIRECT] 
2026-03-09 21:24:39,933 [ERROR] LogOutputStream:75 - [STDERR_REDIRECT] [Fatal Error] :1:1: Premature end of file.
2026-03-09 21:24:39,933 [ERROR] LogOutputStream:75 - [STDERR_REDIRECT] 
2026-03-09 21:24:40,937 [ERROR] LogOutputStream:75 - [STDERR_REDIRECT] [Fatal Error] :1:1: Premature end of file.
2026-03-09 21:24:40,937 [ERROR] LogOutputStream:75 - [STDERR_REDIRECT] 
2026-03-09 21:24:41,926 [ERROR] LogOutputStream:75 - [STDERR_REDIRECT] [Fatal Error] :1:1: Premature end of file.
2026-03-09 21:24:41,926 [ERROR] LogOutputStream:75 - [STDERR_REDIRECT] 
2026-03-09 21:24:42,934 [ERROR] LogOutputStream:75 - [STDERR_REDIRECT] [Fatal Error] :1:1: Premature end of file.
2026-03-09 21:24:42,934 [ERROR] LogOutputStream:75 - [STDERR_REDIRECT] 
2026-03-09 21:24:43,930 [ERROR] LogOutputStream:75 - [STDERR_REDIRECT] [Fatal Error] :1:1: Premature end of file.
2026-03-09 21:24:43,930 [ERROR] LogOutputStream:75 - [STDERR_REDIRECT] 
2026-03-09 21:24:44,934 [ERROR] LogOutputStream:75 - [STDERR_REDIRECT] [Fatal Error] :1:1: Premature end of file.
2026-03-09 21:24:44,934 [ERROR] LogOutputStream:75 - [STDERR_REDIRECT] 
2026-03-09 21:24:45,929 [ERROR] LogOutputStream:75 - [STDERR_REDIRECT] [Fatal Error] :1:1: Premature end of file.
2026-03-09 21:24:45,929 [ERROR] LogOutputStream:75 - [STDERR_REDIRECT] 
2026-03-09 21:24:46,937 [ERROR] LogOutputStream:75 - [STDERR_REDIRECT] [Fatal Error] :1:1: Premature end of file.
2026-03-09 21:24:46,937 [ERROR] LogOutputStream:75 - [STDERR_REDIRECT] 
2026-03-09 21:24:47,927 [ERROR] LogOutputStream:75 - [STDERR_REDIRECT] [Fatal Error] :1:1: Premature end of file.
2026-03-09 21:24:47,927 [ERROR] LogOutputStream:75 - [STDERR_REDIRECT] 
2026-03-09 21:24:48,931 [ERROR] LogOutputStream:75 - [STDERR_REDIRECT] [Fatal Error] :1:1: Premature end of file.
2026-03-09 21:24:48,931 [ERROR] LogOutputStream:75 - [STDERR_REDIRECT] 
2026-03-09 21:24:49,938 [ERROR] LogOutputStream:75 - [STDERR_REDIRECT] [Fatal Error] :1:1: Premature end of file.
2026-03-09 21:24:49,938 [ERROR] LogOutputStream:75 - [STDERR_REDIRECT] 
2026-03-09 21:24:50,927 [ERROR] LogOutputStream:75 - [STDERR_REDIRECT] [Fatal Error] :1:1: Premature end of file.
2026-03-09 21:24:50,927 [ERROR] LogOutputStream:75 - [STDERR_REDIRECT] 
2026-03-09 21:24:51,931 [ERROR] LogOutputStream:75 - [STDERR_REDIRECT] [Fatal Error] :1:1: Premature end of file.
2026-03-09 21:24:51,931 [ERROR] LogOutputStream:75 - [STDERR_REDIRECT] 
2026-03-09 21:24:52,922 [ERROR] LogOutputStream:75 - [STDERR_REDIRECT] [Fatal Error] :1:1: Premature end of file.
2026-03-09 21:24:52,922 [ERROR] LogOutputStream:75 - [STDERR_REDIRECT] 
2026-03-09 21:24:53,928 [ERROR] LogOutputStream:75 - [STDERR_REDIRECT] [Fatal Error] :1:1: Premature end of file.
2026-03-09 21:24:53,928 [ERROR] LogOutputStream:75 - [STDERR_REDIRECT] 
2026-03-09 21:24:54,936 [ERROR] LogOutputStream:75 - [STDERR_REDIRECT] [Fatal Error] :1:1: Premature end of file.
2026-03-09 21:24:54,936 [ERROR] LogOutputStream:75 - [STDERR_REDIRECT] 
2026-03-09 21:24:55,922 [ERROR] LogOutputStream:75 - [STDERR_REDIRECT] [Fatal Error] :1:1: Premature end of file.
2026-03-09 21:24:55,922 [ERROR] LogOutputStream:75 - [STDERR_REDIRECT] 
2026-03-09 21:24:56,929 [ERROR] LogOutputStream:75 - [STDERR_REDIRECT] [Fatal Error] :1:1: Premature end of file.
2026-03-09 21:24:56,929 [ERROR] LogOutputStream:75 - [STDERR_REDIRECT] 
2026-03-09 21:24:57,941 [ERROR] LogOutputStream:75 - [STDERR_REDIRECT] [Fatal Error] :1:1: Premature end of file.
2026-03-09 21:24:57,941 [ERROR] LogOutputStream:75 - [STDERR_REDIRECT] 
2026-03-09 21:24:58,933 [ERROR] LogOutputStream:75 - [STDERR_REDIRECT] [Fatal Error] :1:1: Premature end of file.
2026-03-09 21:24:58,933 [ERROR] LogOutputStream:75 - [STDERR_REDIRECT] 
2026-03-09 21:24:59,938 [ERROR] LogOutputStream:75 - [STDERR_REDIRECT] [Fatal Error] :1:1: Premature end of file.
2026-03-09 21:24:59,938 [ERROR] LogOutputStream:75 - [STDERR_REDIRECT] 
2026-03-09 21:25:00,937 [ERROR] LogOutputStream:75 - [STDERR_REDIRECT] [Fatal Error] :1:1: Premature end of file.
2026-03-09 21:25:00,937 [ERROR] LogOutputStream:75 - [STDERR_REDIRECT] 
2026-03-09 21:25:01,933 [ERROR] LogOutputStream:75 - [STDERR_REDIRECT] [Fatal Error] :1:1: Premature end of file.
2026-03-09 21:25:01,933 [ERROR] LogOutputStream:75 - [STDERR_REDIRECT] 
2026-03-09 21:25:02,925 [ERROR] LogOutputStream:75 - [STDERR_REDIRECT] [Fatal Error] :1:1: Premature end of file.
2026-03-09 21:25:02,925 [ERROR] LogOutputStream:75 - [STDERR_REDIRECT] 
2026-03-09 21:25:03,926 [ERROR] LogOutputStream:75 - [STDERR_REDIRECT] [Fatal Error] :1:1: Premature end of file.
2026-03-09 21:25:03,926 [ERROR] LogOutputStream:75 - [STDERR_REDIRECT] 
2026-03-09 21:25:04,926 [ERROR] LogOutputStream:75 - [STDERR_REDIRECT] [Fatal Error] :1:1: Premature end of file.
2026-03-09 21:25:04,926 [ERROR] LogOutputStream:75 - [STDERR_REDIRECT] 
2026-03-09 21:25:05,923 [ERROR] LogOutputStream:75 - [STDERR_REDIRECT] [Fatal Error] :1:1: Premature end of file.
2026-03-09 21:25:05,923 [ERROR] LogOutputStream:75 - [STDERR_REDIRECT] 
2026-03-09 21:25:06,929 [ERROR] LogOutputStream:75 - [STDERR_REDIRECT] [Fatal Error] :1:1: Premature end of file.
2026-03-09 21:25:06,929 [ERROR] LogOutputStream:75 - [STDERR_REDIRECT] 
2026-03-09 21:25:07,934 [ERROR] LogOutputStream:75 - [STDERR_REDIRECT] [Fatal Error] :1:1: Premature end of file.
2026-03-09 21:25:07,934 [ERROR] LogOutputStream:75 - [STDERR_REDIRECT] 
2026-03-09 21:25:08,927 [ERROR] LogOutputStream:75 - [STDERR_REDIRECT] [Fatal Error] :1:1: Premature end of file.
2026-03-09 21:25:08,927 [ERROR] LogOutputStream:75 - [STDERR_REDIRECT] 
2026-03-09 21:25:09,934 [ERROR] LogOutputStream:75 - [STDERR_REDIRECT] [Fatal Error] :1:1: Premature end of file.
2026-03-09 21:25:09,934 [ERROR] LogOutputStream:75 - [STDERR_REDIRECT] 
2026-03-09 21:25:10,928 [ERROR] LogOutputStream:75 - [STDERR_REDIRECT] [Fatal Error] :1:1: Premature end of file.
2026-03-09 21:25:10,928 [ERROR] LogOutputStream:75 - [STDERR_REDIRECT] 
2026-03-09 21:25:11,929 [ERROR] LogOutputStream:75 - [STDERR_REDIRECT] [Fatal Error] :1:1: Premature end of file.
2026-03-09 21:25:11,929 [ERROR] LogOutputStream:75 - [STDERR_REDIRECT] 
2026-03-09 21:25:12,930 [ERROR] LogOutputStream:75 - [STDERR_REDIRECT] [Fatal Error] :1:1: Premature end of file.
2026-03-09 21:25:12,930 [ERROR] LogOutputStream:75 - [STDERR_REDIRECT] 
2026-03-09 21:25:13,942 [ERROR] LogOutputStream:75 - [STDERR_REDIRECT] [Fatal Error] :1:1: Premature end of file.
2026-03-09 21:25:13,942 [ERROR] LogOutputStream:75 - [STDERR_REDIRECT] 
2026-03-09 21:25:14,926 [ERROR] LogOutputStream:75 - [STDERR_REDIRECT] [Fatal Error] :1:1: Premature end of file.
2026-03-09 21:25:14,926 [ERROR] LogOutputStream:75 - [STDERR_REDIRECT] 
2026-03-09 21:25:15,930 [ERROR] LogOutputStream:75 - [STDERR_REDIRECT] [Fatal Error] :1:1: Premature end of file.
2026-03-09 21:25:15,932 [ERROR] LogOutputStream:75 - [STDERR_REDIRECT] 
2026-03-09 21:25:16,926 [ERROR] LogOutputStream:75 - [STDERR_REDIRECT] [Fatal Error] :1:1: Premature end of file.
2026-03-09 21:25:16,926 [ERROR] LogOutputStream:75 - [STDERR_REDIRECT] 
2026-03-09 21:25:17,930 [ERROR] LogOutputStream:75 - [STDERR_REDIRECT] [Fatal Error] :1:1: Premature end of file.
2026-03-09 21:25:17,930 [ERROR] LogOutputStream:75 - [STDERR_REDIRECT] 
2026-03-09 21:25:18,931 [ERROR] LogOutputStream:75 - [STDERR_REDIRECT] [Fatal Error] :1:1: Premature end of file.
2026-03-09 21:25:18,931 [ERROR] LogOutputStream:75 - [STDERR_REDIRECT] 
2026-03-09 21:25:19,921 [ERROR] LogOutputStream:75 - [STDERR_REDIRECT] [Fatal Error] :1:1: Premature end of file.
2026-03-09 21:25:19,921 [ERROR] LogOutputStream:75 - [STDERR_REDIRECT] 
2026-03-09 21:25:20,929 [ERROR] LogOutputStream:75 - [STDERR_REDIRECT] [Fatal Error] :1:1: Premature end of file.
2026-03-09 21:25:20,929 [ERROR] LogOutputStream:75 - [STDERR_REDIRECT] 
2026-03-09 21:25:21,935 [ERROR] LogOutputStream:75 - [STDERR_REDIRECT] [Fatal Error] :1:1: Premature end of file.
2026-03-09 21:25:21,935 [ERROR] LogOutputStream:75 - [STDERR_REDIRECT] 
2026-03-09 21:25:22,932 [ERROR] LogOutputStream:75 - [STDERR_REDIRECT] [Fatal Error] :1:1: Premature end of file.
2026-03-09 21:25:22,932 [ERROR] LogOutputStream:75 - [STDERR_REDIRECT] 
2026-03-09 21:25:23,923 [ERROR] LogOutputStream:75 - [STDERR_REDIRECT] [Fatal Error] :1:1: Premature end of file.
2026-03-09 21:25:23,923 [ERROR] LogOutputStream:75 - [STDERR_REDIRECT] 
2026-03-09 21:25:24,930 [ERROR] LogOutputStream:75 - [STDERR_REDIRECT] [Fatal Error] :1:1: Premature end of file.
2026-03-09 21:25:24,930 [ERROR] LogOutputStream:75 - [STDERR_REDIRECT] 
2026-03-09 21:25:25,934 [ERROR] LogOutputStream:75 - [STDERR_REDIRECT] [Fatal Error] :1:1: Premature end of file.
2026-03-09 21:25:25,934 [ERROR] LogOutputStream:75 - [STDERR_REDIRECT] 
2026-03-09 21:25:26,932 [ERROR] LogOutputStream:75 - [STDERR_REDIRECT] [Fatal Error] :1:1: Premature end of file.
2026-03-09 21:25:26,932 [ERROR] LogOutputStream:75 - [STDERR_REDIRECT] 
2026-03-09 21:25:27,937 [ERROR] LogOutputStream:75 - [STDERR_REDIRECT] [Fatal Error] :1:1: Premature end of file.
2026-03-09 21:25:27,937 [ERROR] LogOutputStream:75 - [STDERR_REDIRECT] 
2026-03-09 21:25:28,923 [ERROR] LogOutputStream:75 - [STDERR_REDIRECT] [Fatal Error] :1:1: Premature end of file.
2026-03-09 21:25:28,923 [ERROR] LogOutputStream:75 - [STDERR_REDIRECT] 
2026-03-09 21:25:29,930 [ERROR] LogOutputStream:75 - [STDERR_REDIRECT] [Fatal Error] :1:1: Premature end of file.
2026-03-09 21:25:29,930 [ERROR] LogOutputStream:75 - [STDERR_REDIRECT] 
2026-03-09 21:25:30,943 [ERROR] LogOutputStream:75 - [STDERR_REDIRECT] [Fatal Error] :1:1: Premature end of file.
2026-03-09 21:25:30,943 [ERROR] LogOutputStream:75 - [STDERR_REDIRECT] 
2026-03-09 21:25:31,945 [ERROR] LogOutputStream:75 - [STDERR_REDIRECT] [Fatal Error] :1:1: Premature end of file.
2026-03-09 21:25:31,945 [ERROR] LogOutputStream:75 - [STDERR_REDIRECT] 
2026-03-09 21:25:32,939 [ERROR] LogOutputStream:75 - [STDERR_REDIRECT] [Fatal Error] :1:1: Premature end of file.
2026-03-09 21:25:32,939 [ERROR] LogOutputStream:75 - [STDERR_REDIRECT] 
2026-03-09 21:25:33,928 [ERROR] LogOutputStream:75 - [STDERR_REDIRECT] [Fatal Error] :1:1: Premature end of file.
2026-03-09 21:25:33,928 [ERROR] LogOutputStream:75 - [STDERR_REDIRECT] 
2026-03-09 21:25:34,936 [ERROR] LogOutputStream:75 - [STDERR_REDIRECT] [Fatal Error] :1:1: Premature end of file.
2026-03-09 21:25:34,936 [ERROR] LogOutputStream:75 - [STDERR_REDIRECT] 
2026-03-09 21:25:35,925 [ERROR] LogOutputStream:75 - [STDERR_REDIRECT] [Fatal Error] :1:1: Premature end of file.
2026-03-09 21:25:35,925 [ERROR] LogOutputStream:75 - [STDERR_REDIRECT] 
2026-03-09 21:25:36,924 [ERROR] LogOutputStream:75 - [STDERR_REDIRECT] [Fatal Error] :1:1: Premature end of file.
2026-03-09 21:25:36,924 [ERROR] LogOutputStream:75 - [STDERR_REDIRECT] 
2026-03-09 21:25:37,932 [ERROR] LogOutputStream:75 - [STDERR_REDIRECT] [Fatal Error] :1:1: Premature end of file.
2026-03-09 21:25:37,932 [ERROR] LogOutputStream:75 - [STDERR_REDIRECT] 
2026-03-09 21:25:38,941 [ERROR] LogOutputStream:75 - [STDERR_REDIRECT] [Fatal Error] :1:1: Premature end of file.
2026-03-09 21:25:38,941 [ERROR] LogOutputStream:75 - [STDERR_REDIRECT] 
2026-03-09 21:25:39,928 [ERROR] LogOutputStream:75 - [STDERR_REDIRECT] [Fatal Error] :1:1: Premature end of file.
2026-03-09 21:25:39,928 [ERROR] LogOutputStream:75 - [STDERR_REDIRECT] 
2026-03-09 21:25:40,936 [ERROR] LogOutputStream:75 - [STDERR_REDIRECT] [Fatal Error] :1:1: Premature end of file.
2026-03-09 21:25:40,936 [ERROR] LogOutputStream:75 - [STDERR_REDIRECT] 
2026-03-09 21:25:41,934 [ERROR] LogOutputStream:75 - [STDERR_REDIRECT] [Fatal Error] :1:1: Premature end of file.
2026-03-09 21:25:41,934 [ERROR] LogOutputStream:75 - [STDERR_REDIRECT] 
2026-03-09 21:25:42,926 [ERROR] LogOutputStream:75 - [STDERR_REDIRECT] [Fatal Error] :1:1: Premature end of file.
2026-03-09 21:25:42,926 [ERROR] LogOutputStream:75 - [STDERR_REDIRECT] 
2026-03-09 21:25:43,930 [ERROR] LogOutputStream:75 - [STDERR_REDIRECT] [Fatal Error] :1:1: Premature end of file.
2026-03-09 21:25:43,931 [ERROR] LogOutputStream:75 - [STDERR_REDIRECT] 
2026-03-09 21:25:44,926 [ERROR] LogOutputStream:75 - [STDERR_REDIRECT] [Fatal Error] :1:1: Premature end of file.
2026-03-09 21:25:44,926 [ERROR] LogOutputStream:75 - [STDERR_REDIRECT] 
2026-03-09 21:25:45,934 [ERROR] LogOutputStream:75 - [STDERR_REDIRECT] [Fatal Error] :1:1: Premature end of file.
2026-03-09 21:25:45,934 [ERROR] LogOutputStream:75 - [STDERR_REDIRECT] 
2026-03-09 21:25:46,925 [ERROR] LogOutputStream:75 - [STDERR_REDIRECT] [Fatal Error] :1:1: Premature end of file.
2026-03-09 21:25:46,925 [ERROR] LogOutputStream:75 - [STDERR_REDIRECT] 
2026-03-09 21:25:47,929 [ERROR] LogOutputStream:75 - [STDERR_REDIRECT] [Fatal Error] :1:1: Premature end of file.
2026-03-09 21:25:47,930 [ERROR] LogOutputStream:75 - [STDERR_REDIRECT] 
2026-03-09 21:25:48,933 [ERROR] LogOutputStream:75 - [STDERR_REDIRECT] [Fatal Error] :1:1: Premature end of file.
2026-03-09 21:25:48,933 [ERROR] LogOutputStream:75 - [STDERR_REDIRECT] 
2026-03-09 21:25:49,923 [ERROR] LogOutputStream:75 - [STDERR_REDIRECT] [Fatal Error] :1:1: Premature end of file.
2026-03-09 21:25:49,923 [ERROR] LogOutputStream:75 - [STDERR_REDIRECT] 
2026-03-09 21:25:50,927 [ERROR] LogOutputStream:75 - [STDERR_REDIRECT] [Fatal Error] :1:1: Premature end of file.
2026-03-09 21:25:50,927 [ERROR] LogOutputStream:75 - [STDERR_REDIRECT] 
2026-03-09 21:25:51,923 [ERROR] LogOutputStream:75 - [STDERR_REDIRECT] [Fatal Error] :1:1: Premature end of file.
2026-03-09 21:25:51,923 [ERROR] LogOutputStream:75 - [STDERR_REDIRECT] 
2026-03-09 21:25:52,930 [ERROR] LogOutputStream:75 - [STDERR_REDIRECT] [Fatal Error] :1:1: Premature end of file.
2026-03-09 21:25:52,930 [ERROR] LogOutputStream:75 - [STDERR_REDIRECT] 
2026-03-09 21:25:53,940 [ERROR] LogOutputStream:75 - [STDERR_REDIRECT] [Fatal Error] :1:1: Premature end of file.
2026-03-09 21:25:53,940 [ERROR] LogOutputStream:75 - [STDERR_REDIRECT] 
2026-03-09 21:25:54,925 [ERROR] LogOutputStream:75 - [STDERR_REDIRECT] [Fatal Error] :1:1: Premature end of file.
2026-03-09 21:25:54,925 [ERROR] LogOutputStream:75 - [STDERR_REDIRECT] 
2026-03-09 21:25:55,929 [ERROR] LogOutputStream:75 - [STDERR_REDIRECT] [Fatal Error] :1:1: Premature end of file.
2026-03-09 21:25:55,929 [ERROR] LogOutputStream:75 - [STDERR_REDIRECT] 
2026-03-09 21:25:56,935 [ERROR] LogOutputStream:75 - [STDERR_REDIRECT] [Fatal Error] :1:1: Premature end of file.
2026-03-09 21:25:56,935 [ERROR] LogOutputStream:75 - [STDERR_REDIRECT] 
2026-03-09 21:25:57,927 [ERROR] LogOutputStream:75 - [STDERR_REDIRECT] [Fatal Error] :1:1: Premature end of file.
2026-03-09 21:25:57,927 [ERROR] LogOutputStream:75 - [STDERR_REDIRECT] 
2026-03-09 21:25:58,932 [ERROR] LogOutputStream:75 - [STDERR_REDIRECT] [Fatal Error] :1:1: Premature end of file.
2026-03-09 21:25:58,932 [ERROR] LogOutputStream:75 - [STDERR_REDIRECT] 
2026-03-09 21:25:59,927 [ERROR] LogOutputStream:75 - [STDERR_REDIRECT] [Fatal Error] :1:1: Premature end of file.
2026-03-09 21:25:59,927 [ERROR] LogOutputStream:75 - [STDERR_REDIRECT] 
2026-03-09 21:26:00,936 [ERROR] LogOutputStream:75 - [STDERR_REDIRECT] [Fatal Error] :1:1: Premature end of file.
2026-03-09 21:26:00,936 [ERROR] LogOutputStream:75 - [STDERR_REDIRECT] 
2026-03-09 21:26:01,931 [ERROR] LogOutputStream:75 - [STDERR_REDIRECT] [Fatal Error] :1:1: Premature end of file.
2026-03-09 21:26:01,931 [ERROR] LogOutputStream:75 - [STDERR_REDIRECT] 
2026-03-09 21:26:02,933 [ERROR] LogOutputStream:75 - [STDERR_REDIRECT] [Fatal Error] :1:1: Premature end of file.
2026-03-09 21:26:02,933 [ERROR] LogOutputStream:75 - [STDERR_REDIRECT] 
2026-03-09 21:26:03,941 [ERROR] LogOutputStream:75 - [STDERR_REDIRECT] [Fatal Error] :1:1: Premature end of file.
2026-03-09 21:26:03,941 [ERROR] LogOutputStream:75 - [STDERR_REDIRECT] 
2026-03-09 21:26:04,936 [ERROR] LogOutputStream:75 - [STDERR_REDIRECT] [Fatal Error] :1:1: Premature end of file.
2026-03-09 21:26:04,936 [ERROR] LogOutputStream:75 - [STDERR_REDIRECT] 
2026-03-09 21:26:05,943 [ERROR] LogOutputStream:75 - [STDERR_REDIRECT] [Fatal Error] :1:1: Premature end of file.
2026-03-09 21:26:05,943 [ERROR] LogOutputStream:75 - [STDERR_REDIRECT] 
2026-03-09 21:26:06,925 [ERROR] LogOutputStream:75 - [STDERR_REDIRECT] [Fatal Error] :1:1: Premature end of file.
2026-03-09 21:26:06,925 [ERROR] LogOutputStream:75 - [STDERR_REDIRECT] 
2026-03-09 21:26:07,931 [ERROR] LogOutputStream:75 - [STDERR_REDIRECT] [Fatal Error] :1:1: Premature end of file.
2026-03-09 21:26:07,931 [ERROR] LogOutputStream:75 - [STDERR_REDIRECT] 
2026-03-09 21:26:08,936 [ERROR] LogOutputStream:75 - [STDERR_REDIRECT] [Fatal Error] :1:1: Premature end of file.
2026-03-09 21:26:08,936 [ERROR] LogOutputStream:75 - [STDERR_REDIRECT] 
2026-03-09 21:26:09,929 [ERROR] LogOutputStream:75 - [STDERR_REDIRECT] [Fatal Error] :1:1: Premature end of file.
2026-03-09 21:26:09,929 [ERROR] LogOutputStream:75 - [STDERR_REDIRECT] 
2026-03-09 21:26:10,936 [ERROR] LogOutputStream:75 - [STDERR_REDIRECT] [Fatal Error] :1:1: Premature end of file.
2026-03-09 21:26:10,936 [ERROR] LogOutputStream:75 - [STDERR_REDIRECT] 
2026-03-09 21:26:11,923 [ERROR] LogOutputStream:75 - [STDERR_REDIRECT] [Fatal Error] :1:1: Premature end of file.
2026-03-09 21:26:11,923 [ERROR] LogOutputStream:75 - [STDERR_REDIRECT] 
2026-03-09 21:26:12,928 [ERROR] LogOutputStream:75 - [STDERR_REDIRECT] [Fatal Error] :1:1: Premature end of file.
2026-03-09 21:26:12,928 [ERROR] LogOutputStream:75 - [STDERR_REDIRECT] 
2026-03-09 21:26:13,934 [ERROR] LogOutputStream:75 - [STDERR_REDIRECT] [Fatal Error] :1:1: Premature end of file.
2026-03-09 21:26:13,934 [ERROR] LogOutputStream:75 - [STDERR_REDIRECT] 
2026-03-09 21:26:14,928 [ERROR] LogOutputStream:75 - [STDERR_REDIRECT] [Fatal Error] :1:1: Premature end of file.
2026-03-09 21:26:14,928 [ERROR] LogOutputStream:75 - [STDERR_REDIRECT] 
2026-03-09 21:26:15,937 [ERROR] LogOutputStream:75 - [STDERR_REDIRECT] [Fatal Error] :1:1: Premature end of file.
2026-03-09 21:26:15,937 [ERROR] LogOutputStream:75 - [STDERR_REDIRECT] 
2026-03-09 21:26:16,929 [ERROR] LogOutputStream:75 - [STDERR_REDIRECT] [Fatal Error] :1:1: Premature end of file.
2026-03-09 21:26:16,929 [ERROR] LogOutputStream:75 - [STDERR_REDIRECT] 
2026-03-09 21:26:17,938 [ERROR] LogOutputStream:75 - [STDERR_REDIRECT] [Fatal Error] :1:1: Premature end of file.
2026-03-09 21:26:17,938 [ERROR] LogOutputStream:75 - [STDERR_REDIRECT] 
2026-03-09 21:26:18,949 [ERROR] LogOutputStream:75 - [STDERR_REDIRECT] [Fatal Error] :1:1: Premature end of file.
2026-03-09 21:26:18,949 [ERROR] LogOutputStream:75 - [STDERR_REDIRECT] 
2026-03-09 21:26:19,936 [ERROR] LogOutputStream:75 - [STDERR_REDIRECT] [Fatal Error] :1:1: Premature end of file.
2026-03-09 21:26:19,936 [ERROR] LogOutputStream:75 - [STDERR_REDIRECT] 
2026-03-09 21:26:20,937 [ERROR] LogOutputStream:75 - [STDERR_REDIRECT] [Fatal Error] :1:1: Premature end of file.
2026-03-09 21:26:20,937 [ERROR] LogOutputStream:75 - [STDERR_REDIRECT] 
2026-03-09 21:26:21,929 [ERROR] LogOutputStream:75 - [STDERR_REDIRECT] [Fatal Error] :1:1: Premature end of file.
2026-03-09 21:26:21,929 [ERROR] LogOutputStream:75 - [STDERR_REDIRECT] 
2026-03-09 21:26:22,927 [ERROR] LogOutputStream:75 - [STDERR_REDIRECT] [Fatal Error] :1:1: Premature end of file.
2026-03-09 21:26:22,927 [ERROR] LogOutputStream:75 - [STDERR_REDIRECT] 
2026-03-09 21:26:23,937 [ERROR] LogOutputStream:75 - [STDERR_REDIRECT] [Fatal Error] :1:1: Premature end of file.
2026-03-09 21:26:23,937 [ERROR] LogOutputStream:75 - [STDERR_REDIRECT] 
2026-03-09 21:26:24,929 [ERROR] LogOutputStream:75 - [STDERR_REDIRECT] [Fatal Error] :1:1: Premature end of file.
2026-03-09 21:26:24,930 [ERROR] LogOutputStream:75 - [STDERR_REDIRECT] 
2026-03-09 21:26:25,932 [ERROR] LogOutputStream:75 - [STDERR_REDIRECT] [Fatal Error] :1:1: Premature end of file.
2026-03-09 21:26:25,932 [ERROR] LogOutputStream:75 - [STDERR_REDIRECT] 
2026-03-09 21:26:26,931 [ERROR] LogOutputStream:75 - [STDERR_REDIRECT] [Fatal Error] :1:1: Premature end of file.
2026-03-09 21:26:26,931 [ERROR] LogOutputStream:75 - [STDERR_REDIRECT] 
2026-03-09 21:26:27,928 [ERROR] LogOutputStream:75 - [STDERR_REDIRECT] [Fatal Error] :1:1: Premature end of file.
2026-03-09 21:26:27,928 [ERROR] LogOutputStream:75 - [STDERR_REDIRECT] 
2026-03-09 21:26:28,933 [ERROR] LogOutputStream:75 - [STDERR_REDIRECT] [Fatal Error] :1:1: Premature end of file.
2026-03-09 21:26:28,934 [ERROR] LogOutputStream:75 - [STDERR_REDIRECT] 
2026-03-09 21:26:29,934 [ERROR] LogOutputStream:75 - [STDERR_REDIRECT] [Fatal Error] :1:1: Premature end of file.
2026-03-09 21:26:29,934 [ERROR] LogOutputStream:75 - [STDERR_REDIRECT] 
2026-03-09 21:26:30,929 [ERROR] LogOutputStream:75 - [STDERR_REDIRECT] [Fatal Error] :1:1: Premature end of file.
2026-03-09 21:26:30,929 [ERROR] LogOutputStream:75 - [STDERR_REDIRECT] 
2026-03-09 21:26:31,933 [ERROR] LogOutputStream:75 - [STDERR_REDIRECT] [Fatal Error] :1:1: Premature end of file.
2026-03-09 21:26:31,933 [ERROR] LogOutputStream:75 - [STDERR_REDIRECT] 
2026-03-09 21:26:32,936 [ERROR] LogOutputStream:75 - [STDERR_REDIRECT] [Fatal Error] :1:1: Premature end of file.
2026-03-09 21:26:32,936 [ERROR] LogOutputStream:75 - [STDERR_REDIRECT] 
2026-03-09 21:26:33,923 [ERROR] LogOutputStream:75 - [STDERR_REDIRECT] [Fatal Error] :1:1: Premature end of file.
2026-03-09 21:26:33,923 [ERROR] LogOutputStream:75 - [STDERR_REDIRECT] 
2026-03-09 21:26:34,922 [ERROR] LogOutputStream:75 - [STDERR_REDIRECT] [Fatal Error] :1:1: Premature end of file.
2026-03-09 21:26:34,923 [ERROR] LogOutputStream:75 - [STDERR_REDIRECT] 
2026-03-09 21:26:35,926 [ERROR] LogOutputStream:75 - [STDERR_REDIRECT] [Fatal Error] :1:1: Premature end of file.
2026-03-09 21:26:35,926 [ERROR] LogOutputStream:75 - [STDERR_REDIRECT] 
2026-03-09 21:26:36,927 [ERROR] LogOutputStream:75 - [STDERR_REDIRECT] [Fatal Error] :1:1: Premature end of file.
2026-03-09 21:26:36,927 [ERROR] LogOutputStream:75 - [STDERR_REDIRECT] 
2026-03-09 21:26:37,931 [ERROR] LogOutputStream:75 - [STDERR_REDIRECT] [Fatal Error] :1:1: Premature end of file.
2026-03-09 21:26:37,932 [ERROR] LogOutputStream:75 - [STDERR_REDIRECT] 
2026-03-09 21:26:38,924 [ERROR] LogOutputStream:75 - [STDERR_REDIRECT] [Fatal Error] :1:1: Premature end of file.
2026-03-09 21:26:38,924 [ERROR] LogOutputStream:75 - [STDERR_REDIRECT] 
2026-03-09 21:26:39,931 [ERROR] LogOutputStream:75 - [STDERR_REDIRECT] [Fatal Error] :1:1: Premature end of file.
2026-03-09 21:26:39,931 [ERROR] LogOutputStream:75 - [STDERR_REDIRECT] 
2026-03-09 21:26:40,928 [ERROR] LogOutputStream:75 - [STDERR_REDIRECT] [Fatal Error] :1:1: Premature end of file.
2026-03-09 21:26:40,928 [ERROR] LogOutputStream:75 - [STDERR_REDIRECT] 
2026-03-09 21:26:41,929 [ERROR] LogOutputStream:75 - [STDERR_REDIRECT] [Fatal Error] :1:1: Premature end of file.
2026-03-09 21:26:41,929 [ERROR] LogOutputStream:75 - [STDERR_REDIRECT] 
2026-03-09 21:26:42,934 [ERROR] LogOutputStream:75 - [STDERR_REDIRECT] [Fatal Error] :1:1: Premature end of file.
2026-03-09 21:26:42,934 [ERROR] LogOutputStream:75 - [STDERR_REDIRECT] 
2026-03-09 21:26:43,927 [ERROR] LogOutputStream:75 - [STDERR_REDIRECT] [Fatal Error] :1:1: Premature end of file.
2026-03-09 21:26:43,927 [ERROR] LogOutputStream:75 - [STDERR_REDIRECT] 
2026-03-09 21:26:44,930 [ERROR] LogOutputStream:75 - [STDERR_REDIRECT] [Fatal Error] :1:1: Premature end of file.
2026-03-09 21:26:44,930 [ERROR] LogOutputStream:75 - [STDERR_REDIRECT] 
2026-03-09 21:26:45,935 [ERROR] LogOutputStream:75 - [STDERR_REDIRECT] [Fatal Error] :1:1: Premature end of file.
2026-03-09 21:26:45,935 [ERROR] LogOutputStream:75 - [STDERR_REDIRECT] 
2026-03-09 21:26:46,927 [ERROR] LogOutputStream:75 - [STDERR_REDIRECT] [Fatal Error] :1:1: Premature end of file.
2026-03-09 21:26:46,928 [ERROR] LogOutputStream:75 - [STDERR_REDIRECT] 
2026-03-09 21:26:47,935 [ERROR] LogOutputStream:75 - [STDERR_REDIRECT] [Fatal Error] :1:1: Premature end of file.
2026-03-09 21:26:47,935 [ERROR] LogOutputStream:75 - [STDERR_REDIRECT] 
2026-03-09 21:26:48,926 [ERROR] LogOutputStream:75 - [STDERR_REDIRECT] [Fatal Error] :1:1: Premature end of file.
2026-03-09 21:26:48,926 [ERROR] LogOutputStream:75 - [STDERR_REDIRECT] 
2026-03-09 21:26:49,926 [ERROR] LogOutputStream:75 - [STDERR_REDIRECT] [Fatal Error] :1:1: Premature end of file.
2026-03-09 21:26:49,926 [ERROR] LogOutputStream:75 - [STDERR_REDIRECT] 
2026-03-09 21:26:50,929 [ERROR] LogOutputStream:75 - [STDERR_REDIRECT] [Fatal Error] :1:1: Premature end of file.
2026-03-09 21:26:50,929 [ERROR] LogOutputStream:75 - [STDERR_REDIRECT] 
2026-03-09 21:26:51,933 [ERROR] LogOutputStream:75 - [STDERR_REDIRECT] [Fatal Error] :1:1: Premature end of file.
2026-03-09 21:26:51,933 [ERROR] LogOutputStream:75 - [STDERR_REDIRECT] 
2026-03-09 21:26:52,935 [ERROR] LogOutputStream:75 - [STDERR_REDIRECT] [Fatal Error] :1:1: Premature end of file.
2026-03-09 21:26:52,935 [ERROR] LogOutputStream:75 - [STDERR_REDIRECT] 
2026-03-09 21:26:53,927 [ERROR] LogOutputStream:75 - [STDERR_REDIRECT] [Fatal Error] :1:1: Premature end of file.
2026-03-09 21:26:53,927 [ERROR] LogOutputStream:75 - [STDERR_REDIRECT] 
2026-03-09 21:26:54,932 [ERROR] LogOutputStream:75 - [STDERR_REDIRECT] [Fatal Error] :1:1: Premature end of file.
2026-03-09 21:26:54,932 [ERROR] LogOutputStream:75 - [STDERR_REDIRECT] 
2026-03-09 21:26:55,932 [ERROR] LogOutputStream:75 - [STDERR_REDIRECT] [Fatal Error] :1:1: Premature end of file.
2026-03-09 21:26:55,932 [ERROR] LogOutputStream:75 - [STDERR_REDIRECT] 
2026-03-09 21:26:56,931 [ERROR] LogOutputStream:75 - [STDERR_REDIRECT] [Fatal Error] :1:1: Premature end of file.
2026-03-09 21:26:56,931 [ERROR] LogOutputStream:75 - [STDERR_REDIRECT] 
2026-03-09 21:26:57,937 [ERROR] LogOutputStream:75 - [STDERR_REDIRECT] [Fatal Error] :1:1: Premature end of file.
2026-03-09 21:26:57,937 [ERROR] LogOutputStream:75 - [STDERR_REDIRECT] 
2026-03-09 21:26:58,926 [ERROR] LogOutputStream:75 - [STDERR_REDIRECT] [Fatal Error] :1:1: Premature end of file.
2026-03-09 21:26:58,926 [ERROR] LogOutputStream:75 - [STDERR_REDIRECT] 
2026-03-09 21:26:59,932 [ERROR] LogOutputStream:75 - [STDERR_REDIRECT] [Fatal Error] :1:1: Premature end of file.
2026-03-09 21:26:59,932 [ERROR] LogOutputStream:75 - [STDERR_REDIRECT] 
2026-03-09 21:27:00,934 [ERROR] LogOutputStream:75 - [STDERR_REDIRECT] [Fatal Error] :1:1: Premature end of file.
2026-03-09 21:27:00,934 [ERROR] LogOutputStream:75 - [STDERR_REDIRECT] 
2026-03-09 21:27:01,922 [ERROR] LogOutputStream:75 - [STDERR_REDIRECT] [Fatal Error] :1:1: Premature end of file.
2026-03-09 21:27:01,922 [ERROR] LogOutputStream:75 - [STDERR_REDIRECT] 
2026-03-09 21:27:02,927 [ERROR] LogOutputStream:75 - [STDERR_REDIRECT] [Fatal Error] :1:1: Premature end of file.
2026-03-09 21:27:02,927 [ERROR] LogOutputStream:75 - [STDERR_REDIRECT] 
2026-03-09 21:27:03,932 [ERROR] LogOutputStream:75 - [STDERR_REDIRECT] [Fatal Error] :1:1: Premature end of file.
2026-03-09 21:27:03,932 [ERROR] LogOutputStream:75 - [STDERR_REDIRECT] 
2026-03-09 21:27:04,930 [ERROR] LogOutputStream:75 - [STDERR_REDIRECT] [Fatal Error] :1:1: Premature end of file.
2026-03-09 21:27:04,931 [ERROR] LogOutputStream:75 - [STDERR_REDIRECT] 
2026-03-09 21:27:05,937 [ERROR] LogOutputStream:75 - [STDERR_REDIRECT] [Fatal Error] :1:1: Premature end of file.
2026-03-09 21:27:05,937 [ERROR] LogOutputStream:75 - [STDERR_REDIRECT] 
2026-03-09 21:27:06,927 [ERROR] LogOutputStream:75 - [STDERR_REDIRECT] [Fatal Error] :1:1: Premature end of file.
2026-03-09 21:27:06,927 [ERROR] LogOutputStream:75 - [STDERR_REDIRECT] 
2026-03-09 21:27:07,924 [ERROR] LogOutputStream:75 - [STDERR_REDIRECT] [Fatal Error] :1:1: Premature end of file.
2026-03-09 21:27:07,924 [ERROR] LogOutputStream:75 - [STDERR_REDIRECT] 
2026-03-09 21:27:08,921 [ERROR] LogOutputStream:75 - [STDERR_REDIRECT] [Fatal Error] :1:1: Premature end of file.
2026-03-09 21:27:08,921 [ERROR] LogOutputStream:75 - [STDERR_REDIRECT] 
2026-03-09 21:27:09,920 [ERROR] LogOutputStream:75 - [STDERR_REDIRECT] [Fatal Error] :1:1: Premature end of file.
2026-03-09 21:27:09,920 [ERROR] LogOutputStream:75 - [STDERR_REDIRECT] 
2026-03-09 21:27:10,928 [ERROR] LogOutputStream:75 - [STDERR_REDIRECT] [Fatal Error] :1:1: Premature end of file.
2026-03-09 21:27:10,928 [ERROR] LogOutputStream:75 - [STDERR_REDIRECT] 
2026-03-09 21:27:11,936 [ERROR] LogOutputStream:75 - [STDERR_REDIRECT] [Fatal Error] :1:1: Premature end of file.
2026-03-09 21:27:11,936 [ERROR] LogOutputStream:75 - [STDERR_REDIRECT] 
2026-03-09 21:27:12,924 [ERROR] LogOutputStream:75 - [STDERR_REDIRECT] [Fatal Error] :1:1: Premature end of file.
2026-03-09 21:27:12,924 [ERROR] LogOutputStream:75 - [STDERR_REDIRECT] 
2026-03-09 21:27:13,932 [ERROR] LogOutputStream:75 - [STDERR_REDIRECT] [Fatal Error] :1:1: Premature end of file.
2026-03-09 21:27:13,932 [ERROR] LogOutputStream:75 - [STDERR_REDIRECT] 
2026-03-09 21:27:14,932 [ERROR] LogOutputStream:75 - [STDERR_REDIRECT] [Fatal Error] :1:1: Premature end of file.
2026-03-09 21:27:14,932 [ERROR] LogOutputStream:75 - [STDERR_REDIRECT] 
2026-03-09 21:27:15,922 [ERROR] LogOutputStream:75 - [STDERR_REDIRECT] [Fatal Error] :1:1: Premature end of file.
2026-03-09 21:27:15,922 [ERROR] LogOutputStream:75 - [STDERR_REDIRECT] 
2026-03-09 21:27:16,929 [ERROR] LogOutputStream:75 - [STDERR_REDIRECT] [Fatal Error] :1:1: Premature end of file.
2026-03-09 21:27:16,929 [ERROR] LogOutputStream:75 - [STDERR_REDIRECT] 
2026-03-09 21:27:17,932 [ERROR] LogOutputStream:75 - [STDERR_REDIRECT] [Fatal Error] :1:1: Premature end of file.
2026-03-09 21:27:17,932 [ERROR] LogOutputStream:75 - [STDERR_REDIRECT] 
2026-03-09 21:27:18,922 [ERROR] LogOutputStream:75 - [STDERR_REDIRECT] [Fatal Error] :1:1: Premature end of file.
2026-03-09 21:27:18,922 [ERROR] LogOutputStream:75 - [STDERR_REDIRECT] 
2026-03-09 21:27:19,927 [ERROR] LogOutputStream:75 - [STDERR_REDIRECT] [Fatal Error] :1:1: Premature end of file.
2026-03-09 21:27:19,927 [ERROR] LogOutputStream:75 - [STDERR_REDIRECT] 
2026-03-09 21:27:20,930 [ERROR] LogOutputStream:75 - [STDERR_REDIRECT] [Fatal Error] :1:1: Premature end of file.
2026-03-09 21:27:20,930 [ERROR] LogOutputStream:75 - [STDERR_REDIRECT] 
2026-03-09 21:27:21,940 [ERROR] LogOutputStream:75 - [STDERR_REDIRECT] [Fatal Error] :1:1: Premature end of file.
2026-03-09 21:27:21,940 [ERROR] LogOutputStream:75 - [STDERR_REDIRECT] 
2026-03-09 21:27:22,927 [ERROR] LogOutputStream:75 - [STDERR_REDIRECT] [Fatal Error] :1:1: Premature end of file.
2026-03-09 21:27:22,927 [ERROR] LogOutputStream:75 - [STDERR_REDIRECT] 
2026-03-09 21:27:23,926 [ERROR] LogOutputStream:75 - [STDERR_REDIRECT] [Fatal Error] :1:1: Premature end of file.
2026-03-09 21:27:23,926 [ERROR] LogOutputStream:75 - [STDERR_REDIRECT] 
2026-03-09 21:27:24,931 [ERROR] LogOutputStream:75 - [STDERR_REDIRECT] [Fatal Error] :1:1: Premature end of file.
2026-03-09 21:27:24,931 [ERROR] LogOutputStream:75 - [STDERR_REDIRECT] 
2026-03-09 21:27:25,926 [ERROR] LogOutputStream:75 - [STDERR_REDIRECT] [Fatal Error] :1:1: Premature end of file.
2026-03-09 21:27:25,926 [ERROR] LogOutputStream:75 - [STDERR_REDIRECT] 
2026-03-09 21:27:26,927 [ERROR] LogOutputStream:75 - [STDERR_REDIRECT] [Fatal Error] :1:1: Premature end of file.
2026-03-09 21:27:26,927 [ERROR] LogOutputStream:75 - [STDERR_REDIRECT] 
2026-03-09 21:27:27,924 [ERROR] LogOutputStream:75 - [STDERR_REDIRECT] [Fatal Error] :1:1: Premature end of file.
2026-03-09 21:27:27,924 [ERROR] LogOutputStream:75 - [STDERR_REDIRECT] 
2026-03-09 21:27:28,928 [ERROR] LogOutputStream:75 - [STDERR_REDIRECT] [Fatal Error] :1:1: Premature end of file.
2026-03-09 21:27:28,928 [ERROR] LogOutputStream:75 - [STDERR_REDIRECT] 
2026-03-09 21:27:29,933 [ERROR] LogOutputStream:75 - [STDERR_REDIRECT] [Fatal Error] :1:1: Premature end of file.
2026-03-09 21:27:29,933 [ERROR] LogOutputStream:75 - [STDERR_REDIRECT] 
2026-03-09 21:27:30,935 [ERROR] LogOutputStream:75 - [STDERR_REDIRECT] [Fatal Error] :1:1: Premature end of file.
2026-03-09 21:27:30,935 [ERROR] LogOutputStream:75 - [STDERR_REDIRECT] 
2026-03-09 21:27:31,922 [ERROR] LogOutputStream:75 - [STDERR_REDIRECT] [Fatal Error] :1:1: Premature end of file.
2026-03-09 21:27:31,922 [ERROR] LogOutputStream:75 - [STDERR_REDIRECT] 
2026-03-09 21:27:32,921 [ERROR] LogOutputStream:75 - [STDERR_REDIRECT] [Fatal Error] :1:1: Premature end of file.
2026-03-09 21:27:32,922 [ERROR] LogOutputStream:75 - [STDERR_REDIRECT] 
2026-03-09 21:27:33,920 [ERROR] LogOutputStream:75 - [STDERR_REDIRECT] [Fatal Error] :1:1: Premature end of file.
2026-03-09 21:27:33,920 [ERROR] LogOutputStream:75 - [STDERR_REDIRECT] 
2026-03-09 21:27:34,921 [ERROR] LogOutputStream:75 - [STDERR_REDIRECT] [Fatal Error] :1:1: Premature end of file.
2026-03-09 21:27:34,921 [ERROR] LogOutputStream:75 - [STDERR_REDIRECT] 
2026-03-09 21:27:35,921 [ERROR] LogOutputStream:75 - [STDERR_REDIRECT] [Fatal Error] :1:1: Premature end of file.
2026-03-09 21:27:35,921 [ERROR] LogOutputStream:75 - [STDERR_REDIRECT] 
2026-03-09 21:27:36,923 [ERROR] LogOutputStream:75 - [STDERR_REDIRECT] [Fatal Error] :1:1: Premature end of file.
2026-03-09 21:27:36,923 [ERROR] LogOutputStream:75 - [STDERR_REDIRECT] 
2026-03-09 21:27:37,927 [ERROR] LogOutputStream:75 - [STDERR_REDIRECT] [Fatal Error] :1:1: Premature end of file.
2026-03-09 21:27:37,927 [ERROR] LogOutputStream:75 - [STDERR_REDIRECT] 
2026-03-09 21:27:38,925 [ERROR] LogOutputStream:75 - [STDERR_REDIRECT] [Fatal Error] :1:1: Premature end of file.
2026-03-09 21:27:38,926 [ERROR] LogOutputStream:75 - [STDERR_REDIRECT] 
2026-03-09 21:27:39,925 [ERROR] LogOutputStream:75 - [STDERR_REDIRECT] [Fatal Error] :1:1: Premature end of file.
2026-03-09 21:27:39,925 [ERROR] LogOutputStream:75 - [STDERR_REDIRECT] 
2026-03-09 21:27:40,927 [ERROR] LogOutputStream:75 - [STDERR_REDIRECT] [Fatal Error] :1:1: Premature end of file.
2026-03-09 21:27:40,927 [ERROR] LogOutputStream:75 - [STDERR_REDIRECT] 
2026-03-09 21:27:41,938 [ERROR] LogOutputStream:75 - [STDERR_REDIRECT] [Fatal Error] :1:1: Premature end of file.
2026-03-09 21:27:41,938 [ERROR] LogOutputStream:75 - [STDERR_REDIRECT] 
2026-03-09 21:27:42,924 [ERROR] LogOutputStream:75 - [STDERR_REDIRECT] [Fatal Error] :1:1: Premature end of file.
2026-03-09 21:27:42,924 [ERROR] LogOutputStream:75 - [STDERR_REDIRECT] 
2026-03-09 21:27:43,927 [ERROR] LogOutputStream:75 - [STDERR_REDIRECT] [Fatal Error] :1:1: Premature end of file.
2026-03-09 21:27:43,927 [ERROR] LogOutputStream:75 - [STDERR_REDIRECT] 
2026-03-09 21:27:44,939 [ERROR] LogOutputStream:75 - [STDERR_REDIRECT] [Fatal Error] :1:1: Premature end of file.
2026-03-09 21:27:44,939 [ERROR] LogOutputStream:75 - [STDERR_REDIRECT] 
2026-03-09 21:27:45,935 [ERROR] LogOutputStream:75 - [STDERR_REDIRECT] [Fatal Error] :1:1: Premature end of file.
2026-03-09 21:27:45,935 [ERROR] LogOutputStream:75 - [STDERR_REDIRECT] 
2026-03-09 21:27:46,928 [ERROR] LogOutputStream:75 - [STDERR_REDIRECT] [Fatal Error] :1:1: Premature end of file.
2026-03-09 21:27:46,928 [ERROR] LogOutputStream:75 - [STDERR_REDIRECT] 
2026-03-09 21:27:47,934 [ERROR] LogOutputStream:75 - [STDERR_REDIRECT] [Fatal Error] :1:1: Premature end of file.
2026-03-09 21:27:47,934 [ERROR] LogOutputStream:75 - [STDERR_REDIRECT] 
2026-03-09 21:27:48,926 [ERROR] LogOutputStream:75 - [STDERR_REDIRECT] [Fatal Error] :1:1: Premature end of file.
2026-03-09 21:27:48,926 [ERROR] LogOutputStream:75 - [STDERR_REDIRECT] 
2026-03-09 21:27:49,926 [ERROR] LogOutputStream:75 - [STDERR_REDIRECT] [Fatal Error] :1:1: Premature end of file.
2026-03-09 21:27:49,926 [ERROR] LogOutputStream:75 - [STDERR_REDIRECT] 
2026-03-09 21:27:50,930 [ERROR] LogOutputStream:75 - [STDERR_REDIRECT] [Fatal Error] :1:1: Premature end of file.
2026-03-09 21:27:50,930 [ERROR] LogOutputStream:75 - [STDERR_REDIRECT] 
2026-03-09 21:27:51,933 [ERROR] LogOutputStream:75 - [STDERR_REDIRECT] [Fatal Error] :1:1: Premature end of file.
2026-03-09 21:27:51,933 [ERROR] LogOutputStream:75 - [STDERR_REDIRECT] 
2026-03-09 21:27:52,928 [ERROR] LogOutputStream:75 - [STDERR_REDIRECT] [Fatal Error] :1:1: Premature end of file.
2026-03-09 21:27:52,928 [ERROR] LogOutputStream:75 - [STDERR_REDIRECT] 
2026-03-09 21:27:53,927 [ERROR] LogOutputStream:75 - [STDERR_REDIRECT] [Fatal Error] :1:1: Premature end of file.
2026-03-09 21:27:53,928 [ERROR] LogOutputStream:75 - [STDERR_REDIRECT] 
2026-03-09 21:27:54,924 [ERROR] LogOutputStream:75 - [STDERR_REDIRECT] [Fatal Error] :1:1: Premature end of file.
2026-03-09 21:27:54,924 [ERROR] LogOutputStream:75 - [STDERR_REDIRECT] 
2026-03-09 21:27:55,927 [ERROR] LogOutputStream:75 - [STDERR_REDIRECT] [Fatal Error] :1:1: Premature end of file.
2026-03-09 21:27:55,927 [ERROR] LogOutputStream:75 - [STDERR_REDIRECT] 
2026-03-09 21:27:56,935 [ERROR] LogOutputStream:75 - [STDERR_REDIRECT] [Fatal Error] :1:1: Premature end of file.
2026-03-09 21:27:56,935 [ERROR] LogOutputStream:75 - [STDERR_REDIRECT] 
2026-03-09 21:27:57,923 [ERROR] LogOutputStream:75 - [STDERR_REDIRECT] [Fatal Error] :1:1: Premature end of file.
2026-03-09 21:27:57,923 [ERROR] LogOutputStream:75 - [STDERR_REDIRECT] 
2026-03-09 21:27:58,929 [ERROR] LogOutputStream:75 - [STDERR_REDIRECT] [Fatal Error] :1:1: Premature end of file.
2026-03-09 21:27:58,929 [ERROR] LogOutputStream:75 - [STDERR_REDIRECT] 
2026-03-09 21:27:59,935 [ERROR] LogOutputStream:75 - [STDERR_REDIRECT] [Fatal Error] :1:1: Premature end of file.
2026-03-09 21:27:59,935 [ERROR] LogOutputStream:75 - [STDERR_REDIRECT] 
2026-03-09 21:28:00,925 [ERROR] LogOutputStream:75 - [STDERR_REDIRECT] [Fatal Error] :1:1: Premature end of file.
2026-03-09 21:28:00,925 [ERROR] LogOutputStream:75 - [STDERR_REDIRECT] 
2026-03-09 21:28:01,927 [ERROR] LogOutputStream:75 - [STDERR_REDIRECT] [Fatal Error] :1:1: Premature end of file.
2026-03-09 21:28:01,927 [ERROR] LogOutputStream:75 - [STDERR_REDIRECT] 
2026-03-09 21:28:02,926 [ERROR] LogOutputStream:75 - [STDERR_REDIRECT] [Fatal Error] :1:1: Premature end of file.
2026-03-09 21:28:02,926 [ERROR] LogOutputStream:75 - [STDERR_REDIRECT] 
2026-03-09 21:28:03,938 [ERROR] LogOutputStream:75 - [STDERR_REDIRECT] [Fatal Error] :1:1: Premature end of file.
2026-03-09 21:28:03,938 [ERROR] LogOutputStream:75 - [STDERR_REDIRECT] 
2026-03-09 21:28:04,930 [ERROR] LogOutputStream:75 - [STDERR_REDIRECT] [Fatal Error] :1:1: Premature end of file.
2026-03-09 21:28:04,930 [ERROR] LogOutputStream:75 - [STDERR_REDIRECT] 
2026-03-09 21:28:05,933 [ERROR] LogOutputStream:75 - [STDERR_REDIRECT] [Fatal Error] :1:1: Premature end of file.
2026-03-09 21:28:05,933 [ERROR] LogOutputStream:75 - [STDERR_REDIRECT] 
2026-03-09 21:28:06,922 [ERROR] LogOutputStream:75 - [STDERR_REDIRECT] [Fatal Error] :1:1: Premature end of file.
2026-03-09 21:28:06,923 [ERROR] LogOutputStream:75 - [STDERR_REDIRECT] 
2026-03-09 21:28:07,935 [ERROR] LogOutputStream:75 - [STDERR_REDIRECT] [Fatal Error] :1:1: Premature end of file.
2026-03-09 21:28:07,935 [ERROR] LogOutputStream:75 - [STDERR_REDIRECT] 
2026-03-09 21:28:08,935 [ERROR] LogOutputStream:75 - [STDERR_REDIRECT] [Fatal Error] :1:1: Premature end of file.
2026-03-09 21:28:08,935 [ERROR] LogOutputStream:75 - [STDERR_REDIRECT] 
2026-03-09 21:28:09,922 [ERROR] LogOutputStream:75 - [STDERR_REDIRECT] [Fatal Error] :1:1: Premature end of file.
2026-03-09 21:28:09,922 [ERROR] LogOutputStream:75 - [STDERR_REDIRECT] 
2026-03-09 21:28:10,928 [ERROR] LogOutputStream:75 - [STDERR_REDIRECT] [Fatal Error] :1:1: Premature end of file.
2026-03-09 21:28:10,930 [ERROR] LogOutputStream:75 - [STDERR_REDIRECT] 
2026-03-09 21:28:11,932 [ERROR] LogOutputStream:75 - [STDERR_REDIRECT] [Fatal Error] :1:1: Premature end of file.
2026-03-09 21:28:11,932 [ERROR] LogOutputStream:75 - [STDERR_REDIRECT] 
2026-03-09 21:28:12,930 [ERROR] LogOutputStream:75 - [STDERR_REDIRECT] [Fatal Error] :1:1: Premature end of file.
2026-03-09 21:28:12,930 [ERROR] LogOutputStream:75 - [STDERR_REDIRECT] 
2026-03-09 21:28:13,921 [ERROR] LogOutputStream:75 - [STDERR_REDIRECT] [Fatal Error] :1:1: Premature end of file.
2026-03-09 21:28:13,921 [ERROR] LogOutputStream:75 - [STDERR_REDIRECT] 
2026-03-09 21:28:14,936 [ERROR] LogOutputStream:75 - [STDERR_REDIRECT] [Fatal Error] :1:1: Premature end of file.
2026-03-09 21:28:14,936 [ERROR] LogOutputStream:75 - [STDERR_REDIRECT] 
2026-03-09 21:28:15,935 [ERROR] LogOutputStream:75 - [STDERR_REDIRECT] [Fatal Error] :1:1: Premature end of file.
2026-03-09 21:28:15,935 [ERROR] LogOutputStream:75 - [STDERR_REDIRECT] 
2026-03-09 21:28:16,927 [ERROR] LogOutputStream:75 - [STDERR_REDIRECT] [Fatal Error] :1:1: Premature end of file.
2026-03-09 21:28:16,927 [ERROR] LogOutputStream:75 - [STDERR_REDIRECT] 
2026-03-09 21:28:17,929 [ERROR] LogOutputStream:75 - [STDERR_REDIRECT] [Fatal Error] :1:1: Premature end of file.
2026-03-09 21:28:17,929 [ERROR] LogOutputStream:75 - [STDERR_REDIRECT] 
2026-03-09 21:28:18,933 [ERROR] LogOutputStream:75 - [STDERR_REDIRECT] [Fatal Error] :1:1: Premature end of file.
2026-03-09 21:28:18,933 [ERROR] LogOutputStream:75 - [STDERR_REDIRECT] 
2026-03-09 21:28:19,922 [ERROR] LogOutputStream:75 - [STDERR_REDIRECT] [Fatal Error] :1:1: Premature end of file.
2026-03-09 21:28:19,922 [ERROR] LogOutputStream:75 - [STDERR_REDIRECT] 
2026-03-09 21:28:20,927 [ERROR] LogOutputStream:75 - [STDERR_REDIRECT] [Fatal Error] :1:1: Premature end of file.
2026-03-09 21:28:20,927 [ERROR] LogOutputStream:75 - [STDERR_REDIRECT] 
2026-03-09 21:28:21,930 [ERROR] LogOutputStream:75 - [STDERR_REDIRECT] [Fatal Error] :1:1: Premature end of file.
2026-03-09 21:28:21,930 [ERROR] LogOutputStream:75 - [STDERR_REDIRECT] 
2026-03-09 21:28:22,934 [ERROR] LogOutputStream:75 - [STDERR_REDIRECT] [Fatal Error] :1:1: Premature end of file.
2026-03-09 21:28:22,934 [ERROR] LogOutputStream:75 - [STDERR_REDIRECT] 
2026-03-09 21:28:23,928 [ERROR] LogOutputStream:75 - [STDERR_REDIRECT] [Fatal Error] :1:1: Premature end of file.
2026-03-09 21:28:23,928 [ERROR] LogOutputStream:75 - [STDERR_REDIRECT] 
2026-03-09 21:28:24,922 [ERROR] LogOutputStream:75 - [STDERR_REDIRECT] [Fatal Error] :1:1: Premature end of file.
2026-03-09 21:28:24,922 [ERROR] LogOutputStream:75 - [STDERR_REDIRECT] 
2026-03-09 21:28:25,929 [ERROR] LogOutputStream:75 - [STDERR_REDIRECT] [Fatal Error] :1:1: Premature end of file.
2026-03-09 21:28:25,929 [ERROR] LogOutputStream:75 - [STDERR_REDIRECT] 
2026-03-09 21:28:26,931 [ERROR] LogOutputStream:75 - [STDERR_REDIRECT] [Fatal Error] :1:1: Premature end of file.
2026-03-09 21:28:26,931 [ERROR] LogOutputStream:75 - [STDERR_REDIRECT] 
2026-03-09 21:28:27,931 [ERROR] LogOutputStream:75 - [STDERR_REDIRECT] [Fatal Error] :1:1: Premature end of file.
2026-03-09 21:28:27,932 [ERROR] LogOutputStream:75 - [STDERR_REDIRECT] 
2026-03-09 21:28:28,928 [ERROR] LogOutputStream:75 - [STDERR_REDIRECT] [Fatal Error] :1:1: Premature end of file.
2026-03-09 21:28:28,928 [ERROR] LogOutputStream:75 - [STDERR_REDIRECT] 
2026-03-09 21:28:29,932 [ERROR] LogOutputStream:75 - [STDERR_REDIRECT] [Fatal Error] :1:1: Premature end of file.
2026-03-09 21:28:29,932 [ERROR] LogOutputStream:75 - [STDERR_REDIRECT] 
2026-03-09 21:28:30,932 [ERROR] LogOutputStream:75 - [STDERR_REDIRECT] [Fatal Error] :1:1: Premature end of file.
2026-03-09 21:28:30,932 [ERROR] LogOutputStream:75 - [STDERR_REDIRECT] 
2026-03-09 21:28:31,937 [ERROR] LogOutputStream:75 - [STDERR_REDIRECT] [Fatal Error] :1:1: Premature end of file.
2026-03-09 21:28:31,937 [ERROR] LogOutputStream:75 - [STDERR_REDIRECT] 
2026-03-09 21:28:32,927 [ERROR] LogOutputStream:75 - [STDERR_REDIRECT] [Fatal Error] :1:1: Premature end of file.
2026-03-09 21:28:32,927 [ERROR] LogOutputStream:75 - [STDERR_REDIRECT] 
2026-03-09 21:28:33,935 [ERROR] LogOutputStream:75 - [STDERR_REDIRECT] [Fatal Error] :1:1: Premature end of file.
2026-03-09 21:28:33,935 [ERROR] LogOutputStream:75 - [STDERR_REDIRECT] 
2026-03-09 21:28:34,922 [ERROR] LogOutputStream:75 - [STDERR_REDIRECT] [Fatal Error] :1:1: Premature end of file.
2026-03-09 21:28:34,922 [ERROR] LogOutputStream:75 - [STDERR_REDIRECT] 
2026-03-09 21:28:35,925 [ERROR] LogOutputStream:75 - [STDERR_REDIRECT] [Fatal Error] :1:1: Premature end of file.
2026-03-09 21:28:35,925 [ERROR] LogOutputStream:75 - [STDERR_REDIRECT] 
2026-03-09 21:28:36,928 [ERROR] LogOutputStream:75 - [STDERR_REDIRECT] [Fatal Error] :1:1: Premature end of file.
2026-03-09 21:28:36,928 [ERROR] LogOutputStream:75 - [STDERR_REDIRECT] 
2026-03-09 21:28:37,933 [ERROR] LogOutputStream:75 - [STDERR_REDIRECT] [Fatal Error] :1:1: Premature end of file.
2026-03-09 21:28:37,933 [ERROR] LogOutputStream:75 - [STDERR_REDIRECT] 
2026-03-09 21:28:38,924 [ERROR] LogOutputStream:75 - [STDERR_REDIRECT] [Fatal Error] :1:1: Premature end of file.
2026-03-09 21:28:38,925 [ERROR] LogOutputStream:75 - [STDERR_REDIRECT] 
2026-03-09 21:28:39,930 [ERROR] LogOutputStream:75 - [STDERR_REDIRECT] [Fatal Error] :1:1: Premature end of file.
2026-03-09 21:28:39,930 [ERROR] LogOutputStream:75 - [STDERR_REDIRECT] 
2026-03-09 21:28:40,933 [ERROR] LogOutputStream:75 - [STDERR_REDIRECT] [Fatal Error] :1:1: Premature end of file.
2026-03-09 21:28:40,933 [ERROR] LogOutputStream:75 - [STDERR_REDIRECT] 
2026-03-09 21:28:41,926 [ERROR] LogOutputStream:75 - [STDERR_REDIRECT] [Fatal Error] :1:1: Premature end of file.
2026-03-09 21:28:41,926 [ERROR] LogOutputStream:75 - [STDERR_REDIRECT] 
2026-03-09 21:28:42,925 [ERROR] LogOutputStream:75 - [STDERR_REDIRECT] [Fatal Error] :1:1: Premature end of file.
2026-03-09 21:28:42,925 [ERROR] LogOutputStream:75 - [STDERR_REDIRECT] 
2026-03-09 21:28:43,927 [ERROR] LogOutputStream:75 - [STDERR_REDIRECT] [Fatal Error] :1:1: Premature end of file.
2026-03-09 21:28:43,927 [ERROR] LogOutputStream:75 - [STDERR_REDIRECT] 
2026-03-09 21:28:44,934 [ERROR] LogOutputStream:75 - [STDERR_REDIRECT] [Fatal Error] :1:1: Premature end of file.
2026-03-09 21:28:44,934 [ERROR] LogOutputStream:75 - [STDERR_REDIRECT] 
2026-03-09 21:28:45,924 [ERROR] LogOutputStream:75 - [STDERR_REDIRECT] [Fatal Error] :1:1: Premature end of file.
2026-03-09 21:28:45,924 [ERROR] LogOutputStream:75 - [STDERR_REDIRECT] 
2026-03-09 21:28:46,928 [ERROR] LogOutputStream:75 - [STDERR_REDIRECT] [Fatal Error] :1:1: Premature end of file.
2026-03-09 21:28:46,928 [ERROR] LogOutputStream:75 - [STDERR_REDIRECT] 
2026-03-09 21:28:47,923 [ERROR] LogOutputStream:75 - [STDERR_REDIRECT] [Fatal Error] :1:1: Premature end of file.
2026-03-09 21:28:47,923 [ERROR] LogOutputStream:75 - [STDERR_REDIRECT] 
2026-03-09 21:28:48,926 [ERROR] LogOutputStream:75 - [STDERR_REDIRECT] [Fatal Error] :1:1: Premature end of file.
2026-03-09 21:28:48,926 [ERROR] LogOutputStream:75 - [STDERR_REDIRECT] 
2026-03-09 21:28:49,932 [ERROR] LogOutputStream:75 - [STDERR_REDIRECT] [Fatal Error] :1:1: Premature end of file.
2026-03-09 21:28:49,932 [ERROR] LogOutputStream:75 - [STDERR_REDIRECT] 
2026-03-09 21:28:50,933 [ERROR] LogOutputStream:75 - [STDERR_REDIRECT] [Fatal Error] :1:1: Premature end of file.
2026-03-09 21:28:50,933 [ERROR] LogOutputStream:75 - [STDERR_REDIRECT] 
2026-03-09 21:28:51,926 [ERROR] LogOutputStream:75 - [STDERR_REDIRECT] [Fatal Error] :1:1: Premature end of file.
2026-03-09 21:28:51,926 [ERROR] LogOutputStream:75 - [STDERR_REDIRECT] 
2026-03-09 21:28:52,929 [ERROR] LogOutputStream:75 - [STDERR_REDIRECT] [Fatal Error] :1:1: Premature end of file.
2026-03-09 21:28:52,929 [ERROR] LogOutputStream:75 - [STDERR_REDIRECT] 
2026-03-09 21:28:53,930 [ERROR] LogOutputStream:75 - [STDERR_REDIRECT] [Fatal Error] :1:1: Premature end of file.
2026-03-09 21:28:53,930 [ERROR] LogOutputStream:75 - [STDERR_REDIRECT] 
2026-03-09 21:28:54,934 [ERROR] LogOutputStream:75 - [STDERR_REDIRECT] [Fatal Error] :1:1: Premature end of file.
2026-03-09 21:28:54,935 [ERROR] LogOutputStream:75 - [STDERR_REDIRECT] 
2026-03-09 21:28:55,921 [ERROR] LogOutputStream:75 - [STDERR_REDIRECT] [Fatal Error] :1:1: Premature end of file.
2026-03-09 21:28:55,921 [ERROR] LogOutputStream:75 - [STDERR_REDIRECT] 
2026-03-09 21:28:56,926 [ERROR] LogOutputStream:75 - [STDERR_REDIRECT] [Fatal Error] :1:1: Premature end of file.
2026-03-09 21:28:56,926 [ERROR] LogOutputStream:75 - [STDERR_REDIRECT] 
2026-03-09 21:28:57,930 [ERROR] LogOutputStream:75 - [STDERR_REDIRECT] [Fatal Error] :1:1: Premature end of file.
2026-03-09 21:28:57,930 [ERROR] LogOutputStream:75 - [STDERR_REDIRECT] 
2026-03-09 21:28:58,930 [ERROR] LogOutputStream:75 - [STDERR_REDIRECT] [Fatal Error] :1:1: Premature end of file.
2026-03-09 21:28:58,930 [ERROR] LogOutputStream:75 - [STDERR_REDIRECT] 
2026-03-09 21:28:59,927 [ERROR] LogOutputStream:75 - [STDERR_REDIRECT] [Fatal Error] :1:1: Premature end of file.
2026-03-09 21:28:59,927 [ERROR] LogOutputStream:75 - [STDERR_REDIRECT] 
2026-03-09 21:29:00,923 [ERROR] LogOutputStream:75 - [STDERR_REDIRECT] [Fatal Error] :1:1: Premature end of file.
2026-03-09 21:29:00,923 [ERROR] LogOutputStream:75 - [STDERR_REDIRECT] 
2026-03-09 21:29:01,928 [ERROR] LogOutputStream:75 - [STDERR_REDIRECT] [Fatal Error] :1:1: Premature end of file.
2026-03-09 21:29:01,928 [ERROR] LogOutputStream:75 - [STDERR_REDIRECT] 
2026-03-09 21:29:02,930 [ERROR] LogOutputStream:75 - [STDERR_REDIRECT] [Fatal Error] :1:1: Premature end of file.
2026-03-09 21:29:02,930 [ERROR] LogOutputStream:75 - [STDERR_REDIRECT] 
2026-03-09 21:29:03,921 [ERROR] LogOutputStream:75 - [STDERR_REDIRECT] [Fatal Error] :1:1: Premature end of file.
2026-03-09 21:29:03,921 [ERROR] LogOutputStream:75 - [STDERR_REDIRECT] 
2026-03-09 21:29:04,929 [ERROR] LogOutputStream:75 - [STDERR_REDIRECT] [Fatal Error] :1:1: Premature end of file.
2026-03-09 21:29:04,930 [ERROR] LogOutputStream:75 - [STDERR_REDIRECT] 
2026-03-09 21:29:05,931 [ERROR] LogOutputStream:75 - [STDERR_REDIRECT] [Fatal Error] :1:1: Premature end of file.
2026-03-09 21:29:05,931 [ERROR] LogOutputStream:75 - [STDERR_REDIRECT] 
2026-03-09 21:29:06,927 [ERROR] LogOutputStream:75 - [STDERR_REDIRECT] [Fatal Error] :1:1: Premature end of file.
2026-03-09 21:29:06,927 [ERROR] LogOutputStream:75 - [STDERR_REDIRECT] 
2026-03-09 21:29:07,927 [ERROR] LogOutputStream:75 - [STDERR_REDIRECT] [Fatal Error] :1:1: Premature end of file.
2026-03-09 21:29:07,927 [ERROR] LogOutputStream:75 - [STDERR_REDIRECT] 
2026-03-09 21:29:08,933 [ERROR] LogOutputStream:75 - [STDERR_REDIRECT] [Fatal Error] :1:1: Premature end of file.
2026-03-09 21:29:08,933 [ERROR] LogOutputStream:75 - [STDERR_REDIRECT] 
2026-03-09 21:29:09,932 [ERROR] LogOutputStream:75 - [STDERR_REDIRECT] [Fatal Error] :1:1: Premature end of file.
2026-03-09 21:29:09,932 [ERROR] LogOutputStream:75 - [STDERR_REDIRECT] 
2026-03-09 21:29:10,934 [ERROR] LogOutputStream:75 - [STDERR_REDIRECT] [Fatal Error] :1:1: Premature end of file.
2026-03-09 21:29:10,934 [ERROR] LogOutputStream:75 - [STDERR_REDIRECT] 
2026-03-09 21:29:11,929 [ERROR] LogOutputStream:75 - [STDERR_REDIRECT] [Fatal Error] :1:1: Premature end of file.
2026-03-09 21:29:11,929 [ERROR] LogOutputStream:75 - [STDERR_REDIRECT] 
2026-03-09 21:29:12,935 [ERROR] LogOutputStream:75 - [STDERR_REDIRECT] [Fatal Error] :1:1: Premature end of file.
2026-03-09 21:29:12,935 [ERROR] LogOutputStream:75 - [STDERR_REDIRECT] 
2026-03-09 21:29:13,928 [ERROR] LogOutputStream:75 - [STDERR_REDIRECT] [Fatal Error] :1:1: Premature end of file.
2026-03-09 21:29:13,928 [ERROR] LogOutputStream:75 - [STDERR_REDIRECT] 
2026-03-09 21:29:14,929 [ERROR] LogOutputStream:75 - [STDERR_REDIRECT] [Fatal Error] :1:1: Premature end of file.
2026-03-09 21:29:14,929 [ERROR] LogOutputStream:75 - [STDERR_REDIRECT] 
2026-03-09 21:29:15,933 [ERROR] LogOutputStream:75 - [STDERR_REDIRECT] [Fatal Error] :1:1: Premature end of file.
2026-03-09 21:29:15,933 [ERROR] LogOutputStream:75 - [STDERR_REDIRECT] 
2026-03-09 21:29:16,936 [ERROR] LogOutputStream:75 - [STDERR_REDIRECT] [Fatal Error] :1:1: Premature end of file.
2026-03-09 21:29:16,936 [ERROR] LogOutputStream:75 - [STDERR_REDIRECT] 
2026-03-09 21:29:17,935 [ERROR] LogOutputStream:75 - [STDERR_REDIRECT] [Fatal Error] :1:1: Premature end of file.
2026-03-09 21:29:17,935 [ERROR] LogOutputStream:75 - [STDERR_REDIRECT] 
2026-03-09 21:29:18,923 [ERROR] LogOutputStream:75 - [STDERR_REDIRECT] [Fatal Error] :1:1: Premature end of file.
2026-03-09 21:29:18,923 [ERROR] LogOutputStream:75 - [STDERR_REDIRECT] 
2026-03-09 21:29:19,930 [ERROR] LogOutputStream:75 - [STDERR_REDIRECT] [Fatal Error] :1:1: Premature end of file.
2026-03-09 21:29:19,931 [ERROR] LogOutputStream:75 - [STDERR_REDIRECT] 
2026-03-09 21:29:20,933 [ERROR] LogOutputStream:75 - [STDERR_REDIRECT] [Fatal Error] :1:1: Premature end of file.
2026-03-09 21:29:20,933 [ERROR] LogOutputStream:75 - [STDERR_REDIRECT] 
2026-03-09 21:29:21,922 [ERROR] LogOutputStream:75 - [STDERR_REDIRECT] [Fatal Error] :1:1: Premature end of file.
2026-03-09 21:29:21,922 [ERROR] LogOutputStream:75 - [STDERR_REDIRECT] 
2026-03-09 21:29:22,928 [ERROR] LogOutputStream:75 - [STDERR_REDIRECT] [Fatal Error] :1:1: Premature end of file.
2026-03-09 21:29:22,928 [ERROR] LogOutputStream:75 - [STDERR_REDIRECT] 
2026-03-09 21:29:23,929 [ERROR] LogOutputStream:75 - [STDERR_REDIRECT] [Fatal Error] :1:1: Premature end of file.
2026-03-09 21:29:23,929 [ERROR] LogOutputStream:75 - [STDERR_REDIRECT] 
2026-03-09 21:29:24,935 [ERROR] LogOutputStream:75 - [STDERR_REDIRECT] [Fatal Error] :1:1: Premature end of file.
2026-03-09 21:29:24,935 [ERROR] LogOutputStream:75 - [STDERR_REDIRECT] 
2026-03-09 21:29:25,934 [ERROR] LogOutputStream:75 - [STDERR_REDIRECT] [Fatal Error] :1:1: Premature end of file.
2026-03-09 21:29:25,934 [ERROR] LogOutputStream:75 - [STDERR_REDIRECT] 
2026-03-09 21:29:26,922 [ERROR] LogOutputStream:75 - [STDERR_REDIRECT] [Fatal Error] :1:1: Premature end of file.
2026-03-09 21:29:26,922 [ERROR] LogOutputStream:75 - [STDERR_REDIRECT] 
2026-03-09 21:29:27,925 [ERROR] LogOutputStream:75 - [STDERR_REDIRECT] [Fatal Error] :1:1: Premature end of file.
2026-03-09 21:29:27,925 [ERROR] LogOutputStream:75 - [STDERR_REDIRECT] 
2026-03-09 21:29:28,925 [ERROR] LogOutputStream:75 - [STDERR_REDIRECT] [Fatal Error] :1:1: Premature end of file.
2026-03-09 21:29:28,925 [ERROR] LogOutputStream:75 - [STDERR_REDIRECT] 
2026-03-09 21:29:29,932 [ERROR] LogOutputStream:75 - [STDERR_REDIRECT] [Fatal Error] :1:1: Premature end of file.
2026-03-09 21:29:29,932 [ERROR] LogOutputStream:75 - [STDERR_REDIRECT] 
2026-03-09 21:29:30,927 [ERROR] LogOutputStream:75 - [STDERR_REDIRECT] [Fatal Error] :1:1: Premature end of file.
2026-03-09 21:29:30,927 [ERROR] LogOutputStream:75 - [STDERR_REDIRECT] 
2026-03-09 21:29:31,926 [ERROR] LogOutputStream:75 - [STDERR_REDIRECT] [Fatal Error] :1:1: Premature end of file.
2026-03-09 21:29:31,926 [ERROR] LogOutputStream:75 - [STDERR_REDIRECT] 
2026-03-09 21:29:32,931 [ERROR] LogOutputStream:75 - [STDERR_REDIRECT] [Fatal Error] :1:1: Premature end of file.
2026-03-09 21:29:32,931 [ERROR] LogOutputStream:75 - [STDERR_REDIRECT] 
2026-03-09 21:29:33,924 [ERROR] LogOutputStream:75 - [STDERR_REDIRECT] [Fatal Error] :1:1: Premature end of file.
2026-03-09 21:29:33,924 [ERROR] LogOutputStream:75 - [STDERR_REDIRECT] 
2026-03-09 21:29:34,933 [ERROR] LogOutputStream:75 - [STDERR_REDIRECT] [Fatal Error] :1:1: Premature end of file.
2026-03-09 21:29:34,933 [ERROR] LogOutputStream:75 - [STDERR_REDIRECT] 
2026-03-09 21:29:35,925 [ERROR] LogOutputStream:75 - [STDERR_REDIRECT] [Fatal Error] :1:1: Premature end of file.
2026-03-09 21:29:35,925 [ERROR] LogOutputStream:75 - [STDERR_REDIRECT] 
2026-03-09 21:29:36,933 [ERROR] LogOutputStream:75 - [STDERR_REDIRECT] [Fatal Error] :1:1: Premature end of file.
2026-03-09 21:29:36,933 [ERROR] LogOutputStream:75 - [STDERR_REDIRECT] 
2026-03-09 21:29:37,939 [ERROR] LogOutputStream:75 - [STDERR_REDIRECT] [Fatal Error] :1:1: Premature end of file.
2026-03-09 21:29:37,939 [ERROR] LogOutputStream:75 - [STDERR_REDIRECT] 
2026-03-09 21:29:38,922 [ERROR] LogOutputStream:75 - [STDERR_REDIRECT] [Fatal Error] :1:1: Premature end of file.
2026-03-09 21:29:38,922 [ERROR] LogOutputStream:75 - [STDERR_REDIRECT] 
2026-03-09 21:29:39,928 [ERROR] LogOutputStream:75 - [STDERR_REDIRECT] [Fatal Error] :1:1: Premature end of file.
2026-03-09 21:29:39,928 [ERROR] LogOutputStream:75 - [STDERR_REDIRECT] 
2026-03-09 21:29:40,931 [ERROR] LogOutputStream:75 - [STDERR_REDIRECT] [Fatal Error] :1:1: Premature end of file.
2026-03-09 21:29:40,931 [ERROR] LogOutputStream:75 - [STDERR_REDIRECT] 
2026-03-09 21:29:41,933 [ERROR] LogOutputStream:75 - [STDERR_REDIRECT] [Fatal Error] :1:1: Premature end of file.
2026-03-09 21:29:41,933 [ERROR] LogOutputStream:75 - [STDERR_REDIRECT] 
2026-03-09 21:29:42,927 [ERROR] LogOutputStream:75 - [STDERR_REDIRECT] [Fatal Error] :1:1: Premature end of file.
2026-03-09 21:29:42,927 [ERROR] LogOutputStream:75 - [STDERR_REDIRECT] 
2026-03-09 21:29:43,931 [ERROR] LogOutputStream:75 - [STDERR_REDIRECT] [Fatal Error] :1:1: Premature end of file.
2026-03-09 21:29:43,931 [ERROR] LogOutputStream:75 - [STDERR_REDIRECT] 
2026-03-09 21:29:44,932 [ERROR] LogOutputStream:75 - [STDERR_REDIRECT] [Fatal Error] :1:1: Premature end of file.
2026-03-09 21:29:44,932 [ERROR] LogOutputStream:75 - [STDERR_REDIRECT] 
2026-03-09 21:29:45,934 [ERROR] LogOutputStream:75 - [STDERR_REDIRECT] [Fatal Error] :1:1: Premature end of file.
2026-03-09 21:29:45,934 [ERROR] LogOutputStream:75 - [STDERR_REDIRECT] 
2026-03-09 21:29:46,923 [ERROR] LogOutputStream:75 - [STDERR_REDIRECT] [Fatal Error] :1:1: Premature end of file.
2026-03-09 21:29:46,923 [ERROR] LogOutputStream:75 - [STDERR_REDIRECT] 
2026-03-09 21:29:47,927 [ERROR] LogOutputStream:75 - [STDERR_REDIRECT] [Fatal Error] :1:1: Premature end of file.
2026-03-09 21:29:47,927 [ERROR] LogOutputStream:75 - [STDERR_REDIRECT] 
2026-03-09 21:29:48,931 [ERROR] LogOutputStream:75 - [STDERR_REDIRECT] [Fatal Error] :1:1: Premature end of file.
2026-03-09 21:29:48,931 [ERROR] LogOutputStream:75 - [STDERR_REDIRECT] 
2026-03-09 21:29:49,936 [ERROR] LogOutputStream:75 - [STDERR_REDIRECT] [Fatal Error] :1:1: Premature end of file.
2026-03-09 21:29:49,936 [ERROR] LogOutputStream:75 - [STDERR_REDIRECT] 
2026-03-09 21:29:50,923 [ERROR] LogOutputStream:75 - [STDERR_REDIRECT] [Fatal Error] :1:1: Premature end of file.
2026-03-09 21:29:50,923 [ERROR] LogOutputStream:75 - [STDERR_REDIRECT] 
2026-03-09 21:29:51,922 [ERROR] LogOutputStream:75 - [STDERR_REDIRECT] [Fatal Error] :1:1: Premature end of file.
2026-03-09 21:29:51,922 [ERROR] LogOutputStream:75 - [STDERR_REDIRECT] 
2026-03-09 21:29:52,926 [ERROR] LogOutputStream:75 - [STDERR_REDIRECT] [Fatal Error] :1:1: Premature end of file.
2026-03-09 21:29:52,926 [ERROR] LogOutputStream:75 - [STDERR_REDIRECT] 
2026-03-09 21:29:53,927 [ERROR] LogOutputStream:75 - [STDERR_REDIRECT] [Fatal Error] :1:1: Premature end of file.
2026-03-09 21:29:53,927 [ERROR] LogOutputStream:75 - [STDERR_REDIRECT] 
2026-03-09 21:29:54,930 [ERROR] LogOutputStream:75 - [STDERR_REDIRECT] [Fatal Error] :1:1: Premature end of file.
2026-03-09 21:29:54,930 [ERROR] LogOutputStream:75 - [STDERR_REDIRECT] 
2026-03-09 21:29:55,931 [ERROR] LogOutputStream:75 - [STDERR_REDIRECT] [Fatal Error] :1:1: Premature end of file.
2026-03-09 21:29:55,931 [ERROR] LogOutputStream:75 - [STDERR_REDIRECT] 
2026-03-09 21:29:56,923 [ERROR] LogOutputStream:75 - [STDERR_REDIRECT] [Fatal Error] :1:1: Premature end of file.
2026-03-09 21:29:56,923 [ERROR] LogOutputStream:75 - [STDERR_REDIRECT] 
2026-03-09 21:29:57,924 [ERROR] LogOutputStream:75 - [STDERR_REDIRECT] [Fatal Error] :1:1: Premature end of file.
2026-03-09 21:29:57,924 [ERROR] LogOutputStream:75 - [STDERR_REDIRECT] 
2026-03-09 21:29:58,924 [ERROR] LogOutputStream:75 - [STDERR_REDIRECT] [Fatal Error] :1:1: Premature end of file.
2026-03-09 21:29:58,924 [ERROR] LogOutputStream:75 - [STDERR_REDIRECT] 
2026-03-09 21:29:59,929 [ERROR] LogOutputStream:75 - [STDERR_REDIRECT] [Fatal Error] :1:1: Premature end of file.
2026-03-09 21:29:59,929 [ERROR] LogOutputStream:75 - [STDERR_REDIRECT] 
2026-03-09 21:30:00,922 [ERROR] LogOutputStream:75 - [STDERR_REDIRECT] [Fatal Error] :1:1: Premature end of file.
2026-03-09 21:30:00,922 [ERROR] LogOutputStream:75 - [STDERR_REDIRECT] 
2026-03-09 21:30:01,922 [ERROR] LogOutputStream:75 - [STDERR_REDIRECT] [Fatal Error] :1:1: Premature end of file.
2026-03-09 21:30:01,922 [ERROR] LogOutputStream:75 - [STDERR_REDIRECT] 
2026-03-09 21:30:02,922 [ERROR] LogOutputStream:75 - [STDERR_REDIRECT] [Fatal Error] :1:1: Premature end of file.
2026-03-09 21:30:02,922 [ERROR] LogOutputStream:75 - [STDERR_REDIRECT] 
2026-03-09 21:30:03,920 [ERROR] LogOutputStream:75 - [STDERR_REDIRECT] [Fatal Error] :1:1: Premature end of file.
2026-03-09 21:30:03,920 [ERROR] LogOutputStream:75 - [STDERR_REDIRECT] 
2026-03-09 21:30:04,922 [ERROR] LogOutputStream:75 - [STDERR_REDIRECT] [Fatal Error] :1:1: Premature end of file.
2026-03-09 21:30:04,922 [ERROR] LogOutputStream:75 - [STDERR_REDIRECT] 
2026-03-09 21:30:05,921 [ERROR] LogOutputStream:75 - [STDERR_REDIRECT] [Fatal Error] :1:1: Premature end of file.
2026-03-09 21:30:05,921 [ERROR] LogOutputStream:75 - [STDERR_REDIRECT] 
2026-03-09 21:30:06,921 [ERROR] LogOutputStream:75 - [STDERR_REDIRECT] [Fatal Error] :1:1: Premature end of file.
2026-03-09 21:30:06,921 [ERROR] LogOutputStream:75 - [STDERR_REDIRECT] 
2026-03-09 21:30:07,924 [ERROR] LogOutputStream:75 - [STDERR_REDIRECT] [Fatal Error] :1:1: Premature end of file.
2026-03-09 21:30:07,925 [ERROR] LogOutputStream:75 - [STDERR_REDIRECT] 
2026-03-09 21:30:08,924 [ERROR] LogOutputStream:75 - [STDERR_REDIRECT] [Fatal Error] :1:1: Premature end of file.
2026-03-09 21:30:08,924 [ERROR] LogOutputStream:75 - [STDERR_REDIRECT] 
2026-03-09 21:30:09,934 [ERROR] LogOutputStream:75 - [STDERR_REDIRECT] [Fatal Error] :1:1: Premature end of file.
2026-03-09 21:30:09,934 [ERROR] LogOutputStream:75 - [STDERR_REDIRECT] 
2026-03-09 21:30:10,923 [ERROR] LogOutputStream:75 - [STDERR_REDIRECT] [Fatal Error] :1:1: Premature end of file.
2026-03-09 21:30:10,923 [ERROR] LogOutputStream:75 - [STDERR_REDIRECT] 
2026-03-09 21:30:11,922 [ERROR] LogOutputStream:75 - [STDERR_REDIRECT] [Fatal Error] :1:1: Premature end of file.
2026-03-09 21:30:11,922 [ERROR] LogOutputStream:75 - [STDERR_REDIRECT] 
2026-03-09 21:30:12,923 [ERROR] LogOutputStream:75 - [STDERR_REDIRECT] [Fatal Error] :1:1: Premature end of file.
2026-03-09 21:30:12,924 [ERROR] LogOutputStream:75 - [STDERR_REDIRECT] 
2026-03-09 21:30:13,922 [ERROR] LogOutputStream:75 - [STDERR_REDIRECT] [Fatal Error] :1:1: Premature end of file.
2026-03-09 21:30:13,922 [ERROR] LogOutputStream:75 - [STDERR_REDIRECT] 
2026-03-09 21:30:14,921 [ERROR] LogOutputStream:75 - [STDERR_REDIRECT] [Fatal Error] :1:1: Premature end of file.
2026-03-09 21:30:14,921 [ERROR] LogOutputStream:75 - [STDERR_REDIRECT] 
2026-03-09 21:30:15,922 [ERROR] LogOutputStream:75 - [STDERR_REDIRECT] [Fatal Error] :1:1: Premature end of file.
2026-03-09 21:30:15,922 [ERROR] LogOutputStream:75 - [STDERR_REDIRECT] 
2026-03-09 21:30:16,933 [ERROR] LogOutputStream:75 - [STDERR_REDIRECT] [Fatal Error] :1:1: Premature end of file.
2026-03-09 21:30:16,933 [ERROR] LogOutputStream:75 - [STDERR_REDIRECT] 
2026-03-09 21:30:17,923 [ERROR] LogOutputStream:75 - [STDERR_REDIRECT] [Fatal Error] :1:1: Premature end of file.
2026-03-09 21:30:17,924 [ERROR] LogOutputStream:75 - [STDERR_REDIRECT] 
2026-03-09 21:30:18,921 [ERROR] LogOutputStream:75 - [STDERR_REDIRECT] [Fatal Error] :1:1: Premature end of file.
2026-03-09 21:30:18,921 [ERROR] LogOutputStream:75 - [STDERR_REDIRECT] 
2026-03-09 21:30:19,923 [ERROR] LogOutputStream:75 - [STDERR_REDIRECT] [Fatal Error] :1:1: Premature end of file.
2026-03-09 21:30:19,923 [ERROR] LogOutputStream:75 - [STDERR_REDIRECT] 
2026-03-09 21:30:20,920 [ERROR] LogOutputStream:75 - [STDERR_REDIRECT] [Fatal Error] :1:1: Premature end of file.
2026-03-09 21:30:20,920 [ERROR] LogOutputStream:75 - [STDERR_REDIRECT] 
2026-03-09 21:30:21,923 [ERROR] LogOutputStream:75 - [STDERR_REDIRECT] [Fatal Error] :1:1: Premature end of file.
2026-03-09 21:30:21,923 [ERROR] LogOutputStream:75 - [STDERR_REDIRECT] 
2026-03-09 21:30:22,924 [ERROR] LogOutputStream:75 - [STDERR_REDIRECT] [Fatal Error] :1:1: Premature end of file.
2026-03-09 21:30:22,924 [ERROR] LogOutputStream:75 - [STDERR_REDIRECT] 
2026-03-09 21:30:23,922 [ERROR] LogOutputStream:75 - [STDERR_REDIRECT] [Fatal Error] :1:1: Premature end of file.
2026-03-09 21:30:23,922 [ERROR] LogOutputStream:75 - [STDERR_REDIRECT] 
2026-03-09 21:30:24,921 [ERROR] LogOutputStream:75 - [STDERR_REDIRECT] [Fatal Error] :1:1: Premature end of file.
2026-03-09 21:30:24,921 [ERROR] LogOutputStream:75 - [STDERR_REDIRECT] 
2026-03-09 21:30:25,924 [ERROR] LogOutputStream:75 - [STDERR_REDIRECT] [Fatal Error] :1:1: Premature end of file.
2026-03-09 21:30:25,924 [ERROR] LogOutputStream:75 - [STDERR_REDIRECT] 
2026-03-09 21:30:26,922 [ERROR] LogOutputStream:75 - [STDERR_REDIRECT] [Fatal Error] :1:1: Premature end of file.
2026-03-09 21:30:26,922 [ERROR] LogOutputStream:75 - [STDERR_REDIRECT] 
2026-03-09 21:30:27,929 [ERROR] LogOutputStream:75 - [STDERR_REDIRECT] [Fatal Error] :1:1: Premature end of file.
2026-03-09 21:30:27,929 [ERROR] LogOutputStream:75 - [STDERR_REDIRECT] 
2026-03-09 21:30:28,921 [ERROR] LogOutputStream:75 - [STDERR_REDIRECT] [Fatal Error] :1:1: Premature end of file.
2026-03-09 21:30:28,921 [ERROR] LogOutputStream:75 - [STDERR_REDIRECT] 
2026-03-09 21:30:29,939 [ERROR] LogOutputStream:75 - [STDERR_REDIRECT] [Fatal Error] :1:1: Premature end of file.
2026-03-09 21:30:29,939 [ERROR] LogOutputStream:75 - [STDERR_REDIRECT] 
2026-03-09 21:30:30,921 [ERROR] LogOutputStream:75 - [STDERR_REDIRECT] [Fatal Error] :1:1: Premature end of file.
2026-03-09 21:30:30,921 [ERROR] LogOutputStream:75 - [STDERR_REDIRECT] 
2026-03-09 21:30:31,925 [ERROR] LogOutputStream:75 - [STDERR_REDIRECT] [Fatal Error] :1:1: Premature end of file.
2026-03-09 21:30:31,925 [ERROR] LogOutputStream:75 - [STDERR_REDIRECT] 
2026-03-09 21:30:32,922 [ERROR] LogOutputStream:75 - [STDERR_REDIRECT] [Fatal Error] :1:1: Premature end of file.
2026-03-09 21:30:32,922 [ERROR] LogOutputStream:75 - [STDERR_REDIRECT] 
2026-03-09 21:30:33,922 [ERROR] LogOutputStream:75 - [STDERR_REDIRECT] [Fatal Error] :1:1: Premature end of file.
2026-03-09 21:30:33,922 [ERROR] LogOutputStream:75 - [STDERR_REDIRECT] 
2026-03-09 21:30:34,923 [ERROR] LogOutputStream:75 - [STDERR_REDIRECT] [Fatal Error] :1:1: Premature end of file.
2026-03-09 21:30:34,923 [ERROR] LogOutputStream:75 - [STDERR_REDIRECT] 
2026-03-09 21:30:35,921 [ERROR] LogOutputStream:75 - [STDERR_REDIRECT] [Fatal Error] :1:1: Premature end of file.
2026-03-09 21:30:35,921 [ERROR] LogOutputStream:75 - [STDERR_REDIRECT] 
2026-03-09 21:30:36,922 [ERROR] LogOutputStream:75 - [STDERR_REDIRECT] [Fatal Error] :1:1: Premature end of file.
2026-03-09 21:30:36,922 [ERROR] LogOutputStream:75 - [STDERR_REDIRECT] 
2026-03-09 21:30:37,921 [ERROR] LogOutputStream:75 - [STDERR_REDIRECT] [Fatal Error] :1:1: Premature end of file.
2026-03-09 21:30:37,921 [ERROR] LogOutputStream:75 - [STDERR_REDIRECT] 
2026-03-09 21:30:38,921 [ERROR] LogOutputStream:75 - [STDERR_REDIRECT] [Fatal Error] :1:1: Premature end of file.
2026-03-09 21:30:38,921 [ERROR] LogOutputStream:75 - [STDERR_REDIRECT] 
2026-03-09 21:30:39,922 [ERROR] LogOutputStream:75 - [STDERR_REDIRECT] [Fatal Error] :1:1: Premature end of file.
2026-03-09 21:30:39,924 [ERROR] LogOutputStream:75 - [STDERR_REDIRECT] 
2026-03-09 21:30:40,921 [ERROR] LogOutputStream:75 - [STDERR_REDIRECT] [Fatal Error] :1:1: Premature end of file.
2026-03-09 21:30:40,921 [ERROR] LogOutputStream:75 - [STDERR_REDIRECT] 
2026-03-09 21:30:41,925 [ERROR] LogOutputStream:75 - [STDERR_REDIRECT] [Fatal Error] :1:1: Premature end of file.
2026-03-09 21:30:41,926 [ERROR] LogOutputStream:75 - [STDERR_REDIRECT] 
